{
  "num_examples": 32,
  "gt_norm_mean": 20.065786242485046,
  "gt_norm_ci95": 2.6439993761407936,
  "gt_norm_median": 18.550631523132324,
  "clean_mse_mean": 0.2511020527454093,
  "clean_mse_ci95": 0.10022149072164059,
  "clean_mse_median": 0.14312346279621124,
  "adv_mse_mean": 0.2917745189042762,
  "adv_mse_ci95": 0.10689044071023134,
  "adv_mse_median": 0.1765369474887848,
  "mse_ratio_mean": 1.2374596345867261,
  "mse_ratio_ci95": 0.03253490123714346,
  "mse_ratio_median": 1.2333631457360403,
  "clean_rel_l2_mean": 2.8201087564229965,
  "clean_rel_l2_ci95": 0.11811233824929637,
  "clean_rel_l2_median": 2.7740403413772583,
  "adv_rel_l2_mean": 3.1279124170541763,
  "adv_rel_l2_ci95": 0.11423218923439249,
  "adv_rel_l2_median": 3.1322338581085205,
  "rel_l2_ratio_mean": 1.1116480991289914,
  "rel_l2_ratio_ci95": 0.014506312373946803,
  "rel_l2_ratio_median": 1.1105682883200005,
  "clean_psnr_mean": 3.988018829701324,
  "clean_psnr_ci95": 1.1986764678360333,
  "clean_psnr_median": 5.002813092097896,
  "adv_psnr_mean": 3.074583859145283,
  "adv_psnr_ci95": 1.1253194561363735,
  "adv_psnr_median": 3.8590020005550127,
  "clean_ssim_mean": 0.00991870820547812,
  "clean_ssim_ci95": 0.0011128405075268605,
  "clean_ssim_median": 0.00968495755998881,
  "adv_ssim_mean": 0.009719033684591432,
  "adv_ssim_ci95": 0.0011836660837976575,
  "adv_ssim_median": 0.00915290432837618,
  "pred_shift_rel_l2_mean": 0.17068126471713185,
  "pred_shift_rel_l2_ci95": 0.026636382769148165,
  "pred_shift_rel_l2_median": 0.16383768618106842,
  "init_shift_rel_l2_mean": 0.13016350625548512,
  "init_shift_rel_l2_ci95": 0.021157485074440888,
  "init_shift_rel_l2_median": 0.12765341252088547,
  "delta_l2_mean": 38.460243225097656,
  "delta_l2_ci95": 3.357185287213123e-07,
  "delta_l2_median": 38.460243225097656,
  "delta_linf_mean": 0.9312534257769585,
  "delta_linf_ci95": 0.028883099227380263,
  "delta_linf_median": 0.9199055433273315,
  "delta_mean_abs_mean": 0.1464859526604414,
  "delta_mean_abs_ci95": 0.00011835555519927642,
  "delta_mean_abs_median": 0.14644110202789307,
  "delta_rel_l2_mean": 0.03127381929593397,
  "delta_rel_l2_ci95": 0.0050886908712101855,
  "delta_rel_l2_median": 0.030213435578766802,
  "success_rel_l2_mean": 0.0,
  "success_rel_l2_ci95": 0.0,
  "success_rel_l2_median": 0.0,
  "success_mse_mean": 0.0,
  "success_mse_ci95": 0.0,
  "success_mse_median": 0.0,
  "clean_e_ran_l2_mean": 47.75946801900864,
  "clean_e_ran_l2_ci95": 7.512926833326912,
  "clean_e_ran_l2_median": 40.83388900756836,
  "clean_e_nul_l2_mean": 32.48372036218643,
  "clean_e_nul_l2_ci95": 6.320993333660962,
  "clean_e_nul_l2_median": 26.372713088989258,
  "clean_e_ran_frac_mean": 0.8362930485994584,
  "clean_e_ran_frac_ci95": 0.008916902978395268,
  "clean_e_ran_frac_median": 0.8354798602137178,
  "clean_e_nul_frac_mean": 0.546219846619368,
  "clean_e_nul_frac_ci95": 0.014152060669362455,
  "clean_e_nul_frac_median": 0.5495179840178324,
  "adv_e_ran_l2_mean": 52.12109309434891,
  "adv_e_ran_l2_ci95": 7.52876258246834,
  "adv_e_ran_l2_median": 45.14164733886719,
  "adv_e_nul_l2_mean": 35.824084430933,
  "adv_e_nul_l2_ci95": 6.327272638234344,
  "adv_e_nul_l2_median": 29.76736354827881,
  "adv_e_ran_frac_mean": 0.8316625667685691,
  "adv_e_ran_frac_ci95": 0.007891919714661234,
  "adv_e_ran_frac_median": 0.8317264698644338,
  "adv_e_nul_frac_mean": 0.5537483508179958,
  "adv_e_nul_frac_ci95": 0.012181905718082893,
  "adv_e_nul_frac_median": 0.5551834048400476,
  "attack_runtime_total_sec": 116.54697029292583,
  "attack_runtime_per_example_sec": 3.6420928216539323,
  "model_name": "dpnsn_res",
  "attack_name": "adam",
  "norm": "l2",
  "eps": 0.03,
  "eps_actual": 38.46024474407959,
  "attack_init_mode": "exact",
  "eval_init_mode": "exact"
}