{
  "num_examples": 32,
  "gt_norm_mean": 19.554032936692238,
  "gt_norm_ci95": 3.175656556464896,
  "gt_norm_median": 19.43148136138916,
  "gt_norm_q25": 13.664082050323486,
  "gt_norm_q75": 22.861806869506836,
  "clean_mse_mean": 0.0011342021898599342,
  "clean_mse_ci95": 0.0005445552811869841,
  "clean_mse_median": 0.0007189511088654399,
  "clean_mse_q25": 0.0003874075337080285,
  "clean_mse_q75": 0.0010221929696854204,
  "adv_mse_mean": 0.19968574614813406,
  "adv_mse_ci95": 0.3895984809933713,
  "adv_mse_median": 0.0007189636526163667,
  "adv_mse_q25": 0.0003874153335345909,
  "adv_mse_q75": 0.0010347531933803111,
  "mse_ratio_mean": 25.091584331829146,
  "mse_ratio_ci95": 47.21430431482338,
  "mse_ratio_median": 1.000019279242066,
  "mse_ratio_q25": 1.0000169099672833,
  "mse_ratio_q75": 1.0000222915975399,
  "clean_rel_l2_mean": 0.18589467136189342,
  "clean_rel_l2_ci95": 0.007185605500314222,
  "clean_rel_l2_median": 0.17879388481378555,
  "clean_rel_l2_q25": 0.1720423772931099,
  "clean_rel_l2_q75": 0.193845447152853,
  "adv_rel_l2_mean": 0.3963858922943473,
  "adv_rel_l2_ci95": 0.4162511126185917,
  "adv_rel_l2_median": 0.17879556864500046,
  "adv_rel_l2_q25": 0.1726413182914257,
  "adv_rel_l2_q75": 0.19384731352329254,
  "rel_l2_ratio_mean": 1.8382205904563735,
  "rel_l2_ratio_ci95": 1.6403271983542635,
  "rel_l2_ratio_median": 1.0000096376688934,
  "rel_l2_ratio_q25": 1.0000084569697454,
  "rel_l2_ratio_q75": 1.0000111982844246,
  "clean_psnr_mean": 27.55817465843262,
  "clean_psnr_ci95": 1.1035217157889887,
  "clean_psnr_median": 28.227475017396607,
  "clean_psnr_q25": 26.055675139984363,
  "clean_psnr_q75": 29.978643347734035,
  "adv_psnr_mean": 26.6447838012058,
  "adv_psnr_ci95": 2.5257688445801625,
  "adv_psnr_median": 28.191944900778235,
  "adv_psnr_q25": 26.055589360920482,
  "adv_psnr_q75": 29.978564533107818,
  "clean_ssim_mean": 0.4317298656773858,
  "clean_ssim_ci95": 0.04553041731059458,
  "clean_ssim_median": 0.4432430366818557,
  "clean_ssim_q25": 0.3377199835764448,
  "clean_ssim_q75": 0.5265224321816168,
  "adv_ssim_mean": 0.42588714214543133,
  "adv_ssim_ci95": 0.05021784584662594,
  "adv_ssim_median": 0.4412781788980815,
  "adv_ssim_q25": 0.3377162575001161,
  "adv_ssim_q75": 0.5265182921892191,
  "pred_shift_rel_l2_mean": 0.20822089782842568,
  "pred_shift_rel_l2_ci95": 0.40679817364122645,
  "pred_shift_rel_l2_median": 1.143159533967264e-05,
  "pred_shift_rel_l2_q25": 1.0363930414314382e-05,
  "pred_shift_rel_l2_q75": 1.2436453289410565e-05,
  "init_shift_rel_l2_mean": 0.21718661293316188,
  "init_shift_rel_l2_ci95": 0.42409918404906555,
  "init_shift_rel_l2_median": 6.464995522037498e-06,
  "init_shift_rel_l2_q25": 5.118238959767041e-06,
  "init_shift_rel_l2_q75": 1.0721191529228236e-05,
  "delta_l2_mean": 6.228542663526696,
  "delta_l2_ci95": 12.138799562452904,
  "delta_l2_median": 0.0001796481665223837,
  "delta_l2_q25": 0.00017689661763142794,
  "delta_l2_q75": 0.00018984075722983107,
  "delta_linf_mean": 0.18021190962463152,
  "delta_linf_ci95": 0.3435808816532836,
  "delta_linf_median": 6.857793778181076e-06,
  "delta_linf_q25": 6.203074008226395e-06,
  "delta_linf_q75": 8.240342140197754e-06,
  "delta_mean_abs_mean": 0.02143929559873392,
  "delta_mean_abs_ci95": 0.041899841099595124,
  "delta_mean_abs_median": 5.757423764407577e-07,
  "delta_mean_abs_q25": 5.695956843965178e-07,
  "delta_mean_abs_q75": 5.825004762982644e-07,
  "delta_rel_l2_mean": 0.001583813810165788,
  "delta_rel_l2_ci95": 0.0030612202622952796,
  "delta_rel_l2_median": 2.1957291856183277e-07,
  "delta_rel_l2_q25": 1.573985089962279e-07,
  "delta_rel_l2_q75": 4.1059810935030827e-07,
  "success_rel_l2_mean": 0.03125,
  "success_rel_l2_ci95": 0.06124999999999999,
  "success_rel_l2_median": 0.0,
  "success_rel_l2_q25": 0.0,
  "success_rel_l2_q75": 0.0,
  "success_mse_mean": 0.03125,
  "success_mse_ci95": 0.06124999999999999,
  "success_mse_median": 0.0,
  "success_mse_q25": 0.0,
  "success_mse_q75": 0.0,
  "clean_e_ran_l2_mean": 3.2822710014879704,
  "clean_e_ran_l2_ci95": 0.7058654150374748,
  "clean_e_ran_l2_median": 2.9622809886932373,
  "clean_e_ran_l2_q25": 2.20460706949234,
  "clean_e_ran_l2_q75": 3.700905740261078,
  "clean_e_nul_l2_mean": 1.771011283621192,
  "clean_e_nul_l2_ci95": 0.2843276675042319,
  "clean_e_nul_l2_median": 1.7230495810508728,
  "clean_e_nul_l2_q25": 1.189131885766983,
  "clean_e_nul_l2_q75": 2.071072518825531,
  "clean_e_ran_frac_mean": 0.8620818088959625,
  "clean_e_ran_frac_ci95": 0.015679448433123966,
  "clean_e_ran_frac_median": 0.8657160777740261,
  "clean_e_ran_frac_q25": 0.8405338092256226,
  "clean_e_ran_frac_q75": 0.8940694001673287,
  "clean_e_nul_frac_mean": 0.4999121047017087,
  "clean_e_nul_frac_ci95": 0.024689564344172937,
  "clean_e_nul_frac_median": 0.500529639073731,
  "clean_e_nul_frac_q25": 0.44792627526120193,
  "clean_e_nul_frac_q75": 0.5417474810787155,
  "adv_e_ran_l2_mean": 12.48749597929418,
  "adv_e_ran_l2_ci95": 18.504221904625048,
  "adv_e_ran_l2_median": 2.962313175201416,
  "adv_e_ran_l2_q25": 2.2046332359313965,
  "adv_e_ran_l2_q75": 3.700948476791382,
  "adv_e_nul_l2_mean": 4.936205042526126,
  "adv_e_nul_l2_ci95": 6.378206694440635,
  "adv_e_nul_l2_median": 1.7230551838874817,
  "adv_e_nul_l2_q25": 1.1891373097896576,
  "adv_e_nul_l2_q75": 2.076225996017456,
  "adv_e_ran_frac_mean": 0.8630310905029752,
  "adv_e_ran_frac_ci95": 0.01607503346129868,
  "adv_e_ran_frac_median": 0.866422367936046,
  "adv_e_ran_frac_q25": 0.8419289360139224,
  "adv_e_ran_frac_q75": 0.8940707035688327,
  "adv_e_nul_frac_mean": 0.4976344857231864,
  "adv_e_nul_frac_ci95": 0.025992920412566803,
  "adv_e_nul_frac_median": 0.499297366792826,
  "adv_e_nul_frac_q25": 0.4479236677316875,
  "adv_e_nul_frac_q75": 0.5395647144705058,
  "attack_runtime_total_sec": 284.588087297976,
  "attack_runtime_per_example_sec": 8.89337772806175,
  "model_name": "nsn",
  "attack_name": "adam",
  "norm": "l2",
  "eps": 0.05,
  "eps_actual": 63.846251600341795,
  "eps_budget_mode": "per_sample_l2",
  "attack_init_mode": "exact",
  "eval_init_mode": "exact"
}