{
  "num_examples": 32,
  "gt_norm_mean": 26.229215562343597,
  "gt_norm_ci95": 1.7699003430208013,
  "gt_norm_median": 25.09980010986328,
  "clean_mse_mean": 8.580953090131516e-05,
  "clean_mse_ci95": 1.0504228727817729e-05,
  "clean_mse_median": 8.369435818167403e-05,
  "adv_mse_mean": 0.3927194271236658,
  "adv_mse_ci95": 0.0024516110918705323,
  "adv_mse_median": 0.39246752858161926,
  "mse_ratio_mean": 5292.537833077806,
  "mse_ratio_ci95": 794.7584924178993,
  "mse_ratio_median": 4714.313656181682,
  "clean_rel_l2_mean": 0.0455929747549817,
  "clean_rel_l2_ci95": 0.003415300952319119,
  "clean_rel_l2_median": 0.043928589671850204,
  "adv_rel_l2_mean": 3.157839223742485,
  "adv_rel_l2_ci95": 0.1881863693524882,
  "adv_rel_l2_median": 3.1795390844345093,
  "rel_l2_ratio_mean": 71.32035578791594,
  "rel_l2_ratio_ci95": 5.051851122551369,
  "rel_l2_ratio_median": 68.65798039038953,
  "clean_psnr_mean": 40.96206257713037,
  "clean_psnr_ci95": 0.5890640862834341,
  "clean_psnr_median": 40.774811259424105,
  "adv_psnr_mean": 4.059865047626323,
  "adv_psnr_ci95": 0.02729198668915631,
  "adv_psnr_median": 4.061963214479843,
  "clean_ssim_mean": 0.9413057633682392,
  "clean_ssim_ci95": 0.006275147977659224,
  "clean_ssim_median": 0.939020085900129,
  "adv_ssim_mean": 0.02151751437582989,
  "adv_ssim_ci95": 0.0021379522545980933,
  "adv_ssim_median": 0.020286755318721556,
  "pred_shift_rel_l2_mean": 3.1499097757041454,
  "pred_shift_rel_l2_ci95": 0.18779641663235716,
  "pred_shift_rel_l2_median": 3.1734259128570557,
  "init_shift_rel_l2_mean": 3.7208897173404694,
  "init_shift_rel_l2_ci95": 0.24639807912724684,
  "init_shift_rel_l2_median": 3.7026216983795166,
  "delta_l2_mean": 55.15242612361908,
  "delta_l2_ci95": 0.08497360531346379,
  "delta_l2_median": 55.140886306762695,
  "delta_linf_mean": 1.2215252481400967,
  "delta_linf_ci95": 0.0364599202675487,
  "delta_linf_median": 1.215382993221283,
  "delta_mean_abs_mean": 0.2121648108586669,
  "delta_mean_abs_ci95": 0.0004484016967314983,
  "delta_mean_abs_median": 0.21211759746074677,
  "delta_rel_l2_mean": 0.04200880628569331,
  "delta_rel_l2_ci95": 0.0037998568347017013,
  "delta_rel_l2_median": 0.04125721343750573,
  "success_rel_l2_mean": 1.0,
  "success_rel_l2_ci95": 0.0,
  "success_rel_l2_median": 1.0,
  "success_mse_mean": 1.0,
  "success_mse_ci95": 0.0,
  "success_mse_median": 1.0,
  "clean_e_ran_l2_mean": 0.6887397561222315,
  "clean_e_ran_l2_ci95": 0.04512937551119352,
  "clean_e_ran_l2_median": 0.6769616007804871,
  "clean_e_nul_l2_mean": 0.9398646615445614,
  "clean_e_nul_l2_ci95": 0.06273619282199655,
  "clean_e_nul_l2_median": 0.934965044260025,
  "clean_e_ran_frac_mean": 0.5914005390617761,
  "clean_e_ran_frac_ci95": 0.013777428245546234,
  "clean_e_ran_frac_median": 0.5913718393336003,
  "clean_e_nul_frac_mean": 0.8049103612551625,
  "clean_e_nul_frac_ci95": 0.010159966004548089,
  "clean_e_nul_frac_median": 0.8063888490827424,
  "adv_e_ran_l2_mean": 74.35988426208496,
  "adv_e_ran_l2_ci95": 0.25003111575141607,
  "adv_e_ran_l2_median": 74.37691879272461,
  "adv_e_nul_l2_mean": 30.060532867908478,
  "adv_e_nul_l2_ci95": 0.31140085575058324,
  "adv_e_nul_l2_median": 30.136850357055664,
  "adv_e_ran_frac_mean": 0.9270567562520765,
  "adv_e_ran_frac_ci95": 0.001437345179282931,
  "adv_e_ran_frac_median": 0.9276025427737096,
  "adv_e_nul_frac_mean": 0.3747591144846718,
  "adv_e_nul_frac_ci95": 0.0036019217200122,
  "adv_e_nul_frac_median": 0.3735673367743164,
  "attack_runtime_total_sec": 23.331357777118683,
  "attack_runtime_per_example_sec": 0.7291049305349588,
  "model_name": "dpnsn",
  "attack_name": "adam",
  "norm": "l2",
  "eps": 0.5,
  "eps_actual": 765.9952872680664,
  "attack_init_mode": "exact",
  "eval_init_mode": "exact"
}