{
  "num_examples": 32,
  "gt_norm_mean": 26.229215562343597,
  "gt_norm_ci95": 1.7699003430208013,
  "gt_norm_median": 25.09980010986328,
  "clean_mse_mean": 3.11057939939019e-06,
  "clean_mse_ci95": 2.800259004401547e-07,
  "clean_mse_median": 3.0060148219490657e-06,
  "adv_mse_mean": 0.46701248548924923,
  "adv_mse_ci95": 0.026847812084157915,
  "adv_mse_median": 0.45426245033741,
  "mse_ratio_mean": 156935.37378393795,
  "mse_ratio_ci95": 12180.0976118014,
  "mse_ratio_median": 159736.14313593606,
  "clean_rel_l2_mean": 0.00871896866010502,
  "clean_rel_l2_ci95": 0.00048715740363670235,
  "clean_rel_l2_median": 0.008746182080358267,
  "adv_rel_l2_mean": 3.412228487432003,
  "adv_rel_l2_ci95": 0.18395916864271528,
  "adv_rel_l2_median": 3.4231953620910645,
  "rel_l2_ratio_mean": 393.6567837270075,
  "rel_l2_ratio_ci95": 15.623443591669139,
  "rel_l2_ratio_median": 399.6370415659749,
  "clean_psnr_mean": 55.21131257168602,
  "clean_psnr_ci95": 0.389639075302968,
  "clean_psnr_median": 55.220089144394095,
  "adv_psnr_mean": 3.366067310174257,
  "adv_psnr_ci95": 0.25635307131095514,
  "adv_psnr_median": 3.4269432344173882,
  "clean_ssim_mean": 0.9937375536016034,
  "clean_ssim_ci95": 0.0006710240944635571,
  "clean_ssim_median": 0.9938350744611535,
  "adv_ssim_mean": -0.013648436524648467,
  "adv_ssim_ci95": 0.0012947776717737675,
  "adv_ssim_median": -0.014329618600698826,
  "pred_shift_rel_l2_mean": 3.4213929921388626,
  "pred_shift_rel_l2_ci95": 0.18432028597110703,
  "pred_shift_rel_l2_median": 3.431816816329956,
  "init_shift_rel_l2_mean": 3.105057828128338,
  "init_shift_rel_l2_ci95": 0.20988543636698476,
  "init_shift_rel_l2_median": 3.010102868080139,
  "delta_l2_mean": 46.366113901138306,
  "delta_l2_ci95": 0.5853484188098845,
  "delta_l2_median": 46.74583435058594,
  "delta_linf_mean": 1.2259200382977724,
  "delta_linf_ci95": 0.06553533438871721,
  "delta_linf_median": 1.2007102370262146,
  "delta_mean_abs_mean": 0.1730550406500697,
  "delta_mean_abs_ci95": 0.0027334787387777487,
  "delta_mean_abs_median": 0.17371870577335358,
  "delta_rel_l2_mean": 0.03527259257350987,
  "delta_rel_l2_ci95": 0.003194037540820636,
  "delta_rel_l2_median": 0.034456504547823924,
  "success_rel_l2_mean": 1.0,
  "success_rel_l2_ci95": 0.0,
  "success_rel_l2_median": 1.0,
  "success_mse_mean": 1.0,
  "success_mse_ci95": 0.0,
  "success_mse_median": 1.0,
  "clean_e_ran_l2_mean": 0.18870047573000193,
  "clean_e_ran_l2_ci95": 0.008615702772368996,
  "clean_e_ran_l2_median": 0.190646730363369,
  "clean_e_nul_l2_mean": 0.12021724856458604,
  "clean_e_nul_l2_ci95": 0.006144546025650912,
  "clean_e_nul_l2_median": 0.12092284858226776,
  "clean_e_ran_frac_mean": 0.842658602915844,
  "clean_e_ran_frac_ci95": 0.008210427264304276,
  "clean_e_ran_frac_median": 0.8372931446284574,
  "clean_e_nul_frac_mean": 0.5366485265225389,
  "clean_e_nul_frac_ci95": 0.01312851382375087,
  "clean_e_nul_frac_median": 0.546747567690678,
  "adv_e_ran_l2_mean": 86.66173338890076,
  "adv_e_ran_l2_ci95": 2.551449168470742,
  "adv_e_ran_l2_median": 85.62958908081055,
  "adv_e_nul_l2_mean": 9.376928091049194,
  "adv_e_nul_l2_ci95": 0.31830550260190354,
  "adv_e_nul_l2_median": 9.300409317016602,
  "adv_e_ran_frac_mean": 0.9939572108097142,
  "adv_e_ran_frac_ci95": 0.0006260737497126994,
  "adv_e_ran_frac_median": 0.9942383910515773,
  "adv_e_nul_frac_mean": 0.10858895477026033,
  "adv_e_nul_frac_ci95": 0.005613747268357131,
  "adv_e_nul_frac_median": 0.10716618137844741,
  "attack_runtime_total_sec": 11.616443753242493,
  "attack_runtime_per_example_sec": 0.3630138672888279,
  "model_name": "resnet",
  "attack_name": "adam",
  "norm": "l2",
  "eps": 1.0,
  "eps_actual": 1531.9905745361327,
  "attack_init_mode": "exact",
  "eval_init_mode": "exact"
}