{
  "num_examples": 32,
  "gt_norm_mean": 27.580802619457245,
  "gt_norm_ci95": 2.1336641054187684,
  "gt_norm_median": 26.626888275146484,
  "clean_mse_mean": 3.833550471199487e-05,
  "clean_mse_ci95": 8.471788937433505e-06,
  "clean_mse_median": 2.9399278901109938e-05,
  "adv_mse_mean": 0.10474796325433999,
  "adv_mse_ci95": 0.006837083628423979,
  "adv_mse_median": 0.10478635132312775,
  "mse_ratio_mean": 3633.583837678788,
  "mse_ratio_ci95": 624.533013445331,
  "mse_ratio_median": 3546.0803307510964,
  "clean_rel_l2_mean": 0.02719426655676216,
  "clean_rel_l2_ci95": 0.0006821109065866329,
  "clean_rel_l2_median": 0.02664567343890667,
  "adv_rel_l2_mean": 1.5594948250800371,
  "adv_rel_l2_ci95": 0.1146936146405615,
  "adv_rel_l2_median": 1.5694330930709839,
  "rel_l2_ratio_mean": 58.32144807248477,
  "rel_l2_ratio_ci95": 5.364132318070501,
  "rel_l2_ratio_median": 59.54638021996173,
  "clean_psnr_mean": 44.86432785848921,
  "clean_psnr_ci95": 0.840529112554273,
  "clean_psnr_median": 45.31802255383403,
  "adv_psnr_mean": 9.874688234663264,
  "adv_psnr_ci95": 0.28885761418260236,
  "adv_psnr_median": 9.797273246846963,
  "clean_ssim_mean": 0.9465326428336052,
  "clean_ssim_ci95": 0.007553204541450436,
  "clean_ssim_median": 0.9530123365430767,
  "adv_ssim_mean": 0.04071835223505174,
  "adv_ssim_ci95": 0.005646577800591781,
  "adv_ssim_median": 0.03783479908145909,
  "pred_shift_rel_l2_mean": 1.5625053588300943,
  "pred_shift_rel_l2_ci95": 0.11499983119587577,
  "pred_shift_rel_l2_median": 1.5715532898902893,
  "init_shift_rel_l2_mean": 1.7497355043888092,
  "init_shift_rel_l2_ci95": 0.13934429876179322,
  "init_shift_rel_l2_median": 1.729123592376709,
  "delta_l2_mean": 30.767467260360718,
  "delta_l2_ci95": 4.965344001450259e-07,
  "delta_l2_median": 30.767467498779297,
  "delta_linf_mean": 0.9988668505102396,
  "delta_linf_ci95": 0.04383504705671666,
  "delta_linf_median": 0.9770379662513733,
  "delta_mean_abs_mean": 0.10929522337391973,
  "delta_mean_abs_ci95": 0.00035928342328692445,
  "delta_mean_abs_median": 0.10939080268144608,
  "delta_rel_l2_mean": 0.022012969279704503,
  "delta_rel_l2_ci95": 0.002386304743205875,
  "delta_rel_l2_median": 0.02153316766414278,
  "success_rel_l2_mean": 1.0,
  "success_rel_l2_ci95": 0.0,
  "success_rel_l2_median": 1.0,
  "success_mse_mean": 1.0,
  "success_mse_ci95": 0.0,
  "success_mse_median": 1.0,
  "clean_e_ran_l2_mean": 0.6136870579794049,
  "clean_e_ran_l2_ci95": 0.06086218317349462,
  "clean_e_ran_l2_median": 0.5644590258598328,
  "clean_e_nul_l2_mean": 0.44870602525770664,
  "clean_e_nul_l2_ci95": 0.05009263985582145,
  "clean_e_nul_l2_median": 0.4116035997867584,
  "clean_e_ran_frac_mean": 0.8097064924328918,
  "clean_e_ran_frac_ci95": 0.004580328181891245,
  "clean_e_ran_frac_median": 0.8085077322625207,
  "clean_e_nul_frac_mean": 0.5864088099088817,
  "clean_e_nul_frac_ci95": 0.006402936015562022,
  "clean_e_nul_frac_median": 0.5884855383677227,
  "adv_e_ran_l2_mean": 40.67476803064346,
  "adv_e_ran_l2_ci95": 1.374524038899964,
  "adv_e_ran_l2_median": 40.726701736450195,
  "adv_e_nul_l2_mean": 6.756573066115379,
  "adv_e_nul_l2_ci95": 0.32582417296187083,
  "adv_e_nul_l2_median": 6.760177373886108,
  "adv_e_ran_frac_mean": 0.9858694950627279,
  "adv_e_ran_frac_ci95": 0.0016082451697607553,
  "adv_e_ran_frac_median": 0.9865829743109978,
  "adv_e_nul_frac_mean": 0.1652206199014466,
  "adv_e_nul_frac_ci95": 0.009593212278689285,
  "adv_e_nul_frac_median": 0.16326026920434378,
  "attack_runtime_total_sec": 116.57769213989377,
  "attack_runtime_per_example_sec": 3.6430528793716803,
  "model_name": "dpnsn_res",
  "attack_name": "adam",
  "norm": "l2",
  "eps": 0.02,
  "eps_actual": 30.767468011230466,
  "attack_init_mode": "exact",
  "eval_init_mode": "exact"
}