{
  "num_examples": 32,
  "gt_norm_mean": 21.939702212810516,
  "gt_norm_ci95": 3.9247519621992337,
  "gt_norm_median": 20.571069717407227,
  "gt_norm_q25": 14.864426374435425,
  "gt_norm_q75": 25.995609283447266,
  "clean_mse_mean": 3.823617976195237e-05,
  "clean_mse_ci95": 2.839563421028327e-05,
  "clean_mse_median": 1.7633277821005322e-05,
  "clean_mse_q25": 7.374323672593164e-06,
  "clean_mse_q75": 2.964024224638706e-05,
  "adv_mse_mean": 0.1956226782349404,
  "adv_mse_ci95": 0.10339398527660404,
  "adv_mse_median": 0.07769585773348808,
  "adv_mse_q25": 0.028435417916625738,
  "adv_mse_q75": 0.26997116208076477,
  "mse_ratio_mean": 5652.620177613559,
  "mse_ratio_ci95": 991.0111322596181,
  "mse_ratio_median": 5556.834956304423,
  "mse_ratio_q25": 3135.7294101021953,
  "mse_ratio_q75": 7267.10756363146,
  "clean_rel_l2_mean": 0.027163652644958347,
  "clean_rel_l2_ci95": 0.0019291612076674782,
  "clean_rel_l2_median": 0.025650610215961933,
  "clean_rel_l2_q25": 0.023923447355628014,
  "clean_rel_l2_q75": 0.027149326633661985,
  "adv_rel_l2_mean": 1.9587775506079197,
  "adv_rel_l2_ci95": 0.22350164490772995,
  "adv_rel_l2_median": 1.769820511341095,
  "adv_rel_l2_q25": 1.4672426283359528,
  "adv_rel_l2_q75": 2.4739251732826233,
  "rel_l2_ratio_mean": 72.59656896444811,
  "rel_l2_ratio_ci95": 6.883511842595426,
  "rel_l2_ratio_median": 74.52812224224633,
  "rel_l2_ratio_q25": 55.99749393245906,
  "rel_l2_ratio_q75": 85.24615377289011,
  "clean_psnr_mean": 43.5944275979044,
  "clean_psnr_ci95": 1.3768494271855436,
  "clean_psnr_median": 44.80229559757242,
  "clean_psnr_q25": 41.64859714649108,
  "clean_psnr_q75": 46.472029865368754,
  "adv_psnr_mean": 6.751659325539078,
  "adv_psnr_ci95": 1.8435048094077358,
  "adv_psnr_median": 8.24537568578486,
  "adv_psnr_q25": 2.129089252954905,
  "adv_psnr_q75": 10.560943689568605,
  "clean_ssim_mean": 0.9753748210500375,
  "clean_ssim_ci95": 0.009012324833238335,
  "clean_ssim_median": 0.9855510733843458,
  "clean_ssim_q25": 0.9701875423265681,
  "clean_ssim_q75": 0.9887375193679326,
  "adv_ssim_mean": 0.4366709239735467,
  "adv_ssim_ci95": 0.06316722263140617,
  "adv_ssim_median": 0.45056260646970236,
  "adv_ssim_q25": 0.2687353142292159,
  "adv_ssim_q75": 0.5862148975141127,
  "clean_mae_mean": 0.002544177092204336,
  "clean_mae_ci95": 0.0006610053511609344,
  "clean_mae_median": 0.0020471286261454225,
  "clean_mae_q25": 0.0014286840450949967,
  "clean_mae_q75": 0.0029935206403024495,
  "adv_mae_mean": 0.09576527960598469,
  "adv_mae_ci95": 0.03124387704074492,
  "adv_mae_median": 0.06297455728054047,
  "adv_mae_q25": 0.03749915212392807,
  "adv_mae_q75": 0.12892255187034607,
  "clean_nrmse_mean": 0.007473362829016719,
  "clean_nrmse_ci95": 0.001627801055108633,
  "clean_nrmse_median": 0.005752880350667433,
  "clean_nrmse_q25": 0.004746781062044763,
  "clean_nrmse_q75": 0.008272388000097785,
  "adv_nrmse_mean": 0.5569149243231187,
  "adv_nrmse_ci95": 0.1338088871716113,
  "adv_nrmse_median": 0.3875113084742273,
  "adv_nrmse_q25": 0.29671467657609424,
  "adv_nrmse_q75": 0.7827215128816822,
  "clean_max_err_mean": 0.1564668915234506,
  "clean_max_err_ci95": 0.04049468881813099,
  "clean_max_err_median": 0.10946410894393921,
  "clean_max_err_q25": 0.08332981541752815,
  "clean_max_err_q75": 0.1900813728570938,
  "adv_max_err_mean": 4.5835935808718204,
  "adv_max_err_ci95": 0.9665918826633897,
  "adv_max_err_median": 3.775557041168213,
  "adv_max_err_q25": 2.175574541091919,
  "adv_max_err_q75": 6.651837110519409,
  "clean_init_rel_l2_mean": 0.5536772310733795,
  "clean_init_rel_l2_ci95": 0.02506772902256389,
  "clean_init_rel_l2_median": 0.5395685136318207,
  "clean_init_rel_l2_q25": 0.5074928402900696,
  "clean_init_rel_l2_q75": 0.5876893401145935,
  "adv_init_rel_l2_mean": 3.445336937904358,
  "adv_init_rel_l2_ci95": 0.16827040729186868,
  "adv_init_rel_l2_median": 3.4652003049850464,
  "adv_init_rel_l2_q25": 3.1274142265319824,
  "adv_init_rel_l2_q75": 3.7337589263916016,
  "init_rel_l2_ratio_mean": 6.248276432740482,
  "init_rel_l2_ratio_ci95": 0.23553488522456142,
  "init_rel_l2_ratio_median": 6.219624958722652,
  "init_rel_l2_ratio_q25": 5.858697667949812,
  "init_rel_l2_ratio_q75": 6.575913250349028,
  "clean_init_psnr_mean": 17.32811655528948,
  "clean_init_psnr_ci95": 1.277972040417629,
  "clean_init_psnr_median": 18.486651408331085,
  "clean_init_psnr_q25": 14.726242622631924,
  "clean_init_psnr_q75": 19.917953138892184,
  "adv_init_psnr_mean": 1.4626180657503385,
  "adv_init_psnr_ci95": 1.2834379533534963,
  "adv_init_psnr_median": 1.7329596104445049,
  "adv_init_psnr_q25": -1.0426307746035364,
  "adv_init_psnr_q75": 3.641260360138338,
  "clean_init_ssim_mean": 0.089813785677639,
  "clean_init_ssim_ci95": 0.011960331601667429,
  "clean_init_ssim_median": 0.0773485782316394,
  "clean_init_ssim_q25": 0.06890477600312231,
  "clean_init_ssim_q75": 0.09774976727847494,
  "adv_init_ssim_mean": 0.0153965518047041,
  "adv_init_ssim_ci95": 0.0024545944401474376,
  "adv_init_ssim_median": 0.014958041595843699,
  "adv_init_ssim_q25": 0.012640349826341659,
  "adv_init_ssim_q75": 0.01694818339668115,
  "clean_init_mae_mean": 0.07636199059197679,
  "clean_init_mae_ci95": 0.018004814122315953,
  "clean_init_mae_median": 0.06415321677923203,
  "clean_init_mae_q25": 0.04510226845741272,
  "clean_init_mae_q75": 0.09492911025881767,
  "adv_init_mae_mean": 0.45565725304186344,
  "adv_init_mae_ci95": 0.09445817128236775,
  "adv_init_mae_median": 0.4040997326374054,
  "adv_init_mae_q25": 0.27515759319067,
  "adv_init_mae_q75": 0.574008971452713,
  "pred_shift_rel_l2_mean": 1.9561886545270681,
  "pred_shift_rel_l2_ci95": 0.22246218632153997,
  "pred_shift_rel_l2_median": 1.7685991525650024,
  "pred_shift_rel_l2_q25": 1.4687206447124481,
  "pred_shift_rel_l2_q75": 2.4701175689697266,
  "init_shift_rel_l2_mean": 3.0966118201613426,
  "init_shift_rel_l2_ci95": 0.11450379153896885,
  "init_shift_rel_l2_median": 3.1344170570373535,
  "init_shift_rel_l2_q25": 2.845118820667267,
  "init_shift_rel_l2_q75": 3.294448435306549,
  "delta_l2_mean": 67.9287074804306,
  "delta_l2_ci95": 14.431375668225803,
  "delta_l2_median": 59.03127098083496,
  "delta_l2_q25": 39.94144821166992,
  "delta_l2_q75": 84.13661193847656,
  "delta_linf_mean": 2.488058915361762,
  "delta_linf_ci95": 0.5710650109529224,
  "delta_linf_median": 2.007927417755127,
  "delta_linf_q25": 1.3985881805419922,
  "delta_linf_q75": 3.3795405626296997,
  "delta_mean_abs_mean": 0.24795208079740405,
  "delta_mean_abs_ci95": 0.05158816895731203,
  "delta_mean_abs_median": 0.21809707581996918,
  "delta_mean_abs_q25": 0.14660291001200676,
  "delta_mean_abs_q75": 0.309826523065567,
  "delta_rel_l2_mean": 0.049574447289510375,
  "delta_rel_l2_ci95": 0.0008341172786405669,
  "delta_rel_l2_median": 0.05000001602404534,
  "delta_rel_l2_q25": 0.050000012819027675,
  "delta_rel_l2_q75": 0.050000019558178614,
  "success_rel_l2_mean": 1.0,
  "success_rel_l2_ci95": 0.0,
  "success_rel_l2_median": 1.0,
  "success_rel_l2_q25": 1.0,
  "success_rel_l2_q75": 1.0,
  "success_mse_mean": 1.0,
  "success_mse_ci95": 0.0,
  "success_mse_median": 1.0,
  "success_mse_q25": 1.0,
  "success_mse_q75": 1.0,
  "clean_e_ran_l2_mean": 0.48272028658539057,
  "clean_e_ran_l2_ci95": 0.13186720297871127,
  "clean_e_ran_l2_median": 0.4110594540834427,
  "clean_e_ran_l2_q25": 0.2625609189271927,
  "clean_e_ran_l2_q75": 0.5388686209917068,
  "clean_e_nul_l2_mean": 0.406622035196051,
  "clean_e_nul_l2_ci95": 0.1042973177646703,
  "clean_e_nul_l2_median": 0.33922915160655975,
  "clean_e_nul_l2_q25": 0.2281387895345688,
  "clean_e_nul_l2_q75": 0.4293053224682808,
  "clean_e_ran_frac_mean": 0.7600693809887514,
  "clean_e_ran_frac_ci95": 0.012725143476312518,
  "clean_e_ran_frac_median": 0.7651039215237384,
  "clean_e_ran_frac_q25": 0.740603311607305,
  "clean_e_ran_frac_q75": 0.7899733879471,
  "clean_e_nul_frac_mean": 0.6475285823351942,
  "clean_e_nul_frac_ci95": 0.014491246016283378,