{
  "num_examples": 32,
  "clean_mse_mean": 1363332.0179229677,
  "clean_mse_ci95": 658986.5894615602,
  "clean_mse_median": 459825.0,
  "adv_mse_mean": 1731417376.0,
  "adv_mse_ci95": 236434190.67109242,
  "adv_mse_median": 1689897472.0,
  "mse_ratio_mean": 19889893.61709768,
  "mse_ratio_ci95": 38721259.36870413,
  "mse_ratio_median": 2693.1656912945327,
  "clean_rel_l2_mean": 6222657689319.9,
  "clean_rel_l2_ci95": 12196409053245.568,
  "clean_rel_l2_median": 8042.037533243574,
  "adv_rel_l2_mean": 1.56473937500858e+17,
  "adv_rel_l2_ci95": 3.066889174999457e+17,
  "adv_rel_l2_median": 487578.7131183235,
  "rel_l2_ratio_mean": 945.0170136684591,
  "rel_l2_ratio_ci95": 1534.3198871451605,
  "rel_l2_ratio_median": 51.85300802162693,
  "clean_psnr_mean": -54.266506759014526,
  "clean_psnr_ci95": 4.619262943299349,
  "clean_psnr_median": -56.61921775351862,
  "adv_psnr_mean": -92.03320018158988,
  "adv_psnr_ci95": 0.634605806154052,
  "adv_psnr_median": -92.27718130058972,
  "clean_ssim_mean": 0.0011714411109480611,
  "clean_ssim_ci95": 0.0022940924346775173,
  "clean_ssim_median": -7.570266557784535e-08,
  "adv_ssim_mean": -5.328850327864782e-10,
  "adv_ssim_ci95": 9.629928401700837e-10,
  "adv_ssim_median": -2.1260181855941134e-11,
  "pred_shift_rel_l2_mean": 944.095746128493,
  "pred_shift_rel_l2_ci95": 1534.4381091081927,
  "pred_shift_rel_l2_median": 50.87493776630164,
  "init_shift_rel_l2_mean": 592356933593772.2,
  "init_shift_rel_l2_ci95": 1161019589843748.5,
  "init_shift_rel_l2_median": 9.881353225925878,
  "delta_l2_mean": 41.66694784164429,
  "delta_l2_ci95": 2.883077544283485e-06,
  "delta_l2_median": 41.66694641113281,
  "delta_linf_mean": 1.156933220103383,
  "delta_linf_ci95": 0.10700771497351295,
  "delta_linf_median": 1.0369189977645874,
  "delta_mean_abs_mean": 0.15842563612386584,
  "delta_mean_abs_ci95": 0.0008623479654120248,
  "delta_mean_abs_median": 0.1585298627614975,
  "success_rel_l2_mean": 1.0,
  "success_rel_l2_ci95": 0.0,
  "success_rel_l2_median": 1.0,
  "success_mse_mean": 1.0,
  "success_mse_ci95": 0.0,
  "success_mse_median": 1.0,
  "clean_e_ran_l2_mean": 903.1446376014501,
  "clean_e_ran_l2_ci95": 251.36913708875468,
  "clean_e_ran_l2_median": 631.0056762695312,
  "clean_e_nul_l2_mean": 117357.95359230042,
  "clean_e_nul_l2_ci95": 32574.546830378364,
  "clean_e_nul_l2_median": 86761.6015625,
  "clean_e_ran_frac_mean": 0.007614013974801744,
  "clean_e_ran_frac_ci95": 0.0003842558226363347,
  "clean_e_ran_frac_median": 0.00767173659145836,
  "clean_e_nul_frac_mean": 0.9999704207886848,
  "clean_e_nul_frac_ci95": 2.454783087916651e-06,
  "clean_e_nul_frac_median": 0.9999705886998576,
  "adv_e_ran_l2_mean": 19452.658721923828,
  "adv_e_ran_l2_ci95": 2161.945836458259,
  "adv_e_ran_l2_median": 17403.74609375,
  "adv_e_nul_l2_mean": 5223168.2265625,
  "adv_e_nul_l2_ci95": 366789.94868155004,
  "adv_e_nul_l2_median": 5261416.0,
  "adv_e_ran_frac_mean": 0.0036919524902942757,
  "adv_e_ran_frac_ci95": 0.0002545817788449563,
  "adv_e_ran_frac_median": 0.0036077607938160196,
  "adv_e_nul_frac_mean": 0.9999929515420283,
  "adv_e_nul_frac_ci95": 1.0165410650174816e-06,
  "adv_e_nul_frac_median": 0.9999935711107764,
  "attack_runtime_total_sec": 17.27475492656231,
  "attack_runtime_per_example_sec": 0.5398360914550722,
  "model_name": "dpnsn_res",
  "attack_name": "adam",
  "norm": "l2",
  "eps": 1.0,
  "attack_init_mode": "surrogate",
  "eval_init_mode": "exact"
}