{
  "num_examples": 32,
  "clean_mse_mean": 0.052932585298549384,
  "clean_mse_ci95": 0.006873950823323022,
  "clean_mse_median": 0.04819653742015362,
  "adv_mse_mean": 0.7560731312260032,
  "adv_mse_ci95": 0.08206306582653797,
  "adv_mse_median": 0.7688475847244263,
  "mse_ratio_mean": 15.454854499667963,
  "mse_ratio_ci95": 1.8547257757642377,
  "mse_ratio_median": 15.264318347818481,
  "clean_rel_l2_mean": 0.7466042950693024,
  "clean_rel_l2_ci95": 0.059149769660445654,
  "clean_rel_l2_median": 0.7017357332957821,
  "adv_rel_l2_mean": 2.795367458233738,
  "adv_rel_l2_ci95": 0.14111219839638525,
  "adv_rel_l2_median": 2.738980353407978,
  "rel_l2_ratio_mean": 3.867853176457718,
  "rel_l2_ratio_ci95": 0.24756401740516504,
  "rel_l2_ratio_median": 3.906160060563475,
  "clean_psnr_mean": 13.024070485785945,
  "clean_psnr_ci95": 0.519541176084236,
  "clean_psnr_median": 13.169913119864562,
  "adv_psnr_mean": 1.436735903559284,
  "adv_psnr_ci95": 0.5005648866167587,
  "adv_psnr_median": 1.1428931935250284,
  "clean_ssim_mean": 0.281967144865937,
  "clean_ssim_ci95": 0.025043512413826928,
  "clean_ssim_median": 0.2711119592377087,
  "adv_ssim_mean": 0.024720056558300833,
  "adv_ssim_ci95": 0.006965000938921176,
  "adv_ssim_median": 0.023175162388421502,
  "pred_shift_rel_l2_mean": 2.209023302450632,
  "pred_shift_rel_l2_ci95": 0.14295209331941053,
  "pred_shift_rel_l2_median": 2.212001495030841,
  "init_shift_rel_l2_mean": 0.08027190264104836,
  "init_shift_rel_l2_ci95": 0.004860111910088945,
  "init_shift_rel_l2_median": 0.07840230654440405,
  "delta_l2_mean": 46.43305492401123,
  "delta_l2_ci95": 0.6179103001098627,
  "delta_l2_median": 46.65603256225586,
  "delta_linf_mean": 0.4692170452326536,
  "delta_linf_ci95": 0.0004883321969629004,
  "delta_linf_median": 0.46942561864852905,
  "delta_mean_abs_mean": 0.18893624981865287,
  "delta_mean_abs_ci95": 0.0031296725885589507,
  "delta_mean_abs_median": 0.1906362548470497,
  "success_rel_l2_mean": 1.0,
  "success_rel_l2_ci95": 0.0,
  "success_rel_l2_median": 1.0,
  "success_mse_mean": 1.0,
  "success_mse_ci95": 0.0,
  "success_mse_median": 1.0,
  "clean_e_ran_l2_mean": 24.103079915046692,
  "clean_e_ran_l2_ci95": 1.8000155039666899,
  "clean_e_ran_l2_median": 23.36827564239502,
  "clean_e_nul_l2_mean": 15.043526202440262,
  "clean_e_nul_l2_ci95": 0.9007210057615019,
  "clean_e_nul_l2_median": 14.819480419158936,
  "clean_e_ran_frac_mean": 0.8277600783138763,
  "clean_e_ran_frac_ci95": 0.018278412216242074,
  "clean_e_ran_frac_median": 0.8352773295589031,
  "clean_e_nul_frac_mean": 0.5235605736821973,
  "clean_e_nul_frac_ci95": 0.025726005192349417,
  "clean_e_nul_frac_median": 0.5153895917977535,
  "adv_e_ran_l2_mean": 60.62472438812256,
  "adv_e_ran_l2_ci95": 4.149569053064097,
  "adv_e_ran_l2_median": 59.686744689941406,
  "adv_e_nul_l2_mean": 86.24699115753174,
  "adv_e_nul_l2_ci95": 5.971890640632828,
  "adv_e_nul_l2_median": 86.20909118652344,
  "adv_e_ran_frac_mean": 0.5557055460190932,
  "adv_e_ran_frac_ci95": 0.03186998877316783,
  "adv_e_ran_frac_median": 0.5610687683222813,
  "adv_e_nul_frac_mean": 0.7824036683756825,
  "adv_e_nul_frac_ci95": 0.02329662708624075,
  "adv_e_nul_frac_median": 0.7915963612430519,
  "attack_runtime_total_sec": 158.91222590953112,
  "attack_runtime_per_example_sec": 4.966007059672847,
  "model_name": "dpnsn_res",
  "attack_name": "adam",
  "norm": "l2",
  "eps": 1.0,
  "attack_init_mode": "surrogate",
  "eval_init_mode": "exact"
}