{
  "num_examples": 32,
  "clean_mse_mean": 751059.7418518066,
  "clean_mse_ci95": 313571.45080512366,
  "clean_mse_median": 259783.8046875,
  "adv_mse_mean": 721624631.0,
  "adv_mse_ci95": 96069294.98748021,
  "adv_mse_median": 729066016.0,
  "mse_ratio_mean": 9860.07125915555,
  "mse_ratio_ci95": 6217.417815573435,
  "mse_ratio_median": 3022.3115207484752,
  "clean_rel_l2_mean": 7675.649670551284,
  "clean_rel_l2_ci95": 1093.0144791389387,
  "clean_rel_l2_median": 6717.743669040819,
  "adv_rel_l2_mean": 514515.32168588764,
  "adv_rel_l2_ci95": 158048.28687533335,
  "adv_rel_l2_median": 378795.104344917,
  "rel_l2_ratio_mean": 73.01695631163862,
  "rel_l2_ratio_ci95": 23.68955850771139,
  "rel_l2_ratio_median": 54.69486066931156,
  "clean_psnr_mean": -57.27222271683708,
  "clean_psnr_ci95": 2.5054427973861544,
  "clean_psnr_median": -56.34224828904489,
  "adv_psnr_mean": -91.23707295626622,
  "adv_psnr_ci95": 0.9485021609983441,
  "adv_psnr_median": -90.99961384939962,
  "clean_ssim_mean": -3.0236611729613944e-08,
  "clean_ssim_ci95": 1.0670461312045738e-07,
  "clean_ssim_median": -1.383283610873018e-09,
  "adv_ssim_mean": -3.3950999825040123e-10,
  "adv_ssim_ci95": 4.6241755058434524e-10,
  "adv_ssim_median": -7.931068363716814e-11,
  "pred_shift_rel_l2_mean": 72.03494422441898,
  "pred_shift_rel_l2_ci95": 23.690179520301346,
  "pred_shift_rel_l2_median": 53.7101910523762,
  "init_shift_rel_l2_mean": 10.421725257416693,
  "init_shift_rel_l2_ci95": 3.15734980810285,
  "init_shift_rel_l2_median": 8.038952513123233,
  "delta_l2_mean": 25.87852168083191,
  "delta_l2_ci95": 2.710550319347705e-06,
  "delta_l2_median": 25.878520965576172,
  "delta_linf_mean": 0.7203834811225533,
  "delta_linf_ci95": 0.07809766289341283,
  "delta_linf_median": 0.6307794153690338,
  "delta_mean_abs_mean": 0.09913240582682192,
  "delta_mean_abs_ci95": 0.0004480452325528769,
  "delta_mean_abs_median": 0.09891366958618164,
  "success_rel_l2_mean": 1.0,
  "success_rel_l2_ci95": 0.0,
  "success_rel_l2_median": 1.0,
  "success_mse_mean": 1.0,
  "success_mse_ci95": 0.0,
  "success_mse_median": 1.0,
  "clean_e_ran_l2_mean": 697.4975872039795,
  "clean_e_ran_l2_ci95": 176.86706325746482,
  "clean_e_ran_l2_median": 477.12818908691406,
  "clean_e_nul_l2_mean": 90147.30020141602,
  "clean_e_nul_l2_ci95": 22754.323262680315,
  "clean_e_nul_l2_median": 65236.8203125,
  "clean_e_ran_frac_mean": 0.007754923043818841,
  "clean_e_ran_frac_ci95": 0.0002238654682456538,
  "clean_e_ran_frac_median": 0.007602494126609198,
  "clean_e_nul_frac_mean": 0.9999697602878632,
  "clean_e_nul_frac_ci95": 1.809391096802813e-06,
  "clean_e_nul_frac_median": 0.9999710353129841,
  "adv_e_ran_l2_mean": 12776.753280639648,
  "adv_e_ran_l2_ci95": 1428.8154549424532,
  "adv_e_ran_l2_median": 11515.65380859375,
  "adv_e_nul_l2_mean": 3374268.8984375,
  "adv_e_nul_l2_ci95": 232770.60641481055,
  "adv_e_nul_l2_median": 3455758.75,
  "adv_e_ran_frac_mean": 0.0037457178459279687,
  "adv_e_ran_frac_ci95": 0.0002537188474788393,
  "adv_e_ran_frac_median": 0.0036932173339939032,
  "adv_e_nul_frac_mean": 0.9999927639377073,
  "adv_e_nul_frac_ci95": 1.0165146169202973e-06,
  "adv_e_nul_frac_median": 0.9999932116141516,
  "attack_runtime_total_sec": 17.298173680901527,
  "attack_runtime_per_example_sec": 0.5405679275281727,
  "model_name": "dpnsn_res",
  "attack_name": "adam",
  "norm": "l2",
  "eps": 1.0,
  "attack_init_mode": "surrogate",
  "eval_init_mode": "exact"
}