{
  "num_examples": 32,
  "clean_mse_mean": 0.0005443978877224254,
  "clean_mse_ci95": 0.0002908578008966493,
  "clean_mse_median": 0.00031629054865334183,
  "adv_mse_mean": 0.04293841105300089,
  "adv_mse_ci95": 0.019573840523584247,
  "adv_mse_median": 0.021459833718836308,
  "mse_ratio_mean": 99.70021683860621,
  "mse_ratio_ci95": 36.56417089889668,
  "mse_ratio_median": 70.22312175066418,
  "clean_rel_l2_mean": 0.15498494617968273,
  "clean_rel_l2_ci95": 0.030334151834876713,
  "clean_rel_l2_median": 0.1313546017884804,
  "adv_rel_l2_mean": 1.3310930994963248,
  "adv_rel_l2_ci95": 0.31475495675443627,
  "adv_rel_l2_median": 1.090515217461752,
  "rel_l2_ratio_mean": 8.929498728149746,
  "rel_l2_ratio_ci95": 1.5729028521859771,
  "rel_l2_ratio_median": 8.37988095062568,
  "clean_psnr_mean": 35.718618509560365,
  "clean_psnr_ci95": 1.8016554789059114,
  "clean_psnr_median": 35.03679266329409,
  "adv_psnr_mean": 17.77502861244725,
  "adv_psnr_ci95": 2.43407497604802,
  "adv_psnr_median": 16.69325889703098,
  "clean_ssim_mean": 0.7667657053539967,
  "clean_ssim_ci95": 0.054086973038786956,
  "clean_ssim_median": 0.8043191024486838,
  "adv_ssim_mean": 0.42421840201495276,
  "adv_ssim_ci95": 0.08167863236867069,
  "adv_ssim_median": 0.3831078249912122,
  "pred_shift_rel_l2_mean": 1.3689038382896455,
  "pred_shift_rel_l2_ci95": 0.3423729988489597,
  "pred_shift_rel_l2_median": 1.0921884845387217,
  "init_shift_rel_l2_mean": 0.24511951146174454,
  "init_shift_rel_l2_ci95": 0.07109947456789281,
  "init_shift_rel_l2_median": 0.17480828137471524,
  "delta_l2_mean": 27.371706247329712,
  "delta_l2_ci95": 1.6960582013263645,
  "delta_l2_median": 27.292572021484375,
  "delta_linf_mean": 0.4572138087823987,
  "delta_linf_ci95": 0.004403853755907249,
  "delta_linf_median": 0.46029816567897797,
  "delta_mean_abs_mean": 0.08677444572094828,
  "delta_mean_abs_ci95": 0.0071383899775808125,
  "delta_mean_abs_median": 0.08551745116710663,
  "success_rel_l2_mean": 1.0,
  "success_rel_l2_ci95": 0.0,
  "success_rel_l2_median": 1.0,
  "success_mse_mean": 1.0,
  "success_mse_ci95": 0.0,
  "success_mse_median": 1.0,
  "clean_e_ran_l2_mean": 1.9608535468578339,
  "clean_e_ran_l2_ci95": 0.445489719249546,
  "clean_e_ran_l2_median": 1.5460540056228638,
  "clean_e_nul_l2_mean": 1.509823831729591,
  "clean_e_nul_l2_ci95": 0.3845641725581044,
  "clean_e_nul_l2_median": 1.270481288433075,
  "clean_e_ran_frac_mean": 0.7934470761995347,
  "clean_e_ran_frac_ci95": 0.029881137292890204,
  "clean_e_ran_frac_median": 0.8128844467875755,
  "clean_e_nul_frac_mean": 0.5919864230241183,
  "clean_e_nul_frac_ci95": 0.03980947028007995,
  "clean_e_nul_frac_median": 0.582406503748905,
  "adv_e_ran_l2_mean": 17.792000494897366,
  "adv_e_ran_l2_ci95": 4.747665523742226,
  "adv_e_ran_l2_median": 14.68409013748169,
  "adv_e_nul_l2_mean": 12.186282116919756,
  "adv_e_nul_l2_ci95": 2.6472572313417486,
  "adv_e_nul_l2_median": 11.206316947937012,
  "adv_e_ran_frac_mean": 0.793173553894933,
  "adv_e_ran_frac_ci95": 0.027736493491443102,
  "adv_e_ran_frac_median": 0.807982012137894,
  "adv_e_nul_frac_mean": 0.596014447425369,
  "adv_e_nul_frac_ci95": 0.034194190839168394,
  "adv_e_nul_frac_median": 0.5891706527435465,
  "attack_runtime_total_sec": 15.005206061527133,
  "attack_runtime_per_example_sec": 0.4689126894227229,
  "model_name": "dpnsn_res",
  "attack_name": "adam",
  "norm": "l2",
  "eps": 1.0,
  "attack_init_mode": "surrogate",
  "eval_init_mode": "exact"
}