{
  "num_examples": 32,
  "clean_mse_mean": 0.0004408944729448194,
  "clean_mse_ci95": 0.00020526614740782632,
  "clean_mse_median": 0.00018872139480663463,
  "adv_mse_mean": 0.017328377429748798,
  "adv_mse_ci95": 0.006996836800677168,
  "adv_mse_median": 0.008771658409386873,
  "mse_ratio_mean": 134.7085201698495,
  "mse_ratio_ci95": 103.287719709823,
  "mse_ratio_median": 28.38461499996228,
  "clean_rel_l2_mean": 25338130071.928864,
  "clean_rel_l2_ci95": 49662734940.637344,
  "clean_rel_l2_median": 0.15885229049999552,
  "adv_rel_l2_mean": 958375871182.9313,
  "adv_rel_l2_ci95": 1878416707515.6255,
  "adv_rel_l2_median": 0.8817641763126296,
  "rel_l2_ratio_mean": 8.276635089781333,
  "rel_l2_ratio_ci95": 2.864331543260402,
  "rel_l2_ratio_median": 5.327405050596742,
  "clean_psnr_mean": 37.20998022446953,
  "clean_psnr_ci95": 2.1328615711915386,
  "clean_psnr_median": 37.32370797064941,
  "adv_psnr_mean": 21.66988746972457,
  "adv_psnr_ci95": 2.538579383502176,
  "adv_psnr_median": 20.57185643220166,
  "clean_ssim_mean": 0.7532981879625542,
  "clean_ssim_ci95": 0.06669174104226148,
  "clean_ssim_median": 0.8186856097114007,
  "adv_ssim_mean": 0.48407800798427203,
  "adv_ssim_ci95": 0.08956705697407767,
  "adv_ssim_median": 0.4529233296767674,
  "pred_shift_rel_l2_mean": 2.598152213777526,
  "pred_shift_rel_l2_ci95": 2.287865306828303,
  "pred_shift_rel_l2_median": 0.8465956577186005,
  "init_shift_rel_l2_mean": 46501666307.70146,
  "init_shift_rel_l2_ci95": 91143265962.58476,
  "init_shift_rel_l2_median": 0.18042115294590555,
  "delta_l2_mean": 23.964610248804092,
  "delta_l2_ci95": 2.0002596870809115,
  "delta_l2_median": 25.309021949768066,
  "delta_linf_mean": 0.45226488914340734,
  "delta_linf_ci95": 0.004412378096585241,
  "delta_linf_median": 0.4528040289878845,
  "delta_mean_abs_mean": 0.07253556017531082,
  "delta_mean_abs_ci95": 0.007773922161444932,
  "delta_mean_abs_median": 0.07655211538076401,
  "success_rel_l2_mean": 1.0,
  "success_rel_l2_ci95": 0.0,
  "success_rel_l2_median": 1.0,
  "success_mse_mean": 1.0,
  "success_mse_ci95": 0.0,
  "success_mse_median": 1.0,
  "attack_runtime_total_sec": 14.993058504536748,
  "attack_runtime_per_example_sec": 0.4685330782667734,
  "model_name": "dpnsn_res",
  "attack_name": "adam",
  "norm": "l2",
  "eps": 1.0,
  "attack_init_mode": "surrogate",
  "eval_init_mode": "exact"
}