{
  "num_examples": 32,
  "clean_mse_mean": 0.0005443099443027677,
  "clean_mse_ci95": 0.00029080906016337835,
  "clean_mse_median": 0.0003161300264764577,
  "adv_mse_mean": 0.04284049497800879,
  "adv_mse_ci95": 0.01957930968563537,
  "adv_mse_median": 0.02148440293967724,
  "mse_ratio_mean": 99.40457624043363,
  "mse_ratio_ci95": 36.65961327434353,
  "mse_ratio_median": 69.44978215491449,
  "clean_rel_l2_mean": 0.15498068735199189,
  "clean_rel_l2_ci95": 0.03033443822880418,
  "clean_rel_l2_median": 0.13137557163016042,
  "adv_rel_l2_mean": 1.3277412879480057,
  "adv_rel_l2_ci95": 0.3147141527385432,
  "adv_rel_l2_median": 1.08915077660826,
  "rel_l2_ratio_mean": 8.91073739779382,
  "rel_l2_ratio_ci95": 1.5744409263583663,
  "rel_l2_ratio_median": 8.333334481752363,
  "clean_psnr_mean": 35.71900042286591,
  "clean_psnr_ci95": 1.8015291497319912,
  "clean_psnr_median": 35.039234365295,
  "adv_psnr_mean": 17.795276241840053,
  "adv_psnr_ci95": 2.4340923948454085,
  "adv_psnr_median": 16.690167554501492,
  "clean_ssim_mean": 0.7667877408411197,
  "clean_ssim_ci95": 0.0540920818526179,
  "clean_ssim_median": 0.8043293791962124,
  "adv_ssim_mean": 0.4248560866735254,
  "adv_ssim_ci95": 0.08153363410990747,
  "adv_ssim_median": 0.3799833515633798,
  "pred_shift_rel_l2_mean": 1.365481579048767,
  "pred_shift_rel_l2_ci95": 0.3424416103711534,
  "pred_shift_rel_l2_median": 1.090805623001625,
  "init_shift_rel_l2_mean": 0.24480359657953765,
  "init_shift_rel_l2_ci95": 0.07078063107973474,
  "init_shift_rel_l2_median": 0.17449940071039627,
  "delta_l2_mean": 27.359354317188263,
  "delta_l2_ci95": 1.6953096017286342,
  "delta_l2_median": 27.295177459716797,
  "delta_linf_mean": 0.45716953556984663,
  "delta_linf_ci95": 0.0044785235252106335,
  "delta_linf_median": 0.4601672887802124,
  "delta_mean_abs_mean": 0.0866978254634887,
  "delta_mean_abs_ci95": 0.0071276867140439406,
  "delta_mean_abs_median": 0.08561718463897705,
  "success_rel_l2_mean": 1.0,
  "success_rel_l2_ci95": 0.0,
  "success_rel_l2_median": 1.0,
  "success_mse_mean": 1.0,
  "success_mse_ci95": 0.0,
  "success_mse_median": 1.0,
  "clean_e_ran_l2_mean": 1.9606273584067822,
  "clean_e_ran_l2_ci95": 0.44540312205250004,
  "clean_e_ran_l2_median": 1.5454756617546082,
  "clean_e_nul_l2_mean": 1.5098383938893676,
  "clean_e_nul_l2_ci95": 0.3845655368619632,
  "clean_e_nul_l2_median": 1.270500123500824,
  "clean_e_ran_frac_mean": 0.7934204547596866,
  "clean_e_ran_frac_ci95": 0.0298851393012564,
  "clean_e_ran_frac_median": 0.8128600591659916,
  "clean_e_nul_frac_mean": 0.5920178229574735,
  "clean_e_nul_frac_ci95": 0.0398120264994172,
  "clean_e_nul_frac_median": 0.5824425079430056,
  "adv_e_ran_l2_mean": 17.751972377300262,
  "adv_e_ran_l2_ci95": 4.750055587598562,
  "adv_e_ran_l2_median": 14.69850492477417,
  "adv_e_nul_l2_mean": 12.172094743698835,
  "adv_e_nul_l2_ci95": 2.646826521730008,
  "adv_e_nul_l2_median": 11.182384014129639,
  "adv_e_ran_frac_mean": 0.7926435575130261,
  "adv_e_ran_frac_ci95": 0.027757163522106342,
  "adv_e_ran_frac_median": 0.8068402692904773,
  "adv_e_nul_frac_mean": 0.5966968041092349,
  "adv_e_nul_frac_ci95": 0.03422540968888035,
  "adv_e_nul_frac_median": 0.5906890235273887,
  "attack_runtime_total_sec": 15.001654149964452,
  "attack_runtime_per_example_sec": 0.4688016921863891,
  "model_name": "dpnsn_res",
  "attack_name": "adam",
  "norm": "l2",
  "eps": 1.0,
  "attack_init_mode": "surrogate",
  "eval_init_mode": "exact"
}