{
  "num_examples": 32,
  "clean_mse_mean": 5505354.1171875,
  "clean_mse_ci95": 756025.0838124019,
  "clean_mse_median": 4684986.0,
  "adv_mse_mean": 1934093854.0,
  "adv_mse_ci95": 325184304.5808408,
  "adv_mse_median": 1736937408.0,
  "mse_ratio_mean": 414.2676639070015,
  "mse_ratio_ci95": 104.13939333860525,
  "mse_ratio_median": 348.8974774753816,
  "clean_rel_l2_mean": 7319.015883648428,
  "clean_rel_l2_ci95": 333.47855661378094,
  "clean_rel_l2_median": 7461.476520422682,
  "adv_rel_l2_mean": 139829.65659267126,
  "adv_rel_l2_ci95": 15464.830861612045,
  "adv_rel_l2_median": 131940.98828448163,
  "rel_l2_ratio_mean": 19.3124071353118,
  "rel_l2_ratio_ci95": 2.262261754500531,
  "rel_l2_ratio_median": 18.676754955634824,
  "clean_psnr_mean": -67.11294313513936,
  "clean_psnr_ci95": 0.5507699975629481,
  "clean_psnr_median": -66.70703371843243,
  "adv_psnr_mean": -92.37383543050694,
  "adv_psnr_ci95": 0.7334032682706276,
  "adv_psnr_median": -92.39555810727394,
  "clean_ssim_mean": -7.553266910657636e-07,
  "clean_ssim_ci95": 6.189459588676995e-07,
  "clean_ssim_median": -1.205126516777202e-07,
  "adv_ssim_mean": 1.5557863425757956e-10,
  "adv_ssim_ci95": 4.638659732066576e-09,
  "adv_ssim_median": -1.1035231686118268e-10,
  "pred_shift_rel_l2_mean": 18.327581776199235,
  "pred_shift_rel_l2_ci95": 2.2615492626404707,
  "pred_shift_rel_l2_median": 17.69293597943919,
  "init_shift_rel_l2_mean": 3.338116585249023,
  "init_shift_rel_l2_ci95": 0.1756334046704151,
  "init_shift_rel_l2_median": 3.4386328499767327,
  "delta_l2_mean": 46.70033371448517,
  "delta_l2_ci95": 0.42296649372118733,
  "delta_l2_median": 46.62710189819336,
  "delta_linf_mean": 1.2445553205907345,
  "delta_linf_ci95": 0.10857129677500098,
  "delta_linf_median": 1.141600251197815,
  "delta_mean_abs_mean": 0.1749474056996405,
  "delta_mean_abs_ci95": 0.0021867694186309566,
  "delta_mean_abs_median": 0.1736932396888733,
  "success_rel_l2_mean": 1.0,
  "success_rel_l2_ci95": 0.0,
  "success_rel_l2_median": 1.0,
  "success_mse_mean": 1.0,
  "success_mse_ci95": 0.0,
  "success_mse_median": 1.0,
  "clean_e_ran_l2_mean": 2227.3884048461914,
  "clean_e_ran_l2_ci95": 133.42926219176644,
  "clean_e_ran_l2_median": 2101.7862548828125,
  "clean_e_nul_l2_mean": 295169.0830078125,
  "clean_e_nul_l2_ci95": 19504.348336997395,
  "clean_e_nul_l2_median": 277045.765625,
  "clean_e_ran_frac_mean": 0.007592680537818131,
  "clean_e_ran_frac_ci95": 0.0002131869191949622,
  "clean_e_ran_frac_median": 0.0075129458837449445,
  "clean_e_nul_frac_mean": 0.999971011850016,
  "clean_e_nul_frac_ci95": 1.661421850526697e-06,
  "clean_e_nul_frac_median": 0.999971769413073,
  "adv_e_ran_l2_mean": 21348.22021484375,
  "adv_e_ran_l2_ci95": 2628.188797388538,
  "adv_e_ran_l2_median": 19265.859375,
  "adv_e_nul_l2_mean": 5474378.921875,
  "adv_e_nul_l2_ci95": 461524.4402219319,
  "adv_e_nul_l2_median": 5333853.25,
  "adv_e_ran_frac_mean": 0.003840459820886071,
  "adv_e_ran_frac_ci95": 0.00024810284078648985,
  "adv_e_ran_frac_median": 0.0037382602694897935,
  "adv_e_nul_frac_mean": 0.9999924040802641,
  "adv_e_nul_frac_ci95": 1.012718717724212e-06,
  "adv_e_nul_frac_median": 0.9999931047045578,
  "attack_runtime_total_sec": 17.28165777772665,
  "attack_runtime_per_example_sec": 0.5400518055539578,
  "model_name": "dpnsn_res",
  "attack_name": "adam",
  "norm": "l2",
  "eps": 1.0,
  "attack_init_mode": "surrogate",
  "eval_init_mode": "exact"
}