{
  "num_examples": 32,
  "clean_mse_mean": 0.0009306046058554784,
  "clean_mse_ci95": 0.00023864949782271291,
  "clean_mse_median": 0.0008100970298983157,
  "adv_mse_mean": 0.008150455356371822,
  "adv_mse_ci95": 0.0037927394334706585,
  "adv_mse_median": 0.0038998154923319817,
  "mse_ratio_mean": 9.421829755750238,
  "mse_ratio_ci95": 4.031513673560458,
  "mse_ratio_median": 4.645622272958796,
  "clean_rel_l2_mean": 0.39414949366019186,
  "clean_rel_l2_ci95": 0.1004552320283311,
  "clean_rel_l2_median": 0.30299269068213364,
  "adv_rel_l2_mean": 0.9305125252861741,
  "adv_rel_l2_ci95": 0.22975983258579857,
  "adv_rel_l2_median": 0.6694324037142179,
  "rel_l2_ratio_mean": 2.666750907448322,
  "rel_l2_ratio_ci95": 0.5350649495328091,
  "rel_l2_ratio_median": 2.1550744892066884,
  "clean_psnr_mean": 30.84013466574184,
  "clean_psnr_ci95": 0.6631257596497939,
  "clean_psnr_median": 30.9147527486834,
  "adv_psnr_mean": 23.497048775102094,
  "adv_psnr_ci95": 1.603164675689996,
  "adv_psnr_median": 24.09165544605628,
  "clean_ssim_mean": 0.6211284647037281,
  "clean_ssim_ci95": 0.03423173829433997,
  "clean_ssim_median": 0.6130393197081633,
  "adv_ssim_mean": 0.40506329976071886,
  "adv_ssim_ci95": 0.06831549160458886,
  "adv_ssim_median": 0.39695949341559045,
  "pred_shift_rel_l2_mean": 0.8016601550833659,
  "pred_shift_rel_l2_ci95": 0.2053437510381747,
  "pred_shift_rel_l2_median": 0.6994944931957308,
  "init_shift_rel_l2_mean": 0.3059068617219223,
  "init_shift_rel_l2_ci95": 0.11448077852187974,
  "init_shift_rel_l2_median": 0.15206152627630515,
  "delta_l2_mean": 28.81264477968216,
  "delta_l2_ci95": 1.5757813659888318,
  "delta_l2_median": 29.36898136138916,
  "delta_linf_mean": 0.4511015648022294,
  "delta_linf_ci95": 0.004237820554617775,
  "delta_linf_median": 0.452964186668396,
  "delta_mean_abs_mean": 0.0940351338358596,
  "delta_mean_abs_ci95": 0.006609008765148173,
  "delta_mean_abs_median": 0.09291945025324821,
  "success_rel_l2_mean": 0.71875,
  "success_rel_l2_ci95": 0.1582743063430925,
  "success_rel_l2_median": 1.0,
  "success_mse_mean": 0.8125,
  "success_mse_ci95": 0.13740025707822126,
  "success_mse_median": 1.0,
  "attack_runtime_total_sec": 11.711553724482656,
  "attack_runtime_per_example_sec": 0.365986053890083,
  "model_name": "dpnsn_res",
  "attack_name": "adam",
  "norm": "l2",
  "eps": 1.0,
  "attack_init_mode": "surrogate",
  "eval_init_mode": "exact"
}