{
  "num_examples": 32,
  "gt_norm_mean": 19.554032936692238,
  "gt_norm_ci95": 3.175656556464896,
  "gt_norm_median": 19.43148136138916,
  "gt_norm_q25": 13.664082050323486,
  "gt_norm_q75": 22.861806869506836,
  "clean_mse_mean": 0.00026445050684742455,
  "clean_mse_ci95": 6.356442169143319e-05,
  "clean_mse_median": 0.00025715997617226094,
  "clean_mse_q25": 0.00010551254672463983,
  "clean_mse_q75": 0.00033409633761039004,
  "adv_mse_mean": 0.0002644462110765744,
  "adv_mse_ci95": 6.356205076461437e-05,
  "adv_mse_median": 0.00025716100935824215,
  "adv_mse_q25": 0.00010551146078796592,
  "adv_mse_q75": 0.0003340835537528619,
  "mse_ratio_mean": 0.9999952891574093,
  "mse_ratio_ci95": 2.0323417273866696e-05,
  "mse_ratio_median": 0.99999781871047,
  "mse_ratio_q25": 0.9999590639481541,
  "mse_ratio_q75": 1.0000376598992204,
  "clean_rel_l2_mean": 0.10566540830768645,
  "clean_rel_l2_ci95": 0.00612752949188252,
  "clean_rel_l2_median": 0.10447508096694946,
  "clean_rel_l2_q25": 0.09630278125405312,
  "clean_rel_l2_q75": 0.1120400670915842,
  "adv_rel_l2_mean": 0.1056652634870261,
  "adv_rel_l2_ci95": 0.006127797393564119,
  "adv_rel_l2_median": 0.1044735535979271,
  "adv_rel_l2_q25": 0.0963044073432684,
  "adv_rel_l2_q75": 0.11203819327056408,
  "rel_l2_ratio_mean": 0.9999976452730177,
  "rel_l2_ratio_ci95": 1.0165270046510249e-05,
  "rel_l2_ratio_median": 0.9999989213098492,
  "rel_l2_ratio_q25": 0.999979601519735,
  "rel_l2_ratio_q75": 1.0000187941614846,
  "clean_psnr_mean": 32.52383930250875,
  "clean_psnr_ci95": 0.518211344130933,
  "clean_psnr_median": 32.62140900813701,
  "clean_psnr_q25": 31.648503717073737,
  "clean_psnr_q75": 33.824843651096444,
  "adv_psnr_mean": 32.52385981231123,
  "adv_psnr_ci95": 0.5182183134690661,
  "adv_psnr_median": 32.621260307186525,
  "adv_psnr_q25": 31.648685812634984,
  "adv_psnr_q75": 33.82484472804427,
  "clean_ssim_mean": 0.896095197126876,
  "clean_ssim_ci95": 0.01929196796449886,
  "clean_ssim_median": 0.9055180053315002,
  "clean_ssim_q25": 0.886603267546872,
  "clean_ssim_q75": 0.9361248314119407,
  "adv_ssim_mean": 0.8961116447623197,
  "adv_ssim_ci95": 0.019287312983183008,
  "adv_ssim_median": 0.9055270987248849,
  "adv_ssim_q25": 0.886645664828255,
  "adv_ssim_q75": 0.9361613667714597,
  "pred_shift_rel_l2_mean": 0.0007134087154554436,
  "pred_shift_rel_l2_ci95": 3.72481130018723e-05,
  "pred_shift_rel_l2_median": 0.0007293213857337832,
  "pred_shift_rel_l2_q25": 0.0006531811814056709,
  "pred_shift_rel_l2_q75": 0.0007616265211254358,
  "init_shift_rel_l2_mean": 0.0009828747097344603,
  "init_shift_rel_l2_ci95": 0.00011911148315880552,
  "init_shift_rel_l2_median": 0.000912609655642882,
  "init_shift_rel_l2_q25": 0.0008061111147981137,
  "init_shift_rel_l2_q75": 0.0010910829296335578,
  "delta_l2_mean": 0.0001759098522597924,
  "delta_l2_ci95": 7.714478659089502e-07,
  "delta_l2_median": 0.00017553933867020532,
  "delta_l2_q25": 0.0001743042994348798,
  "delta_l2_q75": 0.00017712781118461862,
  "delta_linf_mean": 6.366625257214764e-06,
  "delta_linf_ci95": 2.0984352148693343e-07,
  "delta_linf_median": 6.2407925724983215e-06,
  "delta_linf_q25": 5.93533695791848e-06,
  "delta_linf_q75": 6.67572021484375e-06,
  "delta_mean_abs_mean": 5.563515701467736e-07,
  "delta_mean_abs_ci95": 7.043733346516609e-09,
  "delta_mean_abs_median": 5.6349628607677e-07,
  "delta_mean_abs_q25": 5.548334058858018e-07,
  "delta_mean_abs_q75": 5.675666727711359e-07,
  "delta_rel_l2_mean": 2.1059979214895644e-07,
  "delta_rel_l2_ci95": 4.427787034273424e-08,
  "delta_rel_l2_median": 1.6567569486108224e-07,
  "delta_rel_l2_q25": 1.3723831417564184e-07,
  "delta_rel_l2_q75": 2.314692581733046e-07,
  "success_rel_l2_mean": 0.0,
  "success_rel_l2_ci95": 0.0,
  "success_rel_l2_median": 0.0,
  "success_rel_l2_q25": 0.0,
  "success_rel_l2_q75": 0.0,
  "success_mse_mean": 0.0,
  "success_mse_ci95": 0.0,
  "success_mse_median": 0.0,
  "success_mse_q25": 0.0,
  "success_mse_q75": 0.0,
  "clean_e_ran_l2_mean": 1.4460620451718569,
  "clean_e_ran_l2_ci95": 0.19823760088211823,
  "clean_e_ran_l2_median": 1.503426432609558,
  "clean_e_ran_l2_q25": 0.948512464761734,
  "clean_e_ran_l2_q75": 1.6380369067192078,
  "clean_e_nul_l2_mean": 1.3163206223398447,
  "clean_e_nul_l2_ci95": 0.15418718969184525,
  "clean_e_nul_l2_median": 1.3473610281944275,
  "clean_e_nul_l2_q25": 0.9407127499580383,
  "clean_e_nul_l2_q75": 1.594138503074646,
  "clean_e_ran_frac_mean": 0.7313071603672179,
  "clean_e_ran_frac_ci95": 0.018661179919279715,
  "clean_e_ran_frac_median": 0.7299274171969863,
  "clean_e_ran_frac_q25": 0.7030144301159762,
  "clean_e_ran_frac_q75": 0.7613703229057314,
  "clean_e_nul_frac_mean": 0.6776525043292396,
  "clean_e_nul_frac_ci95": 0.01980999050623247,
  "clean_e_nul_frac_median": 0.6835176667898522,
  "clean_e_nul_frac_q25": 0.6483171812554095,
  "clean_e_nul_frac_q75": 0.7111753636163098,
  "adv_e_ran_l2_mean": 1.4460013341158628,
  "adv_e_ran_l2_ci95": 0.19822157753292116,
  "adv_e_ran_l2_median": 1.5033391118049622,
  "adv_e_ran_l2_q25": 0.9484913945198059,
  "adv_e_ran_l2_q75": 1.637951284646988,
  "adv_e_nul_l2_mean": 1.3163724411278963,
  "adv_e_nul_l2_ci95": 0.15419525477977736,
  "adv_e_nul_l2_median": 1.3473772406578064,
  "adv_e_nul_l2_q25": 0.9407659620046616,
  "adv_e_nul_l2_q75": 1.594182938337326,
  "adv_e_ran_frac_mean": 0.731282277593412,
  "adv_e_ran_frac_ci95": 0.018660936418580718,
  "adv_e_ran_frac_median": 0.7299042281876875,
  "adv_e_ran_frac_q25": 0.7030040027306395,
  "adv_e_ran_frac_q75": 0.7613538542992612,
  "adv_e_nul_frac_mean": 0.6776798633722727,
  "adv_e_nul_frac_ci95": 0.01980805445858715,
  "adv_e_nul_frac_median": 0.6835423378709078,
  "adv_e_nul_frac_q25": 0.6483364741702515,
  "adv_e_nul_frac_q75": 0.7111856830716541,
  "attack_runtime_total_sec": 3983.751609019935,
  "attack_runtime_per_example_sec": 124.49223778187297,
  "model_name": "nsn",
  "attack_name": "adam",
  "norm": "l2",
  "eps": 0.1,
  "eps_actual": 127.69250320068359,
  "eps_budget_mode": "per_sample_l2",
  "attack_init_mode": "exact",
  "eval_init_mode": "exact"
}