{
  "num_examples": 32,
  "gt_norm_mean": 19.670156359672546,
  "gt_norm_ci95": 3.306666391339513,
  "gt_norm_median": 18.95488929748535,
  "gt_norm_q25": 11.325607061386108,
  "gt_norm_q75": 25.38380765914917,
  "clean_mse_mean": 5.612949143252166e-07,
  "clean_mse_ci95": 1.9777864721603885e-07,
  "clean_mse_median": 3.6571930195350433e-07,
  "clean_mse_q25": 2.130579730419413e-07,
  "clean_mse_q75": 6.864816555207653e-07,
  "adv_mse_mean": 1.3323400795925409,
  "adv_mse_ci95": 0.5470243687881386,
  "adv_mse_median": 0.8589776754379272,
  "adv_mse_q25": 0.18497399613261223,
  "adv_mse_q75": 1.5562120974063873,
  "mse_ratio_mean": 2494658.63756816,
  "mse_ratio_ci95": 675638.679883444,
  "mse_ratio_median": 2013015.4260901809,
  "mse_ratio_q25": 990688.944632653,
  "mse_ratio_q75": 3702584.483186211,
  "clean_rel_l2_mean": 0.004997396870749071,
  "clean_rel_l2_ci95": 0.0008900302157751416,
  "clean_rel_l2_median": 0.004206398734822869,
  "clean_rel_l2_q25": 0.0034254661295562983,
  "clean_rel_l2_q75": 0.005473889643326402,
  "adv_rel_l2_mean": 5.976914934813976,
  "adv_rel_l2_ci95": 0.39573849402218375,
  "adv_rel_l2_median": 5.623394012451172,
  "adv_rel_l2_q25": 5.358754873275757,
  "adv_rel_l2_q75": 6.669536828994751,
  "rel_l2_ratio_mean": 1447.2466013999576,
  "rel_l2_ratio_ci95": 222.67885858287457,
  "rel_l2_ratio_median": 1416.7875252453769,
  "rel_l2_ratio_q25": 994.1330650884255,
  "rel_l2_ratio_q75": 1923.8325938847183,
  "clean_psnr_mean": 59.209447005332066,
  "clean_psnr_ci95": 0.9578187055440011,
  "clean_psnr_median": 59.96873730239413,
  "clean_psnr_q25": 57.95121406880232,
  "clean_psnr_q75": 60.84446046836932,
  "adv_psnr_mean": -2.9479526311049224,
  "adv_psnr_ci95": 1.4223963729631448,
  "adv_psnr_median": -2.045529191101158,
  "adv_psnr_q25": -6.005742136684405,
  "adv_psnr_q75": -0.5068084371551129,
  "clean_ssim_mean": 0.9979702168899154,
  "clean_ssim_ci95": 0.0008418021814384995,
  "clean_ssim_median": 0.9988135510124017,
  "clean_ssim_q25": 0.9975698251358303,
  "clean_ssim_q75": 0.9991351841790994,
  "adv_ssim_mean": 0.00683383900134695,
  "adv_ssim_ci95": 0.0029013143629425275,
  "adv_ssim_median": 0.007664281632154629,
  "adv_ssim_q25": -0.0006003073794025134,
  "adv_ssim_q75": 0.012394652139719475,
  "clean_mae_mean": 0.0003681171897369495,
  "clean_mae_ci95": 6.210615973757269e-05,
  "clean_mae_median": 0.000319573053275235,
  "clean_mae_q25": 0.0002524823066778481,
  "clean_mae_q75": 0.0004401093610795215,
  "adv_mae_mean": 0.488850065972656,
  "adv_mae_ci95": 0.10896910478014477,
  "adv_mae_median": 0.45034970343112946,
  "adv_mae_q25": 0.21195009723305702,
  "adv_mae_q75": 0.6500107645988464,
  "clean_nrmse_mean": 0.0011573000523242847,
  "clean_nrmse_ci95": 0.00015424621875596788,
  "clean_nrmse_median": 0.0010037557464428635,
  "clean_nrmse_q25": 0.0009073824051793343,
  "clean_nrmse_q75": 0.0012662015647871418,
  "adv_nrmse_mean": 1.5679154361345977,
  "adv_nrmse_ci95": 0.26986791871287596,
  "adv_nrmse_median": 1.2656233191248543,
  "adv_nrmse_q25": 1.0602649789688736,
  "adv_nrmse_q75": 1.997418006314059,
  "clean_max_err_mean": 0.014933580649085343,
  "clean_max_err_ci95": 0.0033303609393555956,
  "clean_max_err_median": 0.011397391557693481,
  "clean_max_err_q25": 0.008980536833405495,
  "clean_max_err_q75": 0.01632840931415558,
  "adv_max_err_mean": 15.229340299963951,
  "adv_max_err_ci95": 3.260538541222168,
  "adv_max_err_median": 15.11018991470337,
  "adv_max_err_q25": 7.139954686164856,
  "adv_max_err_q75": 20.987168788909912,
  "clean_init_rel_l2_mean": 0.2520770381670445,
  "clean_init_rel_l2_ci95": 0.04474757835515376,
  "clean_init_rel_l2_median": 0.21722742170095444,
  "clean_init_rel_l2_q25": 0.17055825889110565,
  "clean_init_rel_l2_q75": 0.28996142745018005,
  "adv_init_rel_l2_mean": 3.715317204594612,
  "adv_init_rel_l2_ci95": 0.2329738148082121,
  "adv_init_rel_l2_median": 3.7015339136123657,
  "adv_init_rel_l2_q25": 3.4320308566093445,
  "adv_init_rel_l2_q75": 4.130330801010132,
  "init_rel_l2_ratio_mean": 18.075093565265483,
  "init_rel_l2_ratio_ci95": 2.8280412723655237,
  "init_rel_l2_ratio_median": 16.87483631472005,
  "init_rel_l2_ratio_q25": 12.553827632995517,
  "init_rel_l2_ratio_q75": 23.79978816356399,
  "clean_init_psnr_mean": 25.194284395610136,
  "clean_init_psnr_ci95": 1.053763380803202,
  "clean_init_psnr_median": 24.783990491579146,
  "clean_init_psnr_q25": 23.15347558332141,
  "clean_init_psnr_q75": 27.63229479466916,
  "adv_init_psnr_mean": 1.1762230892601022,
  "adv_init_psnr_ci95": 1.3976603261154266,
  "adv_init_psnr_median": 1.4694039089587112,
  "adv_init_psnr_q25": -1.7208291754097438,
  "adv_init_psnr_q75": 3.916540575370517,
  "clean_init_ssim_mean": 0.4360748676610561,
  "clean_init_ssim_ci95": 0.038615712195724655,
  "clean_init_ssim_median": 0.4156293124047607,
  "clean_init_ssim_q25": 0.3746017818907749,
  "clean_init_ssim_q75": 0.4684293510924116,
  "adv_init_ssim_mean": 0.017999262445713305,
  "adv_init_ssim_ci95": 0.0028706192466001457,
  "adv_init_ssim_median": 0.01584903976034758,
  "adv_init_ssim_q25": 0.012508396988726595,
  "adv_init_ssim_q75": 0.020057296153634076,
  "clean_init_mae_mean": 0.019345941531355493,
  "clean_init_mae_ci95": 0.0033431355899844186,
  "clean_init_mae_median": 0.0176046434789896,
  "clean_init_mae_q25": 0.012700640596449375,
  "clean_init_mae_q75": 0.023134255316108465,
  "adv_init_mae_mean": 0.4199115838855505,
  "adv_init_mae_ci95": 0.08909755274326685,
  "adv_init_mae_median": 0.3993835151195526,
  "adv_init_mae_q25": 0.19203251600265503,
  "adv_init_mae_q75": 0.5568701326847076,
  "pred_shift_rel_l2_mean": 5.975547634065151,
  "pred_shift_rel_l2_ci95": 0.39604456669286947,
  "pred_shift_rel_l2_median": 5.623224496841431,
  "pred_shift_rel_l2_q25": 5.358492851257324,
  "pred_shift_rel_l2_q75": 6.670129656791687,
  "init_shift_rel_l2_mean": 3.848400980234146,
  "init_shift_rel_l2_ci95": 0.2037483347024919,
  "init_shift_rel_l2_median": 3.809083938598633,
  "init_shift_rel_l2_q25": 3.5403226613998413,
  "init_shift_rel_l2_q75": 4.241146564483643,
  "delta_l2_mean": 61.40840607881546,
  "delta_l2_ci95": 13.21505957225454,
  "delta_l2_median": 58.17823600769043,
  "delta_l2_q25": 26.748408794403076,
  "delta_l2_q75": 81.39160919189453,
  "delta_linf_mean": 1.6549564804881811,
  "delta_linf_ci95": 0.39018159709196737,
  "delta_linf_median": 1.459977626800537,
  "delta_linf_q25": 0.717794343829155,
  "delta_linf_q75": 2.0708215832710266,
  "delta_mean_abs_mean": 0.2237291627097875,
  "delta_mean_abs_ci95": 0.04832385920985818,
  "delta_mean_abs_median": 0.21189995855093002,
  "delta_mean_abs_q25": 0.0966053381562233,
  "delta_mean_abs_q75": 0.2977995201945305,
  "delta_rel_l2_mean": 0.05000000740615597,
  "delta_rel_l2_ci95": 2.5938604707408323e-09,
  "delta_rel_l2_median": 0.050000006310699056,
  "delta_rel_l2_q25": 0.050000002579044904,
  "delta_rel_l2_q75": 0.0500000087019076,
  "success_rel_l2_mean": 1.0,
  "success_rel_l2_ci95": 0.0,
  "success_rel_l2_median": 1.0,
  "success_rel_l2_q25": 1.0,
  "success_rel_l2_q75": 1.0,
  "success_mse_mean": 1.0,
  "success_mse_ci95": 0.0,
  "success_mse_median": 1.0,
  "success_mse_q25": 1.0,
  "success_mse_q75": 1.0,
  "clean_e_ran_l2_mean": 1.1741585289826162e-05,
  "clean_e_ran_l2_ci95": 2.589065731757267e-06,
  "clean_e_ran_l2_median": 1.152363074652385e-05,
  "clean_e_ran_l2_q25": 5.10649101670424e-06,
  "clean_e_ran_l2_q75": 1.4750985656064586e-05,
  "clean_e_nul_l2_mean": 0.08739241550210863,
  "clean_e_nul_l2_ci95": 0.01389867574300725,
  "clean_e_nul_l2_median": 0.0774075947701931,
  "clean_e_nul_l2_q25": 0.0590744698420167,
  "clean_e_nul_l2_q75": 0.10605190135538578,
  "clean_e_ran_frac_mean": 0.00013606957618292003,
  "clean_e_ran_frac_ci95": 2.1786677677283374e-05,
  "clean_e_ran_frac_median": 0.0001313153690224375,
  "clean_e_ran_frac_q25": 9.319375286701167e-05,
  "clean_e_ran_frac_q75": 0.00017622928866082785,
  "clean_e_nul_frac_mean": 0.9999999912814215,