{
  "num_examples": 32,
  "gt_norm_mean": 19.246901780366898,
  "gt_norm_ci95": 3.3146818493907912,
  "gt_norm_median": 15.661028385162354,
  "gt_norm_q25": 12.43287444114685,
  "gt_norm_q75": 25.732792377471924,
  "clean_mse_mean": 3.933885684759275e-05,
  "clean_mse_ci95": 4.3927084058883086e-05,
  "clean_mse_median": 3.1640017823519884e-06,
  "clean_mse_q25": 1.9023428308173607e-06,
  "clean_mse_q75": 1.7775422747945413e-05,
  "adv_mse_mean": 0.08112649752001744,
  "adv_mse_ci95": 0.041539588069719496,
  "adv_mse_median": 0.02277354523539543,
  "adv_mse_q25": 0.011557638878002763,
  "adv_mse_q75": 0.11542889103293419,
  "mse_ratio_mean": 7297.960499919853,
  "mse_ratio_ci95": 1420.0238927431035,
  "mse_ratio_median": 7171.345987381183,
  "mse_ratio_q25": 4074.807732572959,
  "mse_ratio_q75": 10660.882350256034,
  "clean_rel_l2_mean": 0.024667877180036157,
  "clean_rel_l2_ci95": 0.010194335083669105,
  "clean_rel_l2_median": 0.014764487743377686,
  "clean_rel_l2_q25": 0.013575217686593533,
  "clean_rel_l2_q75": 0.019180952571332455,
  "adv_rel_l2_mean": 1.435263603925705,
  "adv_rel_l2_ci95": 0.14881738921172696,
  "adv_rel_l2_median": 1.4233726859092712,
  "adv_rel_l2_q25": 1.150625765323639,
  "adv_rel_l2_q75": 1.6915545761585236,
  "rel_l2_ratio_mean": 80.80925897259183,
  "rel_l2_ratio_ci95": 9.754514083866887,
  "rel_l2_ratio_median": 84.68135246287304,
  "rel_l2_ratio_q25": 63.733552423203534,
  "rel_l2_ratio_q75": 103.24940985746336,
  "clean_psnr_mean": 47.1319127269045,
  "clean_psnr_ci95": 2.0283044819018206,
  "clean_psnr_median": 49.327588281691995,
  "clean_psnr_q25": 44.581067068234006,
  "clean_psnr_q75": 51.06945811261156,
  "adv_psnr_mean": 9.832231503766744,
  "adv_psnr_ci95": 1.6199524970165189,
  "adv_psnr_median": 10.48445232602851,
  "adv_psnr_q25": 7.1204380479562825,
  "adv_psnr_q75": 12.729769915977572,
  "clean_ssim_mean": 0.9906381179233497,
  "clean_ssim_ci95": 0.0028023495946297348,
  "clean_ssim_median": 0.9930798454018441,
  "clean_ssim_q25": 0.9895514022359697,
  "clean_ssim_q75": 0.9955441134270241,
  "adv_ssim_mean": 0.7413737204410933,
  "adv_ssim_ci95": 0.046856235199937875,
  "adv_ssim_median": 0.7582051306424862,
  "adv_ssim_q25": 0.6910199131401589,
  "adv_ssim_q75": 0.8344310397494543,
  "pred_shift_rel_l2_mean": 1.4325040690600872,
  "pred_shift_rel_l2_ci95": 0.14880689093488741,
  "pred_shift_rel_l2_median": 1.4153895378112793,
  "pred_shift_rel_l2_q25": 1.1495213508605957,
  "pred_shift_rel_l2_q75": 1.6634670495986938,
  "init_shift_rel_l2_mean": 1.5085409134626389,
  "init_shift_rel_l2_ci95": 0.057261015548948246,
  "init_shift_rel_l2_median": 1.498606562614441,
  "init_shift_rel_l2_q25": 1.3960842490196228,
  "init_shift_rel_l2_q75": 1.5965152978897095,
  "delta_l2_mean": 22.4174674898386,
  "delta_l2_ci95": 4.889028710064969,
  "delta_l2_median": 16.16982126235962,
  "delta_l2_q25": 12.615868330001831,
  "delta_l2_q75": 32.199472427368164,
  "delta_linf_mean": 0.69719348102808,
  "delta_linf_ci95": 0.15811346526365994,
  "delta_linf_median": 0.48230743408203125,
  "delta_linf_q25": 0.3516707420349121,
  "delta_linf_q75": 0.9983225166797638,
  "delta_mean_abs_mean": 0.08140066941268742,
  "delta_mean_abs_ci95": 0.018009402637085455,
  "delta_mean_abs_median": 0.05794941447675228,
  "delta_mean_abs_q25": 0.045373180881142616,
  "delta_mean_abs_q75": 0.11721632443368435,
  "delta_rel_l2_mean": 0.02000000916179216,
  "delta_rel_l2_ci95": 9.697240556888144e-10,
  "delta_rel_l2_median": 0.020000009815769028,
  "delta_rel_l2_q25": 0.02000000768927198,
  "delta_rel_l2_q75": 0.020000010980879085,
  "success_rel_l2_mean": 1.0,
  "success_rel_l2_ci95": 0.0,
  "success_rel_l2_median": 1.0,
  "success_rel_l2_q25": 1.0,
  "success_rel_l2_q75": 1.0,
  "success_mse_mean": 1.0,
  "success_mse_ci95": 0.0,
  "success_mse_median": 1.0,
  "success_mse_q25": 1.0,
  "success_mse_q75": 1.0,
  "clean_e_ran_l2_mean": 0.33419539453461766,
  "clean_e_ran_l2_ci95": 0.11959582308209402,
  "clean_e_ran_l2_median": 0.17974556982517242,
  "clean_e_ran_l2_q25": 0.13826953992247581,
  "clean_e_ran_l2_q75": 0.43325770646333694,
  "clean_e_nul_l2_mean": 0.35835759923793375,
  "clean_e_nul_l2_ci95": 0.18924519666797135,
  "clean_e_nul_l2_median": 0.13826829940080643,
  "clean_e_nul_l2_q25": 0.11053434759378433,
  "clean_e_nul_l2_q75": 0.3268044665455818,
  "clean_e_ran_frac_mean": 0.7534704359547861,
  "clean_e_ran_frac_ci95": 0.029563594853286156,
  "clean_e_ran_frac_median": 0.7836358928377829,
  "clean_e_ran_frac_q25": 0.7650061766215868,
  "clean_e_ran_frac_q75": 0.7977870131069958,
  "clean_e_nul_frac_mean": 0.6476754787368632,
  "clean_e_nul_frac_ci95": 0.026684294721857675,
  "clean_e_nul_frac_median": 0.6212197610367185,
  "clean_e_nul_frac_q25": 0.6029391995079499,
  "clean_e_nul_frac_q75": 0.6440229795556593,
  "adv_e_ran_l2_mean": 11.277802474796772,
  "adv_e_ran_l2_ci95": 2.5801931170572288,
  "adv_e_ran_l2_median": 7.355290651321411,
  "adv_e_ran_l2_q25": 6.338527321815491,
  "adv_e_ran_l2_q75": 16.194310426712036,
  "adv_e_nul_l2_mean": 27.26022246479988,
  "adv_e_nul_l2_ci95": 7.085668844913561,
  "adv_e_nul_l2_median": 17.73977279663086,
  "adv_e_nul_l2_q25": 12.140273332595825,
  "adv_e_nul_l2_q75": 39.5140438079834,
  "adv_e_ran_frac_mean": 0.40518580753413025,
  "adv_e_ran_frac_ci95": 0.03195892659027248,
  "adv_e_ran_frac_median": 0.3896529739531877,
  "adv_e_ran_frac_q25": 0.3550250078518471,
  "adv_e_ran_frac_q75": 0.4868421951862708,
  "adv_e_nul_frac_mean": 0.9087171301745889,
  "adv_e_nul_frac_ci95": 0.015000826960008116,
  "adv_e_nul_frac_median": 0.9209258334103068,
  "adv_e_nul_frac_q25": 0.8734760820032177,
  "adv_e_nul_frac_q75": 0.9348362490874534,
  "attack_runtime_total_sec": 57.923229947686195,
  "attack_runtime_per_example_sec": 1.8101009358651936,
  "model_name": "resnet",
  "attack_name": "adam",
  "norm": "l2",
  "eps": 0.02,
  "eps_actual": 25.611172796813968,
  "eps_budget_mode": "per_sample_l2",
  "attack_init_mode": "exact",
  "eval_init_mode": "exact"
}