{
  "num_examples": 32,
  "gt_norm_mean": 19.806160181760788,
  "gt_norm_ci95": 2.9469057162341947,
  "gt_norm_median": 18.65426254272461,
  "gt_norm_q25": 12.793537616729736,
  "gt_norm_q75": 26.20080327987671,
  "clean_mse_mean": 1.7656718863889864e-05,
  "clean_mse_ci95": 1.1367461449100967e-05,
  "clean_mse_median": 7.679949248995399e-06,
  "clean_mse_q25": 3.6738778135259054e-06,
  "clean_mse_q75": 1.555162748445582e-05,
  "adv_mse_mean": 0.04944961277578841,
  "adv_mse_ci95": 0.02937562827654081,
  "adv_mse_median": 0.018612239509820938,
  "adv_mse_q25": 0.008774804417043924,
  "adv_mse_q75": 0.04347112029790878,
  "mse_ratio_mean": 3785.531076639446,
  "mse_ratio_ci95": 915.7516833869756,
  "mse_ratio_median": 3489.6723060402774,
  "mse_ratio_q25": 1497.2984616630174,
  "mse_ratio_q75": 5504.104805074925,
  "clean_rel_l2_mean": 0.02235429544816725,
  "clean_rel_l2_ci95": 0.005255791497411031,
  "clean_rel_l2_median": 0.017155254259705544,
  "clean_rel_l2_q25": 0.014801344368606806,
  "clean_rel_l2_q75": 0.020705293398350477,
  "adv_rel_l2_mean": 1.0561234261840582,
  "adv_rel_l2_ci95": 0.1298264389245542,
  "adv_rel_l2_median": 0.9714972376823425,
  "adv_rel_l2_q25": 0.7965599000453949,
  "adv_rel_l2_q75": 1.2677118182182312,
  "rel_l2_ratio_mean": 56.926290909096465,
  "rel_l2_ratio_ci95": 8.217593979140155,
  "rel_l2_ratio_median": 58.981485847229834,
  "rel_l2_ratio_q25": 38.68335632719946,
  "rel_l2_ratio_q75": 74.18823753329676,
  "clean_psnr_mean": 46.83043612748834,
  "clean_psnr_ci95": 1.3669835645131427,
  "clean_psnr_median": 47.7757525421688,
  "clean_psnr_q25": 44.576114130045234,
  "clean_psnr_q75": 50.04028786943823,
  "adv_psnr_mean": 12.82428710193329,
  "adv_psnr_ci95": 1.8567567718000793,
  "adv_psnr_median": 12.875292595623133,
  "adv_psnr_q25": 10.111618904319224,
  "adv_psnr_q75": 16.110481429265466,
  "clean_ssim_mean": 0.9849938851655122,
  "clean_ssim_ci95": 0.003885203648873142,
  "clean_ssim_median": 0.988859148529373,
  "clean_ssim_q25": 0.9830180642582868,
  "clean_ssim_q75": 0.9922626057929551,
  "adv_ssim_mean": 0.7303650271930247,
  "adv_ssim_ci95": 0.05950395226734684,
  "adv_ssim_median": 0.7735189931982962,
  "adv_ssim_q25": 0.6817469256173525,
  "adv_ssim_q75": 0.8511804624084232,
  "clean_mae_mean": 0.001649874518989236,
  "clean_mae_ci95": 0.0003274790243502632,
  "clean_mae_median": 0.0013162544928491116,
  "clean_mae_q25": 0.0010123130632564425,
  "clean_mae_q75": 0.0019313973607495427,
  "adv_mae_mean": 0.04897291427187156,
  "adv_mae_ci95": 0.017998503739191138,
  "adv_mae_median": 0.03300435096025467,
  "adv_mae_q25": 0.018639810848981142,
  "adv_mae_q75": 0.05396005138754845,
  "clean_nrmse_mean": 0.005091610481484312,
  "clean_nrmse_ci95": 0.0009646927203221447,
  "clean_nrmse_median": 0.004086237897492051,
  "clean_nrmse_q25": 0.0031482121547158,
  "clean_nrmse_q75": 0.00590473430636609,
  "adv_nrmse_mean": 0.27807138063665365,
  "adv_nrmse_ci95": 0.07048690319014299,
  "adv_nrmse_median": 0.2271137565762836,
  "adv_nrmse_q25": 0.15652743468536928,
  "adv_nrmse_q75": 0.31240488390295623,
  "clean_max_err_mean": 0.10796475363895297,
  "clean_max_err_ci95": 0.028863895288489393,
  "clean_max_err_median": 0.08599047362804413,
  "clean_max_err_q25": 0.04314509034156799,
  "clean_max_err_q75": 0.1622677594423294,
  "adv_max_err_mean": 1.930916314944625,
  "adv_max_err_ci95": 0.4119586642644099,
  "adv_max_err_median": 1.6559854745864868,
  "adv_max_err_q25": 1.032476931810379,
  "adv_max_err_q75": 2.471768617630005,
  "clean_init_rel_l2_mean": 0.3665603967383504,
  "clean_init_rel_l2_ci95": 0.038403306013622636,
  "clean_init_rel_l2_median": 0.35208597779273987,
  "clean_init_rel_l2_q25": 0.3001028299331665,
  "clean_init_rel_l2_q75": 0.37695785611867905,
  "adv_init_rel_l2_mean": 1.4850320406258106,
  "adv_init_rel_l2_ci95": 0.0906295171394732,
  "adv_init_rel_l2_median": 1.4917140007019043,
  "adv_init_rel_l2_q25": 1.3580186367034912,
  "adv_init_rel_l2_q75": 1.6428987085819244,
  "init_rel_l2_ratio_mean": 4.371308572647672,
  "init_rel_l2_ratio_ci95": 0.4346186669246405,
  "init_rel_l2_ratio_median": 4.575327046683852,
  "init_rel_l2_ratio_q25": 3.73523510606231,
  "init_rel_l2_ratio_q75": 5.299061833073488,
  "clean_init_psnr_mean": 21.770101520711616,
  "clean_init_psnr_ci95": 1.150549673679535,
  "clean_init_psnr_median": 21.902652531932308,
  "clean_init_psnr_q25": 20.421128931234048,
  "clean_init_psnr_q75": 23.885292476453795,
  "adv_init_psnr_mean": 9.437587794687282,
  "adv_init_psnr_ci95": 1.341546349743189,
  "adv_init_psnr_median": 9.90046043596718,
  "adv_init_psnr_q25": 7.485331394285145,
  "adv_init_psnr_q75": 12.032560547584536,
  "clean_init_ssim_mean": 0.18507351933738528,
  "clean_init_ssim_ci95": 0.030001286716356445,
  "clean_init_ssim_median": 0.16158426217636884,
  "clean_init_ssim_q25": 0.13307457795689728,
  "clean_init_ssim_q75": 0.21259884043133606,
  "adv_init_ssim_mean": 0.037789917906466186,
  "adv_init_ssim_ci95": 0.004675530453102871,
  "adv_init_ssim_median": 0.034490263661002545,
  "adv_init_ssim_q25": 0.029515460222848615,
  "adv_init_ssim_q75": 0.04137048916475663,
  "clean_init_mae_mean": 0.040868057461921126,
  "clean_init_mae_ci95": 0.007575174640980243,
  "clean_init_mae_median": 0.035782722756266594,
  "clean_init_mae_q25": 0.02316789049655199,
  "clean_init_mae_q75": 0.04952391982078552,
  "adv_init_mae_mean": 0.17705469531938434,
  "adv_init_mae_ci95": 0.03498128377809914,
  "adv_init_mae_median": 0.14744828641414642,
  "adv_init_mae_q25": 0.1030407939106226,
  "adv_init_mae_q75": 0.22661741822957993,
  "pred_shift_rel_l2_mean": 1.0577736906707287,
  "pred_shift_rel_l2_ci95": 0.13052705734134804,
  "pred_shift_rel_l2_median": 0.9727182686328888,
  "pred_shift_rel_l2_q25": 0.7961064875125885,
  "pred_shift_rel_l2_q75": 1.2677437663078308,
  "init_shift_rel_l2_mean": 1.4402463044971228,
  "init_shift_rel_l2_ci95": 0.07774029624645798,
  "init_shift_rel_l2_median": 1.4525651931762695,
  "init_shift_rel_l2_q25": 1.3234319984912872,
  "init_shift_rel_l2_q75": 1.572746753692627,
  "delta_l2_mean": 23.485910534858704,
  "delta_l2_ci95": 4.927964665796111,
  "delta_l2_median": 18.58941078186035,
  "delta_l2_q25": 13.24535322189331,
  "delta_l2_q75": 29.286208629608154,
  "delta_linf_mean": 0.7517963154241443,
  "delta_linf_ci95": 0.1564456789222435,
  "delta_linf_median": 0.5790919661521912,
  "delta_linf_q25": 0.4591120481491089,
  "delta_linf_q75": 0.9630570411682129,
  "delta_mean_abs_mean": 0.08614339324412867,
  "delta_mean_abs_ci95": 0.01839901645060219,
  "delta_mean_abs_median": 0.0681036189198494,
  "delta_mean_abs_q25": 0.04807714372873306,
  "delta_mean_abs_q75": 0.10777660645544529,
  "delta_rel_l2_mean": 0.020000009946386725,
  "delta_rel_l2_ci95": 8.807849477723418e-10,
  "delta_rel_l2_median": 0.02000000965659917,
  "delta_rel_l2_q25": 0.02000000846800614,
  "delta_rel_l2_q75": 0.020000012195080553,
  "success_rel_l2_mean": 1.0,
  "success_rel_l2_ci95": 0.0,
  "success_rel_l2_median": 1.0,
  "success_rel_l2_q25": 1.0,
  "success_rel_l2_q75": 1.0,
  "success_mse_mean": 1.0,
  "success_mse_ci95": 0.0,
  "success_mse_median": 1.0,
  "success_mse_q25": 1.0,
  "success_mse_q75": 1.0,
  "clean_e_ran_l2_mean": 0.3242219735402614,
  "clean_e_ran_l2_ci95": 0.07613292854729811,
  "clean_e_ran_l2_median": 0.2785230726003647,
  "clean_e_ran_l2_q25": 0.18413691967725754,
  "clean_e_ran_l2_q75": 0.38782361149787903,
  "clean_e_nul_l2_mean": 0.2878236058168113,
  "clean_e_nul_l2_ci95": 0.08222089938590736,
  "clean_e_nul_l2_median": 0.22620338946580887,
  "clean_e_nul_l2_q25": 0.15773506835103035,
  "clean_e_nul_l2_q75": 0.31930628418922424,
  "clean_e_ran_frac_mean": 0.7575629867436204,
  "clean_e_ran_frac_ci95": 0.01591387461567894,
  "clean_e_ran_frac_median": 0.7664994633537143,
  "clean_e_ran_frac_q25": 0.7200112445595844,
  "clean_e_ran_frac_q75": 0.7884891497265671,
  "clean_e_nul_frac_mean": 0.6490140792712816,