{
  "num_examples": 32,
  "gt_norm_mean": 19.554032936692238,
  "gt_norm_ci95": 3.175656556464896,
  "gt_norm_median": 19.43148136138916,
  "gt_norm_q25": 13.664082050323486,
  "gt_norm_q75": 22.861806869506836,
  "clean_mse_mean": 7.191598022870949e-06,
  "clean_mse_ci95": 3.43137081539001e-06,
  "clean_mse_median": 4.195616156721371e-06,
  "clean_mse_q25": 2.0121538568673714e-06,
  "clean_mse_q75": 8.473303978462354e-06,
  "adv_mse_mean": 0.06499472788709681,
  "adv_mse_ci95": 0.04232911737228727,
  "adv_mse_median": 0.023501623421907425,
  "adv_mse_q25": 0.012604284100234509,
  "adv_mse_q75": 0.0570143461227417,
  "mse_ratio_mean": 7932.802244932049,
  "mse_ratio_ci95": 1733.8591246172575,
  "mse_ratio_median": 7821.089586209792,
  "mse_ratio_q25": 3391.0571097924544,
  "mse_ratio_q75": 12141.807800037423,
  "clean_rel_l2_mean": 0.01546810319996439,
  "clean_rel_l2_ci95": 0.0012916999011928542,
  "clean_rel_l2_median": 0.014353456906974316,
  "clean_rel_l2_q25": 0.013100125128403306,
  "clean_rel_l2_q75": 0.01639317302033305,
  "adv_rel_l2_mean": 1.2369941994547844,
  "adv_rel_l2_ci95": 0.14501369414948598,
  "adv_rel_l2_median": 1.2515661120414734,
  "adv_rel_l2_q25": 0.9346876889467239,
  "adv_rel_l2_q75": 1.4439855515956879,
  "rel_l2_ratio_mean": 83.72385022359111,
  "rel_l2_ratio_ci95": 10.695568159935851,
  "rel_l2_ratio_median": 88.43691313069198,
  "rel_l2_ratio_q25": 58.21169017256375,
  "rel_l2_ratio_q75": 110.18684858577083,
  "clean_psnr_mean": 49.30840352172508,
  "clean_psnr_ci95": 0.9636945649148527,
  "clean_psnr_median": 49.77035961716621,
  "clean_psnr_q25": 47.91948529778359,
  "clean_psnr_q75": 51.39359590515772,
  "adv_psnr_mean": 11.573007903150737,
  "adv_psnr_ci95": 1.8301895637834549,
  "adv_psnr_median": 11.206116635764182,
  "adv_psnr_q25": 8.648335812636962,
  "adv_psnr_q75": 15.777737606660212,
  "clean_ssim_mean": 0.9929406654512176,
  "clean_ssim_ci95": 0.0018159517272946272,
  "clean_ssim_median": 0.994650856449347,
  "clean_ssim_q25": 0.9920080197813352,
  "clean_ssim_q75": 0.9959100601412265,
  "adv_ssim_mean": 0.7558442792326178,
  "adv_ssim_ci95": 0.04902332319990222,
  "adv_ssim_median": 0.7969533382885081,
  "adv_ssim_q25": 0.6976605895950985,
  "adv_ssim_q75": 0.8532461143832946,
  "pred_shift_rel_l2_mean": 1.2356702331453562,
  "pred_shift_rel_l2_ci95": 0.14471298547143593,
  "pred_shift_rel_l2_median": 1.2500869035720825,
  "pred_shift_rel_l2_q25": 0.9338411688804626,
  "pred_shift_rel_l2_q75": 1.4411906898021698,
  "init_shift_rel_l2_mean": 1.4670661706477404,
  "init_shift_rel_l2_ci95": 0.08030121475582454,
  "init_shift_rel_l2_median": 1.4473508596420288,
  "init_shift_rel_l2_q25": 1.3136267960071564,
  "init_shift_rel_l2_q75": 1.5439112186431885,
  "delta_l2_mean": 23.167691200971603,
  "delta_l2_ci95": 5.16219046763882,
  "delta_l2_median": 21.0762357711792,
  "delta_l2_q25": 15.170234203338623,
  "delta_l2_q75": 25.84945249557495,
  "delta_linf_mean": 0.7087392909452319,
  "delta_linf_ci95": 0.16678363155955378,
  "delta_linf_median": 0.6314425468444824,
  "delta_linf_q25": 0.388380765914917,
  "delta_linf_q75": 0.8539204597473145,
  "delta_mean_abs_mean": 0.08493413840187714,
  "delta_mean_abs_ci95": 0.019081403306557183,
  "delta_mean_abs_median": 0.07726841047406197,
  "delta_mean_abs_q25": 0.055104504339396954,
  "delta_mean_abs_q75": 0.09492375329136848,
  "delta_rel_l2_mean": 0.02000001051929618,
  "delta_rel_l2_ci95": 1.1156811334352768e-09,
  "delta_rel_l2_median": 0.020000010037807044,
  "delta_rel_l2_q25": 0.020000008584170895,
  "delta_rel_l2_q75": 0.020000011473354232,
  "success_rel_l2_mean": 1.0,
  "success_rel_l2_ci95": 0.0,
  "success_rel_l2_median": 1.0,
  "success_rel_l2_q25": 1.0,
  "success_rel_l2_q75": 1.0,
  "success_mse_mean": 1.0,
  "success_mse_ci95": 0.0,
  "success_mse_median": 1.0,
  "success_mse_q25": 1.0,
  "success_mse_q75": 1.0,
  "clean_e_ran_l2_mean": 0.22781610931269825,
  "clean_e_ran_l2_ci95": 0.04345087102637813,
  "clean_e_ran_l2_median": 0.2057250514626503,
  "clean_e_ran_l2_q25": 0.13784443959593773,
  "clean_e_ran_l2_q75": 0.28285597264766693,
  "clean_e_nul_l2_mean": 0.19627415668219328,
  "clean_e_nul_l2_ci95": 0.03883200126939826,
  "clean_e_nul_l2_median": 0.17059458792209625,
  "clean_e_nul_l2_q25": 0.11817777343094349,
  "clean_e_nul_l2_q75": 0.24256322532892227,
  "clean_e_ran_frac_mean": 0.7586892362601407,
  "clean_e_ran_frac_ci95": 0.013541515378694694,
  "clean_e_ran_frac_median": 0.758601967469555,
  "clean_e_ran_frac_q25": 0.7366559241694648,
  "clean_e_ran_frac_q75": 0.7876159707980743,
  "clean_e_nul_frac_mean": 0.6487765674923522,
  "clean_e_nul_frac_ci95": 0.0157427903740656,
  "clean_e_nul_frac_median": 0.6515537664846485,
  "clean_e_nul_frac_q25": 0.6161299064924595,
  "clean_e_nul_frac_q75": 0.676259892837742,
  "adv_e_ran_l2_mean": 10.754167951643467,
  "adv_e_ran_l2_ci95": 2.9435228018318527,
  "adv_e_ran_l2_median": 7.619154453277588,
  "adv_e_ran_l2_q25": 6.334070444107056,
  "adv_e_ran_l2_q75": 12.49038577079773,
  "adv_e_nul_l2_mean": 23.559434592723846,
  "adv_e_nul_l2_ci95": 6.33899062183514,
  "adv_e_nul_l2_median": 17.679465293884277,
  "adv_e_nul_l2_q25": 12.95222544670105,
  "adv_e_nul_l2_q75": 27.80347776412964,
  "adv_e_ran_frac_mean": 0.4245864420157824,
  "adv_e_ran_frac_ci95": 0.026637346181488025,
  "adv_e_ran_frac_median": 0.43267680876855974,
  "adv_e_ran_frac_q25": 0.3733068352682499,
  "adv_e_ran_frac_q75": 0.46712531978804206,
  "adv_e_nul_frac_mean": 0.9012952467968973,
  "adv_e_nul_frac_ci95": 0.01437566674312516,
  "adv_e_nul_frac_median": 0.9015268260441047,
  "adv_e_nul_frac_q25": 0.8841906409077398,
  "adv_e_nul_frac_q75": 0.9277003961814851,
  "attack_runtime_total_sec": 58.009068977087736,
  "attack_runtime_per_example_sec": 1.8127834055339918,
  "model_name": "resnet",
  "attack_name": "adam",
  "norm": "l2",
  "eps": 0.02,
  "eps_actual": 25.538500640136718,
  "eps_budget_mode": "per_sample_l2",
  "attack_init_mode": "exact",
  "eval_init_mode": "exact"
}