{
  "num_examples": 32,
  "gt_norm_mean": 19.554032936692238,
  "gt_norm_ci95": 3.175656556464896,
  "gt_norm_median": 19.43148136138916,
  "gt_norm_q25": 13.664082050323486,
  "gt_norm_q75": 22.861806869506836,
  "clean_mse_mean": 0.00625221734162551,
  "clean_mse_ci95": 0.002343699229532902,
  "clean_mse_median": 0.004796583671122789,
  "clean_mse_q25": 0.002446916711051017,
  "clean_mse_q75": 0.007639780407771468,
  "adv_mse_mean": 0.0375300925297779,
  "adv_mse_ci95": 0.019324853076119364,
  "adv_mse_median": 0.020266840234398842,
  "adv_mse_q25": 0.012628705007955432,
  "adv_mse_q75": 0.033161792904138565,
  "mse_ratio_mean": 6.151369854592395,
  "mse_ratio_ci95": 1.472654298290775,
  "mse_ratio_median": 4.400102297170271,
  "mse_ratio_q25": 3.7769315824330785,
  "mse_ratio_q75": 6.739656172323347,
  "clean_rel_l2_mean": 0.4527448872104287,
  "clean_rel_l2_ci95": 0.033662529492583075,
  "clean_rel_l2_median": 0.47681303322315216,
  "clean_rel_l2_q25": 0.39657796174287796,
  "clean_rel_l2_q75": 0.505777046084404,
  "adv_rel_l2_mean": 1.0275520868599415,
  "adv_rel_l2_ci95": 0.07122636444810862,
  "adv_rel_l2_median": 1.0222177505493164,
  "adv_rel_l2_q25": 0.8945148438215256,
  "adv_rel_l2_q75": 1.1159256398677826,
  "rel_l2_ratio_mean": 2.3738160249468647,
  "rel_l2_ratio_ci95": 0.25296158500901256,
  "rel_l2_ratio_median": 2.0976045556378127,
  "rel_l2_ratio_q25": 1.943382307959942,
  "rel_l2_ratio_q75": 2.595352421388625,
  "clean_psnr_mean": 20.00492661661705,
  "clean_psnr_ci95": 1.088123313613076,
  "clean_psnr_median": 20.211312118627866,
  "clean_psnr_q25": 18.26064963921863,
  "clean_psnr_q75": 21.929352073111964,
  "adv_psnr_mean": 12.829705222173319,
  "adv_psnr_ci95": 1.3617076293668942,
  "adv_psnr_median": 13.407813425689891,
  "adv_psnr_q25": 10.589052423780503,
  "adv_psnr_q75": 15.80203717190785,
  "clean_ssim_mean": 0.1853855925293058,
  "clean_ssim_ci95": 0.0185132567263006,
  "clean_ssim_median": 0.17790832441938706,
  "clean_ssim_q25": 0.16105561997119147,
  "clean_ssim_q75": 0.20851218808374877,
  "adv_ssim_mean": 0.10032752440577009,
  "adv_ssim_ci95": 0.017757994467588654,
  "adv_ssim_median": 0.10065435685220375,
  "adv_ssim_q25": 0.05961466046261269,
  "adv_ssim_q75": 0.12629607741192966,
  "pred_shift_rel_l2_mean": 1.1150883808732033,
  "pred_shift_rel_l2_ci95": 0.10025101288172389,
  "pred_shift_rel_l2_median": 1.1016799807548523,
  "pred_shift_rel_l2_q25": 0.9150617122650146,
  "pred_shift_rel_l2_q75": 1.2568334937095642,
  "init_shift_rel_l2_mean": 0.08151732792612165,
  "init_shift_rel_l2_ci95": 0.004878928700354838,
  "init_shift_rel_l2_median": 0.07849953323602676,
  "init_shift_rel_l2_q25": 0.07202131487429142,
  "init_shift_rel_l2_q75": 0.09012377448379993,
  "delta_l2_mean": 23.16769129037857,
  "delta_l2_ci95": 5.162190690702234,
  "delta_l2_median": 21.076233863830566,
  "delta_l2_q25": 15.17023491859436,
  "delta_l2_q75": 25.84945297241211,
  "delta_linf_mean": 0.44253854267299175,
  "delta_linf_ci95": 0.09073104109677185,
  "delta_linf_median": 0.38804593682289124,
  "delta_linf_q25": 0.3076174929738045,
  "delta_linf_q75": 0.4947884902358055,
  "delta_mean_abs_mean": 0.08550058701075613,
  "delta_mean_abs_ci95": 0.01936511547110049,
  "delta_mean_abs_median": 0.07750420644879341,
  "delta_mean_abs_q25": 0.05508997570723295,
  "delta_mean_abs_q75": 0.0952225774526596,
  "delta_rel_l2_mean": 0.020000010531780264,
  "delta_rel_l2_ci95": 1.0761108505707027e-09,
  "delta_rel_l2_median": 0.020000009646359257,
  "delta_rel_l2_q25": 0.02000000926644562,
  "delta_rel_l2_q75": 0.02000001133657741,
  "success_rel_l2_mean": 1.0,
  "success_rel_l2_ci95": 0.0,
  "success_rel_l2_median": 1.0,
  "success_rel_l2_q25": 1.0,
  "success_rel_l2_q75": 1.0,
  "success_mse_mean": 1.0,
  "success_mse_ci95": 0.0,
  "success_mse_median": 1.0,
  "success_mse_q25": 1.0,
  "success_mse_q75": 1.0,
  "clean_e_ran_l2_mean": 9.003265250474215,
  "clean_e_ran_l2_ci95": 1.6267428034847022,
  "clean_e_ran_l2_median": 8.86169147491455,
  "clean_e_ran_l2_q25": 6.328351855278015,
  "clean_e_ran_l2_q75": 11.182336330413818,
  "clean_e_nul_l2_mean": 0.1404148784931749,
  "clean_e_nul_l2_ci95": 0.02060681905031728,
  "clean_e_nul_l2_median": 0.13802596181631088,
  "clean_e_nul_l2_q25": 0.09527385234832764,
  "clean_e_nul_l2_q75": 0.18846970796585083,
  "clean_e_ran_frac_mean": 0.9998057178276969,
  "clean_e_ran_frac_ci95": 8.906641631256154e-05,
  "clean_e_ran_frac_median": 0.9998848297198222,
  "clean_e_ran_frac_q25": 0.9998347813222227,
  "clean_e_ran_frac_q75": 0.9999201573525427,
  "clean_e_nul_frac_mean": 0.017763479625379462,
  "clean_e_nul_frac_ci95": 0.0030055097963264756,
  "clean_e_nul_frac_median": 0.015171436953999874,
  "clean_e_nul_frac_q25": 0.012631723006693841,
  "clean_e_nul_frac_q75": 0.018174202085779294,
  "adv_e_ran_l2_mean": 9.110566597431898,
  "adv_e_ran_l2_ci95": 1.6453569404348904,
  "adv_e_ran_l2_median": 8.932405471801758,
  "adv_e_ran_l2_q25": 6.451993107795715,
  "adv_e_ran_l2_q75": 11.260600328445435,
  "adv_e_nul_l2_mean": 18.8112795650959,
  "adv_e_nul_l2_ci95": 4.399350946714725,
  "adv_e_nul_l2_median": 16.697505950927734,
  "adv_e_nul_l2_q25": 11.943888425827026,
  "adv_e_nul_l2_q75": 21.201990604400635,
  "adv_e_ran_frac_mean": 0.4571160149292858,
  "adv_e_ran_frac_ci95": 0.03697091676417324,
  "adv_e_ran_frac_median": 0.4796714412936495,
  "adv_e_ran_frac_q25": 0.39132897211477163,
  "adv_e_ran_frac_q75": 0.5197881753423252,
  "adv_e_nul_frac_mean": 0.8816161236733779,
  "adv_e_nul_frac_ci95": 0.018521106704846003,
  "adv_e_nul_frac_median": 0.8774461247901887,
  "adv_e_nul_frac_q25": 0.8542801405009761,
  "adv_e_nul_frac_q75": 0.9202126878726611,
  "attack_runtime_total_sec": 73.88859863579273,
  "attack_runtime_per_example_sec": 2.309018707368523,
  "model_name": "nsn",
  "attack_name": "adam",
  "norm": "l2",
  "eps": 0.02,
  "eps_actual": 25.538500640136718,
  "eps_budget_mode": "per_sample_l2",
  "attack_init_mode": "exact",
  "eval_init_mode": "exact"
}