{
  "num_examples": 32,
  "gt_norm_mean": 19.554032936692238,
  "gt_norm_ci95": 3.175656556464896,
  "gt_norm_median": 19.43148136138916,
  "gt_norm_q25": 13.664082050323486,
  "gt_norm_q75": 22.861806869506836,
  "clean_mse_mean": 0.00026567452528070135,
  "clean_mse_ci95": 6.432926170533863e-05,
  "clean_mse_median": 0.0002584782778285444,
  "clean_mse_q25": 0.00010624203423503786,
  "clean_mse_q75": 0.00033532691304571927,
  "adv_mse_mean": 0.04666924661069061,
  "adv_mse_ci95": 0.027865156468671184,
  "adv_mse_median": 0.02030124608427286,
  "adv_mse_q25": 0.012302994262427092,
  "adv_mse_q75": 0.03900930471718311,
  "mse_ratio_mean": 138.85128130964665,
  "mse_ratio_ci95": 40.26068265964237,
  "mse_ratio_median": 97.12149257053093,
  "mse_ratio_q25": 55.81499007013814,
  "mse_ratio_q75": 174.50761331708958,
  "clean_rel_l2_mean": 0.10566292330622673,
  "clean_rel_l2_ci95": 0.006199647105670782,
  "clean_rel_l2_median": 0.104661975055933,
  "clean_rel_l2_q25": 0.09610028564929962,
  "clean_rel_l2_q75": 0.11224446073174477,
  "adv_rel_l2_mean": 1.0894709462299943,
  "adv_rel_l2_ci95": 0.11017900590563644,
  "adv_rel_l2_median": 0.9945152997970581,
  "adv_rel_l2_q25": 0.8764199316501617,
  "adv_rel_l2_q75": 1.3289786875247955,
  "rel_l2_ratio_mean": 10.908605480483443,
  "rel_l2_ratio_ci95": 1.5685378733268867,
  "rel_l2_ratio_median": 9.855006071022803,
  "rel_l2_ratio_q25": 7.470930624404845,
  "rel_l2_ratio_q75": 13.194126489292806,
  "clean_psnr_mean": 32.525919010126216,
  "clean_psnr_ci95": 0.5163817660070772,
  "clean_psnr_median": 32.612159844657945,
  "clean_psnr_q25": 31.690702323403492,
  "clean_psnr_q75": 33.81583856855497,
  "adv_psnr_mean": 12.52640638922255,
  "adv_psnr_ci95": 1.63766473382986,
  "adv_psnr_median": 13.85984511197314,
  "adv_psnr_q25": 9.566959630865316,
  "adv_psnr_q75": 16.22798141893653,
  "clean_ssim_mean": 0.8976910951445387,
  "clean_ssim_ci95": 0.018496159420789866,
  "clean_ssim_median": 0.9057646284276082,
  "clean_ssim_q25": 0.88879670807757,
  "clean_ssim_q75": 0.9352546233199642,
  "adv_ssim_mean": 0.2582964073258991,
  "adv_ssim_ci95": 0.04512743645601235,
  "adv_ssim_median": 0.25365632945960237,
  "adv_ssim_q25": 0.15761055424114423,
  "adv_ssim_q75": 0.3202924900332425,
  "pred_shift_rel_l2_mean": 1.0962478090077639,
  "pred_shift_rel_l2_ci95": 0.11162545396188973,
  "pred_shift_rel_l2_median": 1.0073367059230804,
  "pred_shift_rel_l2_q25": 0.8809196501970291,
  "pred_shift_rel_l2_q75": 1.3379952013492584,
  "init_shift_rel_l2_mean": 0.08147578395437449,
  "init_shift_rel_l2_ci95": 0.004810552866640856,
  "init_shift_rel_l2_median": 0.07777674496173859,
  "init_shift_rel_l2_q25": 0.07253853231668472,
  "init_shift_rel_l2_q75": 0.08933711424469948,
  "delta_l2_mean": 23.167691260576248,
  "delta_l2_ci95": 5.162190713705038,
  "delta_l2_median": 21.0762357711792,
  "delta_l2_q25": 15.17023491859436,
  "delta_l2_q75": 25.849452018737793,
  "delta_linf_mean": 0.4480156791396439,
  "delta_linf_ci95": 0.10240969507581513,
  "delta_linf_median": 0.425168514251709,
  "delta_linf_q25": 0.2746483385562897,
  "delta_linf_q75": 0.4964107573032379,
  "delta_mean_abs_mean": 0.08514913730323315,
  "delta_mean_abs_ci95": 0.01917500306293733,
  "delta_mean_abs_median": 0.07833446562290192,
  "delta_mean_abs_q25": 0.05564967915415764,
  "delta_mean_abs_q75": 0.09543693251907825,
  "delta_rel_l2_mean": 0.02000001049804158,
  "delta_rel_l2_ci95": 1.0785839651679886e-09,
  "delta_rel_l2_median": 0.02000000949481049,
  "delta_rel_l2_q25": 0.02000000907147365,
  "delta_rel_l2_q75": 0.020000011538641168,
  "success_rel_l2_mean": 1.0,
  "success_rel_l2_ci95": 0.0,
  "success_rel_l2_median": 1.0,
  "success_rel_l2_q25": 1.0,
  "success_rel_l2_q75": 1.0,
  "success_mse_mean": 1.0,
  "success_mse_ci95": 0.0,
  "success_mse_median": 1.0,
  "success_mse_q25": 1.0,
  "success_mse_q75": 1.0,
  "clean_e_ran_l2_mean": 1.4532191734761,
  "clean_e_ran_l2_ci95": 0.2000973269966429,
  "clean_e_ran_l2_median": 1.5127142071723938,
  "clean_e_ran_l2_q25": 0.9548222720623016,
  "clean_e_ran_l2_q75": 1.6509729623794556,
  "clean_e_nul_l2_mean": 1.3124435804784298,
  "clean_e_nul_l2_ci95": 0.1555943799234541,
  "clean_e_nul_l2_median": 1.3449245691299438,
  "clean_e_nul_l2_q25": 0.9415098428726196,
  "clean_e_nul_l2_q75": 1.6041132807731628,
  "clean_e_ran_frac_mean": 0.7341794180506468,
  "clean_e_ran_frac_ci95": 0.01818112314797396,
  "clean_e_ran_frac_median": 0.7339697694740155,
  "clean_e_ran_frac_q25": 0.7062641252842922,
  "clean_e_ran_frac_q75": 0.7637990415918998,
  "clean_e_nul_frac_mean": 0.6747174634543467,
  "clean_e_nul_frac_ci95": 0.0195034238284467,
  "clean_e_nul_frac_median": 0.6791810629424655,
  "clean_e_nul_frac_q25": 0.6454536987692115,
  "clean_e_nul_frac_q75": 0.7079457634274284,
  "adv_e_ran_l2_mean": 14.390706028789282,
  "adv_e_ran_l2_ci95": 3.8156977152882785,
  "adv_e_ran_l2_median": 11.22582197189331,
  "adv_e_ran_l2_q25": 8.985661506652832,
  "adv_e_ran_l2_q75": 18.58855152130127,
  "adv_e_nul_l2_mean": 17.32356569170952,
  "adv_e_nul_l2_ci95": 4.164362097626007,
  "adv_e_nul_l2_median": 14.51298189163208,
  "adv_e_nul_l2_q25": 11.010890245437622,
  "adv_e_nul_l2_q75": 18.72115421295166,
  "adv_e_ran_frac_mean": 0.6211543535097548,
  "adv_e_ran_frac_ci95": 0.02164954571167193,
  "adv_e_ran_frac_median": 0.6245212556879551,
  "adv_e_ran_frac_q25": 0.5908845615935379,
  "adv_e_ran_frac_q75": 0.6514544756521934,
  "adv_e_nul_frac_mean": 0.779742638511525,
  "adv_e_nul_frac_ci95": 0.017197213415548047,
  "adv_e_nul_frac_median": 0.7809878077726544,
  "adv_e_nul_frac_q25": 0.758651098374669,
  "adv_e_nul_frac_q75": 0.8067216558088295,
  "attack_runtime_total_sec": 275.6076267287135,
  "attack_runtime_per_example_sec": 8.612738335272297,
  "model_name": "nsn",
  "attack_name": "adam",
  "norm": "l2",
  "eps": 0.02,
  "eps_actual": 25.538500640136718,
  "eps_budget_mode": "per_sample_l2",
  "attack_init_mode": "exact",
  "eval_init_mode": "exact"
}