{
  "num_examples": 32,
  "gt_norm_mean": 19.554032936692238,
  "gt_norm_ci95": 3.175656556464896,
  "gt_norm_median": 19.43148136138916,
  "gt_norm_q25": 13.664082050323486,
  "gt_norm_q75": 22.861806869506836,
  "clean_mse_mean": 0.00026445050684742455,
  "clean_mse_ci95": 6.356442169143319e-05,
  "clean_mse_median": 0.00025715997617226094,
  "clean_mse_q25": 0.00010551254672463983,
  "clean_mse_q75": 0.00033409633761039004,
  "adv_mse_mean": 0.03988068112448673,
  "adv_mse_ci95": 0.026918138215961507,
  "adv_mse_median": 0.014125154353678226,
  "adv_mse_q25": 0.008578516426496208,
  "adv_mse_q75": 0.025496196933090687,
  "mse_ratio_mean": 109.9261697160221,
  "mse_ratio_ci95": 37.509919890847534,
  "mse_ratio_median": 71.30973823592493,
  "mse_ratio_q25": 43.73209918149163,
  "mse_ratio_q75": 118.45420376431048,
  "clean_rel_l2_mean": 0.10566540830768645,
  "clean_rel_l2_ci95": 0.00612752949188252,
  "clean_rel_l2_median": 0.10447508096694946,
  "clean_rel_l2_q25": 0.09630278125405312,
  "clean_rel_l2_q75": 0.1120400670915842,
  "adv_rel_l2_mean": 0.9674109239131212,
  "adv_rel_l2_ci95": 0.10301937860587301,
  "adv_rel_l2_median": 0.8908083140850067,
  "adv_rel_l2_q25": 0.7251940965652466,
  "adv_rel_l2_q75": 1.131682813167572,
  "rel_l2_ratio_mean": 9.626756864611604,
  "rel_l2_ratio_ci95": 1.462148220826505,
  "rel_l2_ratio_median": 8.444198581095254,
  "rel_l2_ratio_q25": 6.612138091992041,
  "rel_l2_ratio_q75": 10.883654367154975,
  "clean_psnr_mean": 32.52383930250875,
  "clean_psnr_ci95": 0.518211344130933,
  "clean_psnr_median": 32.62140900813701,
  "clean_psnr_q25": 31.648503717073737,
  "clean_psnr_q75": 33.824843651096444,
  "adv_psnr_mean": 13.544755066616759,
  "adv_psnr_ci95": 1.5693732644587761,
  "adv_psnr_median": 15.056955974950604,
  "adv_psnr_q25": 11.149431900417824,
  "adv_psnr_q75": 17.09678267731729,
  "clean_ssim_mean": 0.896095197126876,
  "clean_ssim_ci95": 0.01929196796449886,
  "clean_ssim_median": 0.9055180053315002,
  "clean_ssim_q25": 0.886603267546872,
  "clean_ssim_q75": 0.9361248314119407,
  "adv_ssim_mean": 0.2593264402526677,
  "adv_ssim_ci95": 0.03626488761496362,
  "adv_ssim_median": 0.28158511487229604,
  "adv_ssim_q25": 0.1877786853833205,
  "adv_ssim_q75": 0.3215263135042146,
  "pred_shift_rel_l2_mean": 0.9715334251523018,
  "pred_shift_rel_l2_ci95": 0.10415564620146822,
  "pred_shift_rel_l2_median": 0.8954142928123474,
  "pred_shift_rel_l2_q25": 0.7244345098733902,
  "pred_shift_rel_l2_q75": 1.140630841255188,
  "init_shift_rel_l2_mean": 0.08239225659053773,
  "init_shift_rel_l2_ci95": 0.004883022899421151,
  "init_shift_rel_l2_median": 0.07893068715929985,
  "init_shift_rel_l2_q25": 0.07347569055855274,
  "init_shift_rel_l2_q75": 0.09069158881902695,
  "delta_l2_mean": 23.16769130527973,
  "delta_l2_ci95": 5.16219047398394,
  "delta_l2_median": 21.076234817504883,
  "delta_l2_q25": 15.170236110687256,
  "delta_l2_q75": 25.849453926086426,
  "delta_linf_mean": 0.4306383761577308,
  "delta_linf_ci95": 0.08445090566841028,
  "delta_linf_median": 0.393357589840889,
  "delta_linf_q25": 0.28615158796310425,
  "delta_linf_q75": 0.5115051716566086,
  "delta_mean_abs_mean": 0.08586560137337074,
  "delta_mean_abs_ci95": 0.019500266049075947,
  "delta_mean_abs_median": 0.07887536287307739,
  "delta_mean_abs_q25": 0.05500582046806812,
  "delta_mean_abs_q75": 0.0958167016506195,
  "delta_rel_l2_mean": 0.020000010631515817,
  "delta_rel_l2_ci95": 1.0345256348757885e-09,
  "delta_rel_l2_median": 0.020000009864834474,
  "delta_rel_l2_q25": 0.020000009170509286,
  "delta_rel_l2_q75": 0.02000001188387339,
  "success_rel_l2_mean": 1.0,
  "success_rel_l2_ci95": 0.0,
  "success_rel_l2_median": 1.0,
  "success_rel_l2_q25": 1.0,
  "success_rel_l2_q75": 1.0,
  "success_mse_mean": 1.0,
  "success_mse_ci95": 0.0,
  "success_mse_median": 1.0,
  "success_mse_q25": 1.0,
  "success_mse_q75": 1.0,
  "clean_e_ran_l2_mean": 1.4460620451718569,
  "clean_e_ran_l2_ci95": 0.19823760088211823,
  "clean_e_ran_l2_median": 1.503426432609558,
  "clean_e_ran_l2_q25": 0.948512464761734,
  "clean_e_ran_l2_q75": 1.6380369067192078,
  "clean_e_nul_l2_mean": 1.3163206223398447,
  "clean_e_nul_l2_ci95": 0.15418718969184525,
  "clean_e_nul_l2_median": 1.3473610281944275,
  "clean_e_nul_l2_q25": 0.9407127499580383,
  "clean_e_nul_l2_q75": 1.594138503074646,
  "clean_e_ran_frac_mean": 0.7313071603672179,
  "clean_e_ran_frac_ci95": 0.018661179919279715,
  "clean_e_ran_frac_median": 0.7299274171969863,
  "clean_e_ran_frac_q25": 0.7030144301159762,
  "clean_e_ran_frac_q75": 0.7613703229057314,
  "clean_e_nul_frac_mean": 0.6776525043292396,
  "clean_e_nul_frac_ci95": 0.01980999050623247,
  "clean_e_nul_frac_median": 0.6835176667898522,
  "clean_e_nul_frac_q25": 0.6483171812554095,
  "clean_e_nul_frac_q75": 0.7111753636163098,
  "adv_e_ran_l2_mean": 12.716773107647896,
  "adv_e_ran_l2_ci95": 4.012165206460197,
  "adv_e_ran_l2_median": 9.324856758117676,
  "adv_e_ran_l2_q25": 7.241668462753296,
  "adv_e_ran_l2_q75": 14.381898641586304,
  "adv_e_nul_l2_mean": 15.521617986261845,
  "adv_e_nul_l2_ci95": 3.870189678107463,
  "adv_e_nul_l2_median": 12.137292385101318,
  "adv_e_nul_l2_q25": 9.462684154510498,
  "adv_e_nul_l2_q75": 16.55821132659912,
  "adv_e_ran_frac_mean": 0.6043686246872,
  "adv_e_ran_frac_ci95": 0.030311931102541715,
  "adv_e_ran_frac_median": 0.6093218993080629,
  "adv_e_ran_frac_q25": 0.5640454869942444,
  "adv_e_ran_frac_q75": 0.6581859044457496,
  "adv_e_nul_frac_mean": 0.7895577166331789,
  "adv_e_nul_frac_ci95": 0.02204818729171398,
  "adv_e_nul_frac_median": 0.7929228974168114,
  "adv_e_nul_frac_q25": 0.7528440100389799,
  "adv_e_nul_frac_q75": 0.8257353967857832,
  "attack_runtime_total_sec": 3985.8136032149196,
  "attack_runtime_per_example_sec": 124.55667510046624,
  "model_name": "nsn",
  "attack_name": "adam",
  "norm": "l2",
  "eps": 0.02,
  "eps_actual": 25.538500640136718,
  "eps_budget_mode": "per_sample_l2",
  "attack_init_mode": "exact",
  "eval_init_mode": "exact"
}