{
  "num_examples": 32,
  "gt_norm_mean": 27.580802619457245,
  "gt_norm_ci95": 2.1336641054187684,
  "gt_norm_median": 26.626888275146484,
  "clean_mse_mean": 0.0027865669635502854,
  "clean_mse_ci95": 0.0007161234140830824,
  "clean_mse_median": 0.00198779022321105,
  "adv_mse_mean": 4.255445405840874,
  "adv_mse_ci95": 0.01555246577483124,
  "adv_mse_median": 4.256213903427124,
  "mse_ratio_mean": 2300.388632680072,
  "mse_ratio_ci95": 461.1856537492414,
  "mse_ratio_median": 2130.231078571205,
  "clean_rel_l2_mean": 0.22601599199697375,
  "clean_rel_l2_ci95": 0.009560788977181005,
  "clean_rel_l2_median": 0.2178731933236122,
  "adv_rel_l2_mean": 10.010883241891861,
  "adv_rel_l2_ci95": 0.7173021751865484,
  "adv_rel_l2_median": 9.891447067260742,
  "rel_l2_ratio_mean": 45.885201002114485,
  "rel_l2_ratio_ci95": 4.914987369771674,
  "rel_l2_ratio_median": 46.153111336704114,
  "clean_psnr_mean": 26.510726791390294,
  "clean_psnr_ci95": 0.9954974718156355,
  "clean_psnr_median": 27.016421069071733,
  "adv_psnr_mean": -6.289217308880652,
  "adv_psnr_ci95": 0.01581734496968148,
  "adv_psnr_median": -6.2902342117703824,
  "clean_ssim_mean": 0.3432713319762301,
  "clean_ssim_ci95": 0.03860172798208318,
  "clean_ssim_median": 0.3443001187987149,
  "adv_ssim_mean": 0.0088378024343518,
  "adv_ssim_ci95": 0.0010598082477088204,
  "adv_ssim_median": 0.008626071233094982,
  "pred_shift_rel_l2_mean": 9.656732574105263,
  "pred_shift_rel_l2_ci95": 0.72258299437315,
  "pred_shift_rel_l2_median": 9.579113006591797,
  "init_shift_rel_l2_mean": 9.95680744946003,
  "init_shift_rel_l2_ci95": 0.785666442798086,
  "init_shift_rel_l2_median": 9.948577404022217,
  "delta_l2_mean": 153.83734035491943,
  "delta_l2_ci95": 1.300232270750899e-06,
  "delta_l2_median": 153.83734130859375,
  "delta_linf_mean": 3.2508209869265556,
  "delta_linf_ci95": 0.11759432623241571,
  "delta_linf_median": 3.2225340604782104,
  "delta_mean_abs_mean": 0.6005008816719055,
  "delta_mean_abs_ci95": 0.00033906877739173246,
  "delta_mean_abs_median": 0.6006928384304047,
  "delta_rel_l2_mean": 0.11006484984856627,
  "delta_rel_l2_ci95": 0.011931524703142701,
  "delta_rel_l2_median": 0.10766584099049867,
  "success_rel_l2_mean": 1.0,
  "success_rel_l2_ci95": 0.0,
  "success_rel_l2_median": 1.0,
  "success_mse_mean": 1.0,
  "success_mse_ci95": 0.0,
  "success_mse_median": 1.0,
  "clean_e_ran_l2_mean": 6.38833761960268,
  "clean_e_ran_l2_ci95": 0.7746328407655684,
  "clean_e_ran_l2_median": 5.7066850662231445,
  "clean_e_nul_l2_mean": 0.040588701667729765,
  "clean_e_nul_l2_ci95": 0.007243109474321901,
  "clean_e_nul_l2_median": 0.03725036419928074,
  "clean_e_ran_frac_mean": 0.9999760273035279,
  "clean_e_ran_frac_ci95": 8.148847246243692e-06,
  "clean_e_ran_frac_median": 0.9999835546175612,
  "clean_e_nul_frac_mean": 0.0065213386275739995,
  "clean_e_nul_frac_ci95": 0.0008188765853026245,
  "clean_e_nul_frac_median": 0.005735572440919436,
  "adv_e_ran_l2_mean": 263.97335052490234,
  "adv_e_ran_l2_ci95": 0.48309568657929863,
  "adv_e_ran_l2_median": 264.01043701171875,
  "adv_e_nul_l2_mean": 6.025320790708065,
  "adv_e_nul_l2_ci95": 0.3693318998827785,
  "adv_e_nul_l2_median": 6.238608360290527,
  "adv_e_ran_frac_mean": 0.9997315418557041,
  "adv_e_ran_frac_ci95": 2.9490311417996277e-05,
  "adv_e_ran_frac_median": 0.9997217077649284,
  "adv_e_nul_frac_mean": 0.02282344326034784,
  "adv_e_nul_frac_ci95": 0.0014046710867756116,
  "adv_e_nul_frac_median": 0.023591581277634787,
  "attack_runtime_total_sec": 64.62021814659238,
  "attack_runtime_per_example_sec": 2.019381817081012,
  "model_name": "nsn",
  "attack_name": "adam",
  "norm": "l2",
  "eps": 0.1,
  "eps_actual": 153.83734005615236,
  "attack_init_mode": "exact",
  "eval_init_mode": "exact"
}