{
  "num_examples": 32,
  "gt_norm_mean": 19.554032936692238,
  "gt_norm_ci95": 3.175656556464896,
  "gt_norm_median": 19.43148136138916,
  "gt_norm_q25": 13.664082050323486,
  "gt_norm_q75": 22.861806869506836,
  "clean_mse_mean": 8.422457089096724e-06,
  "clean_mse_ci95": 3.195370046243803e-06,
  "clean_mse_median": 5.841542133566691e-06,
  "clean_mse_q25": 3.480098598629411e-06,
  "clean_mse_q75": 1.0954600156765082e-05,
  "adv_mse_mean": 2.9147798344492912,
  "adv_mse_ci95": 0.6981362192871344,
  "adv_mse_median": 2.7931119203567505,
  "adv_mse_q25": 1.4165507555007935,
  "adv_mse_q75": 4.019775032997131,
  "mse_ratio_mean": 436166.4638247504,
  "mse_ratio_ci95": 76557.02069333888,
  "mse_ratio_median": 475564.7043448236,
  "mse_ratio_q25": 266797.806070913,
  "mse_ratio_q75": 598646.0738746542,
  "clean_rel_l2_mean": 0.017971089255297557,
  "clean_rel_l2_ci95": 0.0016501597818108968,
  "clean_rel_l2_median": 0.016334320418536663,
  "clean_rel_l2_q25": 0.015123863704502583,
  "clean_rel_l2_q75": 0.01959540555253625,
  "adv_rel_l2_mean": 10.708608984947205,
  "adv_rel_l2_ci95": 0.5823748225823009,
  "adv_rel_l2_median": 10.81739854812622,
  "adv_rel_l2_q25": 10.129008531570435,
  "adv_rel_l2_q75": 11.807612657546997,
  "rel_l2_ratio_mean": 635.3356435636186,
  "rel_l2_ratio_ci95": 63.476924792553255,
  "rel_l2_ratio_median": 689.5771465599819,
  "rel_l2_ratio_q25": 516.5079728617152,
  "rel_l2_ratio_q75": 773.5375599312213,
  "clean_psnr_mean": 48.051602871226734,
  "clean_psnr_ci95": 0.8774458061731301,
  "clean_psnr_median": 48.30300034204593,
  "clean_psnr_q25": 46.89520480224018,
  "clean_psnr_q75": 49.983702607982956,
  "adv_psnr_mean": -7.582560713469414,
  "adv_psnr_ci95": 0.949303688462844,
  "adv_psnr_median": -7.402911200243489,
  "adv_psnr_q25": -9.390386550240137,
  "adv_psnr_q75": -5.867134035451448,
  "clean_ssim_mean": 0.992745975033575,
  "clean_ssim_ci95": 0.0011252951056759783,
  "clean_ssim_median": 0.993777773357293,
  "clean_ssim_q25": 0.9915607390273037,
  "clean_ssim_q75": 0.9947016132513431,
  "adv_ssim_mean": 0.38226544854311284,
  "adv_ssim_ci95": 0.04066961455066506,
  "adv_ssim_median": 0.39337897055726795,
  "adv_ssim_q25": 0.31118110259265414,
  "adv_ssim_q75": 0.480568324225784,
  "pred_shift_rel_l2_mean": 10.622218653559685,
  "pred_shift_rel_l2_ci95": 0.580370120617165,
  "pred_shift_rel_l2_median": 10.7249436378479,
  "pred_shift_rel_l2_q25": 10.071361303329468,
  "pred_shift_rel_l2_q75": 11.737197399139404,
  "init_shift_rel_l2_mean": 0.7554149087518454,
  "init_shift_rel_l2_ci95": 0.04706098045730884,
  "init_shift_rel_l2_median": 0.7428695559501648,
  "init_shift_rel_l2_q25": 0.6773214191198349,
  "init_shift_rel_l2_q75": 0.798000380396843,
  "delta_l2_mean": 203.24283146858215,
  "delta_l2_ci95": 28.77636800101336,
  "delta_l2_median": 210.7623519897461,
  "delta_l2_q25": 151.70235061645508,
  "delta_l2_q75": 258.4945373535156,
  "delta_linf_mean": 3.5802432410418987,
  "delta_linf_ci95": 0.5390553463240905,
  "delta_linf_median": 3.6126431226730347,
  "delta_linf_q25": 2.5447217226028442,
  "delta_linf_q75": 4.533898234367371,
  "delta_mean_abs_mean": 0.7728202077560127,
  "delta_mean_abs_ci95": 0.10825467168834658,
  "delta_mean_abs_median": 0.7915829122066498,
  "delta_mean_abs_q25": 0.5834927409887314,
  "delta_mean_abs_q75": 0.9756243377923965,
  "delta_rel_l2_mean": 0.19013882403071458,
  "delta_rel_l2_ci95": 0.008977794579768394,
  "delta_rel_l2_median": 0.2000001047717627,
  "delta_rel_l2_q25": 0.20000008685227624,
  "delta_rel_l2_q75": 0.20000012521682523,
  "success_rel_l2_mean": 1.0,
  "success_rel_l2_ci95": 0.0,
  "success_rel_l2_median": 1.0,
  "success_rel_l2_q25": 1.0,
  "success_rel_l2_q75": 1.0,
  "success_mse_mean": 1.0,
  "success_mse_ci95": 0.0,
  "success_mse_median": 1.0,
  "success_mse_q25": 1.0,
  "success_mse_q75": 1.0,
  "clean_e_ran_l2_mean": 0.2712310466449708,
  "clean_e_ran_l2_ci95": 0.050214496059212466,
  "clean_e_ran_l2_median": 0.2493056058883667,
  "clean_e_ran_l2_q25": 0.16839110851287842,
  "clean_e_ran_l2_q75": 0.32365043461322784,
  "clean_e_nul_l2_mean": 0.19658541167154908,
  "clean_e_nul_l2_ci95": 0.02595006153092742,
  "clean_e_nul_l2_median": 0.1842409074306488,
  "clean_e_nul_l2_q25": 0.13464396446943283,
  "clean_e_nul_l2_q75": 0.2681182399392128,
  "clean_e_ran_frac_mean": 0.7934872270380564,
  "clean_e_ran_frac_ci95": 0.02166196453770471,
  "clean_e_ran_frac_median": 0.7953634276867132,
  "clean_e_ran_frac_q25": 0.7593591619412968,
  "clean_e_ran_frac_q75": 0.8199675651065922,
  "clean_e_nul_frac_mean": 0.5996687364723915,
  "clean_e_nul_frac_ci95": 0.02942920103864438,
  "clean_e_nul_frac_median": 0.6061265248497905,
  "clean_e_nul_frac_q25": 0.5722879420885181,
  "clean_e_nul_frac_q75": 0.6506551153831106,
  "adv_e_ran_l2_mean": 143.29316210746765,
  "adv_e_ran_l2_ci95": 21.838246623985313,
  "adv_e_ran_l2_median": 142.15605926513672,
  "adv_e_ran_l2_q25": 97.39284706115723,
  "adv_e_ran_l2_q75": 181.64989852905273,
  "adv_e_nul_l2_mean": 143.73070180416107,
  "adv_e_nul_l2_ci95": 18.345486326393253,
  "adv_e_nul_l2_median": 145.7033920288086,
  "adv_e_nul_l2_q25": 109.17784881591797,
  "adv_e_nul_l2_q75": 173.95922470092773,
  "adv_e_ran_frac_mean": 0.690516502584638,
  "adv_e_ran_frac_ci95": 0.023899093918905583,
  "adv_e_ran_frac_median": 0.6887734894849475,
  "adv_e_ran_frac_q25": 0.6456436387027373,
  "adv_e_ran_frac_q75": 0.7404174230599985,
  "adv_e_nul_frac_mean": 0.7168410414008825,
  "adv_e_nul_frac_ci95": 0.024178461910838996,
  "adv_e_nul_frac_median": 0.7249660091720438,
  "adv_e_nul_frac_q25": 0.6721314405852212,
  "adv_e_nul_frac_q75": 0.7635763132605258,
  "attack_runtime_total_sec": 67.44685580208898,
  "attack_runtime_per_example_sec": 2.1077142438152805,
  "model_name": "resnet",
  "attack_name": "adam",
  "norm": "l2",
  "eps": 0.2,
  "eps_actual": 255.38500640136718,
  "eps_budget_mode": "per_sample_l2",
  "attack_init_mode": "exact",
  "eval_init_mode": "exact"
}