{
  "num_examples": 32,
  "gt_norm_mean": 19.10678167641163,
  "gt_norm_ci95": 3.4833903043152117,
  "gt_norm_median": 16.756710529327393,
  "clean_mse_mean": 8.843375994160851e-06,
  "clean_mse_ci95": 2.7519022650824865e-06,
  "clean_mse_median": 6.181682010719669e-06,
  "adv_mse_mean": 0.031041829439345747,
  "adv_mse_ci95": 0.006574999245953657,
  "adv_mse_median": 0.02499265130609274,
  "mse_ratio_mean": 6107.475483032775,
  "mse_ratio_ci95": 1881.9301623726806,
  "mse_ratio_median": 4322.282192462784,
  "clean_rel_l2_mean": 0.0200345172197558,
  "clean_rel_l2_ci95": 0.003151300402619934,
  "clean_rel_l2_median": 0.016435040161013603,
  "adv_rel_l2_mean": 1.2936550360172987,
  "adv_rel_l2_ci95": 0.15780465984774908,
  "adv_rel_l2_median": 1.1709260940551758,
  "rel_l2_ratio_mean": 72.20408483267967,
  "rel_l2_ratio_ci95": 10.525796564693284,
  "rel_l2_ratio_median": 65.70147838965592,
  "clean_psnr_mean": 47.765172938798585,
  "clean_psnr_ci95": 0.9003122279186407,
  "clean_psnr_median": 48.48047978493125,
  "adv_psnr_mean": 11.301366660154091,
  "adv_psnr_ci95": 1.0348925049935798,
  "adv_psnr_median": 11.78719662648029,
  "clean_ssim_mean": 0.9889715226305857,
  "clean_ssim_ci95": 0.0016066172664913005,
  "clean_ssim_median": 0.9905324106361718,
  "adv_ssim_mean": 0.38221118908181295,
  "adv_ssim_ci95": 0.04182805008447856,
  "adv_ssim_median": 0.41704626885233875,
  "pred_shift_rel_l2_mean": 1.289372654631734,
  "pred_shift_rel_l2_ci95": 0.1572531817694333,
  "pred_shift_rel_l2_median": 1.1697050333023071,
  "init_shift_rel_l2_mean": 1.010487174615264,
  "init_shift_rel_l2_ci95": 0.17186495897845283,
  "init_shift_rel_l2_median": 0.962470680475235,
  "delta_l2_mean": 9.649095684289932,
  "delta_l2_ci95": 2.3900611455839234e-07,
  "delta_l2_median": 9.64909553527832,
  "delta_linf_mean": 0.2521884166635573,
  "delta_linf_ci95": 0.009188549403926528,
  "delta_linf_median": 0.247100830078125,
  "delta_mean_abs_mean": 0.03460206836462021,
  "delta_mean_abs_ci95": 0.00011348524562502191,
  "delta_mean_abs_median": 0.03461186960339546,
  "delta_rel_l2_mean": 0.012651564518927313,
  "delta_rel_l2_ci95": 0.0026857088600836733,
  "delta_rel_l2_median": 0.011508996517177588,
  "success_rel_l2_mean": 1.0,
  "success_rel_l2_ci95": 0.0,
  "success_rel_l2_median": 1.0,
  "success_mse_mean": 1.0,
  "success_mse_ci95": 0.0,
  "success_mse_median": 1.0,
  "clean_e_ran_l2_mean": 0.2332250231411308,
  "clean_e_ran_l2_ci95": 0.036767732192424345,
  "clean_e_ran_l2_median": 0.21223297715187073,
  "clean_e_nul_l2_mean": 0.25436562835238874,
  "clean_e_nul_l2_ci95": 0.042948842957437616,
  "clean_e_nul_l2_median": 0.23184172809123993,
  "clean_e_ran_frac_mean": 0.6792161228490077,
  "clean_e_ran_frac_ci95": 0.019441329702788664,
  "clean_e_ran_frac_median": 0.6801848047019097,
  "clean_e_nul_frac_mean": 0.7302116340174626,
  "clean_e_nul_frac_ci95": 0.017268747773017155,
  "clean_e_nul_frac_median": 0.7330393031963305,
  "adv_e_ran_l2_mean": 9.193683370947838,
  "adv_e_ran_l2_ci95": 0.8515325392621789,
  "adv_e_ran_l2_median": 8.514354228973389,
  "adv_e_nul_l2_mean": 19.534529000520706,
  "adv_e_nul_l2_ci95": 2.1301633797247863,
  "adv_e_nul_l2_median": 18.08658790588379,
  "adv_e_ran_frac_mean": 0.432773888921958,
  "adv_e_ran_frac_ci95": 0.018575499783724258,
  "adv_e_ran_frac_median": 0.41961477997677243,
  "adv_e_nul_frac_mean": 0.8995396654879311,
  "adv_e_nul_frac_ci95": 0.009645872189630183,
  "adv_e_nul_frac_median": 0.9077023290971942,
  "attack_runtime_total_sec": 116.55048812180758,
  "attack_runtime_per_example_sec": 3.6422027538064867,
  "model_name": "dpnsn_res",
  "attack_name": "adam",
  "norm": "l2",
  "eps": 0.0075,
  "eps_actual": 9.649095403884887,
  "attack_init_mode": "exact",
  "eval_init_mode": "exact"
}