{
  "num_examples": 32,
  "gt_norm_mean": 20.065786242485046,
  "gt_norm_ci95": 2.6439993761407936,
  "gt_norm_median": 18.550631523132324,
  "clean_mse_mean": 0.2511020527454093,
  "clean_mse_ci95": 0.10022149072164059,
  "clean_mse_median": 0.14312346279621124,
  "adv_mse_mean": 0.26059528812766075,
  "adv_mse_ci95": 0.10189352227790131,
  "adv_mse_median": 0.15085509419441223,
  "mse_ratio_mean": 1.053862001629078,
  "mse_ratio_ci95": 0.006617620806243667,
  "mse_ratio_median": 1.0540192429707493,
  "clean_rel_l2_mean": 2.8201087564229965,
  "clean_rel_l2_ci95": 0.11811233824929637,
  "clean_rel_l2_median": 2.7740403413772583,
  "adv_rel_l2_mean": 2.893299423158169,
  "adv_rel_l2_ci95": 0.11613673703315992,
  "adv_rel_l2_median": 2.8744503259658813,
  "rel_l2_ratio_mean": 1.026537066681301,
  "rel_l2_ratio_ci95": 0.0032187380546301403,
  "rel_l2_ratio_median": 1.0266542845928224,
  "clean_psnr_mean": 3.988018829701324,
  "clean_psnr_ci95": 1.1986764678360333,
  "clean_psnr_median": 5.002813092097896,
  "adv_psnr_mean": 3.7608699440599986,
  "adv_psnr_ci95": 1.1798418185817863,
  "adv_psnr_median": 4.718716284118497,
  "clean_ssim_mean": 0.00991870820547812,
  "clean_ssim_ci95": 0.0011128405075268605,
  "clean_ssim_median": 0.00968495755998881,
  "adv_ssim_mean": 0.010172835891741545,
  "adv_ssim_ci95": 0.000996735120484109,
  "adv_ssim_median": 0.010005697145754451,
  "pred_shift_rel_l2_mean": 0.043424459610832855,
  "pred_shift_rel_l2_ci95": 0.009323153225114336,
  "pred_shift_rel_l2_median": 0.03897217474877834,
  "init_shift_rel_l2_mean": 0.03159575394238345,
  "init_shift_rel_l2_ci95": 0.005005092675849459,
  "init_shift_rel_l2_median": 0.03111233003437519,
  "delta_l2_mean": 9.615060836076736,
  "delta_l2_ci95": 1.7773226732594353e-07,
  "delta_l2_median": 9.615060806274414,
  "delta_linf_mean": 0.2245880663394928,
  "delta_linf_ci95": 0.007842894135386764,
  "delta_linf_median": 0.2227778434753418,
  "delta_mean_abs_mean": 0.03680379793513566,
  "delta_mean_abs_ci95": 3.974188812631602e-05,
  "delta_mean_abs_median": 0.0367861483246088,
  "delta_rel_l2_mean": 0.007818454849067978,
  "delta_rel_l2_ci95": 0.0012721727291209882,
  "delta_rel_l2_median": 0.0075533588946917005,
  "success_rel_l2_mean": 0.0,
  "success_rel_l2_ci95": 0.0,
  "success_rel_l2_median": 0.0,
  "success_mse_mean": 0.0,
  "success_mse_ci95": 0.0,
  "success_mse_median": 0.0,
  "clean_e_ran_l2_mean": 47.75946801900864,
  "clean_e_ran_l2_ci95": 7.512926833326912,
  "clean_e_ran_l2_median": 40.83388900756836,
  "clean_e_nul_l2_mean": 32.48372036218643,
  "clean_e_nul_l2_ci95": 6.320993333660962,
  "clean_e_nul_l2_median": 26.372713088989258,
  "clean_e_ran_frac_mean": 0.8362930485994584,
  "clean_e_ran_frac_ci95": 0.008916902978395268,
  "clean_e_ran_frac_median": 0.8354798602137178,
  "clean_e_nul_frac_mean": 0.546219846619368,
  "clean_e_nul_frac_ci95": 0.014152060669362455,
  "clean_e_nul_frac_median": 0.5495179840178324,
  "adv_e_ran_l2_mean": 48.796112298965454,
  "adv_e_ran_l2_ci95": 7.524449043154215,
  "adv_e_ran_l2_median": 41.86142539978027,
  "adv_e_nul_l2_mean": 33.298755675554276,
  "adv_e_nul_l2_ci95": 6.325208163346395,
  "adv_e_nul_l2_median": 27.180624961853027,
  "adv_e_ran_frac_mean": 0.8348992115808538,
  "adv_e_ran_frac_ci95": 0.008622008809424616,
  "adv_e_ran_frac_median": 0.8346903849511031,
  "adv_e_nul_frac_mean": 0.5485024475725859,
  "adv_e_nul_frac_ci95": 0.01358158374497224,
  "adv_e_nul_frac_median": 0.5507183523999334,
  "attack_runtime_total_sec": 116.5017231926322,
  "attack_runtime_per_example_sec": 3.640678849769756,
  "model_name": "dpnsn_res",
  "attack_name": "adam",
  "norm": "l2",
  "eps": 0.0075,
  "eps_actual": 9.615061186019897,
  "attack_init_mode": "exact",
  "eval_init_mode": "exact"
}