{
  "num_examples": 32,
  "gt_norm_mean": 20.065786242485046,
  "gt_norm_ci95": 2.6439993761407936,
  "gt_norm_median": 18.550631523132324,
  "clean_mse_mean": 0.006183219678860041,
  "clean_mse_ci95": 0.002363341799444001,
  "clean_mse_median": 0.004231042927131057,
  "adv_mse_mean": 0.006770885502191959,
  "adv_mse_ci95": 0.002379426506255694,
  "adv_mse_median": 0.004665519809350371,
  "mse_ratio_mean": 1.1776097165278223,
  "mse_ratio_ci95": 0.0787037176296237,
  "mse_ratio_median": 1.0990253798088148,
  "clean_rel_l2_mean": 0.4488188084214926,
  "clean_rel_l2_ci95": 0.021548765821428773,
  "clean_rel_l2_median": 0.4298713803291321,
  "adv_rel_l2_mean": 0.4848305592313409,
  "adv_rel_l2_ci95": 0.026572997032663134,
  "adv_rel_l2_median": 0.4696100354194641,
  "rel_l2_ratio_mean": 1.0813442604505252,
  "rel_l2_ratio_ci95": 0.032079426368494125,
  "rel_l2_ratio_median": 1.048340429185624,
  "clean_psnr_mean": 19.963957320865624,
  "clean_psnr_ci95": 1.1801890290791668,
  "clean_psnr_median": 21.27207421809475,
  "adv_psnr_mean": 19.31130249919557,
  "adv_psnr_ci95": 1.1430886025635534,
  "adv_psnr_median": 20.904695548789675,
  "clean_ssim_mean": 0.1325875817914598,
  "clean_ssim_ci95": 0.020139036700641256,
  "clean_ssim_median": 0.11027060768567143,
  "adv_ssim_mean": 0.1268627300940367,
  "adv_ssim_ci95": 0.020175434251648482,
  "adv_ssim_median": 0.105234885054381,
  "pred_shift_rel_l2_mean": 0.08826957875862718,
  "pred_shift_rel_l2_ci95": 0.026652103651061916,
  "pred_shift_rel_l2_median": 0.05978936702013016,
  "init_shift_rel_l2_mean": 0.01900016523723025,
  "init_shift_rel_l2_ci95": 0.00309744611601978,
  "init_shift_rel_l2_median": 0.017974265851080418,
  "delta_l2_mean": 6.41004079580307,
  "delta_l2_ci95": 1.717484118523709e-07,
  "delta_l2_median": 6.410040855407715,
  "delta_linf_mean": 0.17195107275620103,
  "delta_linf_ci95": 0.01111223971083193,
  "delta_linf_median": 0.16601324081420898,
  "delta_mean_abs_mean": 0.02436453226255253,
  "delta_mean_abs_ci95": 6.612634955103862e-05,
  "delta_mean_abs_median": 0.024336920119822025,
  "delta_rel_l2_mean": 0.005212303442286876,
  "delta_rel_l2_ci95": 0.0008481151964017327,
  "delta_rel_l2_median": 0.005035572846188949,
  "success_rel_l2_mean": 0.0,
  "success_rel_l2_ci95": 0.0,
  "success_rel_l2_median": 0.0,
  "success_mse_mean": 0.03125,
  "success_mse_ci95": 0.06124999999999999,
  "success_mse_median": 0.0,
  "clean_e_ran_l2_mean": 7.712452948093414,
  "clean_e_ran_l2_ci95": 1.2999072415063377,
  "clean_e_ran_l2_median": 6.773916482925415,
  "clean_e_nul_l2_mean": 4.8605454452335835,
  "clean_e_nul_l2_ci95": 0.7520058510399594,
  "clean_e_nul_l2_median": 4.363865852355957,
  "clean_e_ran_frac_mean": 0.8410908043603228,
  "clean_e_ran_frac_ci95": 0.01631977274951405,
  "clean_e_ran_frac_median": 0.856352453737071,
  "clean_e_nul_frac_mean": 0.5352241547032565,
  "clean_e_nul_frac_ci95": 0.022130510644111645,
  "clean_e_nul_frac_median": 0.5163912562266719,
  "adv_e_ran_l2_mean": 8.031541422009468,
  "adv_e_ran_l2_ci95": 1.2855593357762725,
  "adv_e_ran_l2_median": 7.102463245391846,
  "adv_e_nul_l2_mean": 5.341464921832085,
  "adv_e_nul_l2_ci95": 0.7518071813202005,
  "adv_e_nul_l2_median": 4.822964429855347,
  "adv_e_ran_frac_mean": 0.8230336647815617,
  "adv_e_ran_frac_ci95": 0.027118402132070788,
  "adv_e_ran_frac_median": 0.8502192858507971,
  "adv_e_nul_frac_mean": 0.5553543695806681,
  "adv_e_nul_frac_ci95": 0.03199896435588644,
  "adv_e_nul_frac_median": 0.5264253353882775,
  "attack_runtime_total_sec": 58.87332113459706,
  "attack_runtime_per_example_sec": 1.8397912854561582,
  "model_name": "resnet",
  "attack_name": "adam",
  "norm": "l2",
  "eps": 0.005,
  "eps_actual": 6.410040790679932,
  "attack_init_mode": "exact",
  "eval_init_mode": "exact"
}