{
  "num_examples": 32,
  "gt_norm_mean": 19.10678167641163,
  "gt_norm_ci95": 3.4833903043152117,
  "gt_norm_median": 16.756710529327393,
  "clean_mse_mean": 6.416605716097479e-06,
  "clean_mse_ci95": 2.6674439557957226e-06,
  "clean_mse_median": 4.135314611630747e-06,
  "adv_mse_mean": 0.013911195499531459,
  "adv_mse_ci95": 0.002787865144884504,
  "adv_mse_median": 0.011737493332475424,
  "mse_ratio_mean": 5735.485783201646,
  "mse_ratio_ci95": 2657.3034406646693,
  "mse_ratio_median": 3128.370249393199,
  "clean_rel_l2_mean": 0.01678586457273923,
  "clean_rel_l2_ci95": 0.003438985048320894,
  "clean_rel_l2_median": 0.012342006899416447,
  "adv_rel_l2_mean": 0.9123381711542606,
  "adv_rel_l2_ci95": 0.15252171948134716,
  "adv_rel_l2_median": 0.8713737726211548,
  "rel_l2_ratio_mean": 65.19452737508243,
  "rel_l2_ratio_ci95": 13.56630326606013,
  "rel_l2_ratio_median": 55.888840815994556,
  "clean_psnr_mean": 49.75496066424722,
  "clean_psnr_ci95": 1.1658724608332747,
  "clean_psnr_median": 50.89056074239741,
  "adv_psnr_mean": 14.781420109653592,
  "adv_psnr_ci95": 1.3523145349648111,
  "adv_psnr_median": 15.242489987339525,
  "clean_ssim_mean": 0.996245467109399,
  "clean_ssim_ci95": 0.0006774410548380454,
  "clean_ssim_median": 0.9969707590614683,
  "adv_ssim_mean": 0.8192780387642971,
  "adv_ssim_ci95": 0.029466352669094895,
  "adv_ssim_median": 0.8557950073300804,
  "pred_shift_rel_l2_mean": 0.9110473617911339,
  "pred_shift_rel_l2_ci95": 0.15199757682482082,
  "pred_shift_rel_l2_median": 0.8678003549575806,
  "init_shift_rel_l2_mean": 0.6631797906011343,
  "init_shift_rel_l2_ci95": 0.11402228472306722,
  "init_shift_rel_l2_median": 0.6108836829662323,
  "delta_l2_mean": 6.432730078697205,
  "delta_l2_ci95": 1.1869442411440533e-07,
  "delta_l2_median": 6.432730197906494,
  "delta_linf_mean": 0.18506339425221086,
  "delta_linf_ci95": 0.00928928374286715,
  "delta_linf_median": 0.1877422034740448,
  "delta_mean_abs_mean": 0.022737007413525134,
  "delta_mean_abs_ci95": 0.00013171830554103392,
  "delta_mean_abs_median": 0.022737753577530384,
  "delta_rel_l2_mean": 0.008434375825543895,
  "delta_rel_l2_ci95": 0.0017904724623454367,
  "delta_rel_l2_median": 0.0076726639784327234,
  "success_rel_l2_mean": 1.0,
  "success_rel_l2_ci95": 0.0,
  "success_rel_l2_median": 1.0,
  "success_mse_mean": 1.0,
  "success_mse_ci95": 0.0,
  "success_mse_median": 1.0,
  "clean_e_ran_l2_mean": 0.2011636367533356,
  "clean_e_ran_l2_ci95": 0.033401052826784836,
  "clean_e_ran_l2_median": 0.1907423883676529,
  "clean_e_nul_l2_mean": 0.19930626754648983,
  "clean_e_nul_l2_ci95": 0.044440778916197306,
  "clean_e_nul_l2_median": 0.1675281673669815,
  "clean_e_ran_frac_mean": 0.7256512746736496,
  "clean_e_ran_frac_ci95": 0.020474987463070193,
  "clean_e_ran_frac_median": 0.7420922912572887,
  "clean_e_nul_frac_mean": 0.6832951501736647,
  "clean_e_nul_frac_ci95": 0.019773096779135742,
  "clean_e_nul_frac_median": 0.6702851347961667,
  "adv_e_ran_l2_mean": 6.916770979762077,
  "adv_e_ran_l2_ci95": 0.5431206515636617,
  "adv_e_ran_l2_median": 6.8754191398620605,
  "adv_e_nul_l2_mean": 12.676960423588753,
  "adv_e_nul_l2_ci95": 1.4511699777674303,
  "adv_e_nul_l2_median": 11.712282657623291,
  "adv_e_ran_frac_mean": 0.4921927624441829,
  "adv_e_ran_frac_ci95": 0.028777578469444273,
  "adv_e_ran_frac_median": 0.4753164435788288,
  "adv_e_nul_frac_mean": 0.8653038977612957,
  "adv_e_nul_frac_ci95": 0.01692972325015934,
  "adv_e_nul_frac_median": 0.8798133911089697,
  "attack_runtime_total_sec": 58.907703690230846,
  "attack_runtime_per_example_sec": 1.840865740319714,
  "model_name": "resnet",
  "attack_name": "adam",
  "norm": "l2",
  "eps": 0.005,
  "eps_actual": 6.432730269256592,
  "attack_init_mode": "exact",
  "eval_init_mode": "exact"
}