{
  "num_examples": 32,
  "gt_norm_mean": 26.229215562343597,
  "gt_norm_ci95": 1.7699003430208013,
  "gt_norm_median": 25.09980010986328,
  "clean_mse_mean": 3.11057939939019e-06,
  "clean_mse_ci95": 2.800259004401547e-07,
  "clean_mse_median": 3.0060148219490657e-06,
  "adv_mse_mean": 0.46686505153775215,
  "adv_mse_ci95": 0.02685618426687282,
  "adv_mse_median": 0.45434366166591644,
  "mse_ratio_mean": 156887.0854430769,
  "mse_ratio_ci95": 12185.213958011225,
  "mse_ratio_median": 159751.63813224318,
  "clean_rel_l2_mean": 0.00871896866010502,
  "clean_rel_l2_ci95": 0.00048715740363670235,
  "clean_rel_l2_median": 0.008746182080358267,
  "adv_rel_l2_mean": 3.411581054329872,
  "adv_rel_l2_ci95": 0.1838448880986892,
  "adv_rel_l2_median": 3.4232317209243774,
  "rel_l2_ratio_mean": 393.5923141058986,
  "rel_l2_ratio_ci95": 15.63320998470778,
  "rel_l2_ratio_median": 399.6560546860237,
  "clean_psnr_mean": 55.21131257168602,
  "clean_psnr_ci95": 0.389639075302968,
  "clean_psnr_median": 55.220089144394095,
  "adv_psnr_mean": 3.367586017173363,
  "adv_psnr_ci95": 0.2567725867369148,
  "adv_psnr_median": 3.4261672793490394,
  "clean_ssim_mean": 0.9937375536016034,
  "clean_ssim_ci95": 0.0006710240944635571,
  "clean_ssim_median": 0.9938350744611535,
  "adv_ssim_mean": -0.0136472560244544,
  "adv_ssim_ci95": 0.001294305707395816,
  "adv_ssim_median": -0.014330008520486461,
  "pred_shift_rel_l2_mean": 3.4207434728741646,
  "pred_shift_rel_l2_ci95": 0.18420496092125663,
  "pred_shift_rel_l2_median": 3.431853413581848,
  "init_shift_rel_l2_mean": 3.1047166883945465,
  "init_shift_rel_l2_ci95": 0.20986351211295529,
  "init_shift_rel_l2_median": 3.010088086128235,
  "delta_l2_mean": 46.36369514465332,
  "delta_l2_ci95": 0.5859838979357956,
  "delta_l2_median": 46.745771408081055,
  "delta_linf_mean": 1.225203275680542,
  "delta_linf_ci95": 0.06561285458839669,
  "delta_linf_median": 1.197172224521637,
  "delta_mean_abs_mean": 0.17304748063907027,
  "delta_mean_abs_ci95": 0.0027342292449487847,
  "delta_mean_abs_median": 0.1736958846449852,
  "delta_rel_l2_mean": 0.03527075028731605,
  "delta_rel_l2_ci95": 0.0031940102540807657,
  "delta_rel_l2_median": 0.0344571452162141,
  "success_rel_l2_mean": 1.0,
  "success_rel_l2_ci95": 0.0,
  "success_rel_l2_median": 1.0,
  "success_mse_mean": 1.0,
  "success_mse_ci95": 0.0,
  "success_mse_median": 1.0,
  "clean_e_ran_l2_mean": 0.18870047573000193,
  "clean_e_ran_l2_ci95": 0.008615702772368996,
  "clean_e_ran_l2_median": 0.190646730363369,
  "clean_e_nul_l2_mean": 0.12021724856458604,
  "clean_e_nul_l2_ci95": 0.006144546025650912,
  "clean_e_nul_l2_median": 0.12092284858226776,
  "clean_e_ran_frac_mean": 0.842658602915844,
  "clean_e_ran_frac_ci95": 0.008210427264304276,
  "clean_e_ran_frac_median": 0.8372931446284574,
  "clean_e_nul_frac_mean": 0.5366485265225389,
  "clean_e_nul_frac_ci95": 0.01312851382375087,
  "clean_e_nul_frac_median": 0.546747567690678,
  "adv_e_ran_l2_mean": 86.64726948738098,
  "adv_e_ran_l2_ci95": 2.553619925518614,
  "adv_e_ran_l2_median": 85.63697814941406,
  "adv_e_nul_l2_mean": 9.377061903476715,
  "adv_e_nul_l2_ci95": 0.31823494433982236,
  "adv_e_nul_l2_median": 9.304142951965332,
  "adv_e_ran_frac_mean": 0.9939551951384018,
  "adv_e_ran_frac_ci95": 0.0006263393796774367,
  "adv_e_ran_frac_median": 0.9942442781761973,
  "adv_e_nul_frac_mean": 0.10860817640113597,
  "adv_e_nul_frac_ci95": 0.005612467346143365,
  "adv_e_nul_frac_median": 0.10711252060774643,
  "attack_runtime_total_sec": 11.616885621100664,
  "attack_runtime_per_example_sec": 0.36302767565939575,
  "model_name": "resnet",
  "attack_name": "adam",
  "norm": "l2",
  "eps": 0.5,
  "eps_actual": 765.9952872680664,
  "attack_init_mode": "exact",
  "eval_init_mode": "exact"
}