{
  "num_examples": 32,
  "gt_norm_mean": 22.48570889234543,
  "gt_norm_ci95": 3.7267142366218637,
  "gt_norm_median": 20.150904655456543,
  "gt_norm_q25": 16.28321075439453,
  "gt_norm_q75": 23.551395893096924,
  "clean_mse_mean": 0.07503052800893784,
  "clean_mse_ci95": 0.04452974944610082,
  "clean_mse_median": 0.032751645892858505,
  "clean_mse_q25": 0.02012743568047881,
  "clean_mse_q75": 0.06278177816420794,
  "adv_mse_mean": 0.5554654730949551,
  "adv_mse_ci95": 0.24966791044397726,
  "adv_mse_median": 0.26762375235557556,
  "adv_mse_q25": 0.17837191000580788,
  "adv_mse_q75": 0.5210099667310715,
  "mse_ratio_mean": 8.530403056361669,
  "mse_ratio_ci95": 0.44549773127816844,
  "mse_ratio_median": 8.622883929399574,
  "mse_ratio_q25": 7.636041257668914,
  "mse_ratio_q75": 9.440841028201383,
  "clean_rel_l2_mean": 1.2561786845326424,
  "clean_rel_l2_ci95": 0.0640374882603003,
  "clean_rel_l2_median": 1.225469172000885,
  "clean_rel_l2_q25": 1.1104506850242615,
  "clean_rel_l2_q75": 1.3366803526878357,
  "adv_rel_l2_mean": 3.6326405331492424,
  "adv_rel_l2_ci95": 0.13927169841071188,
  "adv_rel_l2_median": 3.6174038648605347,
  "adv_rel_l2_q25": 3.3590155839920044,
  "adv_rel_l2_q75": 3.971445620059967,
  "rel_l2_ratio_mean": 2.9121165111732763,
  "rel_l2_ratio_ci95": 0.07869972243857458,
  "rel_l2_ratio_median": 2.936300205450025,
  "rel_l2_ratio_q25": 2.7633341306770847,
  "rel_l2_ratio_q75": 3.0724621764020075,
  "clean_psnr_mean": 10.117933035592303,
  "clean_psnr_ci95": 1.2892230908580953,
  "clean_psnr_median": 10.279858860575006,
  "clean_psnr_q25": 7.8088903407529555,
  "clean_psnr_q75": 13.257571736939362,
  "adv_psnr_mean": 0.8606808508413822,
  "adv_psnr_ci95": 1.1459824112398342,
  "adv_psnr_median": 1.0315553384335527,
  "adv_psnr_q25": -1.3586589576569539,
  "adv_psnr_q75": 3.4594313352313057,
  "clean_ssim_mean": 0.05790533329115139,
  "clean_ssim_ci95": 0.002717853425959544,
  "clean_ssim_median": 0.05736918270219406,
  "clean_ssim_q25": 0.05401710889742473,
  "clean_ssim_q75": 0.06294109070401308,
  "adv_ssim_mean": 0.00047858681045193216,
  "adv_ssim_ci95": 0.0017753306370980792,
  "adv_ssim_median": -0.00028478337569207406,
  "adv_ssim_q25": -0.0031382706317378134,
  "adv_ssim_q75": 0.003983351811898348,
  "clean_mae_mean": 0.17822798434644938,
  "clean_mae_ci95": 0.040403309387756235,
  "clean_mae_median": 0.14010406285524368,
  "clean_mae_q25": 0.1092972420156002,
  "clean_mae_q75": 0.19400688633322716,
  "adv_mae_mean": 0.4712565392255783,
  "adv_mae_ci95": 0.08964500529657621,
  "adv_mae_median": 0.38775476813316345,
  "adv_mae_q25": 0.3078528121113777,
  "adv_mae_q75": 0.512711800634861,
  "clean_nrmse_mean": 0.3428332367782697,
  "clean_nrmse_ci95": 0.056964340478248,
  "clean_nrmse_median": 0.30678963326641207,
  "clean_nrmse_q25": 0.21733336954794127,
  "clean_nrmse_q75": 0.4069671668277296,
  "adv_nrmse_mean": 0.9730019961473166,
  "adv_nrmse_ci95": 0.13425085783249943,
  "adv_nrmse_median": 0.8885631489695793,
  "adv_nrmse_q25": 0.671557500541025,
  "adv_nrmse_q75": 1.1693206105739693,
  "clean_max_err_mean": 1.070324175991118,
  "clean_max_err_ci95": 0.2362914710135724,
  "clean_max_err_median": 0.8442934155464172,
  "clean_max_err_q25": 0.6868633329868317,
  "clean_max_err_q75": 1.166927456855774,
  "adv_max_err_mean": 4.642940197139978,
  "adv_max_err_ci95": 0.9902122105646413,
  "adv_max_err_median": 3.4853906631469727,
  "adv_max_err_q25": 3.0291754603385925,
  "adv_max_err_q75": 5.5293484926223755,
  "clean_init_rel_l2_mean": 1.2768600173294544,
  "clean_init_rel_l2_ci95": 0.06145374216922123,
  "clean_init_rel_l2_median": 1.2511871457099915,
  "clean_init_rel_l2_q25": 1.1422662138938904,
  "clean_init_rel_l2_q75": 1.357904314994812,
  "adv_init_rel_l2_mean": 3.2054209634661674,
  "adv_init_rel_l2_ci95": 0.1177334598393396,
  "adv_init_rel_l2_median": 3.163677930831909,
  "adv_init_rel_l2_q25": 3.011008143424988,
  "adv_init_rel_l2_q75": 3.4742316603660583,
  "init_rel_l2_ratio_mean": 2.541427061528805,
  "init_rel_l2_ratio_ci95": 0.11520305306624534,
  "init_rel_l2_ratio_median": 2.612687851690925,
  "init_rel_l2_ratio_q25": 2.349964722859569,
  "init_rel_l2_ratio_q75": 2.754773692549279,
  "clean_init_psnr_mean": 9.966758356110383,
  "clean_init_psnr_ci95": 1.2678164241493421,
  "clean_init_psnr_median": 10.044764355147933,
  "clean_init_psnr_q25": 7.77267796280662,
  "clean_init_psnr_q75": 12.971222698647555,
  "adv_init_psnr_mean": 1.943224315329179,
  "adv_init_psnr_ci95": 0.9920393618393012,
  "adv_init_psnr_median": 2.2057445404421685,
  "adv_init_psnr_q25": -0.09844820962824796,
  "adv_init_psnr_q75": 4.53383611583002,
  "clean_init_ssim_mean": 0.045894530813646195,
  "clean_init_ssim_ci95": 0.0029810721766441116,
  "clean_init_ssim_median": 0.04412002243173,
  "clean_init_ssim_q25": 0.0400464820982077,
  "clean_init_ssim_q75": 0.05181353231477137,
  "adv_init_ssim_mean": 0.01727831637201678,
  "adv_init_ssim_ci95": 0.002019368040324317,
  "adv_init_ssim_median": 0.016976092354015322,
  "adv_init_ssim_q25": 0.015287796032998223,
  "adv_init_ssim_q75": 0.020604308300855287,
  "clean_init_mae_mean": 0.18155068787746131,
  "clean_init_mae_ci95": 0.040424957000169584,
  "clean_init_mae_median": 0.1451817750930786,
  "clean_init_mae_q25": 0.11259804293513298,
  "clean_init_mae_q75": 0.19700151309370995,
  "adv_init_mae_mean": 0.4352264110930264,
  "adv_init_mae_ci95": 0.0781614460024771,
  "adv_init_mae_median": 0.35641057789325714,
  "adv_init_mae_q25": 0.29105760157108307,
  "adv_init_mae_q75": 0.47921808809041977,
  "pred_shift_rel_l2_mean": 2.1581542417407036,
  "pred_shift_rel_l2_ci95": 0.05073649421396272,
  "pred_shift_rel_l2_median": 2.1889575719833374,
  "pred_shift_rel_l2_q25": 2.0973119139671326,
  "pred_shift_rel_l2_q75": 2.2219271063804626,
  "init_shift_rel_l2_mean": 1.9006237611174583,
  "init_shift_rel_l2_ci95": 0.07696143902526355,
  "init_shift_rel_l2_median": 1.9306064248085022,
  "init_shift_rel_l2_q25": 1.78424471616745,
  "init_shift_rel_l2_q75": 2.0398324728012085,
  "delta_l2_mean": 69.4939478635788,
  "delta_l2_ci95": 13.404912035412577,
  "delta_l2_median": 55.824188232421875,
  "delta_l2_q25": 44.035057067871094,
  "delta_l2_q75": 77.56232261657715,
  "delta_linf_mean": 2.61319063603878,
  "delta_linf_ci95": 0.48379787864717705,
  "delta_linf_median": 2.181713581085205,
  "delta_linf_q25": 1.7427401542663574,
  "delta_linf_q75": 3.034840166568756,
  "delta_mean_abs_mean": 0.2487577386200428,
  "delta_mean_abs_ci95": 0.04662850818353823,
  "delta_mean_abs_median": 0.20100432634353638,
  "delta_mean_abs_q25": 0.1598680391907692,
  "delta_mean_abs_q75": 0.28259894996881485,
  "delta_rel_l2_mean": 0.04956003749582537,
  "delta_rel_l2_ci95": 0.0008623436749913364,
  "delta_rel_l2_median": 0.050000008479309355,
  "delta_rel_l2_q25": 0.05000000599769423,
  "delta_rel_l2_q75": 0.050000010934177136,
  "success_rel_l2_mean": 1.0,
  "success_rel_l2_ci95": 0.0,
  "success_rel_l2_median": 1.0,
  "success_rel_l2_q25": 1.0,
  "success_rel_l2_q75": 1.0,
  "success_mse_mean": 1.0,
  "success_mse_ci95": 0.0,
  "success_mse_median": 1.0,
  "success_mse_q25": 1.0,
  "success_mse_q75": 1.0,
  "clean_e_ran_l2_mean": 29.473533749580383,
  "clean_e_ran_l2_ci95": 6.680372437436268,
  "clean_e_ran_l2_median": 23.156664848327637,
  "clean_e_ran_l2_q25": 18.157376766204834,
  "clean_e_ran_l2_q75": 32.05737113952637,
  "clean_e_nul_l2_mean": 0.39166899328120053,
  "clean_e_nul_l2_ci95": 0.20359174983594364,
  "clean_e_nul_l2_median": 0.22786159068346024,
  "clean_e_nul_l2_q25": 0.15035904571413994,
  "clean_e_nul_l2_q75": 0.39371372759342194,
  "clean_e_ran_frac_mean": 0.999921482436053,
  "clean_e_ran_frac_ci95": 3.55785716482393e-05,
  "clean_e_ran_frac_median": 0.9999636818282296,
  "clean_e_ran_frac_q25": 0.999920868281627,
  "clean_e_ran_frac_q75": 0.9999725439696822,
  "clean_e_nul_frac_mean": 0.011028568462356713,
  "clean_e_nul_frac_ci95": 0.002094095715502086,