{
  "num_examples": 32,
  "gt_norm_mean": 20.065786242485046,
  "gt_norm_ci95": 2.6439993761407936,
  "gt_norm_median": 18.550631523132324,
  "clean_mse_mean": 9.639423973858356,
  "clean_mse_ci95": 4.439303482592667,
  "clean_mse_median": 4.855641841888428,
  "adv_mse_mean": 10.046943498775363,
  "adv_mse_ci95": 4.513518045017842,
  "adv_mse_median": 5.1889119148254395,
  "mse_ratio_mean": 1.0712614183655536,
  "mse_ratio_ci95": 0.011776676916766307,
  "mse_ratio_median": 1.068310110374508,
  "clean_rel_l2_mean": 16.44574084877968,
  "clean_rel_l2_ci95": 1.007078038996911,
  "clean_rel_l2_median": 15.256311416625977,
  "adv_rel_l2_mean": 16.984203666448593,
  "adv_rel_l2_ci95": 0.9642622575830784,
  "adv_rel_l2_median": 15.752686023712158,
  "rel_l2_ratio_mean": 1.0348930673462164,
  "rel_l2_ratio_ci95": 0.005651726585431927,
  "rel_l2_ratio_median": 1.0335908074896036,
  "clean_psnr_mean": -11.263836214371953,
  "clean_psnr_ci95": 1.3597054225712226,
  "clean_psnr_median": -9.990405852075192,
  "adv_psnr_mean": -11.560709410511688,
  "adv_psnr_ci95": 1.3250860184546995,
  "adv_psnr_median": -10.268644898037971,
  "clean_ssim_mean": 0.003995435876704161,
  "clean_ssim_ci95": 0.000808119772480811,
  "clean_ssim_median": 0.004264916469006661,
  "adv_ssim_mean": 0.003793698075660409,
  "adv_ssim_ci95": 0.0007767934211257546,
  "adv_ssim_median": 0.0039707837362069846,
  "pred_shift_rel_l2_mean": 0.04253600738593377,
  "pred_shift_rel_l2_ci95": 0.007067276851156306,
  "pred_shift_rel_l2_median": 0.040775053203105927,
  "init_shift_rel_l2_mean": 0.034427368780598044,
  "init_shift_rel_l2_ci95": 0.005704163070741102,
  "init_shift_rel_l2_median": 0.033388322219252586,
  "delta_l2_mean": 9.61506074666977,
  "delta_l2_ci95": 1.4384814224175841e-07,
  "delta_l2_median": 9.615060806274414,
  "delta_linf_mean": 0.21040396625176072,
  "delta_linf_ci95": 0.0050596849665797096,
  "delta_linf_median": 0.2072298526763916,
  "delta_mean_abs_mean": 0.0368156781187281,
  "delta_mean_abs_ci95": 2.4920530819101458e-05,
  "delta_mean_abs_median": 0.036811960861086845,
  "delta_rel_l2_mean": 0.007818454771055177,
  "delta_rel_l2_ci95": 0.0012721727019316346,
  "delta_rel_l2_median": 0.007553358521596469,
  "success_rel_l2_mean": 0.0,
  "success_rel_l2_ci95": 0.0,
  "success_rel_l2_median": 0.0,
  "success_mse_mean": 0.0,
  "success_mse_ci95": 0.0,
  "success_mse_median": 0.0,
  "clean_e_ran_l2_mean": 323.76527309417725,
  "clean_e_ran_l2_ci95": 64.00753844413146,
  "clean_e_ran_l2_median": 264.1322021484375,
  "clean_e_nul_l2_mean": 123.37530064582825,
  "clean_e_nul_l2_ci95": 24.455615584552184,
  "clean_e_nul_l2_median": 99.11756896972656,
  "clean_e_ran_frac_mean": 0.9345447859958261,
  "clean_e_ran_frac_ci95": 0.0009621966897816927,
  "clean_e_ran_frac_median": 0.9348092094820519,
  "clean_e_nul_frac_mean": 0.3557626749830798,
  "clean_e_nul_frac_ci95": 0.0025260092126172078,
  "clean_e_nul_frac_median": 0.35515014955746316,
  "adv_e_ran_l2_mean": 332.8720660209656,
  "adv_e_ran_l2_ci95": 63.97799581511116,
  "adv_e_ran_l2_median": 273.2251739501953,
  "adv_e_nul_l2_mean": 126.28273558616638,
  "adv_e_nul_l2_ci95": 24.45967597503202,
  "adv_e_nul_l2_median": 102.0620346069336,
  "adv_e_ran_frac_mean": 0.9352050173625174,
  "adv_e_ran_frac_ci95": 0.0009630971978115622,
  "adv_e_ran_frac_median": 0.9355059471432845,
  "adv_e_nul_frac_mean": 0.35402271994112045,
  "adv_e_nul_frac_ci95": 0.002538976575766965,
  "adv_e_nul_frac_median": 0.3533108453966237,
  "attack_runtime_total_sec": 116.43794006481767,
  "attack_runtime_per_example_sec": 3.638685627025552,
  "model_name": "dpnsn",
  "attack_name": "adam",
  "norm": "l2",
  "eps": 0.0075,
  "eps_actual": 9.615061186019897,
  "attack_init_mode": "exact",
  "eval_init_mode": "exact"
}