{
  "num_examples": 32,
  "gt_norm_mean": 19.10678167641163,
  "gt_norm_ci95": 3.4833903043152117,
  "gt_norm_median": 16.756710529327393,
  "clean_mse_mean": 0.00013262900853305837,
  "clean_mse_ci95": 3.2522637756062395e-05,
  "clean_mse_median": 0.00011535870362422429,
  "adv_mse_mean": 0.041733348480192944,
  "adv_mse_ci95": 0.0058633376690316,
  "adv_mse_median": 0.03770219720900059,
  "mse_ratio_mean": 533.4041839575827,
  "mse_ratio_ci95": 162.034949017891,
  "mse_ratio_median": 299.88184459121726,
  "clean_rel_l2_mean": 0.07849633332807571,
  "clean_rel_l2_ci95": 0.007879544108547624,
  "clean_rel_l2_median": 0.07557433098554611,
  "adv_rel_l2_mean": 1.6324219815433025,
  "adv_rel_l2_ci95": 0.2554576665503389,
  "adv_rel_l2_median": 1.516458511352539,
  "rel_l2_ratio_mean": 21.31821080663854,
  "rel_l2_ratio_ci95": 3.127652255762713,
  "rel_l2_ratio_median": 17.317088380517408,
  "clean_psnr_mean": 35.50508335103929,
  "clean_psnr_ci95": 0.5100320234437955,
  "clean_psnr_median": 35.68560227573899,
  "adv_psnr_mean": 9.615331062284636,
  "adv_psnr_ci95": 1.1685762864994749,
  "adv_psnr_median": 10.558088936870849,
  "clean_ssim_mean": 0.8870374882576997,
  "clean_ssim_ci95": 0.010990359347556482,
  "clean_ssim_median": 0.8914903551740565,
  "adv_ssim_mean": 0.05247313362267749,
  "adv_ssim_ci95": 0.01249687503118371,
  "adv_ssim_median": 0.04900996368871166,
  "pred_shift_rel_l2_mean": 1.6383811440318823,
  "pred_shift_rel_l2_ci95": 0.2583656548395501,
  "pred_shift_rel_l2_median": 1.5156484246253967,
  "init_shift_rel_l2_mean": 0.9808853454887867,
  "init_shift_rel_l2_ci95": 0.16202372421387617,
  "init_shift_rel_l2_median": 0.8987158536911011,
  "delta_l2_mean": 9.649095803499222,
  "delta_l2_ci95": 2.0956163621996676e-07,
  "delta_l2_median": 9.64909553527832,
  "delta_linf_mean": 0.23909346666187048,
  "delta_linf_ci95": 0.006371450855004695,
  "delta_linf_median": 0.2394661381840706,
  "delta_mean_abs_mean": 0.034522627014666796,
  "delta_mean_abs_ci95": 8.857740523526375e-05,
  "delta_mean_abs_median": 0.03450496681034565,
  "delta_rel_l2_mean": 0.012651564601935715,
  "delta_rel_l2_ci95": 0.002685708907849856,
  "delta_rel_l2_median": 0.011508996517177588,
  "success_rel_l2_mean": 1.0,
  "success_rel_l2_ci95": 0.0,
  "success_rel_l2_median": 1.0,
  "success_mse_mean": 1.0,
  "success_mse_ci95": 0.0,
  "success_mse_median": 1.0,
  "clean_e_ran_l2_mean": 0.47194874472916126,
  "clean_e_ran_l2_ci95": 0.07856286195501386,
  "clean_e_ran_l2_median": 0.4195670187473297,
  "clean_e_nul_l2_mean": 1.2913936451077461,
  "clean_e_nul_l2_ci95": 0.16983371067378006,
  "clean_e_nul_l2_median": 1.2792801260948181,
  "clean_e_ran_frac_mean": 0.34016146555690685,
  "clean_e_ran_frac_ci95": 0.026948651439128734,
  "clean_e_ran_frac_median": 0.3290711687903702,
  "clean_e_nul_frac_mean": 0.9367748594213503,
  "clean_e_nul_frac_ci95": 0.010458710944562143,
  "clean_e_nul_frac_median": 0.9442996848256342,
  "adv_e_ran_l2_mean": 12.804452270269394,
  "adv_e_ran_l2_ci95": 0.43269574126804183,
  "adv_e_ran_l2_median": 12.742660999298096,
  "adv_e_nul_l2_mean": 21.899470388889313,
  "adv_e_nul_l2_ci95": 2.1901457562364435,
  "adv_e_nul_l2_median": 21.475440979003906,
  "adv_e_ran_frac_mean": 0.5189628145640508,
  "adv_e_ran_frac_ci95": 0.04446628648200097,
  "adv_e_ran_frac_median": 0.4922312798482402,
  "adv_e_nul_frac_mean": 0.8364342625859114,
  "adv_e_nul_frac_ci95": 0.04325744001556395,
  "adv_e_nul_frac_median": 0.8704610494847069,
  "attack_runtime_total_sec": 116.53213407099247,
  "attack_runtime_per_example_sec": 3.6416291897185147,
  "model_name": "dpnsn",
  "attack_name": "adam",
  "norm": "l2",
  "eps": 0.0075,
  "eps_actual": 9.649095403884887,
  "attack_init_mode": "exact",
  "eval_init_mode": "exact"
}