{
  "num_examples": 32,
  "gt_norm_mean": 27.580802619457245,
  "gt_norm_ci95": 2.1336641054187684,
  "gt_norm_median": 26.626888275146484,
  "clean_mse_mean": 0.0027865669635502854,
  "clean_mse_ci95": 0.0007161234140830824,
  "clean_mse_median": 0.00198779022321105,
  "adv_mse_mean": 16.61260360479355,
  "adv_mse_ci95": 0.05842245513326707,
  "adv_mse_median": 16.60646915435791,
  "mse_ratio_mean": 8999.712191539278,
  "mse_ratio_ci95": 1812.671191085834,
  "mse_ratio_median": 8320.03882360159,
  "clean_rel_l2_mean": 0.22601599199697375,
  "clean_rel_l2_ci95": 0.009560788977181005,
  "clean_rel_l2_median": 0.2178731933236122,
  "adv_rel_l2_mean": 19.78784480690956,
  "adv_rel_l2_ci95": 1.4304296991598935,
  "adv_rel_l2_median": 19.54825496673584,
  "rel_l2_ratio_mean": 90.71604452078455,
  "rel_l2_ratio_ci95": 9.770313245716252,
  "rel_l2_ratio_median": 91.21152617338808,
  "clean_psnr_mean": 26.510726791390294,
  "clean_psnr_ci95": 0.9954974718156355,
  "clean_psnr_median": 27.016421069071733,
  "adv_psnr_mean": -12.20416080127853,
  "adv_psnr_ci95": 0.015244756840566814,
  "adv_psnr_median": -12.20276947939167,
  "clean_ssim_mean": 0.3432713319762301,
  "clean_ssim_ci95": 0.03860172798208318,
  "clean_ssim_median": 0.3443001187987149,
  "adv_ssim_mean": 0.0029882559875029323,
  "adv_ssim_ci95": 0.000525530891714798,
  "adv_ssim_median": 0.002920896611062854,
  "pred_shift_rel_l2_mean": 19.196120470762253,
  "pred_shift_rel_l2_ci95": 1.4353836141861742,
  "pred_shift_rel_l2_median": 19.028743743896484,
  "init_shift_rel_l2_mean": 19.796558380126953,
  "init_shift_rel_l2_ci95": 1.5609268261458047,
  "init_shift_rel_l2_median": 19.768396377563477,
  "delta_l2_mean": 307.67468070983887,
  "delta_l2_ci95": 2.600464541501798e-06,
  "delta_l2_median": 307.6746826171875,
  "delta_linf_mean": 6.495425716042519,
  "delta_linf_ci95": 0.23751625001186924,
  "delta_linf_median": 6.4828057289123535,
  "delta_mean_abs_mean": 1.2008708901703358,
  "delta_mean_abs_ci95": 0.0007651635583115827,
  "delta_mean_abs_median": 1.2015421390533447,
  "delta_rel_l2_mean": 0.22012969973937496,
  "delta_rel_l2_ci95": 0.023863049420053836,
  "delta_rel_l2_median": 0.21533168198099734,
  "success_rel_l2_mean": 1.0,
  "success_rel_l2_ci95": 0.0,
  "success_rel_l2_median": 1.0,
  "success_mse_mean": 1.0,
  "success_mse_ci95": 0.0,
  "success_mse_median": 1.0,
  "clean_e_ran_l2_mean": 6.38833761960268,
  "clean_e_ran_l2_ci95": 0.7746328407655684,
  "clean_e_ran_l2_median": 5.7066850662231445,
  "clean_e_nul_l2_mean": 0.040588701667729765,
  "clean_e_nul_l2_ci95": 0.007243109474321901,
  "clean_e_nul_l2_median": 0.03725036419928074,
  "clean_e_ran_frac_mean": 0.9999760273035279,
  "clean_e_ran_frac_ci95": 8.148847246243692e-06,
  "clean_e_ran_frac_median": 0.9999835546175612,
  "clean_e_nul_frac_mean": 0.0065213386275739995,
  "clean_e_nul_frac_ci95": 0.0008188765853026245,
  "clean_e_nul_frac_median": 0.005735572440919436,
  "adv_e_ran_l2_mean": 521.6662578582764,
  "adv_e_ran_l2_ci95": 0.9172451543778705,
  "adv_e_ran_l2_median": 521.572265625,
  "adv_e_nul_l2_mean": 6.113689586520195,
  "adv_e_nul_l2_ci95": 0.3596940515938247,
  "adv_e_nul_l2_median": 6.352301120758057,
  "adv_e_ran_frac_mean": 0.9999293624254764,
  "adv_e_ran_frac_ci95": 7.502633824992141e-06,
  "adv_e_ran_frac_median": 0.9999262627521055,
  "adv_e_nul_frac_mean": 0.011720874022079934,
  "adv_e_nul_frac_ci95": 0.0006924462879488459,
  "adv_e_nul_frac_median": 0.012138321801236203,
  "attack_runtime_total_sec": 64.64728492125869,
  "attack_runtime_per_example_sec": 2.020227653789334,
  "model_name": "nsn",
  "attack_name": "adam",
  "norm": "l2",
  "eps": 0.2,
  "eps_actual": 307.6746801123047,
  "attack_init_mode": "exact",
  "eval_init_mode": "exact"
}