{
  "num_examples": 32,
  "gt_norm_mean": 20.065786242485046,
  "gt_norm_ci95": 2.6439993761407936,
  "gt_norm_median": 18.550631523132324,
  "clean_mse_mean": 0.2511020527454093,
  "clean_mse_ci95": 0.10022149072164059,
  "clean_mse_median": 0.14312346279621124,
  "adv_mse_mean": 0.2844864458311349,
  "adv_mse_ci95": 0.10577618541613822,
  "adv_mse_median": 0.17050057649612427,
  "mse_ratio_mean": 1.19385479317946,
  "mse_ratio_ci95": 0.02610183087696306,
  "mse_ratio_median": 1.1911044305661926,
  "clean_rel_l2_mean": 2.8201087564229965,
  "clean_rel_l2_ci95": 0.11811233824929637,
  "clean_rel_l2_median": 2.7740403413772583,
  "adv_rel_l2_mean": 3.074079342186451,
  "adv_rel_l2_ci95": 0.11396758343100145,
  "adv_rel_l2_median": 3.0820177793502808,
  "rel_l2_ratio_mean": 1.0921165711326122,
  "rel_l2_ratio_ci95": 0.011865589659283513,
  "rel_l2_ratio_median": 1.0913768282738465,
  "clean_psnr_mean": 3.988018829701324,
  "clean_psnr_ci95": 1.1986764678360333,
  "clean_psnr_median": 5.002813092097896,
  "adv_psnr_mean": 3.2267429857791132,
  "adv_psnr_ci95": 1.1371140750994086,
  "adv_psnr_median": 4.051688796819608,
  "clean_ssim_mean": 0.00991870820547812,
  "clean_ssim_ci95": 0.0011128405075268605,
  "clean_ssim_median": 0.00968495755998881,
  "adv_ssim_mean": 0.0098027277809473,
  "adv_ssim_ci95": 0.0011369841360329132,
  "adv_ssim_median": 0.009436293285832235,
  "pred_shift_rel_l2_mean": 0.14282687078230083,
  "pred_shift_rel_l2_ci95": 0.023191877780835167,
  "pred_shift_rel_l2_median": 0.13493035733699799,
  "init_shift_rel_l2_mean": 0.10786898457445204,
  "init_shift_rel_l2_ci95": 0.017507242943866724,
  "init_shift_rel_l2_median": 0.10580015927553177,
  "delta_l2_mean": 32.05020618438721,
  "delta_l2_ci95": 6.714370574426246e-07,
  "delta_l2_median": 32.05020523071289,
  "delta_linf_mean": 0.7651219051331282,
  "delta_linf_ci95": 0.02485253369921076,
  "delta_linf_median": 0.7521741390228271,
  "delta_mean_abs_mean": 0.12220108136534691,
  "delta_mean_abs_ci95": 0.00011780109936003855,
  "delta_mean_abs_median": 0.12217049300670624,
  "delta_rel_l2_mean": 0.026061519020844533,
  "delta_rel_l2_ci95": 0.004240576254043094,
  "delta_rel_l2_median": 0.025177864980128188,
  "success_rel_l2_mean": 0.0,
  "success_rel_l2_ci95": 0.0,
  "success_rel_l2_median": 0.0,
  "success_mse_mean": 0.0,
  "success_mse_ci95": 0.0,
  "success_mse_median": 0.0,
  "clean_e_ran_l2_mean": 47.75946801900864,
  "clean_e_ran_l2_ci95": 7.512926833326912,
  "clean_e_ran_l2_median": 40.83388900756836,
  "clean_e_nul_l2_mean": 32.48372036218643,
  "clean_e_nul_l2_ci95": 6.320993333660962,
  "clean_e_nul_l2_median": 26.372713088989258,
  "clean_e_ran_frac_mean": 0.8362930485994584,
  "clean_e_ran_frac_ci95": 0.008916902978395268,
  "clean_e_ran_frac_median": 0.8354798602137178,
  "clean_e_nul_frac_mean": 0.546219846619368,
  "clean_e_nul_frac_ci95": 0.014152060669362455,
  "clean_e_nul_frac_median": 0.5495179840178324,
  "adv_e_ran_l2_mean": 51.35719561576843,
  "adv_e_ran_l2_ci95": 7.5303214938094705,
  "adv_e_ran_l2_median": 44.386613845825195,
  "adv_e_nul_l2_mean": 35.252584010362625,
  "adv_e_nul_l2_ci95": 6.327959121734268,
  "adv_e_nul_l2_median": 29.191126823425293,
  "adv_e_ran_frac_mean": 0.8322839589387304,
  "adv_e_ran_frac_ci95": 0.008050099308447224,
  "adv_e_ran_frac_median": 0.8322944838474267,
  "adv_e_nul_frac_mean": 0.5527412216215363,
  "adv_e_nul_frac_ci95": 0.012483858108468958,
  "adv_e_nul_frac_median": 0.5543332755988017,
  "attack_runtime_total_sec": 116.5316320322454,
  "attack_runtime_per_example_sec": 3.6416135010076687,
  "model_name": "dpnsn_res",
  "attack_name": "adam",
  "norm": "l2",
  "eps": 0.025,
  "eps_actual": 32.05020395339966,
  "attack_init_mode": "exact",
  "eval_init_mode": "exact"
}