{
  "num_examples": 32,
  "gt_norm_mean": 19.10678167641163,
  "gt_norm_ci95": 3.4833903043152117,
  "gt_norm_median": 16.756710529327393,
  "clean_mse_mean": 8.843375994160851e-06,
  "clean_mse_ci95": 2.7519022650824865e-06,
  "clean_mse_median": 6.181682010719669e-06,
  "adv_mse_mean": 0.17685492685995996,
  "adv_mse_ci95": 0.039139775042505216,
  "adv_mse_median": 0.13300009816884995,
  "mse_ratio_mean": 35215.77222464552,
  "mse_ratio_ci95": 10364.821882082548,
  "mse_ratio_median": 25255.17176953076,
  "clean_rel_l2_mean": 0.0200345172197558,
  "clean_rel_l2_ci95": 0.003151300402619934,
  "clean_rel_l2_median": 0.016435040161013603,
  "adv_rel_l2_mean": 3.1041724234819412,
  "adv_rel_l2_ci95": 0.3634672185004067,
  "adv_rel_l2_median": 2.7884525060653687,
  "rel_l2_ratio_mean": 174.12574747699995,
  "rel_l2_ratio_ci95": 24.63177336852751,
  "rel_l2_ratio_median": 158.91623555698928,
  "clean_psnr_mean": 47.765172938798585,
  "clean_psnr_ci95": 0.9003122279186407,
  "clean_psnr_median": 48.48047978493125,
  "adv_psnr_mean": 3.639338264917029,
  "adv_psnr_ci95": 0.9307715495316683,
  "adv_psnr_median": 3.5576827764984906,
  "clean_ssim_mean": 0.9889715226305857,
  "clean_ssim_ci95": 0.0016066172664913005,
  "clean_ssim_median": 0.9905324106361718,
  "adv_ssim_mean": 0.08309930689407287,
  "adv_ssim_ci95": 0.014657672762054808,
  "adv_ssim_median": 0.09063746918370415,
  "pred_shift_rel_l2_mean": 3.0938771180808544,
  "pred_shift_rel_l2_ci95": 0.3622855527177506,
  "pred_shift_rel_l2_median": 2.78192138671875,
  "init_shift_rel_l2_mean": 2.9714372642338276,
  "init_shift_rel_l2_ci95": 0.499172304612028,
  "init_shift_rel_l2_median": 2.732847213745117,
  "delta_l2_mean": 32.163650155067444,
  "delta_l2_ci95": 5.156722934303091e-07,
  "delta_l2_median": 32.16365051269531,
  "delta_linf_mean": 0.8737847171723843,
  "delta_linf_ci95": 0.03954651035703209,
  "delta_linf_median": 0.8325279057025909,
  "delta_mean_abs_mean": 0.11726569570600986,
  "delta_mean_abs_ci95": 0.0003006176434368023,
  "delta_mean_abs_median": 0.11716616898775101,
  "delta_rel_l2_mean": 0.04217187883833165,
  "delta_rel_l2_ci95": 0.008952362237112656,
  "delta_rel_l2_median": 0.03836332216716129,
  "success_rel_l2_mean": 1.0,
  "success_rel_l2_ci95": 0.0,
  "success_rel_l2_median": 1.0,
  "success_mse_mean": 1.0,
  "success_mse_ci95": 0.0,
  "success_mse_median": 1.0,
  "clean_e_ran_l2_mean": 0.2332250231411308,
  "clean_e_ran_l2_ci95": 0.036767732192424345,
  "clean_e_ran_l2_median": 0.21223297715187073,
  "clean_e_nul_l2_mean": 0.25436562835238874,
  "clean_e_nul_l2_ci95": 0.042948842957437616,
  "clean_e_nul_l2_median": 0.23184172809123993,
  "clean_e_ran_frac_mean": 0.6792161228490077,
  "clean_e_ran_frac_ci95": 0.019441329702788664,
  "clean_e_ran_frac_median": 0.6801848047019097,
  "clean_e_nul_frac_mean": 0.7302116340174626,
  "clean_e_nul_frac_ci95": 0.017268747773017155,
  "clean_e_nul_frac_median": 0.7330393031963305,
  "adv_e_ran_l2_mean": 23.475122541189194,
  "adv_e_ran_l2_ci95": 2.105037964939424,
  "adv_e_ran_l2_median": 21.35628890991211,
  "adv_e_nul_l2_mean": 46.07863485813141,
  "adv_e_nul_l2_ci95": 4.820465164075895,
  "adv_e_nul_l2_median": 41.91256904602051,
  "adv_e_ran_frac_mean": 0.45968066671576696,
  "adv_e_ran_frac_ci95": 0.018451480754089804,
  "adv_e_ran_frac_median": 0.44653961354027116,
  "adv_e_nul_frac_mean": 0.8860955700965863,
  "adv_e_nul_frac_ci95": 0.009837849221141535,
  "adv_e_nul_frac_median": 0.8947624292826186,
  "attack_runtime_total_sec": 116.57811343297362,
  "attack_runtime_per_example_sec": 3.6430660447804257,
  "model_name": "dpnsn_res",
  "attack_name": "adam",
  "norm": "l2",
  "eps": 0.025,
  "eps_actual": 32.16365134628296,
  "attack_init_mode": "exact",
  "eval_init_mode": "exact"
}