{
  "eps": 0.05,
  "attack": "adam",
  "matrix": {
    "nsn": {
      "mse": {
        "l2_nul": 4.3976287841796875,
        "l2_ran": 106.51188659667969,
        "rel_l2_nul": 0.21239271014928818,
        "rel_l2_ran": 5.182017087936401,
        "psnr_nul": 27.36624956963712,
        "psnr_ran": -1.8718801445173654,
        "ssim_nul": 0.6703097732466317,
        "ssim_ran": 0.017679231309182607,
        "mae_nul": 0.01438704552128911,
        "mae_ran": 0.6474519371986389,
        "nrmse_nul": 0.04287776511151117,
        "nrmse_ran": 1.240739766690116,
        "max_err_nul": 0.6185578107833862,
        "max_err_ran": 3.942645788192749
      },
      "null": {
        "l2_nul": 27.207545280456543,
        "l2_ran": 69.4015998840332,
        "rel_l2_nul": 1.408001720905304,
        "rel_l2_ran": 3.1510539054870605,
        "psnr_nul": 10.1863153278988,
        "psnr_ran": 2.35389555810263,
        "ssim_nul": 0.12865591176318816,
        "ssim_ran": 0.022225336038475266,
        "mae_nul": 0.08069382607936859,
        "mae_ran": 0.4080430418252945,
        "nrmse_nul": 0.3095172291292212,
        "nrmse_ran": 0.7627112314963019,
        "max_err_nul": 2.4263824224472046,
        "max_err_ran": 3.504862904548645
      }
    },
    "resnet": {
      "mse": {
        "l2_nul": 31.42783832550049,
        "l2_ran": 15.962475776672363,
        "rel_l2_nul": 1.6436282992362976,
        "rel_l2_ran": 0.7476121485233307,
        "psnr_nul": 9.271872874774763,
        "psnr_ran": 15.224709542056013,
        "ssim_nul": 0.10496233983673961,
        "ssim_ran": 0.10610841509450894,
        "mae_nul": 0.0913328044116497,
        "mae_ran": 0.07081810012459755,
        "nrmse_nul": 0.34389051347461785,
        "nrmse_ran": 0.17331983976092757,
        "max_err_nul": 3.4672082662582397,
        "max_err_ran": 1.2301024198532104
      },
      "null": {
        "l2_nul": 32.260008811950684,
        "l2_ran": 14.331202983856201,
        "rel_l2_nul": 1.656426191329956,
        "rel_l2_ran": 0.7164017856121063,
        "psnr_nul": 8.916829956773883,
        "psnr_ran": 15.964608011629739,
        "ssim_nul": 0.10658679494330195,
        "ssim_ran": 0.10864204896109575,
        "mae_nul": 0.09093301743268967,
        "mae_ran": 0.06721707060933113,
        "nrmse_nul": 0.3584759981498561,
        "nrmse_ran": 0.15924684585005983,
        "max_err_nul": 3.2713619470596313,
        "max_err_ran": 1.0234355926513672
      }
    }
  },
  "shift_weight_sweep": {},
  "lipschitz_nullspace": {
    "nsn": {
      "mean": 0.5377104619983584,
      "max": 2.252281904220581,
      "std": 0.5315387259025159,
      "n": 32
    },
    "resnet": {
      "mean": 1.3874207101762295,
      "max": 2.215479612350464,
      "std": 0.29939177457255767,
      "n": 32
    }
  }
}