{
  "num_examples": 32,
  "gt_norm_mean": 27.30239450931549,
  "gt_norm_ci95": 2.6899918874387048,
  "gt_norm_median": 24.237028121948242,
  "clean_mse_mean": 1.1915729147826681e-07,
  "clean_mse_ci95": 2.3020481601649393e-08,
  "clean_mse_median": 1.0255008575654756e-07,
  "adv_mse_mean": 0.04175814590416849,
  "adv_mse_ci95": 0.00017445965444087442,
  "adv_mse_median": 0.04176858253777027,
  "mse_ratio_mean": 428463.9296410932,
  "mse_ratio_ci95": 59070.966081859515,
  "mse_ratio_median": 407133.4615990443,
  "clean_rel_l2_mean": 0.0016156473102455493,
  "clean_rel_l2_ci95": 0.00013165653946111138,
  "clean_rel_l2_median": 0.0015485695912502706,
  "adv_rel_l2_mean": 1.0168780330568552,
  "adv_rel_l2_ci95": 0.07692501268572172,
  "adv_rel_l2_median": 1.0849616527557373,
  "rel_l2_ratio_mean": 640.9659982334404,
  "rel_l2_ratio_ci95": 46.73676865524138,
  "rel_l2_ratio_median": 638.0697438379439,
  "clean_psnr_mean": 69.72427179088893,
  "clean_psnr_ci95": 0.683244523124717,
  "clean_psnr_median": 69.89128593202919,
  "adv_psnr_mean": 13.792893964153677,
  "adv_psnr_ci95": 0.01815260492635622,
  "adv_psnr_median": 13.79150262813564,
  "clean_ssim_mean": 0.9997823224560647,
  "clean_ssim_ci95": 3.448305689544988e-05,
  "clean_ssim_median": 0.9997987094660883,
  "adv_ssim_mean": 0.055465609296479534,
  "adv_ssim_ci95": 0.004881717792941143,
  "adv_ssim_median": 0.05368929862245588,
  "pred_shift_rel_l2_mean": 1.0169509779661894,
  "pred_shift_rel_l2_ci95": 0.07694700686924755,
  "pred_shift_rel_l2_median": 1.0850833654403687,
  "init_shift_rel_l2_mean": 1.0478354766964912,
  "init_shift_rel_l2_ci95": 0.08345392230225784,
  "init_shift_rel_l2_median": 1.1261954307556152,
  "delta_l2_mean": 15.449917256832123,
  "delta_l2_ci95": 3.018842818128443e-07,
  "delta_l2_median": 15.44991683959961,
  "delta_linf_mean": 0.32435481529682875,
  "delta_linf_ci95": 0.0110306534603162,
  "delta_linf_median": 0.3201332688331604,
  "delta_mean_abs_mean": 0.060362449497915804,
  "delta_mean_abs_ci95": 2.993999240130434e-05,
  "delta_mean_abs_median": 0.06038148142397404,
  "delta_rel_l2_mean": 0.011782385246090652,
  "delta_rel_l2_ci95": 0.0013116644953926045,
  "delta_rel_l2_median": 0.012387798780828334,
  "success_rel_l2_mean": 1.0,
  "success_rel_l2_ci95": 0.0,
  "success_rel_l2_median": 1.0,
  "success_mse_mean": 1.0,
  "success_mse_ci95": 0.0,
  "success_mse_median": 1.0,
  "clean_e_ran_l2_mean": 1.0335499169400464e-05,
  "clean_e_ran_l2_ci95": 2.0090833036151543e-06,
  "clean_e_ran_l2_median": 8.177174095180817e-06,
  "clean_e_nul_l2_mean": 0.04290287283947691,
  "clean_e_nul_l2_ci95": 0.0037191114498401666,
  "clean_e_nul_l2_median": 0.04098847880959511,
  "clean_e_ran_frac_mean": 0.00023636528500771298,
  "clean_e_ran_frac_ci95": 2.8070432814597063e-05,
  "clean_e_ran_frac_median": 0.00021074400934370464,
  "clean_e_nul_frac_mean": 0.999999981117633,
  "clean_e_nul_frac_ci95": 2.4915186211990028e-08,
  "clean_e_nul_frac_median": 1.0,
  "adv_e_ran_l2_mean": 26.00307261943817,
  "adv_e_ran_l2_ci95": 0.0468876057811408,
  "adv_e_ran_l2_median": 25.998648643493652,
  "adv_e_nul_l2_mean": 2.7252977900207043,
  "adv_e_nul_l2_ci95": 0.26358975544791047,
  "adv_e_nul_l2_median": 2.683575749397278,
  "adv_e_ran_frac_mean": 0.9941588098902152,
  "adv_e_ran_frac_ci95": 0.0010773749955232856,
  "adv_e_ran_frac_median": 0.9946711600804007,
  "adv_e_nul_frac_mean": 0.1041079702516621,
  "adv_e_nul_frac_ci95": 0.009959484812451428,
  "adv_e_nul_frac_median": 0.10309145510446382,
  "attack_runtime_total_sec": 12.926344078034163,
  "attack_runtime_per_example_sec": 0.4039482524385676,
  "model_name": "nsn",
  "attack_name": "adam",
  "norm": "l2",
  "eps": 0.01,
  "eps_actual": 15.449917067016601,
  "attack_init_mode": "exact",
  "eval_init_mode": "exact"
}