{
  "num_examples": 32,
  "gt_norm_mean": 26.229215562343597,
  "gt_norm_ci95": 1.7699003430208013,
  "gt_norm_median": 25.09980010986328,
  "clean_mse_mean": 1.025996945180907e-07,
  "clean_mse_ci95": 1.1660480789548427e-08,
  "clean_mse_median": 9.5558977619703e-08,
  "adv_mse_mean": 0.04094489035196602,
  "adv_mse_ci95": 0.00015384491546092277,
  "adv_mse_median": 0.04095253348350525,
  "mse_ratio_mean": 447011.75080997194,
  "mse_ratio_ci95": 58035.73386867868,
  "mse_ratio_median": 434878.86627369805,
  "clean_rel_l2_mean": 0.0015774143212183844,
  "clean_rel_l2_ci95": 0.00011414332912521247,
  "clean_rel_l2_median": 0.0015505558694712818,
  "adv_rel_l2_mean": 1.0198833402246237,
  "adv_rel_l2_ci95": 0.06113554752526845,
  "adv_rel_l2_median": 1.0309279561042786,
  "rel_l2_ratio_mean": 658.5856558638883,
  "rel_l2_ratio_ci95": 40.56203700439005,
  "rel_l2_ratio_median": 659.4524190044016,
  "clean_psnr_mean": 70.12463475941186,
  "clean_psnr_ci95": 0.5150265275794176,
  "clean_psnr_median": 70.19731557562864,
  "adv_psnr_mean": 13.87824983953892,
  "adv_psnr_ci95": 0.016296273371494897,
  "adv_psnr_median": 13.877193020145684,
  "clean_ssim_mean": 0.9997977814985025,
  "clean_ssim_ci95": 3.338262120056758e-05,
  "clean_ssim_median": 0.9998101007730946,
  "adv_ssim_mean": 0.05340893624945528,
  "adv_ssim_ci95": 0.0033063255593918355,
  "adv_ssim_median": 0.0519105820126753,
  "pred_shift_rel_l2_mean": 1.0199712738394737,
  "pred_shift_rel_l2_ci95": 0.06116654874813547,
  "pred_shift_rel_l2_median": 1.0310276746749878,
  "init_shift_rel_l2_mean": 1.0529331099241972,
  "init_shift_rel_l2_ci95": 0.0685629072977431,
  "init_shift_rel_l2_median": 1.0522350668907166,
  "delta_l2_mean": 15.319905489683151,
  "delta_l2_ci95": 3.2216709362930527e-07,
  "delta_l2_median": 15.319905281066895,
  "delta_linf_mean": 0.3189310571178794,
  "delta_linf_ci95": 0.009074977067799785,
  "delta_linf_median": 0.31522879004478455,
  "delta_mean_abs_mean": 0.05984348407946527,
  "delta_mean_abs_ci95": 2.6553857498682925e-05,
  "delta_mean_abs_median": 0.05983990244567394,
  "delta_rel_l2_mean": 0.011662780411965003,
  "delta_rel_l2_ci95": 0.001046963617225402,
  "delta_rel_l2_median": 0.011456697433355728,
  "success_rel_l2_mean": 1.0,
  "success_rel_l2_ci95": 0.0,
  "success_rel_l2_median": 1.0,
  "success_mse_mean": 1.0,
  "success_mse_ci95": 0.0,
  "success_mse_median": 1.0,
  "clean_e_ran_l2_mean": 9.589977111090775e-06,
  "clean_e_ran_l2_ci95": 1.290083452111422e-06,
  "clean_e_ran_l2_median": 8.932406672101934e-06,
  "clean_e_nul_l2_mean": 0.04045848536770791,
  "clean_e_nul_l2_ci95": 0.002337844378583584,
  "clean_e_nul_l2_median": 0.03956807777285576,
  "clean_e_ran_frac_mean": 0.00023874202005407292,
  "clean_e_ran_frac_ci95": 2.8000483469117344e-05,
  "clean_e_ran_frac_median": 0.00023929188680478876,
  "clean_e_nul_frac_mean": 0.9999999675110711,
  "clean_e_nul_frac_ci95": 1.9963878364630995e-08,
  "clean_e_nul_frac_median": 1.0,
  "adv_e_ran_l2_mean": 25.765943109989166,
  "adv_e_ran_l2_ci95": 0.0424450337732293,
  "adv_e_ran_l2_median": 25.76926612854004,
  "adv_e_nul_l2_mean": 2.5384215340018272,
  "adv_e_nul_l2_ci95": 0.24870085718940962,
  "adv_e_nul_l2_median": 2.5438499450683594,
  "adv_e_ran_frac_mean": 0.9948220236259089,
  "adv_e_ran_frac_ci95": 0.0009426752583428272,
  "adv_e_ran_frac_median": 0.995183070903924,
  "adv_e_nul_frac_mean": 0.09793799898192615,
  "adv_e_nul_frac_ci95": 0.009512009487949228,
  "adv_e_nul_frac_median": 0.09801720020390223,
  "attack_runtime_total_sec": 12.917301751673222,
  "attack_runtime_per_example_sec": 0.4036656797397882,
  "model_name": "nsn",
  "attack_name": "adam",
  "norm": "l2",
  "eps": 0.01,
  "eps_actual": 15.319905745361327,
  "attack_init_mode": "exact",
  "eval_init_mode": "exact"
}