{
  "num_examples": 32,
  "gt_norm_mean": 19.554032936692238,
  "gt_norm_ci95": 3.175656556464896,
  "gt_norm_median": 19.43148136138916,
  "gt_norm_q25": 13.664082050323486,
  "gt_norm_q75": 22.861806869506836,
  "clean_mse_mean": 0.00026567452528070135,
  "clean_mse_ci95": 6.432926170533863e-05,
  "clean_mse_median": 0.0002584782778285444,
  "clean_mse_q25": 0.00010624203423503786,
  "clean_mse_q75": 0.00033532691304571927,
  "adv_mse_mean": 0.0002656704978107882,
  "adv_mse_ci95": 6.432654184704632e-05,
  "adv_mse_median": 0.0002584865433163941,
  "adv_mse_q25": 0.00010624010974424891,
  "adv_mse_q75": 0.0003353280480951071,
  "mse_ratio_mean": 0.9999952139596122,
  "mse_ratio_ci95": 1.7326215104487465e-05,
  "mse_ratio_median": 1.0000055615565153,
  "mse_ratio_q25": 0.9999587715143197,
  "mse_ratio_q75": 1.0000276553325775,
  "clean_rel_l2_mean": 0.10566292330622673,
  "clean_rel_l2_ci95": 0.006199647105670782,
  "clean_rel_l2_median": 0.104661975055933,
  "clean_rel_l2_q25": 0.09610028564929962,
  "clean_rel_l2_q75": 0.11224446073174477,
  "adv_rel_l2_mean": 0.10566280269995332,
  "adv_rel_l2_ci95": 0.006199967607457216,
  "adv_rel_l2_median": 0.10466017946600914,
  "adv_rel_l2_q25": 0.09610152803361416,
  "adv_rel_l2_q75": 0.1122420895844698,
  "rel_l2_ratio_mean": 0.9999976089426872,
  "rel_l2_ratio_ci95": 8.66412079074577e-06,
  "rel_l2_ratio_median": 1.0000028334955724,
  "rel_l2_ratio_q25": 0.9999793766294602,
  "rel_l2_ratio_q75": 1.0000138374516392,
  "clean_psnr_mean": 32.525919010126216,
  "clean_psnr_ci95": 0.5163817660070772,
  "clean_psnr_median": 32.612159844657945,
  "clean_psnr_q25": 31.690702323403492,
  "clean_psnr_q75": 33.81583856855497,
  "adv_psnr_mean": 32.52593975640695,
  "adv_psnr_ci95": 0.5163840997819515,
  "adv_psnr_median": 32.61184808524155,
  "adv_psnr_q25": 31.690821111249164,
  "adv_psnr_q75": 33.81608079116673,
  "clean_ssim_mean": 0.8976910951445387,
  "clean_ssim_ci95": 0.018496159420789866,
  "clean_ssim_median": 0.9057646284276082,
  "clean_ssim_q25": 0.88879670807757,
  "clean_ssim_q75": 0.9352546233199642,
  "adv_ssim_mean": 0.8977107955245884,
  "adv_ssim_ci95": 0.018489482489183993,
  "adv_ssim_median": 0.905773502470937,
  "adv_ssim_q25": 0.8888352570197555,
  "adv_ssim_q75": 0.9352692512613119,
  "pred_shift_rel_l2_mean": 0.0007227652622532332,
  "pred_shift_rel_l2_ci95": 3.876499439150099e-05,
  "pred_shift_rel_l2_median": 0.0007374266861006618,
  "pred_shift_rel_l2_q25": 0.0006600862980121747,
  "pred_shift_rel_l2_q75": 0.0007687776669627056,
  "init_shift_rel_l2_mean": 0.0009920132888510125,
  "init_shift_rel_l2_ci95": 0.00012050454685855948,
  "init_shift_rel_l2_median": 0.0009208066039718688,
  "init_shift_rel_l2_q25": 0.0008132868242682889,
  "init_shift_rel_l2_q75": 0.0011011534079443663,
  "delta_l2_mean": 0.0001758865914780472,
  "delta_l2_ci95": 8.802510310840688e-07,
  "delta_l2_median": 0.00017528841271996498,
  "delta_l2_q25": 0.00017422264863853343,
  "delta_l2_q75": 0.000176963130797958,
  "delta_linf_mean": 6.323927664197981e-06,
  "delta_linf_ci95": 2.1385003007303007e-07,
  "delta_linf_median": 6.203074008226395e-06,
  "delta_linf_q25": 5.733221769332886e-06,
  "delta_linf_q75": 6.67572021484375e-06,
  "delta_mean_abs_mean": 5.555545570246068e-07,
  "delta_mean_abs_ci95": 6.429006855997689e-09,
  "delta_mean_abs_median": 5.609599327272008e-07,
  "delta_mean_abs_q25": 5.574786570150536e-07,
  "delta_mean_abs_q75": 5.642908860181706e-07,
  "delta_rel_l2_mean": 2.104642207203517e-07,
  "delta_rel_l2_ci95": 4.424531867550028e-08,
  "delta_rel_l2_median": 1.6787285274402376e-07,
  "delta_rel_l2_q25": 1.374560053566825e-07,
  "delta_rel_l2_q75": 2.2899035690622145e-07,
  "success_rel_l2_mean": 0.0,
  "success_rel_l2_ci95": 0.0,
  "success_rel_l2_median": 0.0,
  "success_rel_l2_q25": 0.0,
  "success_rel_l2_q75": 0.0,
  "success_mse_mean": 0.0,
  "success_mse_ci95": 0.0,
  "success_mse_median": 0.0,
  "success_mse_q25": 0.0,
  "success_mse_q75": 0.0,
  "clean_e_ran_l2_mean": 1.4532191734761,
  "clean_e_ran_l2_ci95": 0.2000973269966429,
  "clean_e_ran_l2_median": 1.5127142071723938,
  "clean_e_ran_l2_q25": 0.9548222720623016,
  "clean_e_ran_l2_q75": 1.6509729623794556,
  "clean_e_nul_l2_mean": 1.3124435804784298,
  "clean_e_nul_l2_ci95": 0.1555943799234541,
  "clean_e_nul_l2_median": 1.3449245691299438,
  "clean_e_nul_l2_q25": 0.9415098428726196,
  "clean_e_nul_l2_q75": 1.6041132807731628,
  "clean_e_ran_frac_mean": 0.7341794180506468,
  "clean_e_ran_frac_ci95": 0.01818112314797396,
  "clean_e_ran_frac_median": 0.7339697694740155,
  "clean_e_ran_frac_q25": 0.7062641252842922,
  "clean_e_ran_frac_q75": 0.7637990415918998,
  "clean_e_nul_frac_mean": 0.6747174634543467,
  "clean_e_nul_frac_ci95": 0.0195034238284467,
  "clean_e_nul_frac_median": 0.6791810629424655,
  "clean_e_nul_frac_q25": 0.6454536987692115,
  "clean_e_nul_frac_q75": 0.7079457634274284,
  "adv_e_ran_l2_mean": 1.4531453512609005,
  "adv_e_ran_l2_ci95": 0.20008041313782143,
  "adv_e_ran_l2_median": 1.5126387476921082,
  "adv_e_ran_l2_q25": 0.9547956436872482,
  "adv_e_ran_l2_q75": 1.6508760452270508,
  "adv_e_nul_l2_mean": 1.3125104829668999,
  "adv_e_nul_l2_ci95": 0.1556053665850209,
  "adv_e_nul_l2_median": 1.3449777960777283,
  "adv_e_nul_l2_q25": 0.9415708184242249,
  "adv_e_nul_l2_q75": 1.604186087846756,
  "adv_e_ran_frac_mean": 0.7341465682684649,
  "adv_e_ran_frac_ci95": 0.018183559371026902,
  "adv_e_ran_frac_median": 0.7339387573293772,
  "adv_e_ran_frac_q25": 0.7062396870345352,
  "adv_e_ran_frac_q75": 0.7637724915438923,
  "adv_e_nul_frac_mean": 0.6747527087899768,
  "adv_e_nul_frac_ci95": 0.01950329583055221,
  "adv_e_nul_frac_median": 0.6792146922186643,
  "adv_e_nul_frac_q25": 0.6454850304261383,
  "adv_e_nul_frac_q75": 0.7079702987178458,
  "attack_runtime_total_sec": 275.47373619675636,
  "attack_runtime_per_example_sec": 8.608554256148636,
  "model_name": "nsn",
  "attack_name": "adam",
  "norm": "l2",
  "eps": 0.05,
  "eps_actual": 63.846251600341795,
  "eps_budget_mode": "per_sample_l2",
  "attack_init_mode": "exact",
  "eval_init_mode": "exact"
}