{
  "num_examples": 32,
  "gt_norm_mean": 19.246901780366898,
  "gt_norm_ci95": 3.3146818493907912,
  "gt_norm_median": 15.661028385162354,
  "gt_norm_q25": 12.43287444114685,
  "gt_norm_q75": 25.732792377471924,
  "clean_mse_mean": 3.933885684759275e-05,
  "clean_mse_ci95": 4.3927084058883086e-05,
  "clean_mse_median": 3.1640017823519884e-06,
  "clean_mse_q25": 1.9023428308173607e-06,
  "clean_mse_q75": 1.7775422747945413e-05,
  "adv_mse_mean": 0.23038033858756535,
  "adv_mse_ci95": 0.10114860565605553,
  "adv_mse_median": 0.08360153809189796,
  "adv_mse_q25": 0.04831827525049448,
  "adv_mse_q75": 0.34946417063474655,
  "mse_ratio_mean": 26137.2110794551,
  "mse_ratio_ci95": 5116.537139080359,
  "mse_ratio_median": 26863.7316711674,
  "mse_ratio_q25": 15467.95299002347,
  "mse_ratio_q75": 34690.12548779059,
  "clean_rel_l2_mean": 0.024667877180036157,
  "clean_rel_l2_ci95": 0.010194335083669105,
  "clean_rel_l2_median": 0.014764487743377686,
  "clean_rel_l2_q25": 0.013575217686593533,
  "clean_rel_l2_q75": 0.019180952571332455,
  "adv_rel_l2_mean": 2.601740911602974,
  "adv_rel_l2_ci95": 0.1926766160517629,
  "adv_rel_l2_median": 2.5282950401306152,
  "adv_rel_l2_q25": 2.284052789211273,
  "adv_rel_l2_q75": 2.877248704433441,
  "rel_l2_ratio_mean": 152.42648788346108,
  "rel_l2_ratio_ci95": 18.96821553419601,
  "rel_l2_ratio_median": 163.90157506157354,
  "rel_l2_ratio_q25": 124.36882138607967,
  "rel_l2_ratio_q75": 186.2386980735165,
  "clean_psnr_mean": 47.1319127269045,
  "clean_psnr_ci95": 2.0283044819018206,
  "clean_psnr_median": 49.327588281691995,
  "clean_psnr_q25": 44.581067068234006,
  "clean_psnr_q75": 51.06945811261156,
  "adv_psnr_mean": 4.481592935823782,
  "adv_psnr_ci95": 1.389227543143934,
  "adv_psnr_median": 4.6769423859069885,
  "adv_psnr_q25": 2.2520495513639807,
  "adv_psnr_q75": 6.974349540177128,
  "clean_ssim_mean": 0.9906381179233497,
  "clean_ssim_ci95": 0.0028023495946297348,
  "clean_ssim_median": 0.9930798454018441,
  "clean_ssim_q25": 0.9895514022359697,
  "clean_ssim_q75": 0.9955441134270241,
  "adv_ssim_mean": 0.504007559747202,
  "adv_ssim_ci95": 0.057182238048559764,
  "adv_ssim_median": 0.526918606952471,
  "adv_ssim_q25": 0.4016983158988639,
  "adv_ssim_q75": 0.631124558696114,
  "pred_shift_rel_l2_mean": 2.5973130390048027,
  "pred_shift_rel_l2_ci95": 0.19414041385071099,
  "pred_shift_rel_l2_median": 2.5239673852920532,
  "pred_shift_rel_l2_q25": 2.2760918140411377,
  "pred_shift_rel_l2_q75": 2.875047981739044,
  "init_shift_rel_l2_mean": 3.300417460501194,
  "init_shift_rel_l2_ci95": 0.12259890307735084,
  "init_shift_rel_l2_median": 3.2284741401672363,
  "init_shift_rel_l2_q25": 3.047921359539032,
  "init_shift_rel_l2_q75": 3.5173619985580444,
  "delta_l2_mean": 56.043670415878296,
  "delta_l2_ci95": 12.22257223582137,
  "delta_l2_median": 40.42455291748047,
  "delta_l2_q25": 31.539671421051025,
  "delta_l2_q75": 80.49868202209473,
  "delta_linf_mean": 1.8663126192986965,
  "delta_linf_ci95": 0.42970471974459473,
  "delta_linf_median": 1.3123303651809692,
  "delta_linf_q25": 0.9795122295618057,
  "delta_linf_q75": 2.6822295784950256,
  "delta_mean_abs_mean": 0.20319450460374355,
  "delta_mean_abs_ci95": 0.0435094944530364,
  "delta_mean_abs_median": 0.14688750356435776,
  "delta_mean_abs_q25": 0.11580861918628216,
  "delta_mean_abs_q75": 0.2942897602915764,
  "delta_rel_l2_mean": 0.0500000242827172,
  "delta_rel_l2_ci95": 2.2389545560768913e-09,
  "delta_rel_l2_median": 0.050000024981087056,
  "delta_rel_l2_q25": 0.05000002078072803,
  "delta_rel_l2_q75": 0.050000028781513106,
  "success_rel_l2_mean": 1.0,
  "success_rel_l2_ci95": 0.0,
  "success_rel_l2_median": 1.0,
  "success_rel_l2_q25": 1.0,
  "success_rel_l2_q75": 1.0,
  "success_mse_mean": 1.0,
  "success_mse_ci95": 0.0,
  "success_mse_median": 1.0,
  "success_mse_q25": 1.0,
  "success_mse_q75": 1.0,
  "clean_e_ran_l2_mean": 0.33419539453461766,
  "clean_e_ran_l2_ci95": 0.11959582308209402,
  "clean_e_ran_l2_median": 0.17974556982517242,
  "clean_e_ran_l2_q25": 0.13826953992247581,
  "clean_e_ran_l2_q75": 0.43325770646333694,
  "clean_e_nul_l2_mean": 0.35835759923793375,
  "clean_e_nul_l2_ci95": 0.18924519666797135,
  "clean_e_nul_l2_median": 0.13826829940080643,
  "clean_e_nul_l2_q25": 0.11053434759378433,
  "clean_e_nul_l2_q75": 0.3268044665455818,
  "clean_e_ran_frac_mean": 0.7534704359547861,
  "clean_e_ran_frac_ci95": 0.029563594853286156,
  "clean_e_ran_frac_median": 0.7836358928377829,
  "clean_e_ran_frac_q25": 0.7650061766215868,
  "clean_e_ran_frac_q75": 0.7977870131069958,
  "clean_e_nul_frac_mean": 0.6476754787368632,
  "clean_e_nul_frac_ci95": 0.026684294721857675,
  "clean_e_nul_frac_median": 0.6212197610367185,
  "clean_e_nul_frac_q25": 0.6029391995079499,
  "clean_e_nul_frac_q75": 0.6440229795556593,
  "adv_e_ran_l2_mean": 21.245423033833504,
  "adv_e_ran_l2_ci95": 4.441181114658662,
  "adv_e_ran_l2_median": 15.292752742767334,
  "adv_e_ran_l2_q25": 11.736932277679443,
  "adv_e_ran_l2_q75": 29.84646511077881,
  "adv_e_nul_l2_mean": 47.44853574037552,
  "adv_e_nul_l2_ci95": 10.63478115280087,
  "adv_e_nul_l2_median": 34.46561050415039,
  "adv_e_nul_l2_q25": 25.560357570648193,
  "adv_e_nul_l2_q75": 70.19137954711914,
  "adv_e_ran_frac_mean": 0.4211361437992035,
  "adv_e_ran_frac_ci95": 0.023984236529498357,
  "adv_e_ran_frac_median": 0.4156133341626243,
  "adv_e_ran_frac_q25": 0.3742956488626197,
  "adv_e_ran_frac_q75": 0.4632726164127383,
  "adv_e_nul_frac_mean": 0.9038476953435518,
  "adv_e_nul_frac_ci95": 0.01147158480621361,
  "adv_e_nul_frac_median": 0.90951462035465,
  "adv_e_nul_frac_q25": 0.8862021420707563,
  "adv_e_nul_frac_q75": 0.9272151133136041,
  "attack_runtime_total_sec": 57.96039703115821,
  "attack_runtime_per_example_sec": 1.811262407223694,
  "model_name": "resnet",
  "attack_name": "adam",
  "norm": "l2",
  "eps": 0.05,
  "eps_actual": 64.02793199203492,
  "eps_budget_mode": "per_sample_l2",
  "attack_init_mode": "exact",
  "eval_init_mode": "exact"
}