{
  "num_examples": 32,
  "gt_norm_mean": 19.246901780366898,
  "gt_norm_ci95": 3.3146818493907912,
  "gt_norm_median": 15.661028385162354,
  "clean_mse_mean": 3.933885684759275e-05,
  "clean_mse_ci95": 4.3927084058883086e-05,
  "clean_mse_median": 3.1640017823519884e-06,
  "adv_mse_mean": 0.20969436573795974,
  "adv_mse_ci95": 0.044999940514491264,
  "adv_mse_median": 0.15322056412696838,
  "mse_ratio_mean": 49982.970261430644,
  "mse_ratio_ci95": 15470.946279012482,
  "mse_ratio_median": 38318.6017637989,
  "clean_rel_l2_mean": 0.024667877180036157,
  "clean_rel_l2_ci95": 0.010194335083669105,
  "clean_rel_l2_median": 0.014764487743377686,
  "adv_rel_l2_mean": 3.320031836628914,
  "adv_rel_l2_ci95": 0.3666434677971367,
  "adv_rel_l2_median": 3.111194133758545,
  "rel_l2_ratio_mean": 199.95840990842746,
  "rel_l2_ratio_ci95": 35.20192111228021,
  "rel_l2_ratio_median": 195.66656319660905,
  "clean_psnr_mean": 47.1319127269045,
  "clean_psnr_ci95": 2.0283044819018206,
  "clean_psnr_median": 49.327588281691995,
  "adv_psnr_mean": 2.598463213517171,
  "adv_psnr_ci95": 1.0391670829711008,
  "adv_psnr_median": 2.512043120535936,
  "clean_ssim_mean": 0.9906381179233497,
  "clean_ssim_ci95": 0.0028023495946297348,
  "clean_ssim_median": 0.9930798454018441,
  "adv_ssim_mean": 0.39902357752684003,
  "adv_ssim_ci95": 0.048915461194961936,
  "adv_ssim_median": 0.411852061592669,
  "pred_shift_rel_l2_mean": 3.3132116682827473,
  "pred_shift_rel_l2_ci95": 0.36601627146216636,
  "pred_shift_rel_l2_median": 3.067656636238098,
  "init_shift_rel_l2_mean": 4.644459132105112,
  "init_shift_rel_l2_ci95": 0.6613438234612058,
  "init_shift_rel_l2_median": 4.804384469985962,
  "delta_l2_mean": 64.02793145179749,
  "delta_l2_ci95": 1.2533366843020717e-06,
  "delta_l2_median": 64.0279312133789,
  "delta_linf_mean": 2.159972667694092,
  "delta_linf_ci95": 0.1107608045117641,
  "delta_linf_median": 2.107769727706909,
  "delta_mean_abs_mean": 0.2346073896624148,
  "delta_mean_abs_ci95": 0.0006551660576452808,
  "delta_mean_abs_median": 0.23442364484071732,
  "delta_rel_l2_mean": 0.0772690451620518,
  "delta_rel_l2_ci95": 0.013045931001628784,
  "delta_rel_l2_median": 0.07920456473794034,
  "success_rel_l2_mean": 1.0,
  "success_rel_l2_ci95": 0.0,
  "success_rel_l2_median": 1.0,
  "success_mse_mean": 1.0,
  "success_mse_ci95": 0.0,
  "success_mse_median": 1.0,
  "clean_e_ran_l2_mean": 0.33419539453461766,
  "clean_e_ran_l2_ci95": 0.11959582308209402,
  "clean_e_ran_l2_median": 0.17974556982517242,
  "clean_e_nul_l2_mean": 0.35835759923793375,
  "clean_e_nul_l2_ci95": 0.18924519666797135,
  "clean_e_nul_l2_median": 0.13826829940080643,
  "clean_e_ran_frac_mean": 0.7534704359547861,
  "clean_e_ran_frac_ci95": 0.029563594853286156,
  "clean_e_ran_frac_median": 0.7836358928377829,
  "clean_e_nul_frac_mean": 0.6476754787368632,
  "clean_e_nul_frac_ci95": 0.026684294721857675,
  "clean_e_nul_frac_median": 0.6212197610367185,
  "adv_e_ran_l2_mean": 23.21334597468376,
  "adv_e_ran_l2_ci95": 1.5090800763251258,
  "adv_e_ran_l2_median": 23.109807014465332,
  "adv_e_nul_l2_mean": 51.20422828197479,
  "adv_e_nul_l2_ci95": 5.638171636940122,
  "adv_e_nul_l2_median": 45.255958557128906,
  "adv_e_ran_frac_mean": 0.4251301855977181,
  "adv_e_ran_frac_ci95": 0.024142877425988783,
  "adv_e_ran_frac_median": 0.41184819801091166,
  "adv_e_nul_frac_mean": 0.9018877941250649,
  "adv_e_nul_frac_ci95": 0.011986127228709044,
  "adv_e_nul_frac_median": 0.9112459633057737,
  "attack_runtime_total_sec": 57.936083413660526,
  "attack_runtime_per_example_sec": 1.8105026066768914,
  "model_name": "resnet",
  "attack_name": "adam",
  "norm": "l2",
  "eps": 0.05,
  "eps_actual": 64.02793199203492,
  "attack_init_mode": "exact",
  "eval_init_mode": "exact"
}