{
  "num_examples": 32,
  "gt_norm_mean": 19.554032936692238,
  "gt_norm_ci95": 3.175656556464896,
  "gt_norm_median": 19.43148136138916,
  "gt_norm_q25": 13.664082050323486,
  "gt_norm_q75": 22.861806869506836,
  "clean_mse_mean": 7.191598022870949e-06,
  "clean_mse_ci95": 3.43137081539001e-06,
  "clean_mse_median": 4.195616156721371e-06,
  "clean_mse_q25": 2.0121538568673714e-06,
  "clean_mse_q75": 8.473303978462354e-06,
  "adv_mse_mean": 0.2440447558183223,
  "adv_mse_ci95": 0.14105956529459907,
  "adv_mse_median": 0.11237626895308495,
  "adv_mse_q25": 0.06689102202653885,
  "adv_mse_q75": 0.21475505083799362,
  "mse_ratio_mean": 32162.07795176852,
  "mse_ratio_ci95": 5702.7548276958205,
  "mse_ratio_median": 32099.857785674172,
  "mse_ratio_q25": 20435.470140756275,
  "mse_ratio_q75": 46711.076523404554,
  "clean_rel_l2_mean": 0.01546810319996439,
  "clean_rel_l2_ci95": 0.0012916999011928542,
  "clean_rel_l2_median": 0.014353456906974316,
  "clean_rel_l2_q25": 0.013100125128403306,
  "clean_rel_l2_q75": 0.01639317302033305,
  "adv_rel_l2_mean": 2.5477159321308136,
  "adv_rel_l2_ci95": 0.19529748131360314,
  "adv_rel_l2_median": 2.4166818857192993,
  "adv_rel_l2_q25": 2.1926464438438416,
  "adv_rel_l2_q75": 2.829849362373352,
  "rel_l2_ratio_mean": 172.62747289352382,
  "rel_l2_ratio_ci95": 17.108010745053576,
  "rel_l2_ratio_median": 179.14069990542,
  "rel_l2_ratio_q25": 142.74584805053698,
  "rel_l2_ratio_q75": 216.02038251392216,
  "clean_psnr_mean": 49.30840352172508,
  "clean_psnr_ci95": 0.9636945649148527,
  "clean_psnr_median": 49.77035961716621,
  "clean_psnr_q25": 47.91948529778359,
  "clean_psnr_q75": 51.39359590515772,
  "adv_psnr_mean": 4.969621981928592,
  "adv_psnr_ci95": 1.4308465091166178,
  "adv_psnr_median": 5.587467465169678,
  "adv_psnr_q25": 2.567154879005604,
  "adv_psnr_q75": 7.626152257073711,
  "clean_ssim_mean": 0.9929406654512176,
  "clean_ssim_ci95": 0.0018159517272946272,
  "clean_ssim_median": 0.994650856449347,
  "clean_ssim_q25": 0.9920080197813352,
  "clean_ssim_q75": 0.9959100601412265,
  "adv_ssim_mean": 0.5005960714279258,
  "adv_ssim_ci95": 0.06011714277584518,
  "adv_ssim_median": 0.5400676848270056,
  "adv_ssim_q25": 0.41829460926918693,
  "adv_ssim_q75": 0.6304220908937412,
  "pred_shift_rel_l2_mean": 2.5458082035183907,
  "pred_shift_rel_l2_ci95": 0.19450366999515376,
  "pred_shift_rel_l2_median": 2.415026903152466,
  "pred_shift_rel_l2_q25": 2.193403959274292,
  "pred_shift_rel_l2_q75": 2.8278690576553345,
  "init_shift_rel_l2_mean": 3.4054166302084923,
  "init_shift_rel_l2_ci95": 0.1661806551130319,
  "init_shift_rel_l2_median": 3.304007411003113,
  "init_shift_rel_l2_q25": 3.1354318857192993,
  "init_shift_rel_l2_q75": 3.7407076358795166,
  "delta_l2_mean": 57.91922950744629,
  "delta_l2_ci95": 12.905476486665794,
  "delta_l2_median": 52.69058799743652,
  "delta_l2_q25": 37.92558670043945,
  "delta_l2_q75": 64.6236343383789,
  "delta_linf_mean": 1.8589026993140578,
  "delta_linf_ci95": 0.4335381249228465,
  "delta_linf_median": 1.7328513860702515,
  "delta_linf_q25": 1.0470545291900635,
  "delta_linf_q75": 2.1784161925315857,
  "delta_mean_abs_mean": 0.21245554380584508,
  "delta_mean_abs_ci95": 0.04618042493886297,
  "delta_mean_abs_median": 0.19487881660461426,
  "delta_mean_abs_q25": 0.14039504155516624,
  "delta_mean_abs_q75": 0.23922988772392273,
  "delta_rel_l2_mean": 0.05000002750397922,
  "delta_rel_l2_ci95": 2.3736578089790538e-09,
  "delta_rel_l2_median": 0.050000026688006724,
  "delta_rel_l2_q25": 0.05000002305953484,
  "delta_rel_l2_q75": 0.050000030763119443,
  "success_rel_l2_mean": 1.0,
  "success_rel_l2_ci95": 0.0,
  "success_rel_l2_median": 1.0,
  "success_rel_l2_q25": 1.0,
  "success_rel_l2_q75": 1.0,
  "success_mse_mean": 1.0,
  "success_mse_ci95": 0.0,
  "success_mse_median": 1.0,
  "success_mse_q25": 1.0,
  "success_mse_q75": 1.0,
  "clean_e_ran_l2_mean": 0.22781610931269825,
  "clean_e_ran_l2_ci95": 0.04345087102637813,
  "clean_e_ran_l2_median": 0.2057250514626503,
  "clean_e_ran_l2_q25": 0.13784443959593773,
  "clean_e_ran_l2_q75": 0.28285597264766693,
  "clean_e_nul_l2_mean": 0.19627415668219328,
  "clean_e_nul_l2_ci95": 0.03883200126939826,
  "clean_e_nul_l2_median": 0.17059458792209625,
  "clean_e_nul_l2_q25": 0.11817777343094349,
  "clean_e_nul_l2_q75": 0.24256322532892227,
  "clean_e_ran_frac_mean": 0.7586892362601407,
  "clean_e_ran_frac_ci95": 0.013541515378694694,
  "clean_e_ran_frac_median": 0.758601967469555,
  "clean_e_ran_frac_q25": 0.7366559241694648,
  "clean_e_ran_frac_q75": 0.7876159707980743,
  "clean_e_nul_frac_mean": 0.6487765674923522,
  "clean_e_nul_frac_ci95": 0.0157427903740656,
  "clean_e_nul_frac_median": 0.6515537664846485,
  "clean_e_nul_frac_q25": 0.6161299064924595,
  "clean_e_nul_frac_q75": 0.676259892837742,
  "adv_e_ran_l2_mean": 20.857877552509308,
  "adv_e_ran_l2_ci95": 4.971388468127754,
  "adv_e_ran_l2_median": 18.313913345336914,
  "adv_e_ran_l2_q25": 12.235182046890259,
  "adv_e_ran_l2_q75": 22.936184406280518,
  "adv_e_nul_l2_mean": 48.14297994971275,
  "adv_e_nul_l2_ci95": 11.386271310339598,
  "adv_e_nul_l2_median": 38.876848220825195,
  "adv_e_nul_l2_q25": 30.347546100616455,
  "adv_e_nul_l2_q75": 54.89429473876953,
  "adv_e_ran_frac_mean": 0.4027107828502431,
  "adv_e_ran_frac_ci95": 0.02155073893251575,
  "adv_e_ran_frac_median": 0.40813955719526906,
  "adv_e_ran_frac_q25": 0.3561980785054181,
  "adv_e_ran_frac_q75": 0.44811069432130074,
  "adv_e_nul_frac_mean": 0.9128737953089029,
  "adv_e_nul_frac_ci95": 0.009562013112922794,
  "adv_e_nul_frac_median": 0.9129195535999051,
  "adv_e_nul_frac_q25": 0.893978047851537,
  "adv_e_nul_frac_q75": 0.9344104257240009,
  "attack_runtime_total_sec": 58.0209631472826,
  "attack_runtime_per_example_sec": 1.8131550983525813,
  "model_name": "resnet",
  "attack_name": "adam",
  "norm": "l2",
  "eps": 0.05,
  "eps_actual": 63.846251600341795,
  "eps_budget_mode": "per_sample_l2",
  "attack_init_mode": "exact",
  "eval_init_mode": "exact"
}