{
  "num_examples": 32,
  "gt_norm_mean": 19.806160181760788,
  "gt_norm_ci95": 2.9469057162341947,
  "gt_norm_median": 18.65426254272461,
  "gt_norm_q25": 12.793537616729736,
  "gt_norm_q75": 26.20080327987671,
  "clean_mse_mean": 1.7656718863889864e-05,
  "clean_mse_ci95": 1.1367461449100967e-05,
  "clean_mse_median": 7.679949248995399e-06,
  "clean_mse_q25": 3.6738778135259054e-06,
  "clean_mse_q75": 1.555162748445582e-05,
  "adv_mse_mean": 0.17751990200486034,
  "adv_mse_ci95": 0.09498392726628947,
  "adv_mse_median": 0.07344923168420792,
  "adv_mse_q25": 0.03623749176040292,
  "adv_mse_q75": 0.21055634692311287,
  "mse_ratio_mean": 15145.183456326213,
  "mse_ratio_ci95": 3329.634124321294,
  "mse_ratio_median": 15860.835382468416,
  "mse_ratio_q25": 6297.5715148840545,
  "mse_ratio_q75": 23274.076677396257,
  "clean_rel_l2_mean": 0.02235429544816725,
  "clean_rel_l2_ci95": 0.005255791497411031,
  "clean_rel_l2_median": 0.017155254259705544,
  "clean_rel_l2_q25": 0.014801344368606806,
  "clean_rel_l2_q75": 0.020705293398350477,
  "adv_rel_l2_mean": 2.086941199377179,
  "adv_rel_l2_ci95": 0.21969717054750426,
  "adv_rel_l2_median": 1.9687588214874268,
  "adv_rel_l2_q25": 1.6981713771820068,
  "adv_rel_l2_q75": 2.4060169458389282,
  "rel_l2_ratio_mean": 114.38402114679869,
  "rel_l2_ratio_ci95": 15.983224544784308,
  "rel_l2_ratio_median": 125.92600213387769,
  "rel_l2_ratio_q25": 79.3510695046385,
  "rel_l2_ratio_q75": 152.55746571156135,
  "clean_psnr_mean": 46.83043612748834,
  "clean_psnr_ci95": 1.3669835645131427,
  "clean_psnr_median": 47.7757525421688,
  "clean_psnr_q25": 44.576114130045234,
  "clean_psnr_q75": 50.04028786943823,
  "adv_psnr_mean": 6.7822139062959055,
  "adv_psnr_ci95": 1.7684623283333463,
  "adv_psnr_median": 6.920680766421745,
  "adv_psnr_q25": 4.068693384652338,
  "adv_psnr_q75": 9.757460757097082,
  "clean_ssim_mean": 0.9849938851655122,
  "clean_ssim_ci95": 0.003885203648873142,
  "clean_ssim_median": 0.988859148529373,
  "clean_ssim_q25": 0.9830180642582868,
  "clean_ssim_q75": 0.9922626057929551,
  "adv_ssim_mean": 0.444513690416822,
  "adv_ssim_ci95": 0.06682467885297613,
  "adv_ssim_median": 0.45936314719768534,
  "adv_ssim_q25": 0.3208550575596606,
  "adv_ssim_q75": 0.5905341672439234,
  "clean_mae_mean": 0.001649874518989236,
  "clean_mae_ci95": 0.0003274790243502632,
  "clean_mae_median": 0.0013162544928491116,
  "clean_mae_q25": 0.0010123130632564425,
  "clean_mae_q75": 0.0019313973607495427,
  "adv_mae_mean": 0.08455475125811063,
  "adv_mae_ci95": 0.024746680088787894,
  "adv_mae_median": 0.06001027300953865,
  "adv_mae_q25": 0.03776965755969286,
  "adv_mae_q75": 0.11138413660228252,
  "clean_nrmse_mean": 0.005091610481484312,
  "clean_nrmse_ci95": 0.0009646927203221447,
  "clean_nrmse_median": 0.004086237897492051,
  "clean_nrmse_q25": 0.0031482121547158,
  "clean_nrmse_q75": 0.00590473430636609,
  "adv_nrmse_mean": 0.5449425942275292,
  "adv_nrmse_ci95": 0.12662879940827892,
  "adv_nrmse_median": 0.4507938180007921,
  "adv_nrmse_q25": 0.3253038363417553,
  "adv_nrmse_q75": 0.6267338688391997,
  "clean_max_err_mean": 0.10796475363895297,
  "clean_max_err_ci95": 0.028863895288489393,
  "clean_max_err_median": 0.08599047362804413,
  "clean_max_err_q25": 0.04314509034156799,
  "clean_max_err_q75": 0.1622677594423294,
  "adv_max_err_mean": 4.383926421403885,
  "adv_max_err_ci95": 0.8415731708642505,
  "adv_max_err_median": 3.925352096557617,
  "adv_max_err_q25": 2.738494575023651,
  "adv_max_err_q75": 5.48100733757019,
  "clean_init_rel_l2_mean": 0.3665603967383504,
  "clean_init_rel_l2_ci95": 0.038403306013622636,
  "clean_init_rel_l2_median": 0.35208597779273987,
  "clean_init_rel_l2_q25": 0.3001028299331665,
  "clean_init_rel_l2_q75": 0.37695785611867905,
  "adv_init_rel_l2_mean": 3.4040475338697433,
  "adv_init_rel_l2_ci95": 0.226918445455339,
  "adv_init_rel_l2_median": 3.375594973564148,
  "adv_init_rel_l2_q25": 3.174619197845459,
  "adv_init_rel_l2_q75": 3.826433837413788,
  "init_rel_l2_ratio_mean": 10.051272140510683,
  "init_rel_l2_ratio_ci95": 1.032849054121926,
  "init_rel_l2_ratio_median": 10.793828425050076,
  "init_rel_l2_ratio_q25": 8.931607040224566,
  "init_rel_l2_ratio_q75": 12.358370460833449,
  "clean_init_psnr_mean": 21.770101520711616,
  "clean_init_psnr_ci95": 1.150549673679535,
  "clean_init_psnr_median": 21.902652531932308,
  "clean_init_psnr_q25": 20.421128931234048,
  "clean_init_psnr_q75": 23.885292476453795,
  "adv_init_psnr_mean": 2.275600754358829,
  "adv_init_psnr_ci95": 1.3972225386743138,
  "adv_init_psnr_median": 2.6197409553138518,
  "adv_init_psnr_q25": 0.2093398117917626,
  "adv_init_psnr_q75": 4.752460335457569,
  "clean_init_ssim_mean": 0.18507351933738528,
  "clean_init_ssim_ci95": 0.030001286716356445,
  "clean_init_ssim_median": 0.16158426217636884,
  "clean_init_ssim_q25": 0.13307457795689728,
  "clean_init_ssim_q75": 0.21259884043133606,
  "adv_init_ssim_mean": 0.018116094605081394,
  "adv_init_ssim_ci95": 0.0032236451848203914,
  "adv_init_ssim_median": 0.01710251235677173,
  "adv_init_ssim_q25": 0.014364594584381543,
  "adv_init_ssim_q75": 0.01972448126425718,
  "clean_init_mae_mean": 0.040868057461921126,
  "clean_init_mae_ci95": 0.007575174640980243,
  "clean_init_mae_median": 0.035782722756266594,
  "clean_init_mae_q25": 0.02316789049655199,
  "clean_init_mae_q75": 0.04952391982078552,
  "adv_init_mae_mean": 0.40327570773661137,
  "adv_init_mae_ci95": 0.07979662468961712,
  "adv_init_mae_median": 0.32668375968933105,
  "adv_init_mae_q25": 0.21793340891599655,
  "adv_init_mae_q75": 0.5183515399694443,
  "pred_shift_rel_l2_mean": 2.093071073293686,
  "pred_shift_rel_l2_ci95": 0.21984334571484884,
  "pred_shift_rel_l2_median": 1.979409098625183,
  "pred_shift_rel_l2_q25": 1.6967759430408478,
  "pred_shift_rel_l2_q75": 2.452303111553192,
  "init_shift_rel_l2_mean": 3.41649179905653,
  "init_shift_rel_l2_ci95": 0.1767214002451858,
  "init_shift_rel_l2_median": 3.3754457235336304,
  "init_shift_rel_l2_q25": 3.1635923981666565,
  "init_shift_rel_l2_q75": 3.752181649208069,
  "delta_l2_mean": 58.71477699279785,
  "delta_l2_ci95": 12.319911296250462,
  "delta_l2_median": 46.47352600097656,
  "delta_l2_q25": 33.1133828163147,
  "delta_l2_q75": 73.21552848815918,
  "delta_linf_mean": 2.005628624930978,
  "delta_linf_ci95": 0.4304990586405728,
  "delta_linf_median": 1.6119807362556458,
  "delta_linf_q25": 1.0868418216705322,
  "delta_linf_q75": 2.5375569462776184,
  "delta_mean_abs_mean": 0.21490955166518688,
  "delta_mean_abs_ci95": 0.04459543255897686,
  "delta_mean_abs_median": 0.17275400459766388,
  "delta_mean_abs_q25": 0.12085855007171631,
  "delta_mean_abs_q75": 0.2694121450185776,
  "delta_rel_l2_mean": 0.050000025800467744,
  "delta_rel_l2_ci95": 2.0471849672768453e-09,
  "delta_rel_l2_median": 0.05000002522732619,
  "delta_rel_l2_q25": 0.05000002207803102,
  "delta_rel_l2_q75": 0.05000002935137918,
  "success_rel_l2_mean": 1.0,
  "success_rel_l2_ci95": 0.0,
  "success_rel_l2_median": 1.0,
  "success_rel_l2_q25": 1.0,
  "success_rel_l2_q75": 1.0,
  "success_mse_mean": 1.0,
  "success_mse_ci95": 0.0,
  "success_mse_median": 1.0,
  "success_mse_q25": 1.0,
  "success_mse_q75": 1.0,
  "clean_e_ran_l2_mean": 0.3242219735402614,
  "clean_e_ran_l2_ci95": 0.07613292854729811,
  "clean_e_ran_l2_median": 0.2785230726003647,
  "clean_e_ran_l2_q25": 0.18413691967725754,
  "clean_e_ran_l2_q75": 0.38782361149787903,
  "clean_e_nul_l2_mean": 0.2878236058168113,
  "clean_e_nul_l2_ci95": 0.08222089938590736,
  "clean_e_nul_l2_median": 0.22620338946580887,
  "clean_e_nul_l2_q25": 0.15773506835103035,
  "clean_e_nul_l2_q75": 0.31930628418922424,
  "clean_e_ran_frac_mean": 0.7575629867436204,
  "clean_e_ran_frac_ci95": 0.01591387461567894,
  "clean_e_ran_frac_median": 0.7664994633537143,
  "clean_e_ran_frac_q25": 0.7200112445595844,
  "clean_e_ran_frac_q75": 0.7884891497265671,
  "clean_e_nul_frac_mean": 0.6490140792712816,
  "clean_e_nul_frac_ci95": 0.018744888422421984,