{
  "num_examples": 32,
  "gt_norm_mean": 19.554032936692238,
  "gt_norm_ci95": 3.175656556464896,
  "gt_norm_median": 19.43148136138916,
  "gt_norm_q25": 13.664082050323486,
  "gt_norm_q75": 22.861806869506836,
  "clean_mse_mean": 8.422457089096724e-06,
  "clean_mse_ci95": 3.195370046243803e-06,
  "clean_mse_median": 5.841542133566691e-06,
  "clean_mse_q25": 3.480098598629411e-06,
  "clean_mse_q75": 1.0954600156765082e-05,
  "adv_mse_mean": 0.0007975345320971883,
  "adv_mse_ci95": 0.0007543232941228234,
  "adv_mse_median": 0.0002447713050059974,
  "adv_mse_q25": 9.768387462827377e-05,
  "adv_mse_q75": 0.00038853131263749674,
  "mse_ratio_mean": 59.89534107307801,
  "mse_ratio_ci95": 20.26079710655163,
  "mse_ratio_median": 36.99602919051661,
  "mse_ratio_q25": 20.3969612830902,
  "mse_ratio_q75": 85.3587749193302,
  "clean_rel_l2_mean": 0.017971089255297557,
  "clean_rel_l2_ci95": 0.0016501597818108968,
  "clean_rel_l2_median": 0.016334320418536663,
  "clean_rel_l2_q25": 0.015123863704502583,
  "clean_rel_l2_q75": 0.01959540555253625,
  "adv_rel_l2_mean": 0.11870178673416376,
  "adv_rel_l2_ci95": 0.018561364116726226,
  "adv_rel_l2_median": 0.1149391196668148,
  "adv_rel_l2_q25": 0.07466411776840687,
  "adv_rel_l2_q75": 0.14265042170882225,
  "rel_l2_ratio_mean": 6.974301915014497,
  "rel_l2_ratio_ci95": 1.1809656590206254,
  "rel_l2_ratio_median": 6.082417066558845,
  "rel_l2_ratio_q25": 4.515427578597004,
  "rel_l2_ratio_q75": 9.238100530735666,
  "clean_psnr_mean": 48.051602871226734,
  "clean_psnr_ci95": 0.8774458061731301,
  "clean_psnr_median": 48.30300034204593,
  "clean_psnr_q25": 46.89520480224018,
  "clean_psnr_q75": 49.983702607982956,
  "adv_psnr_mean": 32.19613743734898,
  "adv_psnr_ci95": 1.9670564947974634,
  "adv_psnr_median": 33.60415881283538,
  "adv_psnr_q25": 28.272251948226522,
  "adv_psnr_q75": 35.482131174489794,
  "clean_ssim_mean": 0.992745975033575,
  "clean_ssim_ci95": 0.0011252951056759783,
  "clean_ssim_median": 0.993777773357293,
  "clean_ssim_q25": 0.9915607390273037,
  "clean_ssim_q75": 0.9947016132513431,
  "adv_ssim_mean": 0.966549170502438,
  "adv_ssim_ci95": 0.012302196066308939,
  "adv_ssim_median": 0.9788841664523158,
  "adv_ssim_q25": 0.9552376914209502,
  "adv_ssim_q75": 0.9889786730041372,
  "pred_shift_rel_l2_mean": 0.11457550071645528,
  "pred_shift_rel_l2_ci95": 0.018902821719597288,
  "pred_shift_rel_l2_median": 0.10828081890940666,
  "pred_shift_rel_l2_q25": 0.07156716100871563,
  "pred_shift_rel_l2_q75": 0.14145100861787796,
  "init_shift_rel_l2_mean": 0.020400348235853016,
  "init_shift_rel_l2_ci95": 0.001216975178915079,
  "init_shift_rel_l2_median": 0.019516948610544205,
  "init_shift_rel_l2_q25": 0.018044035881757736,
  "init_shift_rel_l2_q75": 0.022483618464320898,
  "delta_l2_mean": 5.791922759264708,
  "delta_l2_ci95": 1.2905476085163028,
  "delta_l2_median": 5.2690589427948,
  "delta_l2_q25": 3.7925588488578796,
  "delta_l2_q75": 6.462362885475159,
  "delta_linf_mean": 0.12366914947051555,
  "delta_linf_ci95": 0.024989996429841337,
  "delta_linf_median": 0.10977166146039963,
  "delta_linf_q25": 0.0750331599265337,
  "delta_linf_q75": 0.14305609464645386,
  "delta_mean_abs_mean": 0.020328157814219594,
  "delta_mean_abs_ci95": 0.004859441414439081,
  "delta_mean_abs_median": 0.018041115254163742,
  "delta_mean_abs_q25": 0.012868129881098866,
  "delta_mean_abs_q75": 0.021857616025954485,
  "delta_rel_l2_mean": 0.00500000260190968,
  "delta_rel_l2_ci95": 2.49665826611173e-10,
  "delta_rel_l2_median": 0.005000002414093098,
  "delta_rel_l2_q25": 0.005000002201690034,
  "delta_rel_l2_q75": 0.005000002900462838,
  "success_rel_l2_mean": 1.0,
  "success_rel_l2_ci95": 0.0,
  "success_rel_l2_median": 1.0,
  "success_rel_l2_q25": 1.0,
  "success_rel_l2_q75": 1.0,
  "success_mse_mean": 1.0,
  "success_mse_ci95": 0.0,
  "success_mse_median": 1.0,
  "success_mse_q25": 1.0,
  "success_mse_q75": 1.0,
  "clean_e_ran_l2_mean": 0.2712310466449708,
  "clean_e_ran_l2_ci95": 0.050214496059212466,
  "clean_e_ran_l2_median": 0.2493056058883667,
  "clean_e_ran_l2_q25": 0.16839110851287842,
  "clean_e_ran_l2_q75": 0.32365043461322784,
  "clean_e_nul_l2_mean": 0.19658541167154908,
  "clean_e_nul_l2_ci95": 0.02595006153092742,
  "clean_e_nul_l2_median": 0.1842409074306488,
  "clean_e_nul_l2_q25": 0.13464396446943283,
  "clean_e_nul_l2_q75": 0.2681182399392128,
  "clean_e_ran_frac_mean": 0.7934872270380564,
  "clean_e_ran_frac_ci95": 0.02166196453770471,
  "clean_e_ran_frac_median": 0.7953634276867132,
  "clean_e_ran_frac_q25": 0.7593591619412968,
  "clean_e_ran_frac_q75": 0.8199675651065922,
  "clean_e_nul_frac_mean": 0.5996687364723915,
  "clean_e_nul_frac_ci95": 0.02942920103864438,
  "clean_e_nul_frac_median": 0.6061265248497905,
  "clean_e_nul_frac_q25": 0.5722879420885181,
  "clean_e_nul_frac_q75": 0.6506551153831106,
  "adv_e_ran_l2_mean": 1.4286690442822874,
  "adv_e_ran_l2_ci95": 0.6235199781718145,
  "adv_e_ran_l2_median": 1.0449524521827698,
  "adv_e_ran_l2_q25": 0.6710113734006882,
  "adv_e_ran_l2_q75": 1.443206548690796,
  "adv_e_nul_l2_mean": 2.083853201009333,
  "adv_e_nul_l2_ci95": 0.6628955233989006,
  "adv_e_nul_l2_median": 1.6173025965690613,
  "adv_e_nul_l2_q25": 1.0840613543987274,
  "adv_e_nul_l2_q75": 2.1148046255111694,
  "adv_e_ran_frac_mean": 0.5461498130642708,
  "adv_e_ran_frac_ci95": 0.036140148511444564,
  "adv_e_ran_frac_median": 0.5125881347906809,
  "adv_e_ran_frac_q25": 0.4751953825810895,
  "adv_e_ran_frac_q75": 0.599298539020318,
  "adv_e_nul_frac_mean": 0.8273759212726384,
  "adv_e_nul_frac_ci95": 0.028663436227460874,
  "adv_e_nul_frac_median": 0.8586308098046611,
  "adv_e_nul_frac_q25": 0.8004471696611188,
  "adv_e_nul_frac_q75": 0.8798771192944215,
  "attack_runtime_total_sec": 68.3282876946032,
  "attack_runtime_per_example_sec": 2.13525899045635,
  "model_name": "resnet",
  "attack_name": "adam",
  "norm": "l2",
  "eps": 0.005,
  "eps_actual": 6.3846251600341795,
  "eps_budget_mode": "per_sample_l2",
  "attack_init_mode": "exact",
  "eval_init_mode": "exact"
}