{
  "num_examples": 32,
  "gt_norm_mean": 27.580802619457245,
  "gt_norm_ci95": 2.1336641054187684,
  "gt_norm_median": 26.626888275146484,
  "clean_mse_mean": 3.833550471199487e-05,
  "clean_mse_ci95": 8.471788937433505e-06,
  "clean_mse_median": 2.9399278901109938e-05,
  "adv_mse_mean": 15.584910482168198,
  "adv_mse_ci95": 0.985715550787399,
  "adv_mse_median": 14.878164768218994,
  "mse_ratio_mean": 550826.9249711528,
  "mse_ratio_ci95": 101560.84221306146,
  "mse_ratio_median": 484666.1417156026,
  "clean_rel_l2_mean": 0.02719426655676216,
  "clean_rel_l2_ci95": 0.0006821109065866329,
  "clean_rel_l2_median": 0.02664567343890667,
  "adv_rel_l2_mean": 19.116861164569855,
  "adv_rel_l2_ci95": 1.541060647195289,
  "adv_rel_l2_median": 19.390501976013184,
  "rel_l2_ratio_mean": 714.9691204983612,
  "rel_l2_ratio_ci95": 70.09311371845618,
  "rel_l2_ratio_median": 696.1795895021837,
  "clean_psnr_mean": 44.86432785848921,
  "clean_psnr_ci95": 0.840529112554273,
  "clean_psnr_median": 45.31802255383403,
  "adv_psnr_mean": -11.859152967398957,
  "adv_psnr_ci95": 0.26883198085590304,
  "adv_psnr_median": -11.725486996626579,
  "clean_ssim_mean": 0.9465326428336052,
  "clean_ssim_ci95": 0.007553204541450436,
  "clean_ssim_median": 0.9530123365430767,
  "adv_ssim_mean": 0.004212748393800212,
  "adv_ssim_ci95": 0.0006223116410093487,
  "adv_ssim_median": 0.0038363686064019627,
  "pred_shift_rel_l2_mean": 19.099815756082535,
  "pred_shift_rel_l2_ci95": 1.5391395962839847,
  "pred_shift_rel_l2_median": 19.358530044555664,
  "init_shift_rel_l2_mean": 17.53796496987343,
  "init_shift_rel_l2_ci95": 1.3715430142260157,
  "init_shift_rel_l2_median": 17.521282196044922,
  "delta_l2_mean": 307.6746816635132,
  "delta_l2_ci95": 3.2721794571884726e-06,
  "delta_l2_median": 307.6746826171875,
  "delta_linf_mean": 10.12450610101223,
  "delta_linf_ci95": 0.503913191599289,
  "delta_linf_median": 10.050303936004639,
  "delta_mean_abs_mean": 1.1100716143846512,
  "delta_mean_abs_ci95": 0.004361222676809211,
  "delta_mean_abs_median": 1.109427034854889,
  "delta_rel_l2_mean": 0.22012969999006587,
  "delta_rel_l2_ci95": 0.023863049094054154,
  "delta_rel_l2_median": 0.21533167132111297,
  "success_rel_l2_mean": 1.0,
  "success_rel_l2_ci95": 0.0,
  "success_rel_l2_median": 1.0,
  "success_mse_mean": 1.0,
  "success_mse_ci95": 0.0,
  "success_mse_median": 1.0,
  "clean_e_ran_l2_mean": 0.6136870579794049,
  "clean_e_ran_l2_ci95": 0.06086218317349462,
  "clean_e_ran_l2_median": 0.5644590258598328,
  "clean_e_nul_l2_mean": 0.44870602525770664,
  "clean_e_nul_l2_ci95": 0.05009263985582145,
  "clean_e_nul_l2_median": 0.4116035997867584,
  "clean_e_ran_frac_mean": 0.8097064924328918,
  "clean_e_ran_frac_ci95": 0.004580328181891245,
  "clean_e_ran_frac_median": 0.8085077322625207,
  "clean_e_nul_frac_mean": 0.5864088099088817,
  "clean_e_nul_frac_ci95": 0.006402936015562022,
  "clean_e_nul_frac_median": 0.5884855383677227,
  "adv_e_ran_l2_mean": 502.28598499298096,
  "adv_e_ran_l2_ci95": 15.75091506352527,
  "adv_e_ran_l2_median": 492.7615203857422,
  "adv_e_nul_l2_mean": 32.343748688697815,
  "adv_e_nul_l2_ci95": 0.6912803500733815,
  "adv_e_nul_l2_median": 32.679216384887695,
  "adv_e_ran_frac_mean": 0.9978940098514888,
  "adv_e_ran_frac_ci95": 0.00013079641838244655,
  "adv_e_ran_frac_median": 0.9980137238301159,
  "adv_e_nul_frac_mean": 0.06462401956512162,
  "adv_e_nul_frac_ci95": 0.0019648099921323347,
  "adv_e_nul_frac_median": 0.06299668532759833,
  "attack_runtime_total_sec": 116.61602616682649,
  "attack_runtime_per_example_sec": 3.6442508177133277,
  "model_name": "dpnsn_res",
  "attack_name": "adam",
  "norm": "l2",
  "eps": 0.2,
  "eps_actual": 307.6746801123047,
  "attack_init_mode": "exact",
  "eval_init_mode": "exact"
}