{
  "num_examples": 32,
  "gt_norm_mean": 20.065786242485046,
  "gt_norm_ci95": 2.6439993761407936,
  "gt_norm_median": 18.550631523132324,
  "clean_mse_mean": 19.504284624010324,
  "clean_mse_ci95": 8.901575561772624,
  "clean_mse_median": 9.643728256225586,
  "adv_mse_mean": 20.194205176085234,
  "adv_mse_ci95": 9.030662002147382,
  "adv_mse_median": 10.19844388961792,
  "mse_ratio_mean": 1.0594446204285923,
  "mse_ratio_ci95": 0.010051690793129387,
  "mse_ratio_median": 1.0573438551739827,
  "clean_rel_l2_mean": 23.404385089874268,
  "clean_rel_l2_ci95": 1.4466901634052205,
  "clean_rel_l2_median": 21.632630348205566,
  "adv_rel_l2_mean": 24.04477232694626,
  "adv_rel_l2_ci95": 1.3953611076473382,
  "adv_rel_l2_median": 22.250521659851074,
  "rel_l2_ratio_mean": 1.0292010606845023,
  "rel_l2_ratio_ci95": 0.00484992899695876,
  "rel_l2_ratio_median": 1.0282723318514837,
  "clean_psnr_mean": -14.326258762420618,
  "clean_psnr_ci95": 1.3685778043143835,
  "clean_psnr_median": -13.07460149136302,
  "adv_psnr_mean": -14.575491838971944,
  "adv_psnr_ci95": 1.3392030541757798,
  "adv_psnr_median": -13.325322319490557,
  "clean_ssim_mean": 0.0022781784367303585,
  "clean_ssim_ci95": 0.0006170280755123265,
  "clean_ssim_median": 0.002341633265503162,
  "adv_ssim_mean": 0.0021523444394291836,
  "adv_ssim_ci95": 0.0005869241913851396,
  "adv_ssim_median": 0.0021677245216785938,
  "pred_shift_rel_l2_mean": 0.03511863388121128,
  "pred_shift_rel_l2_ci95": 0.005815271401932323,
  "pred_shift_rel_l2_median": 0.0341611672192812,
  "init_shift_rel_l2_mean": 0.03512115008197725,
  "init_shift_rel_l2_ci95": 0.00581590135486502,
  "init_shift_rel_l2_median": 0.0341622419655323,
  "delta_l2_mean": 9.61506074666977,
  "delta_l2_ci95": 1.1682510375976561e-07,
  "delta_l2_median": 9.615060806274414,
  "delta_linf_mean": 0.20979907549917698,
  "delta_linf_ci95": 0.007358134427258359,
  "delta_linf_median": 0.2029423713684082,
  "delta_mean_abs_mean": 0.03733586589805782,
  "delta_mean_abs_ci95": 1.929382466112467e-05,
  "delta_mean_abs_median": 0.03733639605343342,
  "delta_rel_l2_mean": 0.007818454759249997,
  "delta_rel_l2_ci95": 0.0012721726866673166,
  "delta_rel_l2_median": 0.0075533588946917005,
  "success_rel_l2_mean": 0.0,
  "success_rel_l2_ci95": 0.0,
  "success_rel_l2_median": 0.0,
  "success_mse_mean": 0.0,
  "success_mse_ci95": 0.0,
  "success_mse_median": 0.0,
  "clean_e_ran_l2_mean": 493.140832901001,
  "clean_e_ran_l2_ci95": 97.2786357590227,
  "clean_e_ran_l2_median": 397.4880676269531,
  "clean_e_nul_l2_mean": 2.4533347710967064,
  "clean_e_nul_l2_ci95": 0.35688617646202564,
  "clean_e_nul_l2_median": 2.0915669202804565,
  "clean_e_ran_frac_mean": 0.999977346152342,
  "clean_e_ran_frac_ci95": 1.3561015216512225e-05,
  "clean_e_ran_frac_median": 0.9999866445867445,
  "clean_e_nul_frac_mean": 0.00583750710101698,
  "clean_e_nul_frac_ci95": 0.0011794662072690998,
  "clean_e_nul_frac_median": 0.005167597762708311,
  "adv_e_ran_l2_mean": 504.4894976615906,
  "adv_e_ran_l2_ci95": 97.2670662979323,
  "adv_e_ran_l2_median": 408.7606201171875,
  "adv_e_nul_l2_mean": 2.4594927467405796,
  "adv_e_nul_l2_ci95": 0.36076982178746714,
  "adv_e_nul_l2_median": 2.103710412979126,
  "adv_e_ran_frac_mean": 0.9999787163938532,
  "adv_e_ran_frac_ci95": 1.2802632352810382e-05,
  "adv_e_ran_frac_median": 0.9999872730504079,
  "adv_e_nul_frac_mean": 0.0056654728540668185,
  "adv_e_nul_frac_ci95": 0.0011395415637282373,
  "adv_e_nul_frac_median": 0.005036733218144824,
  "attack_runtime_total_sec": 64.53858769312501,
  "attack_runtime_per_example_sec": 2.0168308654101565,
  "model_name": "nsn",
  "attack_name": "adam",
  "norm": "l2",
  "eps": 0.0075,
  "eps_actual": 9.615061186019897,
  "attack_init_mode": "exact",
  "eval_init_mode": "exact"
}