{
  "num_examples": 32,
  "gt_norm_mean": 19.554032936692238,
  "gt_norm_ci95": 3.175656556464896,
  "gt_norm_median": 19.43148136138916,
  "gt_norm_q25": 13.664082050323486,
  "gt_norm_q75": 22.861806869506836,
  "clean_mse_mean": 9.142003378315167e-06,
  "clean_mse_ci95": 2.5528174298543775e-06,
  "clean_mse_median": 6.865635896247113e-06,
  "clean_mse_q25": 4.33554919254675e-06,
  "clean_mse_q75": 1.1853206842715736e-05,
  "adv_mse_mean": 0.03875972556124907,
  "adv_mse_ci95": 0.01966720663574839,
  "adv_mse_median": 0.01990459579974413,
  "adv_mse_q25": 0.011433367850258946,
  "adv_mse_q75": 0.04520481266081333,
  "mse_ratio_mean": 3923.0490079856,
  "mse_ratio_ci95": 1157.2577644623893,
  "mse_ratio_median": 2531.9211094890693,
  "mse_ratio_q25": 1547.9502174665336,
  "mse_ratio_q75": 5542.224437136209,
  "clean_rel_l2_mean": 0.019411705958191305,
  "clean_rel_l2_ci95": 0.001877143722838397,
  "clean_rel_l2_median": 0.018151484429836273,
  "clean_rel_l2_q25": 0.015882522333413363,
  "clean_rel_l2_q75": 0.020816242322325706,
  "adv_rel_l2_mean": 1.0295652719214559,
  "adv_rel_l2_ci95": 0.11560001154342231,
  "adv_rel_l2_median": 0.9752254784107208,
  "adv_rel_l2_q25": 0.7596047073602676,
  "adv_rel_l2_q75": 1.2820441722869873,
  "rel_l2_ratio_mean": 57.40653140068416,
  "rel_l2_ratio_ci95": 8.818504677069882,
  "rel_l2_ratio_median": 50.31477471857387,
  "rel_l2_ratio_q25": 39.304484480140516,
  "rel_l2_ratio_q75": 74.44038847394543,
  "clean_psnr_mean": 47.41716506966145,
  "clean_psnr_ci95": 0.8242574843526868,
  "clean_psnr_median": 48.24702502811121,
  "clean_psnr_q25": 45.344993989811,
  "clean_psnr_q75": 49.073431291758716,
  "adv_psnr_mean": 13.096540937687077,
  "adv_psnr_ci95": 1.6777428745013379,
  "adv_psnr_median": 13.7111105485805,
  "adv_psnr_q25": 9.570102633096516,
  "adv_psnr_q75": 17.240215110890794,
  "clean_ssim_mean": 0.9906714820205786,
  "clean_ssim_ci95": 0.0016415516546320666,
  "clean_ssim_median": 0.9917016074029357,
  "clean_ssim_q25": 0.989259551102293,
  "clean_ssim_q75": 0.9940804794582908,
  "adv_ssim_mean": 0.811335422611491,
  "adv_ssim_ci95": 0.026375815750991453,
  "adv_ssim_median": 0.8312661762915537,
  "adv_ssim_q25": 0.7604835707587068,
  "adv_ssim_q75": 0.8539750374429128,
  "pred_shift_rel_l2_mean": 1.0254118060693145,
  "pred_shift_rel_l2_ci95": 0.11542042446832418,
  "pred_shift_rel_l2_median": 0.974779486656189,
  "pred_shift_rel_l2_q25": 0.7525144219398499,
  "pred_shift_rel_l2_q75": 1.2738826870918274,
  "init_shift_rel_l2_mean": 0.08170285960659385,
  "init_shift_rel_l2_ci95": 0.004985517944421496,
  "init_shift_rel_l2_median": 0.07843955978751183,
  "init_shift_rel_l2_q25": 0.07267485558986664,
  "init_shift_rel_l2_q75": 0.09036726504564285,
  "delta_l2_mean": 23.167691007256508,
  "delta_l2_ci95": 5.162190333401063,
  "delta_l2_median": 21.076233863830566,
  "delta_l2_q25": 15.170235872268677,
  "delta_l2_q75": 25.84945249557495,
  "delta_linf_mean": 0.4736612681299448,
  "delta_linf_ci95": 0.09821421362492751,
  "delta_linf_median": 0.40680044889450073,
  "delta_linf_q25": 0.31514954566955566,
  "delta_linf_q75": 0.5228045433759689,
  "delta_mean_abs_mean": 0.08369508176110685,
  "delta_mean_abs_ci95": 0.019137832836700685,
  "delta_mean_abs_median": 0.07557203248143196,
  "delta_mean_abs_q25": 0.052980088628828526,
  "delta_mean_abs_q75": 0.09164193272590637,
  "delta_rel_l2_mean": 0.020000010486270613,
  "delta_rel_l2_ci95": 1.2131568374494287e-09,
  "delta_rel_l2_median": 0.020000009842654654,
  "delta_rel_l2_q25": 0.020000007770039893,
  "delta_rel_l2_q75": 0.02000001163197346,
  "success_rel_l2_mean": 1.0,
  "success_rel_l2_ci95": 0.0,
  "success_rel_l2_median": 1.0,
  "success_rel_l2_q25": 1.0,
  "success_rel_l2_q75": 1.0,
  "success_mse_mean": 1.0,
  "success_mse_ci95": 0.0,
  "success_mse_median": 1.0,
  "success_mse_q25": 1.0,
  "success_mse_q75": 1.0,
  "clean_e_ran_l2_mean": 0.27798344218172133,
  "clean_e_ran_l2_ci95": 0.04226609194439555,
  "clean_e_ran_l2_median": 0.2603345811367035,
  "clean_e_ran_l2_q25": 0.1800968460738659,
  "clean_e_ran_l2_q75": 0.334165059030056,
  "clean_e_nul_l2_mean": 0.22604267485439777,
  "clean_e_nul_l2_ci95": 0.02944604056691479,
  "clean_e_nul_l2_median": 0.21390778571367264,
  "clean_e_nul_l2_q25": 0.17324862629175186,
  "clean_e_nul_l2_q75": 0.282314732670784,
  "clean_e_ran_frac_mean": 0.7672518466975085,
  "clean_e_ran_frac_ci95": 0.01642934795271839,
  "clean_e_ran_frac_median": 0.766944670556619,
  "clean_e_ran_frac_q25": 0.7443410885489925,
  "clean_e_ran_frac_q75": 0.8041779446525601,
  "clean_e_nul_frac_mean": 0.6374899324735304,
  "clean_e_nul_frac_ci95": 0.018470706952165617,
  "clean_e_nul_frac_median": 0.6417086235619245,
  "clean_e_nul_frac_q25": 0.5943866200630952,
  "clean_e_nul_frac_q75": 0.667797378301997,
  "adv_e_ran_l2_mean": 15.942693933844566,
  "adv_e_ran_l2_ci95": 3.848810367433262,
  "adv_e_ran_l2_median": 14.279726505279541,
  "adv_e_ran_l2_q25": 9.67151951789856,
  "adv_e_ran_l2_q75": 21.735057830810547,
  "adv_e_nul_l2_mean": 13.729751542210579,
  "adv_e_nul_l2_ci95": 3.0041421628930425,
  "adv_e_nul_l2_median": 11.378584384918213,
  "adv_e_nul_l2_q25": 9.063463687896729,
  "adv_e_nul_l2_q75": 15.435516119003296,
  "adv_e_ran_frac_mean": 0.7399820186070877,
  "adv_e_ran_frac_ci95": 0.02222455468441342,
  "adv_e_ran_frac_median": 0.7300944231472075,
  "adv_e_ran_frac_q25": 0.6943518991719366,
  "adv_e_ran_frac_q75": 0.7796745750446794,
  "adv_e_nul_frac_mean": 0.6655554688898251,
  "adv_e_nul_frac_ci95": 0.026052760914146916,
  "adv_e_nul_frac_median": 0.6833332188142365,
  "adv_e_nul_frac_q25": 0.626182485062396,
  "adv_e_nul_frac_q75": 0.7196359199918134,
  "attack_runtime_total_sec": 1129.2751480601728,
  "attack_runtime_per_example_sec": 35.2898483768804,
  "model_name": "resnet",
  "attack_name": "adam",
  "norm": "l2",
  "eps": 0.02,
  "eps_actual": 25.538500640136718,
  "eps_budget_mode": "per_sample_l2",
  "attack_init_mode": "exact",
  "eval_init_mode": "exact"
}