{
  "num_examples": 32,
  "gt_norm_mean": 19.10678167641163,
  "gt_norm_ci95": 3.4833903043152117,
  "gt_norm_median": 16.756710529327393,
  "gt_norm_q25": 12.742112159729004,
  "gt_norm_q75": 21.370549201965332,
  "clean_mse_mean": 0.00013198901223177018,
  "clean_mse_ci95": 3.234215378138444e-05,
  "clean_mse_median": 0.00011484555943752639,
  "clean_mse_q25": 5.0991910029551946e-05,
  "clean_mse_q75": 0.00020180757928756066,
  "adv_mse_mean": 0.00013198899949884435,
  "adv_mse_ci95": 3.234211974239259e-05,
  "adv_mse_median": 0.0001148458723037038,
  "adv_mse_q25": 5.099186637380626e-05,
  "adv_mse_q75": 0.0002018077029788401,
  "mse_ratio_mean": 1.0000004775768594,
  "mse_ratio_ci95": 2.410941955044237e-06,
  "mse_ratio_median": 1.000001201698375,
  "mse_ratio_q25": 0.9999997562403313,
  "mse_ratio_q75": 1.0000026552748542,
  "clean_rel_l2_mean": 0.0782920076744631,
  "clean_rel_l2_ci95": 0.007855770026993676,
  "clean_rel_l2_median": 0.0752459205687046,
  "clean_rel_l2_q25": 0.05952897761017084,
  "clean_rel_l2_q75": 0.09706782177090645,
  "adv_rel_l2_mean": 0.0782920109340921,
  "adv_rel_l2_ci95": 0.007855745316904047,
  "adv_rel_l2_median": 0.0752459317445755,
  "adv_rel_l2_q25": 0.05952906608581543,
  "adv_rel_l2_q75": 0.09706806391477585,
  "rel_l2_ratio_mean": 1.000000251616616,
  "rel_l2_ratio_ci95": 1.1963961103229427e-06,
  "rel_l2_ratio_median": 1.0000005714776354,
  "rel_l2_ratio_q25": 0.9999998751781212,
  "rel_l2_ratio_q75": 1.0000013969287276,
  "clean_psnr_mean": 35.52735004583441,
  "clean_psnr_ci95": 0.5068594004900783,
  "clean_psnr_median": 35.705187179974104,
  "clean_psnr_q25": 34.47943708623423,
  "clean_psnr_q75": 36.534115355259566,
  "adv_psnr_mean": 35.527347972990555,
  "adv_psnr_ci95": 0.5068574665514588,
  "adv_psnr_median": 35.70517536397498,
  "adv_psnr_q25": 34.47943346228607,
  "adv_psnr_q75": 36.53410823657982,
  "clean_ssim_mean": 0.8859582505650836,
  "clean_ssim_ci95": 0.011522134277112722,
  "clean_ssim_median": 0.8910043964543408,
  "clean_ssim_q25": 0.8771283620619559,
  "clean_ssim_q75": 0.9081736840435359,
  "adv_ssim_mean": 0.8859582084483526,
  "adv_ssim_ci95": 0.01152196368064064,
  "adv_ssim_median": 0.8910054953474009,
  "adv_ssim_q25": 0.8771277016256023,
  "adv_ssim_q75": 0.9081740350602908,
  "pred_shift_rel_l2_mean": 7.173411688654596e-06,
  "pred_shift_rel_l2_ci95": 8.160751555033623e-07,
  "pred_shift_rel_l2_median": 6.8661804561998e-06,
  "pred_shift_rel_l2_q25": 5.408312972576823e-06,
  "pred_shift_rel_l2_q75": 9.380216170029598e-06,
  "init_shift_rel_l2_mean": 6.304264957179839e-06,
  "init_shift_rel_l2_ci95": 1.1281236746971805e-06,
  "init_shift_rel_l2_median": 6.08121831646713e-06,
  "init_shift_rel_l2_q25": 4.402343392939656e-06,
  "init_shift_rel_l2_q75": 7.51510413010692e-06,
  "delta_l2_mean": 0.00017618348601899925,
  "delta_l2_ci95": 9.248416649933858e-07,
  "delta_l2_median": 0.00017564589506946504,
  "delta_l2_q25": 0.000174403623532271,
  "delta_l2_q75": 0.0001775930759322364,
  "delta_linf_mean": 6.453540663642343e-06,
  "delta_linf_ci95": 2.3249512439457057e-07,
  "delta_linf_median": 6.25746906735003e-06,
  "delta_linf_q25": 5.92769356444478e-06,
  "delta_linf_q75": 6.67572021484375e-06,
  "delta_mean_abs_mean": 5.56873860801943e-07,
  "delta_mean_abs_ci95": 6.762641287934976e-09,
  "delta_mean_abs_median": 5.63135927222902e-07,
  "delta_mean_abs_q25": 5.57371706122467e-07,
  "delta_mean_abs_q75": 5.682812229679257e-07,
  "delta_rel_l2_mean": 2.2976603427697955e-07,
  "delta_rel_l2_ci95": 4.829918017959924e-08,
  "delta_rel_l2_median": 2.093988340347571e-07,
  "delta_rel_l2_q25": 1.3485536982677977e-07,
  "delta_rel_l2_q75": 2.8438715838466035e-07,
  "success_rel_l2_mean": 0.0,
  "success_rel_l2_ci95": 0.0,
  "success_rel_l2_median": 0.0,
  "success_rel_l2_q25": 0.0,
  "success_rel_l2_q75": 0.0,
  "success_mse_mean": 0.0,
  "success_mse_ci95": 0.0,
  "success_mse_median": 0.0,
  "success_mse_q25": 0.0,
  "success_mse_q75": 0.0,
  "clean_e_ran_l2_mean": 0.4763784729875624,
  "clean_e_ran_l2_ci95": 0.08134664745519703,
  "clean_e_ran_l2_median": 0.41296227276325226,
  "clean_e_ran_l2_q25": 0.31342317909002304,
  "clean_e_ran_l2_q75": 0.5882557928562164,
  "clean_e_nul_l2_mean": 1.2854020986706018,
  "clean_e_nul_l2_ci95": 0.16879455110712988,
  "clean_e_nul_l2_median": 1.27644681930542,
  "clean_e_nul_l2_q25": 0.8710883259773254,
  "clean_e_nul_l2_q75": 1.7147288620471954,
  "clean_e_ran_frac_mean": 0.34379351369271205,
  "clean_e_ran_frac_ci95": 0.028531019715228464,
  "clean_e_ran_frac_median": 0.33265376414907,
  "clean_e_ran_frac_q25": 0.2892520296836573,
  "clean_e_ran_frac_q75": 0.3808962315262196,
  "clean_e_nul_frac_mean": 0.9349683361187454,
  "clean_e_nul_frac_ci95": 0.011523091322048493,
  "clean_e_nul_frac_median": 0.9430141803446308,
  "clean_e_nul_frac_q25": 0.9246136408617294,
  "clean_e_nul_frac_q75": 0.9572528857655127,
  "adv_e_ran_l2_mean": 0.4763789619319141,
  "adv_e_ran_l2_ci95": 0.08134586953771784,
  "adv_e_ran_l2_median": 0.4129656106233597,
  "adv_e_ran_l2_q25": 0.31342630833387375,
  "adv_e_ran_l2_q75": 0.588256374001503,
  "adv_e_nul_l2_mean": 1.2854021731764078,
  "adv_e_nul_l2_ci95": 0.1687945956420452,
  "adv_e_nul_l2_median": 1.276447594165802,
  "adv_e_nul_l2_q25": 0.871087983250618,
  "adv_e_nul_l2_q75": 1.7147303223609924,
  "adv_e_ran_frac_mean": 0.3437941174487853,
  "adv_e_ran_frac_ci95": 0.028530876544979402,
  "adv_e_ran_frac_median": 0.33265541911086133,
  "adv_e_ran_frac_q25": 0.28925137528558054,
  "adv_e_ran_frac_q75": 0.3808960426820853,
  "adv_e_nul_frac_mean": 0.9349681437310524,
  "adv_e_nul_frac_ci95": 0.01152296827003215,
  "adv_e_nul_frac_median": 0.9430135813187948,
  "adv_e_nul_frac_q25": 0.9246136941509635,
  "adv_e_nul_frac_q75": 0.9572531315678625,
  "attack_runtime_total_sec": 284.5501240044832,
  "attack_runtime_per_example_sec": 8.8921913751401,
  "model_name": "nsn",
  "attack_name": "adam",
  "norm": "l2",
  "eps": 0.2,
  "eps_actual": 257.3092107702637,
  "eps_budget_mode": "per_sample_l2",
  "attack_init_mode": "exact",
  "eval_init_mode": "exact"
}