{
  "dataset": "ellipse",
  "part": null,
  "n_samples": 5000,
  "img_size": 128,
  "num_angles": 180,
  "det_count": 182,
  "angles": [
    0.0,
    0.017453292519943295,
    0.03490658503988659,
    0.05235987755982988,
    0.06981317007977318,
    0.08726646259971647,
    0.10471975511965977,
    0.12217304763960307,
    0.13962634015954636,
    0.15707963267948966,
    0.17453292519943295,
    0.19198621771937624,
    0.20943951023931953,
    0.22689280275926285,
    0.24434609527920614,
    0.2617993877991494,
    0.2792526803190927,
    0.29670597283903605,
    0.3141592653589793,
    0.3316125578789226,
    0.3490658503988659,
    0.3665191429188092,
    0.3839724354387525,
    0.40142572795869574,
    0.41887902047863906,
    0.4363323129985824,
    0.4537856055185257,
    0.47123889803846897,
    0.4886921905584123,
    0.5061454830783556,
    0.5235987755982988,
    0.5410520681182421,
    0.5585053606381855,
    0.5759586531581288,
    0.5934119456780721,
    0.6108652381980153,
    0.6283185307179586,
    0.6457718232379019,
    0.6632251157578452,
    0.6806784082777885,
    0.6981317007977318,
    0.715584993317675,
    0.7330382858376184,
    0.7504915783575616,
    0.767944870877505,
    0.7853981633974483,
    0.8028514559173915,
    0.8203047484373349,
    0.8377580409572781,
    0.8552113334772214,
    0.8726646259971648,
    0.890117918517108,
    0.9075712110370514,
    0.9250245035569946,
    0.9424777960769379,
    0.9599310885968813,
    0.9773843811168246,
    0.9948376736367678,
    1.0122909661567112,
    1.0297442586766543,
    1.0471975511965976,
    1.064650843716541,
    1.0821041362364843,
    1.0995574287564276,
    1.117010721276371,
    1.1344640137963142,
    1.1519173063162575,
    1.1693705988362006,
    1.1868238913561442,
    1.2042771838760873,
    1.2217304763960306,
    1.239183768915974,
    1.2566370614359172,
    1.2740903539558606,
    1.2915436464758039,
    1.3089969389957472,
    1.3264502315156903,
    1.3439035240356338,
    1.361356816555577,
    1.3788101090755203,
    1.3962634015954636,
    1.413716694115407,
    1.43116998663535,
    1.4486232791552935,
    1.4660765716752369,
    1.4835298641951802,
    1.5009831567151233,
    1.5184364492350666,
    1.53588974175501,
    1.5533430342749535,
    1.5707963267948966,
    1.5882496193148399,
    1.605702911834783,
    1.6231562043547263,
    1.6406094968746698,
    1.6580627893946132,
    1.6755160819145563,
    1.6929693744344996,
    1.710422666954443,
    1.7278759594743864,
    1.7453292519943295,
    1.7627825445142729,
    1.780235837034216,
    1.7976891295541593,
    1.8151424220741028,
    1.8325957145940461,
    1.8500490071139892,
    1.8675022996339325,
    1.8849555921538759,
    1.902408884673819,
    1.9198621771937625,
    1.9373154697137058,
    1.9547687622336491,
    1.9722220547535922,
    1.9896753472735356,
    2.007128639793479,
    2.0245819323134224,
    2.0420352248333655,
    2.0594885173533086,
    2.076941809873252,
    2.0943951023931953,
    2.111848394913139,
    2.129301687433082,
    2.1467549799530254,
    2.1642082724729685,
    2.1816615649929116,
    2.199114857512855,
    2.2165681500327987,
    2.234021442552742,
    2.251474735072685,
    2.2689280275926285,
    2.286381320112572,
    2.303834612632515,
    2.321287905152458,
    2.3387411976724013,
    2.356194490192345,
    2.3736477827122884,
    2.3911010752322315,
    2.4085543677521746,
    2.426007660272118,
    2.443460952792061,
    2.4609142453120043,
    2.478367537831948,
    2.4958208303518914,
    2.5132741228718345,
    2.5307274153917776,
    2.548180707911721,
    2.5656340004316647,
    2.5830872929516078,
    2.600540585471551,
    2.6179938779914944,
    2.6354471705114375,
    2.6529004630313806,
    2.670353755551324,
    2.6878070480712677,
    2.705260340591211,
    2.722713633111154,
    2.740166925631097,
    2.7576202181510405,
    2.775073510670984,
    2.792526803190927,
    2.8099800957108703,
    2.827433388230814,
    2.844886680750757,
    2.8623399732707,
    2.8797932657906435,
    2.897246558310587,
    2.9146998508305306,
    2.9321531433504737,
    2.949606435870417,
    2.9670597283903604,
    2.9845130209103035,
    3.0019663134302466,
    3.01941960595019,
    3.036872898470133,
    3.0543261909900763,
    3.07177948351002,
    3.0892327760299634,
    3.106686068549907,
    3.12413936106985
  ],
  "dx": 1.0,
  "phi": [
    0.0,
    2.0943951023931953
  ],
  "phi_deg": [
    0.0,
    120.0
  ],
  "device": "cuda",
  "add_noise": null,
  "noise_sigma_rel": 0.0,
  "mean_norm_y_minus_y_delta": 0.0,
  "tv_alpha_grid": [
    0.001,
    0.001438449888287663,
    0.00206913808111479,
    0.002976351441631319,
    0.004281332398719396,
    0.006158482110660266,
    0.008858667904100823,
    0.012742749857031334,
    0.018329807108324356,
    0.02636650898730358,
    0.037926901907322494,
    0.05455594781168517,
    0.0784759970351461,
    0.11288378916846883,
    0.1623776739188721,
    0.23357214690901212,
    0.3359818286283781,
    0.48329302385717526,
    0.6951927961775605,
    1.0
  ],
  "tv_alpha_errors_subset": {},
  "tv_best_alpha": null,
  "tv_iters_select": 200,
  "tv_iters_final": 200,
  "lw_iters": 200,
  "lw_omega": 4.495319649216312e-05,
  "lw_omega_factor": 1.0,
  "operator_norm_A2": 22245.359129785895,
  "matrix_mode": 1,
  "svd_threshold": 0.004
}