{
  "num_examples": 32,
  "gt_norm_mean": 19.554032936692238,
  "gt_norm_ci95": 3.175656556464896,
  "gt_norm_median": 19.43148136138916,
  "gt_norm_q25": 13.664082050323486,
  "gt_norm_q75": 22.861806869506836,
  "clean_mse_mean": 0.00625221734162551,
  "clean_mse_ci95": 0.002343699229532902,
  "clean_mse_median": 0.004796583671122789,
  "clean_mse_q25": 0.002446916711051017,
  "clean_mse_q75": 0.007639780407771468,
  "adv_mse_mean": 1.7993293202016503,
  "adv_mse_ci95": 0.4568291547796478,
  "adv_mse_median": 1.7144582271575928,
  "adv_mse_q25": 0.9097102284431458,
  "adv_mse_q75": 2.3873329162597656,
  "mse_ratio_mean": 401.74162512550697,
  "mse_ratio_ci95": 93.57893649198358,
  "mse_ratio_median": 312.5559437934497,
  "mse_ratio_q25": 237.28266676082794,
  "mse_ratio_q75": 479.7193457401139,
  "clean_rel_l2_mean": 0.4527448872104287,
  "clean_rel_l2_ci95": 0.033662529492583075,
  "clean_rel_l2_median": 0.47681303322315216,
  "clean_rel_l2_q25": 0.39657796174287796,
  "clean_rel_l2_q75": 0.505777046084404,
  "adv_rel_l2_mean": 8.299586325883865,
  "adv_rel_l2_ci95": 0.6140347264215099,
  "adv_rel_l2_median": 8.399491310119629,
  "adv_rel_l2_q25": 6.7340192794799805,
  "adv_rel_l2_q75": 9.207258224487305,
  "rel_l2_ratio_mean": 19.19042136677442,
  "rel_l2_ratio_ci95": 2.036567495644603,
  "rel_l2_ratio_median": 17.679239074510217,
  "rel_l2_ratio_q25": 15.403827128347839,
  "rel_l2_ratio_q75": 21.893735668004574,
  "clean_psnr_mean": 20.00492661661705,
  "clean_psnr_ci95": 1.088123313613076,
  "clean_psnr_median": 20.211312118627866,
  "clean_psnr_q25": 18.26064963921863,
  "clean_psnr_q75": 21.929352073111964,
  "adv_psnr_mean": -5.301337945875536,
  "adv_psnr_ci95": 1.0465216104417345,
  "adv_psnr_median": -5.063241718753201,
  "adv_psnr_q25": -7.505998620361541,
  "adv_psnr_q75": -3.208471310503589,
  "clean_ssim_mean": 0.1853855925293058,
  "clean_ssim_ci95": 0.0185132567263006,
  "clean_ssim_median": 0.17790832441938706,
  "clean_ssim_q25": 0.16105561997119147,
  "clean_ssim_q75": 0.20851218808374877,
  "adv_ssim_mean": 0.005331300333807293,
  "adv_ssim_ci95": 0.0029740358170482315,
  "adv_ssim_median": 0.0032430923803455115,
  "adv_ssim_q25": -0.0007221925087721793,
  "adv_ssim_q75": 0.00921722698913843,
  "pred_shift_rel_l2_mean": 10.093850031495094,
  "pred_shift_rel_l2_ci95": 0.7918295958276916,
  "pred_shift_rel_l2_median": 10.124388694763184,
  "pred_shift_rel_l2_q25": 8.508774518966675,
  "pred_shift_rel_l2_q75": 11.208317279815674,
  "init_shift_rel_l2_mean": 0.761834479868412,
  "init_shift_rel_l2_ci95": 0.04841236070911523,
  "init_shift_rel_l2_median": 0.7480169832706451,
  "init_shift_rel_l2_q25": 0.687731608748436,
  "init_shift_rel_l2_q75": 0.8019646853208542,
  "delta_l2_mean": 201.06155061721802,
  "delta_l2_ci95": 27.70446233703655,
  "delta_l2_median": 210.76236724853516,
  "delta_l2_q25": 151.70235061645508,
  "delta_l2_q75": 258.4945297241211,
  "delta_linf_mean": 3.421489018946886,
  "delta_linf_ci95": 0.4793744361565298,
  "delta_linf_median": 3.311840295791626,
  "delta_linf_q25": 2.4965315461158752,
  "delta_linf_q75": 4.499929785728455,
  "delta_mean_abs_mean": 0.7625450938940048,
  "delta_mean_abs_ci95": 0.10399298795681998,
  "delta_mean_abs_median": 0.8018814623355865,
  "delta_mean_abs_q25": 0.5830640494823456,
  "delta_mean_abs_q75": 0.9770229160785675,
  "delta_rel_l2_mean": 0.18934098007300967,
  "delta_rel_l2_ci95": 0.009663703422485959,
  "delta_rel_l2_median": 0.20000010723956646,
  "delta_rel_l2_q25": 0.20000009122759121,
  "delta_rel_l2_q75": 0.200000123555187,
  "success_rel_l2_mean": 1.0,
  "success_rel_l2_ci95": 0.0,
  "success_rel_l2_median": 1.0,
  "success_rel_l2_q25": 1.0,
  "success_rel_l2_q75": 1.0,
  "success_mse_mean": 1.0,
  "success_mse_ci95": 0.0,
  "success_mse_median": 1.0,
  "success_mse_q25": 1.0,
  "success_mse_q75": 1.0,
  "clean_e_ran_l2_mean": 9.003265250474215,
  "clean_e_ran_l2_ci95": 1.6267428034847022,
  "clean_e_ran_l2_median": 8.86169147491455,
  "clean_e_ran_l2_q25": 6.328351855278015,
  "clean_e_ran_l2_q75": 11.182336330413818,
  "clean_e_nul_l2_mean": 0.1404148784931749,
  "clean_e_nul_l2_ci95": 0.02060681905031728,
  "clean_e_nul_l2_median": 0.13802596181631088,
  "clean_e_nul_l2_q25": 0.09527385234832764,
  "clean_e_nul_l2_q75": 0.18846970796585083,
  "clean_e_ran_frac_mean": 0.9998057178276969,
  "clean_e_ran_frac_ci95": 8.906641631256154e-05,
  "clean_e_ran_frac_median": 0.9998848297198222,
  "clean_e_ran_frac_q25": 0.9998347813222227,
  "clean_e_ran_frac_q75": 0.9999201573525427,
  "clean_e_nul_frac_mean": 0.017763479625379462,
  "clean_e_nul_frac_ci95": 0.0030055097963264756,
  "clean_e_nul_frac_median": 0.015171436953999874,
  "clean_e_nul_frac_q25": 0.012631723006693841,
  "clean_e_nul_frac_q75": 0.018174202085779294,
  "adv_e_ran_l2_mean": 14.308416277170181,
  "adv_e_ran_l2_ci95": 2.1163453774021135,
  "adv_e_ran_l2_median": 14.296102046966553,
  "adv_e_ran_l2_q25": 10.155686140060425,
  "adv_e_ran_l2_q75": 17.57962942123413,
  "adv_e_nul_l2_mean": 158.4196116924286,
  "adv_e_nul_l2_ci95": 22.657387060318925,
  "adv_e_nul_l2_median": 167.0173568725586,
  "adv_e_nul_l2_q25": 121.52811050415039,
  "adv_e_nul_l2_q75": 196.93505096435547,
  "adv_e_ran_frac_mean": 0.09095279619504928,
  "adv_e_ran_frac_ci95": 0.0045314046905003446,
  "adv_e_ran_frac_median": 0.0911919685617486,
  "adv_e_ran_frac_q25": 0.08246291613302757,
  "adv_e_ran_frac_q75": 0.0979696182752235,
  "adv_e_nul_frac_mean": 0.9957712795048588,
  "adv_e_nul_frac_ci95": 0.0004172991296490381,
  "adv_e_nul_frac_median": 0.9958333150423072,
  "adv_e_nul_frac_q25": 0.9951890899130509,
  "adv_e_nul_frac_q75": 0.9965940942542368,
  "attack_runtime_total_sec": 73.86599153280258,
  "attack_runtime_per_example_sec": 2.3083122354000807,
  "model_name": "nsn",
  "attack_name": "adam",
  "norm": "l2",
  "eps": 0.2,
  "eps_actual": 255.38500640136718,
  "eps_budget_mode": "per_sample_l2",
  "attack_init_mode": "exact",
  "eval_init_mode": "exact"
}