{
  "num_examples": 32,
  "gt_norm_mean": 19.10678167641163,
  "gt_norm_ci95": 3.4833903043152117,
  "gt_norm_median": 16.756710529327393,
  "gt_norm_q25": 12.742112159729004,
  "gt_norm_q75": 21.370549201965332,
  "clean_mse_mean": 0.00027638890128400817,
  "clean_mse_ci95": 6.712016490322704e-05,
  "clean_mse_median": 0.00023686107306275517,
  "clean_mse_q25": 0.0001161249110737117,
  "clean_mse_q75": 0.0003859057178488001,
  "adv_mse_mean": 0.0002764046577112822,
  "adv_mse_ci95": 6.712383098773918e-05,
  "adv_mse_median": 0.0002369309077039361,
  "adv_mse_q25": 0.00011613128117460292,
  "adv_mse_q75": 0.00038591610064031556,
  "mse_ratio_mean": 1.0000547014974277,
  "mse_ratio_ci95": 3.1838941650596205e-05,
  "mse_ratio_median": 1.000047601990654,
  "mse_ratio_q25": 1.0000266647522889,
  "mse_ratio_q75": 1.000060382442694,
  "clean_rel_l2_mean": 0.11245803418569267,
  "clean_rel_l2_ci95": 0.008704213009158253,
  "clean_rel_l2_median": 0.1135103739798069,
  "clean_rel_l2_q25": 0.09323267638683319,
  "clean_rel_l2_q75": 0.12188530713319778,
  "adv_rel_l2_mean": 0.11246149893850088,
  "adv_rel_l2_ci95": 0.008705382339475515,
  "adv_rel_l2_median": 0.11351332068443298,
  "adv_rel_l2_q25": 0.09323546104133129,
  "adv_rel_l2_q75": 0.12188679538667202,
  "rel_l2_ratio_mean": 1.000027353515809,
  "rel_l2_ratio_ci95": 1.590987950945358e-05,
  "rel_l2_ratio_median": 1.0000237213309133,
  "rel_l2_ratio_q25": 1.0000133850366364,
  "rel_l2_ratio_q75": 1.0000301823729967,
  "clean_psnr_mean": 32.24125215775135,
  "clean_psnr_ci95": 0.4122670077333718,
  "clean_psnr_median": 32.05672595089986,
  "clean_psnr_q25": 31.314489118155393,
  "clean_psnr_q75": 33.083222007921535,
  "adv_psnr_mean": 32.241014724385195,
  "adv_psnr_ci95": 0.4123118098611655,
  "adv_psnr_median": 32.05645841513156,
  "adv_psnr_q25": 31.314368114757134,
  "adv_psnr_q75": 33.08315462433738,
  "clean_ssim_mean": 0.9217629099657447,
  "clean_ssim_ci95": 0.00618343404386955,
  "clean_ssim_median": 0.9210925225692319,
  "clean_ssim_q25": 0.9106303254989848,
  "clean_ssim_q75": 0.9342832282236613,
  "adv_ssim_mean": 0.9217639548484702,
  "adv_ssim_ci95": 0.006184671427316239,
  "adv_ssim_median": 0.9210949646181621,
  "adv_ssim_q25": 0.9106445016820882,
  "adv_ssim_q75": 0.9342876157102152,
  "pred_shift_rel_l2_mean": 0.0002924903067196283,
  "pred_shift_rel_l2_ci95": 7.043424720290239e-05,
  "pred_shift_rel_l2_median": 0.00018981254834216088,
  "pred_shift_rel_l2_q25": 0.00014491686306428164,
  "pred_shift_rel_l2_q75": 0.0004101206868654117,
  "init_shift_rel_l2_mean": 0.0004548659183001291,
  "init_shift_rel_l2_ci95": 0.00015737994425908797,
  "init_shift_rel_l2_median": 0.00023526709264842793,
  "init_shift_rel_l2_q25": 0.0001704282040009275,
  "init_shift_rel_l2_q75": 0.0005270060937618837,
  "delta_l2_mean": 0.0001762785996106686,
  "delta_l2_ci95": 1.0502650582357757e-06,
  "delta_l2_median": 0.0001760317900334485,
  "delta_l2_q25": 0.00017427991042495705,
  "delta_l2_q75": 0.00017747481615515426,
  "delta_linf_mean": 6.4356293023593025e-06,
  "delta_linf_ci95": 2.501149764972973e-07,
  "delta_linf_median": 6.198883056640625e-06,
  "delta_linf_q25": 5.805253749713302e-06,
  "delta_linf_q75": 6.856711479485966e-06,
  "delta_mean_abs_mean": 5.571220178524072e-07,
  "delta_mean_abs_ci95": 6.368620170395578e-09,
  "delta_mean_abs_median": 5.627396433283138e-07,
  "delta_mean_abs_q25": 5.558553084483719e-07,
  "delta_mean_abs_q75": 5.673950624895951e-07,
  "delta_rel_l2_mean": 2.2983807869395865e-07,
  "delta_rel_l2_ci95": 4.84449233929076e-08,
  "delta_rel_l2_median": 2.1034298151121427e-07,
  "delta_rel_l2_q25": 1.3308240340565303e-07,
  "delta_rel_l2_q75": 2.8446542761610994e-07,
  "success_rel_l2_mean": 0.0,
  "success_rel_l2_ci95": 0.0,
  "success_rel_l2_median": 0.0,
  "success_rel_l2_q25": 0.0,
  "success_rel_l2_q75": 0.0,
  "success_mse_mean": 0.0,
  "success_mse_ci95": 0.0,
  "success_mse_median": 0.0,
  "success_mse_q25": 0.0,
  "success_mse_q75": 0.0,
  "clean_e_ran_l2_mean": 1.467962834984064,
  "clean_e_ran_l2_ci95": 0.1991634589894239,
  "clean_e_ran_l2_median": 1.3799903392791748,
  "clean_e_ran_l2_q25": 1.0279322862625122,
  "clean_e_ran_l2_q75": 1.7673651576042175,
  "clean_e_nul_l2_mean": 1.3447564356029034,
  "clean_e_nul_l2_ci95": 0.17423822071015513,
  "clean_e_nul_l2_median": 1.3605948686599731,
  "clean_e_nul_l2_q25": 0.9259719550609589,
  "clean_e_nul_l2_q75": 1.790343850851059,
  "clean_e_ran_frac_mean": 0.7312204400225835,
  "clean_e_ran_frac_ci95": 0.023607974060003367,
  "clean_e_ran_frac_median": 0.7427919748880567,
  "clean_e_ran_frac_q25": 0.6975291103833331,
  "clean_e_ran_frac_q75": 0.7626070611368011,
  "clean_e_nul_frac_mean": 0.6749534446990542,
  "clean_e_nul_frac_ci95": 0.025523928620885816,
  "clean_e_nul_frac_median": 0.6695212211613825,
  "clean_e_nul_frac_q25": 0.646855251608721,
  "clean_e_nul_frac_q75": 0.7165558316403394,
  "adv_e_ran_l2_mean": 1.4679575618356466,
  "adv_e_ran_l2_ci95": 0.1991638174964646,
  "adv_e_ran_l2_median": 1.3800392746925354,
  "adv_e_ran_l2_q25": 1.0279295444488525,
  "adv_e_ran_l2_q75": 1.7673467695713043,
  "adv_e_nul_l2_mean": 1.344846809282899,
  "adv_e_nul_l2_ci95": 0.17424867699708543,
  "adv_e_nul_l2_median": 1.3607176542282104,
  "adv_e_nul_l2_q25": 0.9260319918394089,
  "adv_e_nul_l2_q75": 1.790470451116562,
  "adv_e_ran_frac_mean": 0.7311965112916166,
  "adv_e_ran_frac_ci95": 0.02360828855999647,
  "adv_e_ran_frac_median": 0.7427718689674336,
  "adv_e_ran_frac_q25": 0.6974820829293412,
  "adv_e_ran_frac_q75": 0.7625870161749116,
  "adv_e_nul_frac_mean": 0.6749795614112744,
  "adv_e_nul_frac_ci95": 0.025523009324274468,
  "adv_e_nul_frac_median": 0.6695435962437849,
  "adv_e_nul_frac_q25": 0.6468787864237355,
  "adv_e_nul_frac_q75": 0.7166015788585748,
  "attack_runtime_total_sec": 276.02713269740343,
  "attack_runtime_per_example_sec": 8.625847896793857,
  "model_name": "nsn",
  "attack_name": "adam",
  "norm": "l2",
  "eps": 0.005,
  "eps_actual": 6.432730269256592,
  "eps_budget_mode": "per_sample_l2",
  "attack_init_mode": "exact",
  "eval_init_mode": "exact"
}