{
  "num_examples": 32,
  "gt_norm_mean": 19.554032936692238,
  "gt_norm_ci95": 3.175656556464896,
  "gt_norm_median": 19.43148136138916,
  "gt_norm_q25": 13.664082050323486,
  "gt_norm_q75": 22.861806869506836,
  "clean_mse_mean": 0.00026445050684742455,
  "clean_mse_ci95": 6.356442169143319e-05,
  "clean_mse_median": 0.00025715997617226094,
  "clean_mse_q25": 0.00010551254672463983,
  "clean_mse_q75": 0.00033409633761039004,
  "adv_mse_mean": 0.7655946164159104,
  "adv_mse_ci95": 0.3167869884476029,
  "adv_mse_median": 0.4688890129327774,
  "adv_mse_q25": 0.2430993989109993,
  "adv_mse_q75": 0.8190025091171265,
  "mse_ratio_mean": 2474.9450645906136,
  "mse_ratio_ci95": 475.23649938106513,
  "mse_ratio_median": 1985.286322330683,
  "mse_ratio_q25": 1550.1811639107248,
  "mse_ratio_q75": 3157.6663435307096,
  "clean_rel_l2_mean": 0.10566540830768645,
  "clean_rel_l2_ci95": 0.00612752949188252,
  "clean_rel_l2_median": 0.10447508096694946,
  "clean_rel_l2_q25": 0.09630278125405312,
  "clean_rel_l2_q75": 0.1120400670915842,
  "adv_rel_l2_mean": 4.876068495213985,
  "adv_rel_l2_ci95": 0.29025716825068126,
  "adv_rel_l2_median": 4.754903078079224,
  "adv_rel_l2_q25": 4.3579185009002686,
  "adv_rel_l2_q75": 5.477501034736633,
  "rel_l2_ratio_mean": 47.936643938521826,
  "rel_l2_ratio_ci95": 4.683713938422039,
  "rel_l2_ratio_median": 44.55529520065656,
  "rel_l2_ratio_q25": 39.372246178412226,
  "rel_l2_ratio_q75": 56.190692974937136,
  "clean_psnr_mean": 32.52383930250875,
  "clean_psnr_ci95": 0.518211344130933,
  "clean_psnr_median": 32.62140900813701,
  "clean_psnr_q25": 31.648503717073737,
  "clean_psnr_q75": 33.824843651096444,
  "adv_psnr_mean": -0.7419422641541328,
  "adv_psnr_ci95": 1.2145869488015009,
  "adv_psnr_median": -0.1879433142781386,
  "adv_psnr_q25": -2.7222075450873526,
  "adv_psnr_q75": 2.1789870995687375,
  "clean_ssim_mean": 0.896095197126876,
  "clean_ssim_ci95": 0.01929196796449886,
  "clean_ssim_median": 0.9055180053315002,
  "clean_ssim_q25": 0.886603267546872,
  "clean_ssim_q75": 0.9361248314119407,
  "adv_ssim_mean": 0.02323518191829338,
  "adv_ssim_ci95": 0.009459364297145865,
  "adv_ssim_median": 0.016591699907163464,
  "adv_ssim_q25": 0.004225102194298537,
  "adv_ssim_q75": 0.0325704758123528,
  "pred_shift_rel_l2_mean": 4.930848181247711,
  "pred_shift_rel_l2_ci95": 0.2918704850095345,
  "pred_shift_rel_l2_median": 4.760053396224976,
  "pred_shift_rel_l2_q25": 4.417946815490723,
  "pred_shift_rel_l2_q75": 5.537922739982605,
  "init_shift_rel_l2_mean": 0.40921619161963463,
  "init_shift_rel_l2_ci95": 0.022491069184732308,
  "init_shift_rel_l2_median": 0.3959425985813141,
  "init_shift_rel_l2_q25": 0.368080697953701,
  "init_shift_rel_l2_q75": 0.4503834694623947,
  "delta_l2_mean": 113.15232193470001,
  "delta_l2_ci95": 22.519233584029624,
  "delta_l2_median": 105.38117599487305,
  "delta_l2_q25": 75.85118103027344,
  "delta_l2_q75": 129.2472686767578,
  "delta_linf_mean": 2.0698556043207645,
  "delta_linf_ci95": 0.3965516935416286,
  "delta_linf_median": 1.9761191606521606,
  "delta_linf_q25": 1.345998376607895,
  "delta_linf_q75": 2.3124523162841797,
  "delta_mean_abs_mean": 0.43070221575908363,
  "delta_mean_abs_ci95": 0.08478099178087795,
  "delta_mean_abs_median": 0.4010421186685562,
  "delta_mean_abs_q25": 0.2909184470772743,
  "delta_mean_abs_q75": 0.491616427898407,
  "delta_rel_l2_mean": 0.09932248840587166,
  "delta_rel_l2_ci95": 0.0013280381701473566,
  "delta_rel_l2_median": 0.10000005690222286,
  "delta_rel_l2_q25": 0.10000005011202986,
  "delta_rel_l2_q75": 0.10000006448374471,
  "success_rel_l2_mean": 1.0,
  "success_rel_l2_ci95": 0.0,
  "success_rel_l2_median": 1.0,
  "success_rel_l2_q25": 1.0,
  "success_rel_l2_q75": 1.0,
  "success_mse_mean": 1.0,
  "success_mse_ci95": 0.0,
  "success_mse_median": 1.0,
  "success_mse_q25": 1.0,
  "success_mse_q75": 1.0,
  "clean_e_ran_l2_mean": 1.4460620451718569,
  "clean_e_ran_l2_ci95": 0.19823760088211823,
  "clean_e_ran_l2_median": 1.503426432609558,
  "clean_e_ran_l2_q25": 0.948512464761734,
  "clean_e_ran_l2_q75": 1.6380369067192078,
  "clean_e_nul_l2_mean": 1.3163206223398447,
  "clean_e_nul_l2_ci95": 0.15418718969184525,
  "clean_e_nul_l2_median": 1.3473610281944275,
  "clean_e_nul_l2_q25": 0.9407127499580383,
  "clean_e_nul_l2_q75": 1.594138503074646,
  "clean_e_ran_frac_mean": 0.7313071603672179,
  "clean_e_ran_frac_ci95": 0.018661179919279715,
  "clean_e_ran_frac_median": 0.7299274171969863,
  "clean_e_ran_frac_q25": 0.7030144301159762,
  "clean_e_ran_frac_q75": 0.7613703229057314,
  "clean_e_nul_frac_mean": 0.6776525043292396,
  "clean_e_nul_frac_ci95": 0.01980999050623247,
  "clean_e_nul_frac_median": 0.6835176667898522,
  "clean_e_nul_frac_q25": 0.6483171812554095,
  "clean_e_nul_frac_q75": 0.7111753636163098,
  "adv_e_ran_l2_mean": 60.65521028637886,
  "adv_e_ran_l2_ci95": 12.299679334745898,
  "adv_e_ran_l2_median": 56.645036697387695,
  "adv_e_ran_l2_q25": 39.65770721435547,
  "adv_e_ran_l2_q75": 67.76625633239746,
  "adv_e_nul_l2_mean": 76.52242743968964,
  "adv_e_nul_l2_ci95": 14.885290901384897,
  "adv_e_nul_l2_median": 65.64762878417969,
  "adv_e_nul_l2_q25": 47.27646350860596,
  "adv_e_nul_l2_q75": 94.35647392272949,
  "adv_e_ran_frac_mean": 0.6146235460028389,
  "adv_e_ran_frac_ci95": 0.0249352530451136,
  "adv_e_ran_frac_median": 0.6161229731876772,
  "adv_e_ran_frac_q25": 0.5649432945054742,
  "adv_e_ran_frac_q75": 0.6632665381920383,
  "adv_e_nul_frac_mean": 0.7837061222325883,
  "adv_e_nul_frac_ci95": 0.019362227632244808,
  "adv_e_nul_frac_median": 0.7876439820304528,
  "adv_e_nul_frac_q25": 0.7483825930988568,
  "adv_e_nul_frac_q75": 0.825125802990219,
  "attack_runtime_total_sec": 3987.0331644788384,
  "attack_runtime_per_example_sec": 124.5947863899637,
  "model_name": "nsn",
  "attack_name": "adam",
  "norm": "l2",
  "eps": 0.1,
  "eps_actual": 127.69250320068359,
  "eps_budget_mode": "per_sample_l2",
  "attack_init_mode": "exact",
  "eval_init_mode": "exact"
}