{
  "num_examples": 32,
  "gt_norm_mean": 19.554032936692238,
  "gt_norm_ci95": 3.175656556464896,
  "gt_norm_median": 19.43148136138916,
  "gt_norm_q25": 13.664082050323486,
  "gt_norm_q75": 22.861806869506836,
  "clean_mse_mean": 0.00614151487025083,
  "clean_mse_ci95": 0.002302202533300484,
  "clean_mse_median": 0.00471172365359962,
  "clean_mse_q25": 0.0024037493858486414,
  "clean_mse_q75": 0.007504416280426085,
  "adv_mse_mean": 0.5139660658314824,
  "adv_mse_ci95": 0.17239706234696703,
  "adv_mse_median": 0.4173467755317688,
  "adv_mse_q25": 0.23518453910946846,
  "adv_mse_q75": 0.5652186870574951,
  "mse_ratio_mean": 108.93919978571935,
  "mse_ratio_ci95": 23.392978327860163,
  "mse_ratio_median": 85.48499349715394,
  "mse_ratio_q25": 65.33399927183352,
  "mse_ratio_q75": 112.9946392600958,
  "clean_rel_l2_mean": 0.4487072783522308,
  "clean_rel_l2_ci95": 0.0333620242090129,
  "clean_rel_l2_median": 0.47253550589084625,
  "clean_rel_l2_q25": 0.393066868185997,
  "clean_rel_l2_q75": 0.501271203160286,
  "adv_rel_l2_mean": 4.262001618742943,
  "adv_rel_l2_ci95": 0.13554125793213115,
  "adv_rel_l2_median": 4.2840681076049805,
  "adv_rel_l2_q25": 4.043650567531586,
  "adv_rel_l2_q75": 4.435139894485474,
  "rel_l2_ratio_mean": 10.049437454914834,
  "rel_l2_ratio_ci95": 0.992440283998401,
  "rel_l2_ratio_median": 9.24552359194853,
  "rel_l2_ratio_q25": 8.082875639432139,
  "rel_l2_ratio_q75": 10.629711025102486,
  "clean_psnr_mean": 20.08274867731494,
  "clean_psnr_ci95": 1.0883253521376384,
  "clean_psnr_median": 20.28936131704193,
  "clean_psnr_q25": 18.338172457488653,
  "clean_psnr_q75": 22.00765373543176,
  "adv_psnr_mean": 0.33872320861393945,
  "adv_psnr_ci95": 0.9249354220635747,
  "adv_psnr_median": 0.8990945215830041,
  "adv_psnr_q25": -1.2824108719204586,
  "adv_psnr_q75": 2.1535174937801695,
  "clean_ssim_mean": 0.18738438523835738,
  "clean_ssim_ci95": 0.018575628031040712,
  "clean_ssim_median": 0.1796151387174037,
  "clean_ssim_q25": 0.16287905462104268,
  "clean_ssim_q75": 0.21127825510098017,
  "adv_ssim_mean": 0.01281115170383715,
  "adv_ssim_ci95": 0.004151611463738568,
  "adv_ssim_median": 0.011815920168022059,
  "adv_ssim_q25": 0.0060002393924711355,
  "adv_ssim_q75": 0.01767569782688589,
  "pred_shift_rel_l2_mean": 5.154558025300503,
  "pred_shift_rel_l2_ci95": 0.2053926662623559,
  "pred_shift_rel_l2_median": 5.1716742515563965,
  "pred_shift_rel_l2_q25": 4.697346210479736,
  "pred_shift_rel_l2_q75": 5.553782343864441,
  "init_shift_rel_l2_mean": 0.4071620851755142,
  "init_shift_rel_l2_ci95": 0.02297762174045594,
  "init_shift_rel_l2_median": 0.3922703415155411,
  "init_shift_rel_l2_q25": 0.36213240027427673,
  "init_shift_rel_l2_q75": 0.4535948187112808,
  "delta_l2_mean": 112.53469336032867,
  "delta_l2_ci95": 21.87178685393001,
  "delta_l2_median": 105.38117599487305,
  "delta_l2_q25": 75.85117530822754,
  "delta_l2_q75": 129.2472686767578,
  "delta_linf_mean": 1.9039299432188272,
  "delta_linf_ci95": 0.3700526976474935,
  "delta_linf_median": 1.766805112361908,
  "delta_linf_q25": 1.2655950784683228,
  "delta_linf_q75": 2.217989981174469,
  "delta_mean_abs_mean": 0.4277962890919298,
  "delta_mean_abs_ci95": 0.08181334934308258,
  "delta_mean_abs_median": 0.4029097855091095,
  "delta_mean_abs_q25": 0.2885238602757454,
  "delta_mean_abs_q75": 0.4880569353699684,
  "delta_rel_l2_mean": 0.0991666919341733,
  "delta_rel_l2_ci95": 0.0016333945885195923,
  "delta_rel_l2_median": 0.10000005551295718,
  "delta_rel_l2_q25": 0.10000004954940381,
  "delta_rel_l2_q75": 0.1000000602605177,
  "success_rel_l2_mean": 1.0,
  "success_rel_l2_ci95": 0.0,
  "success_rel_l2_median": 1.0,
  "success_rel_l2_q25": 1.0,
  "success_rel_l2_q75": 1.0,
  "success_mse_mean": 1.0,
  "success_mse_ci95": 0.0,
  "success_mse_median": 1.0,
  "success_mse_q25": 1.0,
  "success_mse_q75": 1.0,
  "clean_e_ran_l2_mean": 8.92330402508378,
  "clean_e_ran_l2_ci95": 1.612269287309876,
  "clean_e_ran_l2_median": 8.782703876495361,
  "clean_e_ran_l2_q25": 6.272414684295654,
  "clean_e_ran_l2_q75": 11.083015203475952,
  "clean_e_nul_l2_mean": 0.13234482961706817,
  "clean_e_nul_l2_ci95": 0.02115468058208829,
  "clean_e_nul_l2_median": 0.12297752499580383,
  "clean_e_nul_l2_q25": 0.0893249437212944,
  "clean_e_nul_l2_q75": 0.17174392938613892,
  "clean_e_ran_frac_mean": 0.9998502677998627,
  "clean_e_ran_frac_ci95": 4.875362585469841e-05,
  "clean_e_ran_frac_median": 0.9998984770169486,
  "clean_e_ran_frac_q25": 0.9998508700597566,
  "clean_e_ran_frac_q75": 0.9999231813362067,
  "clean_e_nul_frac_mean": 0.016198124799551357,
  "clean_e_nul_frac_ci95": 0.002143372094560393,
  "clean_e_nul_frac_median": 0.014252564859380205,
  "clean_e_nul_frac_q25": 0.012405127993525545,
  "clean_e_nul_frac_q75": 0.01726100847272909,
  "adv_e_ran_l2_mean": 11.002707913517952,
  "adv_e_ran_l2_ci95": 1.9734597036102492,
  "adv_e_ran_l2_median": 10.621912002563477,
  "adv_e_ran_l2_q25": 7.200515389442444,
  "adv_e_ran_l2_q75": 13.157297134399414,
  "adv_e_nul_l2_mean": 82.5846363902092,
  "adv_e_nul_l2_ci95": 13.39603038886185,
  "adv_e_nul_l2_median": 81.85985946655273,
  "adv_e_nul_l2_q25": 61.591309547424316,
  "adv_e_nul_l2_q75": 95.20831108093262,
  "adv_e_ran_frac_mean": 0.12977341798449576,
  "adv_e_ran_frac_ci95": 0.006727226707223928,
  "adv_e_ran_frac_median": 0.12758123784759579,
  "adv_e_ran_frac_q25": 0.11834135122562985,
  "adv_e_ran_frac_q75": 0.14548758434553613,
  "adv_e_nul_frac_mean": 0.9913565208641015,
  "adv_e_nul_frac_ci95": 0.0008541199535828875,
  "adv_e_nul_frac_median": 0.9918280197774016,
  "adv_e_nul_frac_q25": 0.9893600610657431,
  "adv_e_nul_frac_q75": 0.9929695721497876,
  "attack_runtime_total_sec": 1136.217710852623,
  "attack_runtime_per_example_sec": 35.50680346414447,
  "model_name": "nsn",
  "attack_name": "adam",
  "norm": "l2",
  "eps": 0.1,
  "eps_actual": 127.69250320068359,
  "eps_budget_mode": "per_sample_l2",
  "attack_init_mode": "exact",
  "eval_init_mode": "exact"
}