{
  "num_examples": 32,
  "gt_norm_mean": 26.229215562343597,
  "gt_norm_ci95": 1.7699003430208013,
  "gt_norm_median": 25.09980010986328,
  "clean_mse_mean": 4.9583440357992e-06,
  "clean_mse_ci95": 4.519650097408396e-07,
  "clean_mse_median": 4.840518158744089e-06,
  "adv_mse_mean": 0.20845962641760707,
  "adv_mse_ci95": 0.01020890304516913,
  "adv_mse_median": 0.20248441398143768,
  "mse_ratio_mean": 44801.815370247685,
  "mse_ratio_ci95": 4472.7126502310175,
  "mse_ratio_median": 45422.61044171804,
  "clean_rel_l2_mean": 0.011041214864235371,
  "clean_rel_l2_ci95": 0.0007037167521178696,
  "clean_rel_l2_median": 0.011030352208763361,
  "adv_rel_l2_mean": 2.304215893149376,
  "adv_rel_l2_ci95": 0.15889974528612577,
  "adv_rel_l2_median": 2.2908289432525635,
  "rel_l2_ratio_mean": 209.65752708854464,
  "rel_l2_ratio_ci95": 10.236264000828063,
  "rel_l2_ratio_median": 213.11105402516932,
  "clean_psnr_mean": 53.19743909233761,
  "clean_psnr_ci95": 0.40751740505288303,
  "clean_psnr_median": 53.151087710041026,
  "adv_psnr_mean": 6.848305274445113,
  "adv_psnr_ci95": 0.19978584532931334,
  "adv_psnr_median": 6.936096194702772,
  "clean_ssim_mean": 0.9904999783016327,
  "clean_ssim_ci95": 0.001189331999779911,
  "clean_ssim_median": 0.9907526185886734,
  "adv_ssim_mean": 0.03284414540895209,
  "adv_ssim_ci95": 0.0035931916918593423,
  "adv_ssim_median": 0.031882862594331415,
  "pred_shift_rel_l2_mean": 2.307113341987133,
  "pred_shift_rel_l2_ci95": 0.1591035860829481,
  "pred_shift_rel_l2_median": 2.2944332361221313,
  "init_shift_rel_l2_mean": 2.057846277952194,
  "init_shift_rel_l2_ci95": 0.1344177168781455,
  "init_shift_rel_l2_median": 2.0393731594085693,
  "delta_l2_mean": 30.6398104429245,
  "delta_l2_ci95": 5.551423359456797e-07,
  "delta_l2_median": 30.63981056213379,
  "delta_linf_mean": 0.7500867005437613,
  "delta_linf_ci95": 0.030031661020133115,
  "delta_linf_median": 0.7494386434555054,
  "delta_mean_abs_mean": 0.1151717200409621,
  "delta_mean_abs_ci95": 0.00034447614124396826,
  "delta_mean_abs_median": 0.11523310095071793,
  "delta_rel_l2_mean": 0.023325560640412506,
  "delta_rel_l2_ci95": 0.0020939274595833915,
  "delta_rel_l2_median": 0.022913393448822386,
  "success_rel_l2_mean": 1.0,
  "success_rel_l2_ci95": 0.0,
  "success_rel_l2_median": 1.0,
  "success_mse_mean": 1.0,
  "success_mse_ci95": 0.0,
  "success_mse_median": 1.0,
  "clean_e_ran_l2_mean": 0.23237067321315408,
  "clean_e_ran_l2_ci95": 0.011164406895551813,
  "clean_e_ran_l2_median": 0.23025696724653244,
  "clean_e_nul_l2_mean": 0.16039481130428612,
  "clean_e_nul_l2_ci95": 0.007942556404711965,
  "clean_e_nul_l2_median": 0.16060858964920044,
  "clean_e_ran_frac_mean": 0.8220851473302472,
  "clean_e_ran_frac_ci95": 0.008368842599784983,
  "clean_e_ran_frac_median": 0.8270322448874858,
  "clean_e_nul_frac_mean": 0.5678645933270593,
  "clean_e_nul_frac_ci95": 0.011889239334128027,
  "clean_e_nul_frac_median": 0.5621543530695601,
  "adv_e_ran_l2_mean": 57.621745228767395,
  "adv_e_ran_l2_ci95": 1.402070642081753,
  "adv_e_ran_l2_median": 56.97447204589844,
  "adv_e_nul_l2_mean": 8.864707812666893,
  "adv_e_nul_l2_ci95": 0.292594246433296,
  "adv_e_nul_l2_median": 8.833781719207764,
  "adv_e_ran_frac_mean": 0.9880959682128945,
  "adv_e_ran_frac_ci95": 0.000958103181414124,
  "adv_e_ran_frac_median": 0.9880070971464391,
  "adv_e_nul_frac_mean": 0.1527748211500199,
  "adv_e_nul_frac_ci95": 0.006285544896131671,
  "adv_e_nul_frac_median": 0.1544061042567474,
  "attack_runtime_total_sec": 23.332131884992123,
  "attack_runtime_per_example_sec": 0.7291291214060038,
  "model_name": "dpnsn_res",
  "attack_name": "adam",
  "norm": "l2",
  "eps": 0.02,
  "eps_actual": 30.639811490722654,
  "attack_init_mode": "exact",
  "eval_init_mode": "exact"
}