{
  "num_examples": 32,
  "gt_norm_mean": 27.30239450931549,
  "gt_norm_ci95": 2.6899918874387048,
  "gt_norm_median": 24.237028121948242,
  "clean_mse_mean": 5.434748551635948e-06,
  "clean_mse_ci95": 6.225388759603857e-07,
  "clean_mse_median": 5.180706239116262e-06,
  "adv_mse_mean": 0.21305847726762295,
  "adv_mse_ci95": 0.01027379970032174,
  "adv_mse_median": 0.20599322021007538,
  "mse_ratio_mean": 43070.64714326488,
  "mse_ratio_ci95": 4861.6007142999915,
  "mse_ratio_median": 41892.87280290348,
  "clean_rel_l2_mean": 0.01126700582972262,
  "clean_rel_l2_ci95": 0.0008635773299110477,
  "clean_rel_l2_median": 0.011324064806103706,
  "adv_rel_l2_mean": 2.3020826168358326,
  "adv_rel_l2_ci95": 0.1956706742561147,
  "adv_rel_l2_median": 2.42805278301239,
  "rel_l2_ratio_mean": 204.88582732459682,
  "rel_l2_ratio_ci95": 11.635232779479233,
  "rel_l2_ratio_median": 204.65991911402762,
  "clean_psnr_mean": 52.87030216051146,
  "clean_psnr_ci95": 0.4871998060361986,
  "clean_psnr_median": 52.856200680209604,
  "adv_psnr_mean": 6.754235024067173,
  "adv_psnr_ci95": 0.2038368303840491,
  "adv_psnr_median": 6.8615368536915,
  "clean_ssim_mean": 0.99069740132896,
  "clean_ssim_ci95": 0.0009588272308294736,
  "clean_ssim_median": 0.9916903806194058,
  "adv_ssim_mean": 0.034842168678159695,
  "adv_ssim_ci95": 0.0051192744317101425,
  "adv_ssim_median": 0.031007781629695884,
  "pred_shift_rel_l2_mean": 2.3058605454862118,
  "pred_shift_rel_l2_ci95": 0.1961963788346208,
  "pred_shift_rel_l2_median": 2.433130145072937,
  "init_shift_rel_l2_mean": 2.034344522282481,
  "init_shift_rel_l2_ci95": 0.16207303852273502,
  "init_shift_rel_l2_median": 2.192282199859619,
  "delta_l2_mean": 30.899833858013153,
  "delta_l2_ci95": 4.853245041651231e-07,
  "delta_l2_median": 30.89983367919922,
  "delta_linf_mean": 0.7353844083845615,
  "delta_linf_ci95": 0.029685346966030653,
  "delta_linf_median": 0.7517714500427246,
  "delta_mean_abs_mean": 0.11594387935474515,
  "delta_mean_abs_ci95": 0.00038179938828110794,
  "delta_mean_abs_median": 0.11580943316221237,
  "delta_rel_l2_mean": 0.02356476998868542,
  "delta_rel_l2_ci95": 0.0026233288934152613,
  "delta_rel_l2_median": 0.02477559679911426,
  "success_rel_l2_mean": 1.0,
  "success_rel_l2_ci95": 0.0,
  "success_rel_l2_median": 1.0,
  "success_mse_mean": 1.0,
  "success_mse_ci95": 0.0,
  "success_mse_median": 1.0,
  "clean_e_ran_l2_mean": 0.24064805544912815,
  "clean_e_ran_l2_ci95": 0.01390951117947289,
  "clean_e_ran_l2_median": 0.23938602954149246,
  "clean_e_nul_l2_mean": 0.16968945949338377,
  "clean_e_nul_l2_ci95": 0.00980422242292311,
  "clean_e_nul_l2_median": 0.162789948284626,
  "clean_e_ran_frac_mean": 0.8167873211079075,
  "clean_e_ran_frac_ci95": 0.006310478249630751,
  "clean_e_ran_frac_median": 0.8171196946773905,
  "clean_e_nul_frac_mean": 0.5760857359414842,
  "clean_e_nul_frac_ci95": 0.009059797663219576,
  "clean_e_nul_frac_median": 0.5764680207833996,
  "adv_e_ran_l2_mean": 58.30149590969086,
  "adv_e_ran_l2_ci95": 1.418320866840176,
  "adv_e_ran_l2_median": 57.59008598327637,
  "adv_e_nul_l2_mean": 8.647390753030777,
  "adv_e_nul_l2_ci95": 0.2892681642960654,
  "adv_e_nul_l2_median": 8.736403465270996,
  "adv_e_ran_frac_mean": 0.9889294081161442,
  "adv_e_ran_frac_ci95": 0.0008904279382223715,
  "adv_e_ran_frac_median": 0.9890816392822313,
  "adv_e_nul_frac_mean": 0.14737132051892704,
  "adv_e_nul_frac_ci95": 0.006034856516241088,
  "adv_e_nul_frac_median": 0.14736884253460675,
  "attack_runtime_total_sec": 23.347712699323893,
  "attack_runtime_per_example_sec": 0.7296160218538716,
  "model_name": "dpnsn_res",
  "attack_name": "adam",
  "norm": "l2",
  "eps": 0.02,
  "eps_actual": 30.899834134033203,
  "attack_init_mode": "exact",
  "eval_init_mode": "exact"
}