{
  "num_examples": 32,
  "gt_norm_mean": 27.44437724351883,
  "gt_norm_ci95": 2.532233818071928,
  "gt_norm_median": 24.26910400390625,
  "clean_mse_mean": 0.37591920024715364,
  "clean_mse_ci95": 0.10885200686041875,
  "clean_mse_median": 0.2267502173781395,
  "adv_mse_mean": 0.41625935630872846,
  "adv_mse_ci95": 0.11429044029283501,
  "adv_mse_median": 0.2605248689651489,
  "mse_ratio_mean": 1.1365796587192165,
  "mse_ratio_ci95": 0.013813161282492966,
  "mse_ratio_median": 1.148220827664937,
  "clean_rel_l2_mean": 2.6067876517772675,
  "clean_rel_l2_ci95": 0.09624428701162611,
  "clean_rel_l2_median": 2.5373117923736572,
  "adv_rel_l2_mean": 2.773842640221119,
  "adv_rel_l2_ci95": 0.08557265210553923,
  "adv_rel_l2_median": 2.733823537826538,
  "rel_l2_ratio_mean": 1.0659448644866572,
  "rel_l2_ratio_ci95": 0.006502592232289034,
  "rel_l2_ratio_median": 1.071550555466038,
  "clean_psnr_mean": 5.363626435770389,
  "clean_psnr_ci95": 1.0303858667582142,
  "clean_psnr_median": 6.445192803812407,
  "adv_psnr_mean": 4.810242520967579,
  "adv_psnr_ci95": 0.9777410189980602,
  "adv_psnr_median": 5.84229612650962,
  "clean_ssim_mean": 0.016546984108049688,
  "clean_ssim_ci95": 0.0012402993684598985,
  "clean_ssim_median": 0.015957577159299345,
  "adv_ssim_mean": 0.016559152964257664,
  "adv_ssim_ci95": 0.0012905002273130265,
  "adv_ssim_median": 0.01608521445450331,
  "pred_shift_rel_l2_mean": 0.0898907216032967,
  "pred_shift_rel_l2_ci95": 0.0092788184065689,
  "pred_shift_rel_l2_median": 0.0991506576538086,
  "init_shift_rel_l2_mean": 0.07236783689586446,
  "init_shift_rel_l2_ci95": 0.00838380895881907,
  "init_shift_rel_l2_median": 0.07704499736428261,
  "delta_l2_mean": 30.4297217130661,
  "delta_l2_ci95": 4.0902243214855907e-07,
  "delta_l2_median": 30.42972183227539,
  "delta_linf_mean": 0.7370977811515331,
  "delta_linf_ci95": 0.025447574493728944,
  "delta_linf_median": 0.7377634048461914,
  "delta_mean_abs_mean": 0.11585003579966724,
  "delta_mean_abs_ci95": 0.00012110722091475218,
  "delta_mean_abs_median": 0.1159478910267353,
  "delta_rel_l2_mean": 0.01734570093530931,
  "delta_rel_l2_ci95": 0.002024985153324415,
  "delta_rel_l2_median": 0.018390273256446984,
  "success_rel_l2_mean": 0.0,
  "success_rel_l2_ci95": 0.0,
  "success_rel_l2_median": 0.0,
  "success_mse_mean": 0.0,
  "success_mse_ci95": 0.0,
  "success_mse_median": 0.0,
  "clean_e_ran_l2_mean": 59.940213084220886,
  "clean_e_ran_l2_ci95": 7.52838095784298,
  "clean_e_ran_l2_median": 50.70963668823242,
  "clean_e_nul_l2_mean": 42.28315722942352,
  "clean_e_nul_l2_ci95": 6.307183237299324,
  "clean_e_nul_l2_median": 34.54378318786621,
  "clean_e_ran_frac_mean": 0.8223694518375446,
  "clean_e_ran_frac_ci95": 0.005612774598236042,
  "clean_e_ran_frac_median": 0.8246416643514392,
  "clean_e_nul_frac_mean": 0.5682742337455204,
  "clean_e_nul_frac_ci95": 0.008017245255767053,
  "clean_e_nul_frac_median": 0.5656555877870246,
  "adv_e_ran_l2_mean": 63.3717041015625,
  "adv_e_ran_l2_ci95": 7.561414324929109,
  "adv_e_ran_l2_median": 54.26291275024414,
  "adv_e_nul_l2_mean": 44.966727793216705,
  "adv_e_nul_l2_ci95": 6.303506092009459,
  "adv_e_nul_l2_median": 37.16869354248047,
  "adv_e_ran_frac_mean": 0.819946815868812,
  "adv_e_ran_frac_ci95": 0.005041487532981967,
  "adv_e_ran_frac_median": 0.822078979755365,
  "adv_e_nul_frac_mean": 0.5719011709996086,
  "adv_e_nul_frac_ci95": 0.00713833726560176,
  "adv_e_nul_frac_median": 0.5693734945434166,
  "attack_runtime_total_sec": 23.34627664834261,
  "attack_runtime_per_example_sec": 0.7295711452607065,
  "model_name": "dpnsn_res",
  "attack_name": "adam",
  "norm": "l2",
  "eps": 0.02,
  "eps_actual": 30.429722322998046,
  "attack_init_mode": "exact",
  "eval_init_mode": "exact"
}