{
  "num_examples": 32,
  "gt_norm_mean": 19.670156359672546,
  "gt_norm_ci95": 3.306666391339513,
  "gt_norm_median": 18.95488929748535,
  "gt_norm_q25": 11.325607061386108,
  "gt_norm_q75": 25.38380765914917,
  "clean_mse_mean": 4.233089482497121e-06,
  "clean_mse_ci95": 1.3959376967791498e-06,
  "clean_mse_median": 3.1469310215470614e-06,
  "clean_mse_q25": 2.0588170173141407e-06,
  "clean_mse_q75": 4.839670509682037e-06,
  "adv_mse_mean": 0.1046258344722446,
  "adv_mse_ci95": 0.04591250075629982,
  "adv_mse_median": 0.06162088178098202,
  "adv_mse_q25": 0.012129051145166159,
  "adv_mse_q75": 0.15175673738121986,
  "mse_ratio_mean": 25505.680457343457,
  "mse_ratio_ci95": 8031.837655927836,
  "mse_ratio_median": 17660.120079262204,
  "mse_ratio_q25": 8944.146187278013,
  "mse_ratio_q75": 38911.20913667888,
  "clean_rel_l2_mean": 0.013990804654895328,
  "clean_rel_l2_ci95": 0.0027437009112949223,
  "clean_rel_l2_median": 0.011366177350282669,
  "clean_rel_l2_q25": 0.00963209429755807,
  "clean_rel_l2_q75": 0.014316188171505928,
  "adv_rel_l2_mean": 1.5905570723116398,
  "adv_rel_l2_ci95": 0.14410500547931138,
  "adv_rel_l2_median": 1.567201852798462,
  "adv_rel_l2_q25": 1.282417207956314,
  "adv_rel_l2_q75": 1.8629684746265411,
  "rel_l2_ratio_mean": 142.8127907735121,
  "rel_l2_ratio_ci95": 25.16479768905783,
  "rel_l2_ratio_median": 132.8633955317871,
  "rel_l2_ratio_q25": 94.57339140212129,
  "rel_l2_ratio_q75": 197.2592065413612,
  "clean_psnr_mean": 50.400617942905725,
  "clean_psnr_ci95": 0.9582306673935479,
  "clean_psnr_median": 51.221854017716126,
  "clean_psnr_q25": 49.48024605897111,
  "clean_psnr_q75": 52.436419130903055,
  "adv_psnr_mean": 8.688563674661415,
  "adv_psnr_ci95": 1.63091879712944,
  "adv_psnr_median": 9.244313634437399,
  "adv_psnr_q25": 4.861007835207758,
  "adv_psnr_q75": 12.041415517003777,
  "clean_ssim_mean": 0.9970423391374046,
  "clean_ssim_ci95": 0.0004126937372226774,
  "clean_ssim_median": 0.9971779241078693,
  "clean_ssim_q25": 0.9962558470800563,
  "clean_ssim_q75": 0.9980665856771606,
  "adv_ssim_mean": 0.6824065160572581,
  "adv_ssim_ci95": 0.04974854215249442,
  "adv_ssim_median": 0.7384788039567847,
  "adv_ssim_q25": 0.5621892168434794,
  "adv_ssim_q75": 0.7878763836172415,
  "clean_mae_mean": 0.0007804920123817283,
  "clean_mae_ci95": 0.00011871629601624852,
  "clean_mae_median": 0.0007144018309190869,
  "clean_mae_q25": 0.0005749216361436993,
  "clean_mae_q75": 0.0009444958850508556,
  "adv_mae_mean": 0.06963282846845686,
  "adv_mae_ci95": 0.019938725023273086,
  "adv_mae_median": 0.05294063128530979,
  "adv_mae_q25": 0.02308298973366618,
  "adv_mae_q75": 0.08883162401616573,
  "clean_nrmse_mean": 0.0031891418470423455,
  "clean_nrmse_ci95": 0.00041450302620432884,
  "clean_nrmse_median": 0.002748937135148914,
  "clean_nrmse_q25": 0.002388820186285068,
  "clean_nrmse_q75": 0.0033585040753390354,
  "adv_nrmse_mean": 0.4247221532544069,
  "adv_nrmse_ci95": 0.0833034393573986,
  "adv_nrmse_median": 0.34575390074234014,
  "adv_nrmse_q25": 0.2500056645127422,
  "adv_nrmse_q75": 0.5714123407871048,
  "clean_max_err_mean": 0.05555336375255138,
  "clean_max_err_ci95": 0.009189805164417952,
  "clean_max_err_median": 0.049076568335294724,
  "clean_max_err_q25": 0.0329882875084877,
  "clean_max_err_q75": 0.07740922272205353,
  "adv_max_err_mean": 3.113807151094079,
  "adv_max_err_ci95": 0.7090514527663758,
  "adv_max_err_median": 2.8510284423828125,
  "adv_max_err_q25": 1.2068328559398651,
  "adv_max_err_q75": 4.512297868728638,
  "clean_init_rel_l2_mean": 0.2520770381670445,
  "clean_init_rel_l2_ci95": 0.04474757835515376,
  "clean_init_rel_l2_median": 0.21722742170095444,
  "clean_init_rel_l2_q25": 0.17055825889110565,
  "clean_init_rel_l2_q75": 0.28996142745018005,
  "adv_init_rel_l2_mean": 0.833355039358139,
  "adv_init_rel_l2_ci95": 0.03470763675482524,
  "adv_init_rel_l2_median": 0.8228855729103088,
  "adv_init_rel_l2_q25": 0.7552977651357651,
  "adv_init_rel_l2_q75": 0.8904958218336105,
  "init_rel_l2_ratio_mean": 3.9271853356559987,
  "init_rel_l2_ratio_ci95": 0.5366941014796812,
  "init_rel_l2_ratio_median": 3.6323539040976627,
  "init_rel_l2_ratio_q25": 2.8668358089622212,
  "init_rel_l2_ratio_q75": 5.153701268246334,
  "clean_init_psnr_mean": 25.194284395610136,
  "clean_init_psnr_ci95": 1.053763380803202,
  "clean_init_psnr_median": 24.783990491579146,
  "clean_init_psnr_q25": 23.15347558332141,
  "clean_init_psnr_q75": 27.63229479466916,
  "adv_init_psnr_mean": 14.069107293887356,
  "adv_init_psnr_ci95": 1.178283094567244,
  "adv_init_psnr_median": 14.887018152623561,
  "adv_init_psnr_q25": 11.474764161452072,
  "adv_init_psnr_q75": 16.849813323913104,
  "clean_init_ssim_mean": 0.4360748676610561,
  "clean_init_ssim_ci95": 0.038615712195724655,
  "clean_init_ssim_median": 0.4156293124047607,
  "clean_init_ssim_q25": 0.3746017818907749,
  "clean_init_ssim_q75": 0.4684293510924116,
  "adv_init_ssim_mean": 0.06603686895416513,
  "adv_init_ssim_ci95": 0.006397870887338842,
  "adv_init_ssim_median": 0.06355560069909771,
  "adv_init_ssim_q25": 0.05301215346719599,
  "adv_init_ssim_q75": 0.07278282838017994,
  "clean_init_mae_mean": 0.019345941531355493,
  "clean_init_mae_ci95": 0.0033431355899844186,
  "clean_init_mae_median": 0.0176046434789896,
  "clean_init_mae_q25": 0.012700640596449375,
  "clean_init_mae_q75": 0.023134255316108465,
  "adv_init_mae_mean": 0.09228461631573737,
  "adv_init_mae_ci95": 0.01865621923508682,
  "adv_init_mae_median": 0.08740577846765518,
  "adv_init_mae_q25": 0.04437730275094509,
  "adv_init_mae_q75": 0.13141808286309242,
  "pred_shift_rel_l2_mean": 1.5908625479787588,
  "pred_shift_rel_l2_ci95": 0.14482843269871437,
  "pred_shift_rel_l2_median": 1.5690209865570068,
  "pred_shift_rel_l2_q25": 1.2797663807868958,
  "pred_shift_rel_l2_q75": 1.8651692867279053,
  "init_shift_rel_l2_mean": 0.8116894382983446,
  "init_shift_rel_l2_ci95": 0.03928774182219737,
  "init_shift_rel_l2_median": 0.7970572113990784,
  "init_shift_rel_l2_q25": 0.7209439277648926,
  "init_shift_rel_l2_q75": 0.8779976963996887,
  "delta_l2_mean": 12.281680703163147,
  "delta_l2_ci95": 2.64301170210149,
  "delta_l2_median": 11.635647296905518,
  "delta_l2_q25": 5.349682092666626,
  "delta_l2_q75": 16.278320789337158,
  "delta_linf_mean": 0.30996962962672114,
  "delta_linf_ci95": 0.0694040349614246,
  "delta_linf_median": 0.2843187749385834,
  "delta_linf_q25": 0.1288132257759571,
  "delta_linf_q75": 0.39645640552043915,
  "delta_mean_abs_mean": 0.04432680318132043,
  "delta_mean_abs_ci95": 0.009599552369255838,
  "delta_mean_abs_median": 0.04209950752556324,
  "delta_mean_abs_q25": 0.019094733987003565,
  "delta_mean_abs_q75": 0.05838568974286318,
  "delta_rel_l2_mean": 0.01000000118330235,
  "delta_rel_l2_ci95": 5.382775357414582e-10,
  "delta_rel_l2_median": 0.010000000867726636,
  "delta_rel_l2_q25": 0.009999999968813296,
  "delta_rel_l2_q75": 0.010000001907123217,
  "success_rel_l2_mean": 1.0,
  "success_rel_l2_ci95": 0.0,
  "success_rel_l2_median": 1.0,
  "success_rel_l2_q25": 1.0,
  "success_rel_l2_q75": 1.0,
  "success_mse_mean": 1.0,
  "success_mse_ci95": 0.0,
  "success_mse_median": 1.0,
  "success_mse_q25": 1.0,
  "success_mse_q75": 1.0,
  "clean_e_ran_l2_mean": 0.17228506109677255,
  "clean_e_ran_l2_ci95": 0.024773381249984038,
  "clean_e_ran_l2_median": 0.15739762783050537,
  "clean_e_ran_l2_q25": 0.12449581734836102,
  "clean_e_ran_l2_q75": 0.21829743310809135,
  "clean_e_nul_l2_mean": 0.16710232058539987,
  "clean_e_nul_l2_ci95": 0.029022772908131485,
  "clean_e_nul_l2_median": 0.14983142167329788,
  "clean_e_nul_l2_q25": 0.12005991861224174,
  "clean_e_nul_l2_q75": 0.18146085366606712,
  "clean_e_ran_frac_mean": 0.7217032111356882,
  "clean_e_ran_frac_ci95": 0.022452118520550065,
  "clean_e_ran_frac_median": 0.7492634411527208,
  "clean_e_ran_frac_q25": 0.6845589207454497,
  "clean_e_ran_frac_q75": 0.7669260220969667,
  "clean_e_nul_frac_mean": 0.6865996513384425,