{
  "num_examples": 32,
  "gt_norm_mean": 26.229215562343597,
  "gt_norm_ci95": 1.7699003430208013,
  "gt_norm_median": 25.09980010986328,
  "clean_mse_mean": 1.025996945180907e-07,
  "clean_mse_ci95": 1.1660480789548427e-08,
  "clean_mse_median": 9.5558977619703e-08,
  "adv_mse_mean": 0.4974904740229249,
  "adv_mse_ci95": 0.002119033736163567,
  "adv_mse_median": 0.49777987599372864,
  "mse_ratio_mean": 5429886.563678275,
  "mse_ratio_ci95": 704468.8362993905,
  "mse_ratio_median": 5249028.78681576,
  "clean_rel_l2_mean": 0.0015774143212183844,
  "clean_rel_l2_ci95": 0.00011414332912521247,
  "clean_rel_l2_median": 0.0015505558694712818,
  "adv_rel_l2_mean": 3.553605832159519,
  "adv_rel_l2_ci95": 0.21044891428546153,
  "adv_rel_l2_median": 3.5936901569366455,
  "rel_l2_ratio_mean": 2295.4707627848634,
  "rel_l2_ratio_ci95": 141.11839651617294,
  "rel_l2_ratio_median": 2291.0443206667287,
  "clean_psnr_mean": 70.12463475941186,
  "clean_psnr_ci95": 0.5150265275794176,
  "clean_psnr_median": 70.19731557562864,
  "adv_psnr_mean": 3.0324707013658436,
  "adv_psnr_ci95": 0.018519063217260802,
  "adv_psnr_median": 3.02962665212983,
  "clean_ssim_mean": 0.9997977814985025,
  "clean_ssim_ci95": 3.338262120056758e-05,
  "clean_ssim_median": 0.9998101007730946,
  "adv_ssim_mean": 0.021596814598819097,
  "adv_ssim_ci95": 0.0019333384992674966,
  "adv_ssim_median": 0.02219321906182227,
  "pred_shift_rel_l2_mean": 3.5540560707449913,
  "pred_shift_rel_l2_ci95": 0.21055656226377087,
  "pred_shift_rel_l2_median": 3.5942366123199463,
  "init_shift_rel_l2_mean": 3.6778382658958435,
  "init_shift_rel_l2_ci95": 0.23706383197806496,
  "init_shift_rel_l2_median": 3.6855732202529907,
  "delta_l2_mean": 53.80024600028992,
  "delta_l2_ci95": 0.07424271021276364,
  "delta_l2_median": 53.813785552978516,
  "delta_linf_mean": 1.129810620099306,
  "delta_linf_ci95": 0.029075999812642063,
  "delta_linf_median": 1.124671220779419,
  "delta_mean_abs_mean": 0.20979447104036808,
  "delta_mean_abs_ci95": 0.00036415024654857446,
  "delta_mean_abs_median": 0.21000447869300842,
  "delta_rel_l2_mean": 0.040933496212687215,
  "delta_rel_l2_ci95": 0.00364592577784344,
  "delta_rel_l2_median": 0.04014963272122974,
  "success_rel_l2_mean": 1.0,
  "success_rel_l2_ci95": 0.0,
  "success_rel_l2_median": 1.0,
  "success_mse_mean": 1.0,
  "success_mse_ci95": 0.0,
  "success_mse_median": 1.0,
  "clean_e_ran_l2_mean": 9.589977111090775e-06,
  "clean_e_ran_l2_ci95": 1.290083452111422e-06,
  "clean_e_ran_l2_median": 8.932406672101934e-06,
  "clean_e_nul_l2_mean": 0.04045848536770791,
  "clean_e_nul_l2_ci95": 0.002337844378583584,
  "clean_e_nul_l2_median": 0.03956807777285576,
  "clean_e_ran_frac_mean": 0.00023874202005407292,
  "clean_e_ran_frac_ci95": 2.8000483469117344e-05,
  "clean_e_ran_frac_median": 0.00023929188680478876,
  "clean_e_nul_frac_mean": 0.9999999675110711,
  "clean_e_nul_frac_ci95": 1.9963878364630995e-08,
  "clean_e_nul_frac_median": 1.0,
  "adv_e_ran_l2_mean": 90.03324294090271,
  "adv_e_ran_l2_ci95": 0.19442054119341723,
  "adv_e_ran_l2_median": 90.04236602783203,
  "adv_e_nul_l2_mean": 6.62101249396801,
  "adv_e_nul_l2_ci95": 0.3061300188235277,
  "adv_e_nul_l2_median": 6.898240804672241,
  "adv_e_ran_frac_mean": 0.9972599514577959,
  "adv_e_ran_frac_ci95": 0.00023855551188154954,
  "adv_e_ran_frac_median": 0.9970649641235239,
  "adv_e_nul_frac_mean": 0.07334131409345616,
  "adv_e_nul_frac_ci95": 0.0033983609711817865,
  "adv_e_nul_frac_median": 0.07655630885141673,
  "attack_runtime_total_sec": 12.923578992486,
  "attack_runtime_per_example_sec": 0.4038618435151875,
  "model_name": "nsn",
  "attack_name": "adam",
  "norm": "l2",
  "eps": 0.2,
  "eps_actual": 306.39811490722656,
  "attack_init_mode": "exact",
  "eval_init_mode": "exact"
}