{
  "num_examples": 32,
  "gt_norm_mean": 27.580802619457245,
  "gt_norm_ci95": 2.1336641054187684,
  "gt_norm_median": 26.626888275146484,
  "clean_mse_mean": 7.050997218982502e-06,
  "clean_mse_ci95": 1.476663994989349e-06,
  "clean_mse_median": 5.843177632414154e-06,
  "adv_mse_mean": 8.93372918665409,
  "adv_mse_ci95": 0.5720607578708079,
  "adv_mse_median": 9.127941608428955,
  "mse_ratio_mean": 1592458.6503781448,
  "mse_ratio_ci95": 234906.2564794305,
  "mse_ratio_median": 1535929.5473476006,
  "clean_rel_l2_mean": 0.011853363219415769,
  "clean_rel_l2_ci95": 0.00043245050545510493,
  "clean_rel_l2_median": 0.011533250100910664,
  "adv_rel_l2_mean": 14.383963510394096,
  "adv_rel_l2_ci95": 1.039398450869556,
  "adv_rel_l2_median": 14.135912418365479,
  "rel_l2_ratio_mean": 1229.7935010769793,
  "rel_l2_ratio_ci95": 99.60952512975447,
  "rel_l2_ratio_median": 1239.323297899568,
  "clean_psnr_mean": 52.09839611019163,
  "clean_psnr_ci95": 0.7493930701575438,
  "clean_psnr_median": 52.3353482440351,
  "adv_psnr_mean": -9.429339572793875,
  "adv_psnr_ci95": 0.30532377176747993,
  "adv_psnr_median": -9.603725715862186,
  "clean_ssim_mean": 0.9894606261477835,
  "clean_ssim_ci95": 0.0019892488264436578,
  "clean_ssim_median": 0.9909052238152636,
  "adv_ssim_mean": -0.0031141232466763325,
  "adv_ssim_ci95": 0.0007939421505560501,
  "adv_ssim_median": -0.002360593132855869,
  "pred_shift_rel_l2_mean": 14.339902967214584,
  "pred_shift_rel_l2_ci95": 1.034958680151449,
  "pred_shift_rel_l2_median": 14.12141466140747,
  "init_shift_rel_l2_mean": 17.412652373313904,
  "init_shift_rel_l2_ci95": 1.3897860396922679,
  "init_shift_rel_l2_median": 17.377668380737305,
  "delta_l2_mean": 307.6746816635132,
  "delta_l2_ci95": 3.2721794571884726e-06,
  "delta_l2_median": 307.6746826171875,
  "delta_linf_mean": 9.533069908618927,
  "delta_linf_ci95": 0.47918248448960427,
  "delta_linf_median": 9.25379753112793,
  "delta_mean_abs_mean": 1.1125641092658043,
  "delta_mean_abs_ci95": 0.0037824459154478787,
  "delta_mean_abs_median": 1.1129310131072998,
  "delta_rel_l2_mean": 0.22012970049352,
  "delta_rel_l2_ci95": 0.023863049649266124,
  "delta_rel_l2_median": 0.21533168198099734,
  "success_rel_l2_mean": 1.0,
  "success_rel_l2_ci95": 0.0,
  "success_rel_l2_median": 1.0,
  "success_mse_mean": 1.0,
  "success_mse_ci95": 0.0,
  "success_mse_median": 1.0,
  "clean_e_ran_l2_mean": 0.2817896483466029,
  "clean_e_ran_l2_ci95": 0.028480255590778512,
  "clean_e_ran_l2_median": 0.26633520424366,
  "clean_e_nul_l2_mean": 0.16739655169658363,
  "clean_e_nul_l2_ci95": 0.013864267165281063,
  "clean_e_nul_l2_median": 0.15786196291446686,
  "clean_e_ran_frac_mean": 0.8557871177858765,
  "clean_e_ran_frac_ci95": 0.007948990617919632,
  "clean_e_ran_frac_median": 0.8563566974323826,
  "clean_e_nul_frac_mean": 0.515329415723506,
  "clean_e_nul_frac_ci95": 0.013877681167868442,
  "clean_e_nul_frac_median": 0.5163847451875081,
  "adv_e_ran_l2_mean": 380.6607437133789,
  "adv_e_ran_l2_ci95": 12.774040055260235,
  "adv_e_ran_l2_median": 386.54608154296875,
  "adv_e_nul_l2_mean": 12.054368436336517,
  "adv_e_nul_l2_ci95": 0.8293628222143437,
  "adv_e_nul_l2_median": 11.474679470062256,
  "adv_e_ran_frac_mean": 0.9994418587264795,
  "adv_e_ran_frac_ci95": 0.00015410664848843287,
  "adv_e_ran_frac_median": 0.9995619654932519,
  "adv_e_nul_frac_mean": 0.032174273512313556,
  "adv_e_nul_frac_ci95": 0.003159934836230551,
  "adv_e_nul_frac_median": 0.029594355101704817,
  "attack_runtime_total_sec": 57.99451143667102,
  "attack_runtime_per_example_sec": 1.8123284823959693,
  "model_name": "resnet",
  "attack_name": "adam",
  "norm": "l2",
  "eps": 0.2,
  "eps_actual": 307.6746801123047,
  "attack_init_mode": "exact",
  "eval_init_mode": "exact"
}