{
  "num_examples": 32,
  "gt_norm_mean": 19.670156359672546,
  "gt_norm_ci95": 3.306666391339513,
  "gt_norm_median": 18.95488929748535,
  "gt_norm_q25": 11.325607061386108,
  "gt_norm_q75": 25.38380765914917,
  "clean_mse_mean": 5.612949143252166e-07,
  "clean_mse_ci95": 1.9777864721603885e-07,
  "clean_mse_median": 3.6571930195350433e-07,
  "clean_mse_q25": 2.130579730419413e-07,
  "clean_mse_q75": 6.864816555207653e-07,
  "adv_mse_mean": 0.02680217741362867,
  "adv_mse_ci95": 0.013644092058260716,
  "adv_mse_median": 0.011208218056708574,
  "adv_mse_q25": 0.0020064867567270994,
  "adv_mse_q75": 0.040392099879682064,
  "mse_ratio_mean": 43783.61925461005,
  "mse_ratio_ci95": 14359.027885522099,
  "mse_ratio_median": 28977.974558557304,
  "mse_ratio_q25": 10424.162843315095,
  "mse_ratio_q75": 82175.6938904473,
  "clean_rel_l2_mean": 0.004997396870749071,
  "clean_rel_l2_ci95": 0.0008900302157751416,
  "clean_rel_l2_median": 0.004206398734822869,
  "clean_rel_l2_q25": 0.0034254661295562983,
  "clean_rel_l2_q75": 0.005473889643326402,
  "adv_rel_l2_mean": 0.7495676400139928,
  "adv_rel_l2_ci95": 0.0875874470040471,
  "adv_rel_l2_median": 0.6454778015613556,
  "adv_rel_l2_q25": 0.5568404197692871,
  "adv_rel_l2_q75": 0.9650623798370361,
  "rel_l2_ratio_mean": 184.15765555650827,
  "rel_l2_ratio_ci95": 34.97232593442118,
  "rel_l2_ratio_median": 170.00196989099095,
  "rel_l2_ratio_q25": 101.87278860746093,
  "rel_l2_ratio_q75": 286.66128973354944,
  "clean_psnr_mean": 59.209447005332066,
  "clean_psnr_ci95": 0.9578187055440011,
  "clean_psnr_median": 59.96873730239413,
  "clean_psnr_q25": 57.95121406880232,
  "clean_psnr_q75": 60.84446046836932,
  "adv_psnr_mean": 15.396785408500406,
  "adv_psnr_ci95": 1.8177740759328274,
  "adv_psnr_median": 16.791341015944774,
  "adv_psnr_q25": 11.058352112052473,
  "adv_psnr_q75": 19.59849400943439,
  "clean_ssim_mean": 0.9979702168899154,
  "clean_ssim_ci95": 0.0008418021814384995,
  "clean_ssim_median": 0.9988135510124017,
  "clean_ssim_q25": 0.9975698251358303,
  "clean_ssim_q75": 0.9991351841790994,
  "adv_ssim_mean": 0.14336210736482502,
  "adv_ssim_ci95": 0.0290814457132052,
  "adv_ssim_median": 0.13756460600525194,
  "adv_ssim_q25": 0.060555151525147795,
  "adv_ssim_q75": 0.20635143353414942,
  "clean_mae_mean": 0.0003681171897369495,
  "clean_mae_ci95": 6.210615973757269e-05,
  "clean_mae_median": 0.000319573053275235,
  "clean_mae_q25": 0.0002524823066778481,
  "clean_mae_q75": 0.0004401093610795215,
  "adv_mae_mean": 0.06781113590113819,
  "adv_mae_ci95": 0.018448496946658156,
  "adv_mae_median": 0.05257178470492363,
  "adv_mae_q25": 0.022239051293581724,
  "adv_mae_q75": 0.10642558708786964,
  "clean_nrmse_mean": 0.0011573000523242847,
  "clean_nrmse_ci95": 0.00015424621875596788,
  "clean_nrmse_median": 0.0010037557464428635,
  "clean_nrmse_q25": 0.0009073824051793343,
  "clean_nrmse_q75": 0.0012662015647871418,
  "adv_nrmse_mean": 0.20345798658213737,
  "adv_nrmse_ci95": 0.04423485768485829,
  "adv_nrmse_median": 0.14472319097431352,
  "adv_nrmse_q25": 0.10476081833857578,
  "adv_nrmse_q75": 0.28041938315193815,
  "clean_max_err_mean": 0.014933580649085343,
  "clean_max_err_ci95": 0.0033303609393555956,
  "clean_max_err_median": 0.011397391557693481,
  "clean_max_err_q25": 0.008980536833405495,
  "clean_max_err_q75": 0.01632840931415558,
  "adv_max_err_mean": 1.6530311284586787,
  "adv_max_err_ci95": 0.3632452034085761,
  "adv_max_err_median": 1.6638879776000977,
  "adv_max_err_q25": 0.7549902647733688,
  "adv_max_err_q75": 2.1836490631103516,
  "clean_init_rel_l2_mean": 0.2520770381670445,
  "clean_init_rel_l2_ci95": 0.04474757835515376,
  "clean_init_rel_l2_median": 0.21722742170095444,
  "clean_init_rel_l2_q25": 0.17055825889110565,
  "clean_init_rel_l2_q75": 0.28996142745018005,
  "adv_init_rel_l2_mean": 0.498919946141541,
  "adv_init_rel_l2_ci95": 0.026341125881941825,
  "adv_init_rel_l2_median": 0.49743838608264923,
  "adv_init_rel_l2_q25": 0.4510354623198509,
  "adv_init_rel_l2_q75": 0.5364644676446915,
  "init_rel_l2_ratio_mean": 2.2712762917476814,
  "init_rel_l2_ratio_ci95": 0.260133667156817,
  "init_rel_l2_ratio_median": 2.132238310048054,
  "init_rel_l2_ratio_q25": 1.8071978337216994,
  "init_rel_l2_ratio_q75": 2.923434428146507,
  "clean_init_psnr_mean": 25.194284395610136,
  "clean_init_psnr_ci95": 1.053763380803202,
  "clean_init_psnr_median": 24.783990491579146,
  "clean_init_psnr_q25": 23.15347558332141,
  "clean_init_psnr_q75": 27.63229479466916,
  "adv_init_psnr_mean": 18.554118005493407,
  "adv_init_psnr_ci95": 1.050356853556074,
  "adv_init_psnr_median": 19.652047533018006,
  "adv_init_psnr_q25": 16.055185243135654,
  "adv_init_psnr_q75": 20.677710553189577,
  "clean_init_ssim_mean": 0.4360748676610561,
  "clean_init_ssim_ci95": 0.038615712195724655,
  "clean_init_ssim_median": 0.4156293124047607,
  "clean_init_ssim_q25": 0.3746017818907749,
  "clean_init_ssim_q75": 0.4684293510924116,
  "adv_init_ssim_mean": 0.11611673592697667,
  "adv_init_ssim_ci95": 0.013714508350345532,
  "adv_init_ssim_median": 0.11266796497055409,
  "adv_init_ssim_q25": 0.07960654421742427,
  "adv_init_ssim_q75": 0.14076557303388967,
  "clean_init_mae_mean": 0.019345941531355493,
  "clean_init_mae_ci95": 0.0033431355899844186,
  "clean_init_mae_median": 0.0176046434789896,
  "clean_init_mae_q25": 0.012700640596449375,
  "clean_init_mae_q75": 0.023134255316108465,
  "adv_init_mae_mean": 0.05473958025686443,
  "adv_init_mae_ci95": 0.010563252694458626,
  "adv_init_mae_median": 0.04973386228084564,
  "adv_init_mae_q25": 0.027773160487413406,
  "adv_init_mae_q75": 0.07387722656130791,
  "pred_shift_rel_l2_mean": 0.7492184769362211,
  "pred_shift_rel_l2_ci95": 0.0876345983753522,
  "pred_shift_rel_l2_median": 0.6456287801265717,
  "pred_shift_rel_l2_q25": 0.556663915514946,
  "pred_shift_rel_l2_q75": 0.965057447552681,
  "init_shift_rel_l2_mean": 0.42871143110096455,
  "init_shift_rel_l2_ci95": 0.021899559175289015,
  "init_shift_rel_l2_median": 0.4261500984430313,
  "init_shift_rel_l2_q25": 0.3786541596055031,
  "init_shift_rel_l2_q75": 0.47621573507785797,
  "delta_l2_mean": 6.14084030687809,
  "delta_l2_ci95": 1.3215059100712878,
  "delta_l2_median": 5.817823171615601,
  "delta_l2_q25": 2.674840807914734,
  "delta_l2_q75": 8.13916015625,
  "delta_linf_mean": 0.1556278991047293,
  "delta_linf_ci95": 0.03330948071851245,
  "delta_linf_median": 0.1473955288529396,
  "delta_linf_q25": 0.0705361757427454,
  "delta_linf_q75": 0.20444678515195847,
  "delta_mean_abs_mean": 0.021883914174395613,
  "delta_mean_abs_ci95": 0.004735363153814682,
  "delta_mean_abs_median": 0.020671012811362743,
  "delta_mean_abs_q25": 0.009507341776043177,
  "delta_mean_abs_q75": 0.029075417667627335,
  "delta_rel_l2_mean": 0.005000000516540747,
  "delta_rel_l2_ci95": 3.64158512998531e-10,
  "delta_rel_l2_median": 0.0050000004289154016,
  "delta_rel_l2_q25": 0.0049999999462086355,
  "delta_rel_l2_q75": 0.0050000009075268645,
  "success_rel_l2_mean": 1.0,
  "success_rel_l2_ci95": 0.0,
  "success_rel_l2_median": 1.0,
  "success_rel_l2_q25": 1.0,
  "success_rel_l2_q75": 1.0,
  "success_mse_mean": 1.0,
  "success_mse_ci95": 0.0,
  "success_mse_median": 1.0,
  "success_mse_q25": 1.0,
  "success_mse_q75": 1.0,
  "clean_e_ran_l2_mean": 1.1741585289826162e-05,
  "clean_e_ran_l2_ci95": 2.589065731757267e-06,
  "clean_e_ran_l2_median": 1.152363074652385e-05,
  "clean_e_ran_l2_q25": 5.10649101670424e-06,
  "clean_e_ran_l2_q75": 1.4750985656064586e-05,
  "clean_e_nul_l2_mean": 0.08739241550210863,
  "clean_e_nul_l2_ci95": 0.01389867574300725,
  "clean_e_nul_l2_median": 0.0774075947701931,
  "clean_e_nul_l2_q25": 0.0590744698420167,
  "clean_e_nul_l2_q75": 0.10605190135538578,
  "clean_e_ran_frac_mean": 0.00013606957618292003,
  "clean_e_ran_frac_ci95": 2.1786677677283374e-05,
  "clean_e_ran_frac_median": 0.0001313153690224375,
  "clean_e_ran_frac_q25": 9.319375286701167e-05,
  "clean_e_ran_frac_q75": 0.00017622928866082785,