{
  "num_examples": 32,
  "gt_norm_mean": 22.48570889234543,
  "gt_norm_ci95": 3.7267142366218637,
  "gt_norm_median": 20.150904655456543,
  "gt_norm_q25": 16.28321075439453,
  "gt_norm_q75": 23.551395893096924,
  "clean_mse_mean": 0.00011819734288565087,
  "clean_mse_ci95": 7.482913538906371e-05,
  "clean_mse_median": 5.7194145483663306e-05,
  "clean_mse_q25": 3.2716106943553314e-05,
  "clean_mse_q75": 9.231047806679271e-05,
  "adv_mse_mean": 0.15988362855568994,
  "adv_mse_ci95": 0.11956109671497145,
  "adv_mse_median": 0.03725726529955864,
  "adv_mse_q25": 0.01468313136138022,
  "adv_mse_q75": 0.14473727717995644,
  "mse_ratio_mean": 990.2582379688006,
  "mse_ratio_ci95": 221.26442899719146,
  "mse_ratio_median": 1045.1471252321212,
  "mse_ratio_q25": 434.0788011663145,
  "mse_ratio_q75": 1498.1421180598606,
  "clean_rel_l2_mean": 0.0499020250281319,
  "clean_rel_l2_ci95": 0.002641603638062451,
  "clean_rel_l2_median": 0.04793270491063595,
  "clean_rel_l2_q25": 0.04460453800857067,
  "clean_rel_l2_q75": 0.05321281496435404,
  "adv_rel_l2_mean": 1.5206534806638956,
  "adv_rel_l2_ci95": 0.2416746234193153,
  "adv_rel_l2_median": 1.3625307083129883,
  "adv_rel_l2_q25": 0.9298191219568253,
  "adv_rel_l2_q75": 1.917271375656128,
  "rel_l2_ratio_mean": 29.699767072110774,
  "rel_l2_ratio_ci95": 3.661445979105786,
  "rel_l2_ratio_median": 32.32872734978927,
  "rel_l2_ratio_q25": 20.83454951747661,
  "rel_l2_ratio_q75": 38.705796754794605,
  "clean_psnr_mean": 38.14168617012356,
  "clean_psnr_ci95": 1.2402792071628115,
  "clean_psnr_median": 38.65706754727126,
  "clean_psnr_q25": 36.86415164078834,
  "clean_psnr_q75": 41.39793913593701,
  "adv_psnr_mean": 9.279894383341999,
  "adv_psnr_ci95": 2.2027739461893883,
  "adv_psnr_median": 10.082863635802944,
  "adv_psnr_q25": 4.386436327623989,
  "adv_psnr_q75": 14.68507058970272,
  "clean_ssim_mean": 0.9382193190164401,
  "clean_ssim_ci95": 0.017573193741820033,
  "clean_ssim_median": 0.952939684262754,
  "clean_ssim_q25": 0.9256516434679004,
  "clean_ssim_q75": 0.9719925386867707,
  "adv_ssim_mean": 0.39708042115580444,
  "adv_ssim_ci95": 0.059977626662599,
  "adv_ssim_median": 0.38810320177843444,
  "adv_ssim_q25": 0.26675046968123106,
  "adv_ssim_q75": 0.566234326230271,
  "clean_mae_mean": 0.004379009507829323,
  "clean_mae_ci95": 0.001019830545245486,
  "clean_mae_median": 0.003441965440288186,
  "clean_mae_q25": 0.002594910911284387,
  "clean_mae_q75": 0.0047461241483688354,
  "adv_mae_mean": 0.0828899324988015,
  "adv_mae_ci95": 0.02924075776250851,
  "adv_mae_median": 0.04506865330040455,
  "adv_mae_q25": 0.03261273726820946,
  "adv_mae_q75": 0.10175085067749023,
  "clean_nrmse_mean": 0.013550756483890935,
  "clean_nrmse_ci95": 0.002261338091628395,
  "clean_nrmse_median": 0.011672055019238483,
  "clean_nrmse_q25": 0.008513414258439007,
  "clean_nrmse_q75": 0.014359305746059155,
  "adv_nrmse_mean": 0.4453037426230937,
  "adv_nrmse_ci95": 0.11706596185354612,
  "adv_nrmse_median": 0.3132255310156801,
  "adv_nrmse_q25": 0.18439552077108662,
  "adv_nrmse_q75": 0.6037321310394708,
  "clean_max_err_mean": 0.27906179847195745,
  "clean_max_err_ci95": 0.05013236581163897,
  "clean_max_err_median": 0.25757864117622375,
  "clean_max_err_q25": 0.19653389230370522,
  "clean_max_err_q75": 0.32194922119379044,
  "adv_max_err_mean": 3.6734237410128117,
  "adv_max_err_ci95": 1.1561755082885723,
  "adv_max_err_median": 2.3912367820739746,
  "adv_max_err_q25": 1.4674485325813293,
  "adv_max_err_q75": 4.621217727661133,
  "clean_init_rel_l2_mean": 1.2768600173294544,
  "clean_init_rel_l2_ci95": 0.06145374216922123,
  "clean_init_rel_l2_median": 1.2511871457099915,
  "clean_init_rel_l2_q25": 1.1422662138938904,
  "clean_init_rel_l2_q75": 1.357904314994812,
  "adv_init_rel_l2_mean": 3.796052373945713,
  "adv_init_rel_l2_ci95": 0.14856130577548152,
  "adv_init_rel_l2_median": 3.7990070581436157,
  "adv_init_rel_l2_q25": 3.457663595676422,
  "adv_init_rel_l2_q75": 4.072231292724609,
  "init_rel_l2_ratio_mean": 2.994679447598264,
  "init_rel_l2_ratio_ci95": 0.09943925901769307,
  "init_rel_l2_ratio_median": 3.0267696999851923,
  "init_rel_l2_ratio_q25": 2.7938140166804777,
  "init_rel_l2_ratio_q75": 3.2115380590800733,
  "clean_init_psnr_mean": 9.966758356110383,
  "clean_init_psnr_ci95": 1.2678164241493421,
  "clean_init_psnr_median": 10.044764355147933,
  "clean_init_psnr_q25": 7.77267796280662,
  "clean_init_psnr_q75": 12.971222698647555,
  "adv_init_psnr_mean": 0.4792948210385045,
  "adv_init_psnr_ci95": 1.113174453673347,
  "adv_init_psnr_median": 1.2120725344080965,
  "adv_init_psnr_q25": -1.7629996636233725,
  "adv_init_psnr_q75": 3.276238646558988,
  "clean_init_ssim_mean": 0.045894530813646195,
  "clean_init_ssim_ci95": 0.0029810721766441116,
  "clean_init_ssim_median": 0.04412002243173,
  "clean_init_ssim_q25": 0.0400464820982077,
  "clean_init_ssim_q75": 0.05181353231477137,
  "adv_init_ssim_mean": 0.01404643669743092,
  "adv_init_ssim_ci95": 0.0018779266072330276,
  "adv_init_ssim_median": 0.013662063582928253,
  "adv_init_ssim_q25": 0.011389838679032573,
  "adv_init_ssim_q75": 0.016045442628530596,
  "clean_init_mae_mean": 0.18155068787746131,
  "clean_init_mae_ci95": 0.040424957000169584,
  "clean_init_mae_median": 0.1451817750930786,
  "clean_init_mae_q25": 0.11259804293513298,
  "clean_init_mae_q75": 0.19700151309370995,
  "adv_init_mae_mean": 0.5111147272400558,
  "adv_init_mae_ci95": 0.09796048859899796,
  "adv_init_mae_median": 0.4080204665660858,
  "adv_init_mae_q25": 0.33465636521577835,
  "adv_init_mae_q75": 0.53193299472332,
  "pred_shift_rel_l2_mean": 1.5147379655390978,
  "pred_shift_rel_l2_ci95": 0.24051345981840005,
  "pred_shift_rel_l2_median": 1.3542632460594177,
  "pred_shift_rel_l2_q25": 0.9251797795295715,
  "pred_shift_rel_l2_q75": 1.9149037301540375,
  "init_shift_rel_l2_mean": 2.2411430403590202,
  "init_shift_rel_l2_ci95": 0.06396721547306888,
  "init_shift_rel_l2_median": 2.2478437423706055,
  "init_shift_rel_l2_q25": 2.1124361753463745,
  "init_shift_rel_l2_q75": 2.3654794692993164,
  "delta_l2_mean": 70.38900882005692,
  "delta_l2_ci95": 14.455835521339903,
  "delta_l2_median": 55.82418632507324,
  "delta_l2_q25": 44.03505897521973,
  "delta_l2_q75": 77.56232070922852,
  "delta_linf_mean": 2.832924757152796,
  "delta_linf_ci95": 0.639517430530464,
  "delta_linf_median": 2.3403029441833496,
  "delta_linf_q25": 1.6781892776489258,
  "delta_linf_q75": 2.9565811157226562,
  "delta_mean_abs_mean": 0.2562459942419082,
  "delta_mean_abs_ci95": 0.05173715292076313,
  "delta_mean_abs_median": 0.20480137318372726,
  "delta_mean_abs_q25": 0.16244782134890556,
  "delta_mean_abs_q75": 0.28534162044525146,
  "delta_rel_l2_mean": 0.049731413185146546,
  "delta_rel_l2_ci95": 0.0005264458462570079,
  "delta_rel_l2_median": 0.05000000728977753,
  "delta_rel_l2_q25": 0.050000005721290444,
  "delta_rel_l2_q75": 0.05000001074202191,
  "success_rel_l2_mean": 1.0,
  "success_rel_l2_ci95": 0.0,
  "success_rel_l2_median": 1.0,
  "success_rel_l2_q25": 1.0,
  "success_rel_l2_q75": 1.0,
  "success_mse_mean": 1.0,
  "success_mse_ci95": 0.0,
  "success_mse_median": 1.0,
  "success_mse_q25": 1.0,
  "success_mse_q75": 1.0,
  "clean_e_ran_l2_mean": 0.8994036195799708,
  "clean_e_ran_l2_ci95": 0.2049986448912956,
  "clean_e_ran_l2_median": 0.7439800202846527,
  "clean_e_ran_l2_q25": 0.5644854009151459,
  "clean_e_ran_l2_q75": 0.9646771252155304,
  "clean_e_nul_l2_mean": 0.7448996305465698,
  "clean_e_nul_l2_ci95": 0.17015091126531273,
  "clean_e_nul_l2_median": 0.6325936913490295,
  "clean_e_nul_l2_q25": 0.48461806029081345,
  "clean_e_nul_l2_q75": 0.7692376524209976,
  "clean_e_ran_frac_mean": 0.7682325714619281,
  "clean_e_ran_frac_ci95": 0.00930902926718601,
  "clean_e_ran_frac_median": 0.7705459142612929,
  "clean_e_ran_frac_q25": 0.7478372369776518,
  "clean_e_ran_frac_q75": 0.7828897413862829,
  "clean_e_nul_frac_mean": 0.6388419159566807,
  "clean_e_nul_frac_ci95": 0.011134388835925487,