{
  "num_examples": 32,
  "gt_norm_mean": 19.246901780366898,
  "gt_norm_ci95": 3.3146818493907912,
  "gt_norm_median": 15.661028385162354,
  "clean_mse_mean": 3.810156152894706e-05,
  "clean_mse_ci95": 1.570044975763597e-05,
  "clean_mse_median": 1.4667835330328671e-05,
  "adv_mse_mean": 0.050293110485654324,
  "adv_mse_ci95": 0.010845664503455251,
  "adv_mse_median": 0.03827283903956413,
  "mse_ratio_mean": 2706.1613322624407,
  "mse_ratio_ci95": 601.6441043410729,
  "mse_ratio_median": 2389.1059402509204,
  "clean_rel_l2_mean": 0.034673165529966354,
  "clean_rel_l2_ci95": 0.0036995029912777707,
  "clean_rel_l2_median": 0.03172023966908455,
  "adv_rel_l2_mean": 1.6272704070433974,
  "adv_rel_l2_ci95": 0.176313217030136,
  "adv_rel_l2_median": 1.6477698683738708,
  "rel_l2_ratio_mean": 49.08825447231227,
  "rel_l2_ratio_ci95": 6.061649403993712,
  "rel_l2_ratio_median": 48.876094543966104,
  "clean_psnr_mean": 42.05926294701165,
  "clean_psnr_ci95": 1.1499287600649641,
  "clean_psnr_median": 42.828314919614755,
  "adv_psnr_mean": 8.894421189475208,
  "adv_psnr_ci95": 1.1468749959800701,
  "adv_psnr_median": 8.552301312756207,
  "clean_ssim_mean": 0.9387366997962017,
  "clean_ssim_ci95": 0.01566673921521558,
  "clean_ssim_median": 0.9520741673864702,
  "adv_ssim_mean": 0.24424997489904265,
  "adv_ssim_ci95": 0.038857093636951424,
  "adv_ssim_median": 0.23361798435744316,
  "pred_shift_rel_l2_mean": 1.6192784076556563,
  "pred_shift_rel_l2_ci95": 0.17370814708735707,
  "pred_shift_rel_l2_median": 1.6497821807861328,
  "init_shift_rel_l2_mean": 2.0925352685153484,
  "init_shift_rel_l2_ci95": 0.3142457358564791,
  "init_shift_rel_l2_median": 2.250733256340027,
  "delta_l2_mean": 25.611173391342163,
  "delta_l2_ci95": 2.7836309873468644e-07,
  "delta_l2_median": 25.611173629760742,
  "delta_linf_mean": 0.7352854963392019,
  "delta_linf_ci95": 0.034925286325704276,
  "delta_linf_median": 0.7330722808837891,
  "delta_mean_abs_mean": 0.09376712096855044,
  "delta_mean_abs_ci95": 0.0002972208307569504,
  "delta_mean_abs_median": 0.09397951513528824,
  "delta_rel_l2_mean": 0.030907619128647625,
  "delta_rel_l2_ci95": 0.0052183725275664625,
  "delta_rel_l2_median": 0.031681826117755295,
  "success_rel_l2_mean": 1.0,
  "success_rel_l2_ci95": 0.0,
  "success_rel_l2_median": 1.0,
  "success_mse_mean": 1.0,
  "success_mse_ci95": 0.0,
  "success_mse_median": 1.0,
  "clean_e_ran_l2_mean": 0.5012285015545785,
  "clean_e_ran_l2_ci95": 0.09742509089434434,
  "clean_e_ran_l2_median": 0.37418200075626373,
  "clean_e_nul_l2_mean": 0.45323242526501417,
  "clean_e_nul_l2_ci95": 0.10620057280208872,
  "clean_e_nul_l2_median": 0.3157099038362503,
  "clean_e_ran_frac_mean": 0.755806407791707,
  "clean_e_ran_frac_ci95": 0.02268594646804632,
  "clean_e_ran_frac_median": 0.7705443554959387,
  "clean_e_nul_frac_mean": 0.6487959545579323,
  "clean_e_nul_frac_ci95": 0.021318614959932317,
  "clean_e_nul_frac_median": 0.6373865032224442,
  "adv_e_ran_l2_mean": 9.657560586929321,
  "adv_e_ran_l2_ci95": 0.9908364672195948,
  "adv_e_ran_l2_median": 8.783270835876465,
  "adv_e_nul_l2_mean": 25.60947135090828,
  "adv_e_nul_l2_ci95": 2.880739459370179,
  "adv_e_nul_l2_median": 23.630054473876953,
  "adv_e_ran_frac_mean": 0.3640462407470234,
  "adv_e_ran_frac_ci95": 0.03128648782262543,
  "adv_e_ran_frac_median": 0.38461001024074326,
  "adv_e_nul_frac_mean": 0.9262074745510445,
  "adv_e_nul_frac_ci95": 0.014562578269908415,
  "adv_e_nul_frac_median": 0.923075445734944,
  "attack_runtime_total_sec": 116.51308622211218,
  "attack_runtime_per_example_sec": 3.6410339444410056,
  "model_name": "dpnsn_res",
  "attack_name": "adam",
  "norm": "l2",
  "eps": 0.02,
  "eps_actual": 25.611172796813968,
  "attack_init_mode": "exact",
  "eval_init_mode": "exact"
}