{
  "num_examples": 32,
  "gt_norm_mean": 19.246901780366898,
  "gt_norm_ci95": 3.3146818493907912,
  "gt_norm_median": 15.661028385162354,
  "clean_mse_mean": 3.810156152894706e-05,
  "clean_mse_ci95": 1.570044975763597e-05,
  "clean_mse_median": 1.4667835330328671e-05,
  "adv_mse_mean": 0.015388268180686282,
  "adv_mse_ci95": 0.004687121001793437,
  "adv_mse_median": 0.011401483323425055,
  "mse_ratio_mean": 893.4963540434533,
  "mse_ratio_ci95": 264.86576660698626,
  "mse_ratio_median": 774.2645215511566,
  "clean_rel_l2_mean": 0.034673165529966354,
  "clean_rel_l2_ci95": 0.0036995029912777707,
  "clean_rel_l2_median": 0.03172023966908455,
  "adv_rel_l2_mean": 0.9040545774623752,
  "adv_rel_l2_ci95": 0.14409085370087854,
  "adv_rel_l2_median": 0.9592958390712738,
  "rel_l2_ratio_mean": 27.016337887294306,
  "rel_l2_ratio_ci95": 4.502826595159045,
  "rel_l2_ratio_median": 27.82559841207578,
  "clean_psnr_mean": 42.05926294701165,
  "clean_psnr_ci95": 1.1499287600649641,
  "clean_psnr_median": 42.828314919614755,
  "adv_psnr_mean": 14.690837322276746,
  "adv_psnr_ci95": 1.6491257176903544,
  "adv_psnr_median": 12.852881378648735,
  "clean_ssim_mean": 0.9387366997962017,
  "clean_ssim_ci95": 0.01566673921521558,
  "clean_ssim_median": 0.9520741673864702,
  "adv_ssim_mean": 0.4501405202418334,
  "adv_ssim_ci95": 0.051254935012633826,
  "adv_ssim_median": 0.4686471816082747,
  "pred_shift_rel_l2_mean": 0.8992424472235143,
  "pred_shift_rel_l2_ci95": 0.14270525162064124,
  "pred_shift_rel_l2_median": 0.9556066393852234,
  "init_shift_rel_l2_mean": 1.1292450055480003,
  "init_shift_rel_l2_ci95": 0.1739406850463743,
  "init_shift_rel_l2_median": 1.2316392064094543,
  "delta_l2_mean": 12.805586725473404,
  "delta_l2_ci95": 2.56766726317305e-07,
  "delta_l2_median": 12.805586814880371,
  "delta_linf_mean": 0.36033008992671967,
  "delta_linf_ci95": 0.018092421458283856,
  "delta_linf_median": 0.3549112230539322,
  "delta_mean_abs_mean": 0.046397625119425356,
  "delta_mean_abs_ci95": 0.0001340452797369351,
  "delta_mean_abs_median": 0.04642451927065849,
  "delta_rel_l2_mean": 0.015453809674003477,
  "delta_rel_l2_ci95": 0.0026091863964866472,
  "delta_rel_l2_median": 0.015840913058877647,
  "success_rel_l2_mean": 1.0,
  "success_rel_l2_ci95": 0.0,
  "success_rel_l2_median": 1.0,
  "success_mse_mean": 1.0,
  "success_mse_ci95": 0.0,
  "success_mse_median": 1.0,
  "clean_e_ran_l2_mean": 0.5012285015545785,
  "clean_e_ran_l2_ci95": 0.09742509089434434,
  "clean_e_ran_l2_median": 0.37418200075626373,
  "clean_e_nul_l2_mean": 0.45323242526501417,
  "clean_e_nul_l2_ci95": 0.10620057280208872,
  "clean_e_nul_l2_median": 0.3157099038362503,
  "clean_e_ran_frac_mean": 0.755806407791707,
  "clean_e_ran_frac_ci95": 0.02268594646804632,
  "clean_e_ran_frac_median": 0.7705443554959387,
  "clean_e_nul_frac_mean": 0.6487959545579323,
  "clean_e_nul_frac_ci95": 0.021318614959932317,
  "clean_e_nul_frac_median": 0.6373865032224442,
  "adv_e_ran_l2_mean": 5.576774097979069,
  "adv_e_ran_l2_ci95": 0.6230344575364953,
  "adv_e_ran_l2_median": 5.201141119003296,
  "adv_e_nul_l2_mean": 13.421067789196968,
  "adv_e_nul_l2_ci95": 2.1632742320946123,
  "adv_e_nul_l2_median": 12.23552942276001,
  "adv_e_ran_frac_mean": 0.4147972947750308,
  "adv_e_ran_frac_ci95": 0.04334141061787533,
  "adv_e_ran_frac_median": 0.39675185172713734,
  "adv_e_nul_frac_mean": 0.8992726392395436,
  "adv_e_nul_frac_ci95": 0.022522671625188326,
  "adv_e_nul_frac_median": 0.9178237357779977,
  "attack_runtime_total_sec": 116.50713988021016,
  "attack_runtime_per_example_sec": 3.6408481212565675,
  "model_name": "dpnsn_res",
  "attack_name": "adam",
  "norm": "l2",
  "eps": 0.01,
  "eps_actual": 12.805586398406984,
  "attack_init_mode": "exact",
  "eval_init_mode": "exact"
}