{
  "num_examples": 32,
  "gt_norm_mean": 19.246901780366898,
  "gt_norm_ci95": 3.3146818493907912,
  "gt_norm_median": 15.661028385162354,
  "clean_mse_mean": 3.933885684759275e-05,
  "clean_mse_ci95": 4.3927084058883086e-05,
  "clean_mse_median": 3.1640017823519884e-06,
  "adv_mse_mean": 0.006855054691186524,
  "adv_mse_ci95": 0.0035063297217386644,
  "adv_mse_median": 0.0028194186743348837,
  "mse_ratio_mean": 1147.7063455392708,
  "mse_ratio_ci95": 492.3456066910252,
  "mse_ratio_median": 452.51892312201005,
  "clean_rel_l2_mean": 0.024667877180036157,
  "clean_rel_l2_ci95": 0.010194335083669105,
  "clean_rel_l2_median": 0.014764487743377686,
  "adv_rel_l2_mean": 0.5395178035832942,
  "adv_rel_l2_ci95": 0.12171360035146048,
  "adv_rel_l2_median": 0.4996575117111206,
  "rel_l2_ratio_mean": 28.503448617564366,
  "rel_l2_ratio_ci95": 6.445635470561346,
  "rel_l2_ratio_median": 21.269726816065962,
  "clean_psnr_mean": 47.1319127269045,
  "clean_psnr_ci95": 2.0283044819018206,
  "clean_psnr_median": 49.327588281691995,
  "adv_psnr_mean": 19.925240781774853,
  "adv_psnr_ci95": 2.1687986792367764,
  "adv_psnr_median": 19.64264853616413,
  "clean_ssim_mean": 0.9906381179233497,
  "clean_ssim_ci95": 0.0028023495946297348,
  "clean_ssim_median": 0.9930798454018441,
  "adv_ssim_mean": 0.9126246191928945,
  "adv_ssim_ci95": 0.02086061838013523,
  "adv_ssim_median": 0.9267542951556365,
  "pred_shift_rel_l2_mean": 0.537340035662055,
  "pred_shift_rel_l2_ci95": 0.12079945533244921,
  "pred_shift_rel_l2_median": 0.4998924285173416,
  "init_shift_rel_l2_mean": 0.604456172324717,
  "init_shift_rel_l2_ci95": 0.09313480657770873,
  "init_shift_rel_l2_median": 0.6518642008304596,
  "delta_l2_mean": 6.402793347835541,
  "delta_l2_ci95": 1.7680091278976163e-07,
  "delta_l2_median": 6.4027934074401855,
  "delta_linf_mean": 0.18240508809685707,
  "delta_linf_ci95": 0.006503052306631579,
  "delta_linf_median": 0.18014676868915558,
  "delta_mean_abs_mean": 0.0229678075411357,
  "delta_mean_abs_ci95": 0.0001085469060536347,
  "delta_mean_abs_median": 0.022954685613512993,
  "delta_rel_l2_mean": 0.007726904809472973,
  "delta_rel_l2_ci95": 0.001304593171489129,
  "delta_rel_l2_median": 0.007920456237849009,
  "success_rel_l2_mean": 1.0,
  "success_rel_l2_ci95": 0.0,
  "success_rel_l2_median": 1.0,
  "success_mse_mean": 1.0,
  "success_mse_ci95": 0.0,
  "success_mse_median": 1.0,
  "clean_e_ran_l2_mean": 0.33419539453461766,
  "clean_e_ran_l2_ci95": 0.11959582308209402,
  "clean_e_ran_l2_median": 0.17974556982517242,
  "clean_e_nul_l2_mean": 0.35835759923793375,
  "clean_e_nul_l2_ci95": 0.18924519666797135,
  "clean_e_nul_l2_median": 0.13826829940080643,
  "clean_e_ran_frac_mean": 0.7534704359547861,
  "clean_e_ran_frac_ci95": 0.029563594853286156,
  "clean_e_ran_frac_median": 0.7836358928377829,
  "clean_e_nul_frac_mean": 0.6476754787368632,
  "clean_e_nul_frac_ci95": 0.026684294721857675,
  "clean_e_nul_frac_median": 0.6212197610367185,
  "adv_e_ran_l2_mean": 3.3639028258621693,
  "adv_e_ran_l2_ci95": 0.45052544972003955,
  "adv_e_ran_l2_median": 3.034642815589905,
  "adv_e_nul_l2_mean": 8.100311242043972,
  "adv_e_nul_l2_ci95": 2.0449195756749368,
  "adv_e_nul_l2_median": 6.050137042999268,
  "adv_e_ran_frac_mean": 0.4429679180795355,
  "adv_e_ran_frac_ci95": 0.04222701472699579,
  "adv_e_ran_frac_median": 0.4569861048417685,
  "adv_e_nul_frac_mean": 0.8860095256126082,
  "adv_e_nul_frac_ci95": 0.023291766053736115,
  "adv_e_nul_frac_median": 0.8894626362597406,
  "attack_runtime_total_sec": 58.88377341628075,
  "attack_runtime_per_example_sec": 1.8401179192587733,
  "model_name": "resnet",
  "attack_name": "adam",
  "norm": "l2",
  "eps": 0.005,
  "eps_actual": 6.402793199203492,
  "attack_init_mode": "exact",
  "eval_init_mode": "exact"
}