{
  "num_examples": 32,
  "gt_norm_mean": 19.806160181760788,
  "gt_norm_ci95": 2.9469057162341947,
  "gt_norm_median": 18.65426254272461,
  "gt_norm_q25": 12.793537616729736,
  "gt_norm_q75": 26.20080327987671,
  "clean_mse_mean": 1.7656718863889864e-05,
  "clean_mse_ci95": 1.1367461449100967e-05,
  "clean_mse_median": 7.679949248995399e-06,
  "clean_mse_q25": 3.6738778135259054e-06,
  "clean_mse_q75": 1.555162748445582e-05,
  "adv_mse_mean": 0.003161793498293264,
  "adv_mse_ci95": 0.0023108852249259814,
  "adv_mse_median": 0.0006817150569986552,
  "adv_mse_q25": 0.000361822618287988,
  "adv_mse_q75": 0.002465048397425562,
  "mse_ratio_mean": 191.50301112222832,
  "mse_ratio_ci95": 67.62201476863859,
  "mse_ratio_median": 127.3166499374405,
  "mse_ratio_q25": 64.98153391404057,
  "mse_ratio_q75": 219.21680001366414,
  "clean_rel_l2_mean": 0.02235429544816725,
  "clean_rel_l2_ci95": 0.005255791497411031,
  "clean_rel_l2_median": 0.017155254259705544,
  "clean_rel_l2_q25": 0.014801344368606806,
  "clean_rel_l2_q75": 0.020705293398350477,
  "adv_rel_l2_mean": 0.24044869630597532,
  "adv_rel_l2_ci95": 0.04359903644596201,
  "adv_rel_l2_median": 0.19658633321523666,
  "adv_rel_l2_q25": 0.15161561965942383,
  "adv_rel_l2_q75": 0.2858974114060402,
  "rel_l2_ratio_mean": 12.367978647103119,
  "rel_l2_ratio_ci95": 2.1852897097760735,
  "rel_l2_ratio_median": 11.280702059450302,
  "rel_l2_ratio_q25": 8.060524456464877,
  "rel_l2_ratio_q75": 14.804380237299068,
  "clean_psnr_mean": 46.83043612748834,
  "clean_psnr_ci95": 1.3669835645131427,
  "clean_psnr_median": 47.7757525421688,
  "clean_psnr_q25": 44.576114130045234,
  "clean_psnr_q75": 50.04028786943823,
  "adv_psnr_mean": 26.18056608325418,
  "adv_psnr_ci95": 2.13803920296816,
  "adv_psnr_median": 27.279988807998176,
  "adv_psnr_q25": 22.924202112538445,
  "adv_psnr_q75": 30.26352095682409,
  "clean_ssim_mean": 0.9849938851655122,
  "clean_ssim_ci95": 0.003885203648873142,
  "clean_ssim_median": 0.988859148529373,
  "clean_ssim_q25": 0.9830180642582868,
  "clean_ssim_q75": 0.9922626057929551,
  "adv_ssim_mean": 0.9380757333695792,
  "adv_ssim_ci95": 0.020115157859821833,
  "adv_ssim_median": 0.9592011044308861,
  "adv_ssim_q25": 0.9286132524545431,
  "adv_ssim_q75": 0.9724200043808542,
  "clean_mae_mean": 0.001649874518989236,
  "clean_mae_ci95": 0.0003274790243502632,
  "clean_mae_median": 0.0013162544928491116,
  "clean_mae_q25": 0.0010123130632564425,
  "clean_mae_q75": 0.0019313973607495427,
  "adv_mae_mean": 0.009128169338509906,
  "adv_mae_ci95": 0.003982824244495574,
  "adv_mae_median": 0.004210956860333681,
  "adv_mae_q25": 0.003142654022667557,
  "adv_mae_q75": 0.009203901281580329,
  "clean_nrmse_mean": 0.005091610481484312,
  "clean_nrmse_ci95": 0.0009646927203221447,
  "clean_nrmse_median": 0.004086237897492051,
  "clean_nrmse_q25": 0.0031482121547158,
  "clean_nrmse_q75": 0.00590473430636609,
  "adv_nrmse_mean": 0.06474157561646754,
  "adv_nrmse_ci95": 0.020607035692278546,
  "adv_nrmse_median": 0.04325905854264937,
  "adv_nrmse_q25": 0.030678826568229442,
  "adv_nrmse_q75": 0.07185300164885608,
  "clean_max_err_mean": 0.10796475363895297,
  "clean_max_err_ci95": 0.028863895288489393,
  "clean_max_err_median": 0.08599047362804413,
  "clean_max_err_q25": 0.04314509034156799,
  "clean_max_err_q75": 0.1622677594423294,
  "adv_max_err_mean": 0.6787701221182942,
  "adv_max_err_ci95": 0.0913716832847648,
  "adv_max_err_median": 0.6547815501689911,
  "adv_max_err_q25": 0.464577279984951,
  "adv_max_err_q75": 0.8379266560077667,
  "clean_init_rel_l2_mean": 0.3665603967383504,
  "clean_init_rel_l2_ci95": 0.038403306013622636,
  "clean_init_rel_l2_median": 0.35208597779273987,
  "clean_init_rel_l2_q25": 0.3001028299331665,
  "clean_init_rel_l2_q75": 0.37695785611867905,
  "adv_init_rel_l2_mean": 0.5263001173734665,
  "adv_init_rel_l2_ci95": 0.02894266427927037,
  "adv_init_rel_l2_median": 0.5218766033649445,
  "adv_init_rel_l2_q25": 0.48066575825214386,
  "adv_init_rel_l2_q75": 0.5556972473859787,
  "init_rel_l2_ratio_mean": 1.4906072119739477,
  "init_rel_l2_ratio_ci95": 0.08288471633540229,
  "init_rel_l2_ratio_median": 1.5325030889615598,
  "init_rel_l2_ratio_q25": 1.3090842902282636,
  "init_rel_l2_ratio_q75": 1.6883549997352891,
  "clean_init_psnr_mean": 21.770101520711616,
  "clean_init_psnr_ci95": 1.150549673679535,
  "clean_init_psnr_median": 21.902652531932308,
  "clean_init_psnr_q25": 20.421128931234048,
  "clean_init_psnr_q75": 23.885292476453795,
  "adv_init_psnr_mean": 18.418897761405994,
  "adv_init_psnr_ci95": 1.1359439533233544,
  "adv_init_psnr_median": 19.132724026845075,
  "adv_init_psnr_q25": 16.729579208590604,
  "adv_init_psnr_q75": 20.454752697302197,
  "clean_init_ssim_mean": 0.18507351933738528,
  "clean_init_ssim_ci95": 0.030001286716356445,
  "clean_init_ssim_median": 0.16158426217636884,
  "clean_init_ssim_q25": 0.13307457795689728,
  "clean_init_ssim_q75": 0.21259884043133606,
  "adv_init_ssim_mean": 0.10405744029934047,
  "adv_init_ssim_ci95": 0.01659983118601889,
  "adv_init_ssim_median": 0.09075603026618272,
  "adv_init_ssim_q25": 0.07469430697886391,
  "adv_init_ssim_q75": 0.10446456500460997,
  "clean_init_mae_mean": 0.040868057461921126,
  "clean_init_mae_ci95": 0.007575174640980243,
  "clean_init_mae_median": 0.035782722756266594,
  "clean_init_mae_q25": 0.02316789049655199,
  "clean_init_mae_q75": 0.04952391982078552,
  "adv_init_mae_mean": 0.06101851077983156,
  "adv_init_mae_ci95": 0.01100842942168859,
  "adv_init_mae_median": 0.051940178498625755,
  "adv_init_mae_q25": 0.03619841858744621,
  "adv_init_mae_q75": 0.07290530763566494,
  "pred_shift_rel_l2_mean": 0.23627976572606713,
  "pred_shift_rel_l2_ci95": 0.044169767949227584,
  "pred_shift_rel_l2_median": 0.19442512840032578,
  "pred_shift_rel_l2_q25": 0.14839719608426094,
  "pred_shift_rel_l2_q75": 0.28000544011592865,
  "init_shift_rel_l2_mean": 0.36929548578336835,
  "init_shift_rel_l2_ci95": 0.020715468155344183,
  "init_shift_rel_l2_median": 0.3751140981912613,
  "init_shift_rel_l2_q25": 0.3317469283938408,
  "init_shift_rel_l2_q75": 0.40593723952770233,
  "delta_l2_mean": 5.871477589011192,
  "delta_l2_ci95": 1.2319912305387055,
  "delta_l2_median": 4.647352457046509,
  "delta_l2_q25": 3.3113386034965515,
  "delta_l2_q75": 7.321551203727722,
  "delta_linf_mean": 0.17643469269387424,
  "delta_linf_ci95": 0.03329101286172282,
  "delta_linf_median": 0.12698139250278473,
  "delta_linf_q25": 0.10553999058902264,
  "delta_linf_q75": 0.2243681699037552,
  "delta_mean_abs_mean": 0.02124711306532845,
  "delta_mean_abs_ci95": 0.004506098505666927,
  "delta_mean_abs_median": 0.016803646460175514,
  "delta_mean_abs_q25": 0.01211588317528367,
  "delta_mean_abs_q75": 0.02661210484802723,
  "delta_rel_l2_mean": 0.005000002419048096,
  "delta_rel_l2_ci95": 2.699966008475867e-10,
  "delta_rel_l2_median": 0.0050000025185719475,
  "delta_rel_l2_q25": 0.0050000019924633125,
  "delta_rel_l2_q75": 0.005000002972835733,
  "success_rel_l2_mean": 1.0,
  "success_rel_l2_ci95": 0.0,
  "success_rel_l2_median": 1.0,
  "success_rel_l2_q25": 1.0,
  "success_rel_l2_q75": 1.0,
  "success_mse_mean": 1.0,
  "success_mse_ci95": 0.0,
  "success_mse_median": 1.0,
  "success_mse_q25": 1.0,
  "success_mse_q75": 1.0,
  "clean_e_ran_l2_mean": 0.3242219735402614,
  "clean_e_ran_l2_ci95": 0.07613292854729811,
  "clean_e_ran_l2_median": 0.2785230726003647,
  "clean_e_ran_l2_q25": 0.18413691967725754,
  "clean_e_ran_l2_q75": 0.38782361149787903,
  "clean_e_nul_l2_mean": 0.2878236058168113,
  "clean_e_nul_l2_ci95": 0.08222089938590736,
  "clean_e_nul_l2_median": 0.22620338946580887,
  "clean_e_nul_l2_q25": 0.15773506835103035,
  "clean_e_nul_l2_q75": 0.31930628418922424,
  "clean_e_ran_frac_mean": 0.7575629867436204,
  "clean_e_ran_frac_ci95": 0.01591387461567894,
  "clean_e_ran_frac_median": 0.7664994633537143,
  "clean_e_ran_frac_q25": 0.7200112445595844,
  "clean_e_ran_frac_q75": 0.7884891497265671,
  "clean_e_nul_frac_mean": 0.6490140792712816,