{
  "num_examples": 32,
  "gt_norm_mean": 26.229215562343597,
  "gt_norm_ci95": 1.7699003430208013,
  "gt_norm_median": 25.09980010986328,
  "clean_mse_mean": 1.025996945180907e-07,
  "clean_mse_ci95": 1.1660480789548427e-08,
  "clean_mse_median": 9.5558977619703e-08,
  "adv_mse_mean": 0.49749069567769766,
  "adv_mse_ci95": 0.0021190548349414792,
  "adv_mse_median": 0.4977797567844391,
  "mse_ratio_mean": 5429890.908009158,
  "mse_ratio_ci95": 704471.8999905479,
  "mse_ratio_median": 5249057.569466161,
  "clean_rel_l2_mean": 0.0015774143212183844,
  "clean_rel_l2_ci95": 0.00011414332912521247,
  "clean_rel_l2_median": 0.0015505558694712818,
  "adv_rel_l2_mean": 3.553606905043125,
  "adv_rel_l2_ci95": 0.21044937010836315,
  "adv_rel_l2_median": 3.5936849117279053,
  "rel_l2_ratio_mean": 2295.47149283611,
  "rel_l2_ratio_ci95": 141.11885838581534,
  "rel_l2_ratio_median": 2291.0505335646412,
  "clean_psnr_mean": 70.12463475941186,
  "clean_psnr_ci95": 0.5150265275794176,
  "clean_psnr_median": 70.19731557562864,
  "adv_psnr_mean": 3.032468738358788,
  "adv_psnr_ci95": 0.018519182466340274,
  "adv_psnr_median": 3.0296276928055015,
  "clean_ssim_mean": 0.9997977814985025,
  "clean_ssim_ci95": 3.338262120056758e-05,
  "clean_ssim_median": 0.9998101007730946,
  "adv_ssim_mean": 0.021596835471936242,
  "adv_ssim_ci95": 0.0019333285834666574,
  "adv_ssim_median": 0.022193504864015806,
  "pred_shift_rel_l2_mean": 3.554057076573372,
  "pred_shift_rel_l2_ci95": 0.21055704984384263,
  "pred_shift_rel_l2_median": 3.594231367111206,
  "init_shift_rel_l2_mean": 3.677839420735836,
  "init_shift_rel_l2_ci95": 0.23706431685547502,
  "init_shift_rel_l2_median": 3.685564398765564,
  "delta_l2_mean": 53.800201654434204,
  "delta_l2_ci95": 0.07423032041485789,
  "delta_l2_median": 53.813663482666016,
  "delta_linf_mean": 1.1298636998981237,
  "delta_linf_ci95": 0.029089880692622524,
  "delta_linf_median": 1.1247447729110718,
  "delta_mean_abs_mean": 0.2097938503138721,
  "delta_mean_abs_ci95": 0.0003640713859163029,
  "delta_mean_abs_median": 0.21000267565250397,
  "delta_rel_l2_mean": 0.04093347374674795,
  "delta_rel_l2_ci95": 0.0036459381427033873,
  "delta_rel_l2_median": 0.04014906991531231,
  "success_rel_l2_mean": 1.0,
  "success_rel_l2_ci95": 0.0,
  "success_rel_l2_median": 1.0,
  "success_mse_mean": 1.0,
  "success_mse_ci95": 0.0,
  "success_mse_median": 1.0,
  "clean_e_ran_l2_mean": 9.589977111090775e-06,
  "clean_e_ran_l2_ci95": 1.290083452111422e-06,
  "clean_e_ran_l2_median": 8.932406672101934e-06,
  "clean_e_nul_l2_mean": 0.04045848536770791,
  "clean_e_nul_l2_ci95": 0.002337844378583584,
  "clean_e_nul_l2_median": 0.03956807777285576,
  "clean_e_ran_frac_mean": 0.00023874202005407292,
  "clean_e_ran_frac_ci95": 2.8000483469117344e-05,
  "clean_e_ran_frac_median": 0.00023929188680478876,
  "clean_e_nul_frac_mean": 0.9999999675110711,
  "clean_e_nul_frac_ci95": 1.9963878364630995e-08,
  "clean_e_nul_frac_median": 1.0,
  "adv_e_ran_l2_mean": 90.03326559066772,
  "adv_e_ran_l2_ci95": 0.194421659401582,
  "adv_e_ran_l2_median": 90.04230880737305,
  "adv_e_nul_l2_mean": 6.62096481025219,
  "adv_e_nul_l2_ci95": 0.3061411045416726,
  "adv_e_nul_l2_median": 6.897884368896484,
  "adv_e_ran_frac_mean": 0.9972599733888833,
  "adv_e_ran_frac_ci95": 0.00023856148747596593,
  "adv_e_ran_frac_median": 0.997065216874704,
  "adv_e_nul_frac_mean": 0.0733407672787766,
  "adv_e_nul_frac_ci95": 0.0033984835605348914,
  "adv_e_nul_frac_median": 0.07655238596868835,
  "attack_runtime_total_sec": 12.934643592685461,
  "attack_runtime_per_example_sec": 0.40420761227142066,
  "model_name": "nsn",
  "attack_name": "adam",
  "norm": "l2",
  "eps": 1.0,
  "eps_actual": 1531.9905745361327,
  "attack_init_mode": "exact",
  "eval_init_mode": "exact"
}