{
  "num_examples": 32,
  "gt_norm_mean": 19.806160181760788,
  "gt_norm_ci95": 2.9469057162341947,
  "gt_norm_median": 18.65426254272461,
  "gt_norm_q25": 12.793537616729736,
  "gt_norm_q75": 26.20080327987671,
  "clean_mse_mean": 1.7656718863889864e-05,
  "clean_mse_ci95": 1.1367461449100967e-05,
  "clean_mse_median": 7.679949248995399e-06,
  "clean_mse_q25": 3.6738778135259054e-06,
  "clean_mse_q75": 1.555162748445582e-05,
  "adv_mse_mean": 0.015630332963155524,
  "adv_mse_ci95": 0.010732099802094917,
  "adv_mse_median": 0.003531374502927065,
  "adv_mse_q25": 0.0021350664319470525,
  "adv_mse_q75": 0.01387840835377574,
  "mse_ratio_mean": 971.7427471771759,
  "mse_ratio_ci95": 318.01735319650095,
  "mse_ratio_median": 603.3679407782865,
  "mse_ratio_q25": 290.30754975954386,
  "mse_ratio_q75": 1515.5937030709522,
  "clean_rel_l2_mean": 0.02235429544816725,
  "clean_rel_l2_ci95": 0.005255791497411031,
  "clean_rel_l2_median": 0.017155254259705544,
  "clean_rel_l2_q25": 0.014801344368606806,
  "clean_rel_l2_q75": 0.020705293398350477,
  "adv_rel_l2_mean": 0.5256322666537017,
  "adv_rel_l2_ci95": 0.09129625329791395,
  "adv_rel_l2_median": 0.46447594463825226,
  "adv_rel_l2_q25": 0.3435296341776848,
  "adv_rel_l2_q75": 0.6328699588775635,
  "rel_l2_ratio_mean": 27.721257531163324,
  "rel_l2_ratio_ci95": 5.01899406975726,
  "rel_l2_ratio_median": 24.557400412583284,
  "rel_l2_ratio_q25": 17.034937136147466,
  "rel_l2_ratio_q75": 38.92785622735617,
  "clean_psnr_mean": 46.83043612748834,
  "clean_psnr_ci95": 1.3669835645131427,
  "clean_psnr_median": 47.7757525421688,
  "clean_psnr_q25": 44.576114130045234,
  "clean_psnr_q75": 50.04028786943823,
  "adv_psnr_mean": 19.426566918137,
  "adv_psnr_ci95": 2.306763791585964,
  "adv_psnr_median": 19.65826220289837,
  "adv_psnr_q25": 15.465746515463662,
  "adv_psnr_q75": 23.839596456706758,
  "clean_ssim_mean": 0.9849938851655122,
  "clean_ssim_ci95": 0.003885203648873142,
  "clean_ssim_median": 0.988859148529373,
  "clean_ssim_q25": 0.9830180642582868,
  "clean_ssim_q75": 0.9922626057929551,
  "adv_ssim_mean": 0.8614763707834051,
  "adv_ssim_ci95": 0.04193014656434151,
  "adv_ssim_median": 0.9002938471075246,
  "adv_ssim_q25": 0.8538877823296359,
  "adv_ssim_q75": 0.9283665448212937,
  "clean_mae_mean": 0.001649874518989236,
  "clean_mae_ci95": 0.0003274790243502632,
  "clean_mae_median": 0.0013162544928491116,
  "clean_mae_q25": 0.0010123130632564425,
  "clean_mae_q75": 0.0019313973607495427,
  "adv_mae_mean": 0.026583307204418816,
  "adv_mae_ci95": 0.012752423328353866,
  "adv_mae_median": 0.011643427424132824,
  "adv_mae_q25": 0.007969901664182544,
  "adv_mae_q75": 0.02443250920623541,
  "clean_nrmse_mean": 0.005091610481484312,
  "clean_nrmse_ci95": 0.0009646927203221447,
  "clean_nrmse_median": 0.004086237897492051,
  "clean_nrmse_q25": 0.0031482121547158,
  "clean_nrmse_q75": 0.00590473430636609,
  "adv_nrmse_mean": 0.14342132672924057,
  "adv_nrmse_ci95": 0.04404304221331704,
  "adv_nrmse_median": 0.10401670761594635,
  "adv_nrmse_q25": 0.06431479344367175,
  "adv_nrmse_q75": 0.16940401200515898,
  "clean_max_err_mean": 0.10796475363895297,
  "clean_max_err_ci95": 0.028863895288489393,
  "clean_max_err_median": 0.08599047362804413,
  "clean_max_err_q25": 0.04314509034156799,
  "clean_max_err_q75": 0.1622677594423294,
  "adv_max_err_mean": 0.888490192592144,
  "adv_max_err_ci95": 0.15206398628851991,
  "adv_max_err_median": 0.7623915076255798,
  "adv_max_err_q25": 0.5225381553173065,
  "adv_max_err_q75": 1.11201211810112,
  "clean_init_rel_l2_mean": 0.3665603967383504,
  "clean_init_rel_l2_ci95": 0.038403306013622636,
  "clean_init_rel_l2_median": 0.35208597779273987,
  "clean_init_rel_l2_q25": 0.3001028299331665,
  "clean_init_rel_l2_q75": 0.37695785611867905,
  "adv_init_rel_l2_mean": 0.8201882494613528,
  "adv_init_rel_l2_ci95": 0.04647670538241237,
  "adv_init_rel_l2_median": 0.8071728944778442,
  "adv_init_rel_l2_q25": 0.7663512378931046,
  "adv_init_rel_l2_q75": 0.8673080503940582,
  "init_rel_l2_ratio_mean": 2.380985313766351,
  "init_rel_l2_ratio_ci95": 0.21477484679024514,
  "init_rel_l2_ratio_median": 2.480838408163426,
  "init_rel_l2_ratio_q25": 2.035715938447737,
  "init_rel_l2_ratio_q75": 2.8535719860162656,
  "clean_init_psnr_mean": 21.770101520711616,
  "clean_init_psnr_ci95": 1.150549673679535,
  "clean_init_psnr_median": 21.902652531932308,
  "clean_init_psnr_q25": 20.421128931234048,
  "clean_init_psnr_q75": 23.885292476453795,
  "adv_init_psnr_mean": 14.580440415939648,
  "adv_init_psnr_ci95": 1.305520731513158,
  "adv_init_psnr_median": 15.18679892808791,
  "adv_init_psnr_q25": 12.743614978153815,
  "adv_init_psnr_q75": 16.908937493066432,
  "clean_init_ssim_mean": 0.18507351933738528,
  "clean_init_ssim_ci95": 0.030001286716356445,
  "clean_init_ssim_median": 0.16158426217636884,
  "clean_init_ssim_q25": 0.13307457795689728,
  "clean_init_ssim_q75": 0.21259884043133606,
  "adv_init_ssim_mean": 0.06375124627356554,
  "adv_init_ssim_ci95": 0.009197450477950373,
  "adv_init_ssim_median": 0.05452065514619606,
  "adv_init_ssim_q25": 0.04707273375170941,
  "adv_init_ssim_q75": 0.0653444801893284,
  "clean_init_mae_mean": 0.040868057461921126,
  "clean_init_mae_ci95": 0.007575174640980243,
  "clean_init_mae_median": 0.035782722756266594,
  "clean_init_mae_q25": 0.02316789049655199,
  "clean_init_mae_q75": 0.04952391982078552,
  "adv_init_mae_mean": 0.09730005357414484,
  "adv_init_mae_ci95": 0.019224185479883645,
  "adv_init_mae_median": 0.08061480149626732,
  "adv_init_mae_q25": 0.0550205847248435,
  "adv_init_mae_q75": 0.11871890723705292,
  "pred_shift_rel_l2_mean": 0.5239455646369606,
  "pred_shift_rel_l2_ci95": 0.09226219811133808,
  "pred_shift_rel_l2_median": 0.45376722514629364,
  "pred_shift_rel_l2_q25": 0.3419272303581238,
  "pred_shift_rel_l2_q75": 0.636513888835907,
  "init_shift_rel_l2_mean": 0.7234842060133815,
  "init_shift_rel_l2_ci95": 0.047400052527240465,
  "init_shift_rel_l2_median": 0.7368653118610382,
  "init_shift_rel_l2_q25": 0.6596112847328186,
  "init_shift_rel_l2_q75": 0.7892275005578995,
  "delta_l2_mean": 11.742955341935158,
  "delta_l2_ci95": 2.4639823335259403,
  "delta_l2_median": 9.294704914093018,
  "delta_l2_q25": 6.622677326202393,
  "delta_l2_q75": 14.643104553222656,
  "delta_linf_mean": 0.3507529213093221,
  "delta_linf_ci95": 0.07508959399529444,
  "delta_linf_median": 0.27369624376296997,
  "delta_linf_q25": 0.19373132660984993,
  "delta_linf_q75": 0.4276752471923828,
  "delta_mean_abs_mean": 0.04274512309348211,
  "delta_mean_abs_ci95": 0.009094163964654511,
  "delta_mean_abs_median": 0.03394031152129173,
  "delta_mean_abs_q25": 0.02406603517010808,
  "delta_mean_abs_q75": 0.053458379581570625,
  "delta_rel_l2_mean": 0.01000000503379201,
  "delta_rel_l2_ci95": 4.2950757384269285e-10,
  "delta_rel_l2_median": 0.01000000496746116,
  "delta_rel_l2_q25": 0.01000000424062474,
  "delta_rel_l2_q75": 0.010000005784178114,
  "success_rel_l2_mean": 1.0,
  "success_rel_l2_ci95": 0.0,
  "success_rel_l2_median": 1.0,
  "success_rel_l2_q25": 1.0,
  "success_rel_l2_q75": 1.0,
  "success_mse_mean": 1.0,
  "success_mse_ci95": 0.0,
  "success_mse_median": 1.0,
  "success_mse_q25": 1.0,
  "success_mse_q75": 1.0,
  "clean_e_ran_l2_mean": 0.3242219735402614,
  "clean_e_ran_l2_ci95": 0.07613292854729811,
  "clean_e_ran_l2_median": 0.2785230726003647,
  "clean_e_ran_l2_q25": 0.18413691967725754,
  "clean_e_ran_l2_q75": 0.38782361149787903,
  "clean_e_nul_l2_mean": 0.2878236058168113,
  "clean_e_nul_l2_ci95": 0.08222089938590736,
  "clean_e_nul_l2_median": 0.22620338946580887,
  "clean_e_nul_l2_q25": 0.15773506835103035,
  "clean_e_nul_l2_q75": 0.31930628418922424,
  "clean_e_ran_frac_mean": 0.7575629867436204,
  "clean_e_ran_frac_ci95": 0.01591387461567894,
  "clean_e_ran_frac_median": 0.7664994633537143,
  "clean_e_ran_frac_q25": 0.7200112445595844,
  "clean_e_ran_frac_q75": 0.7884891497265671,
  "clean_e_nul_frac_mean": 0.6490140792712816,