{
  "num_examples": 32,
  "gt_norm_mean": 24.628406435251236,
  "gt_norm_ci95": 3.042906305918084,
  "gt_norm_median": 24.647866249084473,
  "clean_mse_mean": 0.09773514309199527,
  "clean_mse_ci95": 0.02612871933899561,
  "clean_mse_median": 0.07847314327955246,
  "adv_mse_mean": 0.8319019209593534,
  "adv_mse_ci95": 0.055379778296431884,
  "adv_mse_median": 0.7985097169876099,
  "mse_ratio_mean": 11.649422896419724,
  "mse_ratio_ci95": 2.0856499987625905,
  "mse_ratio_median": 10.027055284111603,
  "clean_rel_l2_mean": 1.6043193079531193,
  "clean_rel_l2_ci95": 0.16920311763911697,
  "clean_rel_l2_median": 1.4436014890670776,
  "adv_rel_l2_mean": 5.235234595835209,
  "adv_rel_l2_ci95": 0.5943756530150749,
  "adv_rel_l2_median": 4.592668056488037,
  "rel_l2_ratio_mean": 3.314989116236681,
  "rel_l2_ratio_ci95": 0.28604603545925483,
  "rel_l2_ratio_median": 3.166530568377472,
  "clean_psnr_mean": 7.095330838658196,
  "clean_psnr_ci95": 0.9905672012489197,
  "clean_psnr_median": 6.734693378894306,
  "adv_psnr_mean": -3.064362309930913,
  "adv_psnr_ci95": 0.8595447039327568,
  "adv_psnr_median": -2.683376404238527,
  "clean_ssim_mean": 0.05089173360578595,
  "clean_ssim_ci95": 0.0021543977285664287,
  "clean_ssim_median": 0.050288852564637984,
  "adv_ssim_mean": 0.016954008610620422,
  "adv_ssim_ci95": 0.001967906860266111,
  "adv_ssim_median": 0.018028529156794565,
  "pred_shift_rel_l2_mean": 2.068827698007226,
  "pred_shift_rel_l2_ci95": 0.2382838410761741,
  "pred_shift_rel_l2_median": 2.0214998722076416,
  "init_shift_rel_l2_mean": 2.0914608724415302,
  "init_shift_rel_l2_ci95": 0.24217249381761552,
  "init_shift_rel_l2_median": 2.0509636402130127,
  "delta_l2_mean": 54.972824811935425,
  "delta_l2_ci95": 0.17604797177019926,
  "delta_l2_median": 54.95791435241699,
  "delta_linf_mean": 1.1854076534509659,
  "delta_linf_ci95": 0.04331905971816803,
  "delta_linf_median": 1.1624160408973694,
  "delta_mean_abs_mean": 0.2129720849916339,
  "delta_mean_abs_ci95": 0.0006983204125891,
  "delta_mean_abs_median": 0.2129163220524788,
  "success_rel_l2_mean": 1.0,
  "success_rel_l2_ci95": 0.0,
  "success_rel_l2_median": 1.0,
  "success_mse_mean": 1.0,
  "success_mse_ci95": 0.0,
  "success_mse_median": 1.0,
  "clean_e_ran_l2_mean": 37.885868191719055,
  "clean_e_ran_l2_ci95": 4.52758832939398,
  "clean_e_ran_l2_median": 35.85397911071777,
  "clean_e_nul_l2_mean": 0.5840900812763721,
  "clean_e_nul_l2_ci95": 0.15511441094921258,
  "clean_e_nul_l2_median": 0.421181783080101,
  "clean_e_ran_frac_mean": 0.9998271573562609,
  "clean_e_ran_frac_ci95": 0.0001067068657856243,
  "clean_e_ran_frac_median": 0.9999313048092338,
  "clean_e_nul_frac_mean": 0.015251926287316028,
  "clean_e_nul_frac_ci95": 0.00374149727817967,
  "clean_e_nul_frac_median": 0.011717331981456858,
  "adv_e_ran_l2_mean": 116.24290490150452,
  "adv_e_ran_l2_ci95": 3.6313587226255826,
  "adv_e_ran_l2_median": 114.3639030456543,
  "adv_e_nul_l2_mean": 2.935040209442377,
  "adv_e_nul_l2_ci95": 0.5501183499864507,
  "adv_e_nul_l2_median": 2.7360925674438477,
  "adv_e_ran_frac_mean": 0.9995960850990826,
  "adv_e_ran_frac_ci95": 0.00014738827113379153,
  "adv_e_ran_frac_median": 0.9997137989123797,
  "adv_e_nul_frac_mean": 0.02517610287326524,
  "adv_e_nul_frac_ci95": 0.004638979928097884,
  "adv_e_nul_frac_median": 0.023923017955830343,
  "attack_runtime_total_sec": 58.705125130712986,
  "attack_runtime_per_example_sec": 1.8345351603347808,
  "model_name": "nsn",
  "attack_name": "adam",
  "norm": "l2",
  "eps": 1.0,
  "attack_init_mode": "exact",
  "eval_init_mode": "exact"
}