{
  "num_examples": 32,
  "gt_norm_mean": 24.628406435251236,
  "gt_norm_ci95": 3.042906305918084,
  "gt_norm_median": 24.647866249084473,
  "clean_mse_mean": 0.026001118967542425,
  "clean_mse_ci95": 0.007477958188490992,
  "clean_mse_median": 0.020439179614186287,
  "adv_mse_mean": 0.0261542251391802,
  "adv_mse_ci95": 0.007464378651653027,
  "adv_mse_median": 0.021031761541962624,
  "mse_ratio_mean": 1.0098854115553302,
  "mse_ratio_ci95": 0.0038599085879648413,
  "mse_ratio_median": 1.0053831806287903,
  "clean_rel_l2_mean": 0.7839677110314369,
  "clean_rel_l2_ci95": 0.02988496153684084,
  "clean_rel_l2_median": 0.8061074614524841,
  "adv_rel_l2_mean": 0.7876716125756502,
  "adv_rel_l2_ci95": 0.029574063174799544,
  "adv_rel_l2_median": 0.8106374740600586,
  "rel_l2_ratio_mean": 1.004915886673242,
  "rel_l2_ratio_ci95": 0.001911318564701247,
  "rel_l2_ratio_median": 1.00268795544169,
  "clean_psnr_mean": 13.083851668249299,
  "clean_psnr_ci95": 0.7890972985334899,
  "clean_psnr_median": 13.2708283702728,
  "adv_psnr_mean": 13.041383503194897,
  "adv_psnr_ci95": 0.7846055541672702,
  "adv_psnr_median": 13.264179087446484,
  "clean_ssim_mean": 0.24317262685199245,
  "clean_ssim_ci95": 0.0366326910344702,
  "clean_ssim_median": 0.21602263420919834,
  "adv_ssim_mean": 0.24317379990948285,
  "adv_ssim_ci95": 0.03647441478158139,
  "adv_ssim_median": 0.21747607906132096,
  "pred_shift_rel_l2_mean": 0.06347531927167438,
  "pred_shift_rel_l2_ci95": 0.024429708620148042,
  "pred_shift_rel_l2_median": 0.03391651809215546,
  "init_shift_rel_l2_mean": 0.014264287761761807,
  "init_shift_rel_l2_ci95": 0.0021725893311281283,
  "init_shift_rel_l2_median": 0.012641777750104666,
  "delta_l2_mean": 37.14300620555878,
  "delta_l2_ci95": 0.9851103190076724,
  "delta_l2_median": 37.58471488952637,
  "delta_linf_mean": 0.7321314159780741,
  "delta_linf_ci95": 0.0766886633988143,
  "delta_linf_median": 0.6712793111801147,
  "delta_mean_abs_mean": 0.1370248377788812,
  "delta_mean_abs_ci95": 0.004728536556161446,
  "delta_mean_abs_median": 0.13911578804254532,
  "success_rel_l2_mean": 0.0,
  "success_rel_l2_ci95": 0.0,
  "success_rel_l2_median": 0.0,
  "success_mse_mean": 0.0,
  "success_mse_ci95": 0.0,
  "success_mse_median": 0.0,
  "clean_e_ran_l2_mean": 18.274905264377594,
  "clean_e_ran_l2_ci95": 2.4734811296948895,
  "clean_e_ran_l2_median": 16.672993659973145,
  "clean_e_nul_l2_mean": 5.692769657820463,
  "clean_e_nul_l2_ci95": 1.1271516618164739,
  "clean_e_nul_l2_median": 5.065038681030273,
  "clean_e_ran_frac_mean": 0.9479676812802111,
  "clean_e_ran_frac_ci95": 0.016847750796118097,
  "clean_e_ran_frac_median": 0.9582057538830913,
  "clean_e_nul_frac_mean": 0.2925613564496693,
  "clean_e_nul_frac_ci95": 0.04086328828401142,
  "clean_e_nul_frac_median": 0.28607981566936425,
  "adv_e_ran_l2_mean": 18.31198498606682,
  "adv_e_ran_l2_ci95": 2.468867812296434,
  "adv_e_ran_l2_median": 16.756778717041016,
  "adv_e_nul_l2_mean": 5.793837286531925,
  "adv_e_nul_l2_ci95": 1.1367269757892184,
  "adv_e_nul_l2_median": 5.084898233413696,
  "adv_e_ran_frac_mean": 0.9458695490881279,
  "adv_e_ran_frac_ci95": 0.017504519829102463,
  "adv_e_ran_frac_median": 0.9580046897572767,
  "adv_e_nul_frac_mean": 0.2975626427009024,
  "adv_e_nul_frac_ci95": 0.042117818008137374,
  "adv_e_nul_frac_median": 0.28675120256085895,
  "attack_runtime_total_sec": 58.540863290429115,
  "attack_runtime_per_example_sec": 1.8294019778259099,
  "model_name": "nsn",
  "attack_name": "adam",
  "norm": "l2",
  "eps": 1.0,
  "attack_init_mode": "exact",
  "eval_init_mode": "exact"
}