{
  "num_examples": 32,
  "gt_norm_mean": 26.229215562343597,
  "gt_norm_ci95": 1.7699003430208013,
  "gt_norm_median": 25.09980010986328,
  "clean_mse_mean": 8.580953090131516e-05,
  "clean_mse_ci95": 1.0504228727817729e-05,
  "clean_mse_median": 8.369435818167403e-05,
  "adv_mse_mean": 0.3927195752039552,
  "adv_mse_ci95": 0.0024516494828064886,
  "adv_mse_median": 0.3924679309129715,
  "mse_ratio_mean": 5292.539818895344,
  "mse_ratio_ci95": 794.75891980707,
  "mse_ratio_median": 4714.323687192045,
  "clean_rel_l2_mean": 0.0455929747549817,
  "clean_rel_l2_ci95": 0.003415300952319119,
  "clean_rel_l2_median": 0.043928589671850204,
  "adv_rel_l2_mean": 3.1578396186232567,
  "adv_rel_l2_ci95": 0.18818613902817835,
  "adv_rel_l2_median": 3.179538130760193,
  "rel_l2_ratio_mean": 71.32036833277834,
  "rel_l2_ratio_ci95": 5.0518528443084,
  "rel_l2_ratio_median": 68.65804673103807,
  "clean_psnr_mean": 40.96206257713037,
  "clean_psnr_ci95": 0.5890640862834341,
  "clean_psnr_median": 40.774811259424105,
  "adv_psnr_mean": 4.059863441520532,
  "adv_psnr_ci95": 0.027292408189988418,
  "adv_psnr_median": 4.061958597493415,
  "clean_ssim_mean": 0.9413057633682392,
  "clean_ssim_ci95": 0.006275147977659224,
  "clean_ssim_median": 0.939020085900129,
  "adv_ssim_mean": 0.02151744925010267,
  "adv_ssim_ci95": 0.0021379172205181207,
  "adv_ssim_median": 0.02028728326938512,
  "pred_shift_rel_l2_mean": 3.1499102003872395,
  "pred_shift_rel_l2_ci95": 0.18779616845529093,
  "pred_shift_rel_l2_median": 3.1734251976013184,
  "init_shift_rel_l2_mean": 3.720889389514923,
  "init_shift_rel_l2_ci95": 0.24639808685850642,
  "init_shift_rel_l2_median": 3.7026216983795166,
  "delta_l2_mean": 55.152427315711975,
  "delta_l2_ci95": 0.0849778809873985,
  "delta_l2_median": 55.14086151123047,
  "delta_linf_mean": 1.22151043638587,
  "delta_linf_ci95": 0.03644837334727739,
  "delta_linf_median": 1.2153595089912415,
  "delta_mean_abs_mean": 0.2121647628955543,
  "delta_mean_abs_ci95": 0.00044843507119680134,
  "delta_mean_abs_median": 0.21211780607700348,
  "delta_rel_l2_mean": 0.04200880775748455,
  "delta_rel_l2_ci95": 0.0037998588674047957,
  "delta_rel_l2_median": 0.04125720795261831,
  "success_rel_l2_mean": 1.0,
  "success_rel_l2_ci95": 0.0,
  "success_rel_l2_median": 1.0,
  "success_mse_mean": 1.0,
  "success_mse_ci95": 0.0,
  "success_mse_median": 1.0,
  "clean_e_ran_l2_mean": 0.6887397561222315,
  "clean_e_ran_l2_ci95": 0.04512937551119352,
  "clean_e_ran_l2_median": 0.6769616007804871,
  "clean_e_nul_l2_mean": 0.9398646615445614,
  "clean_e_nul_l2_ci95": 0.06273619282199655,
  "clean_e_nul_l2_median": 0.934965044260025,
  "clean_e_ran_frac_mean": 0.5914005390617761,
  "clean_e_ran_frac_ci95": 0.013777428245546234,
  "clean_e_ran_frac_median": 0.5913718393336003,
  "clean_e_nul_frac_mean": 0.8049103612551625,
  "clean_e_nul_frac_ci95": 0.010159966004548089,
  "clean_e_nul_frac_median": 0.8063888490827424,
  "adv_e_ran_l2_mean": 74.35987949371338,
  "adv_e_ran_l2_ci95": 0.2500364972798192,
  "adv_e_ran_l2_median": 74.37691497802734,
  "adv_e_nul_l2_mean": 30.060582756996155,
  "adv_e_nul_l2_ci95": 0.3114056328630483,
  "adv_e_nul_l2_median": 30.136805534362793,
  "adv_e_ran_frac_mean": 0.9270565367617233,
  "adv_e_ran_frac_ci95": 0.0014373745655544604,
  "adv_e_ran_frac_median": 0.9276013515883634,
  "adv_e_nul_frac_mean": 0.3747596730076035,
  "adv_e_nul_frac_ci95": 0.003601992320583315,
  "adv_e_nul_frac_median": 0.3735700183386924,
  "attack_runtime_total_sec": 23.330469489097595,
  "attack_runtime_per_example_sec": 0.7290771715342999,
  "model_name": "dpnsn",
  "attack_name": "adam",
  "norm": "l2",
  "eps": 1.0,
  "eps_actual": 1531.9905745361327,
  "attack_init_mode": "exact",
  "eval_init_mode": "exact"
}