{
  "num_examples": 32,
  "gt_norm_mean": 19.554032936692238,
  "gt_norm_ci95": 3.175656556464896,
  "gt_norm_median": 19.43148136138916,
  "gt_norm_q25": 13.664082050323486,
  "gt_norm_q75": 22.861806869506836,
  "clean_mse_mean": 0.00026445050684742455,
  "clean_mse_ci95": 6.356442169143319e-05,
  "clean_mse_median": 0.00025715997617226094,
  "clean_mse_q25": 0.00010551254672463983,
  "clean_mse_q75": 0.00033409633761039004,
  "adv_mse_mean": 0.22692784812534228,
  "adv_mse_ci95": 0.12066734971721045,
  "adv_mse_median": 0.11529820412397385,
  "adv_mse_q25": 0.05904803145676851,
  "adv_mse_q75": 0.20449136942625046,
  "mse_ratio_mean": 674.9704556271606,
  "mse_ratio_ci95": 163.9238848609054,
  "mse_ratio_median": 523.505742002518,
  "mse_ratio_q25": 351.6197563428763,
  "mse_ratio_q75": 777.4500408234314,
  "clean_rel_l2_mean": 0.10566540830768645,
  "clean_rel_l2_ci95": 0.00612752949188252,
  "clean_rel_l2_median": 0.10447508096694946,
  "clean_rel_l2_q25": 0.09630278125405312,
  "clean_rel_l2_q75": 0.1120400670915842,
  "adv_rel_l2_mean": 2.4997869208455086,
  "adv_rel_l2_ci95": 0.1787078975086848,
  "adv_rel_l2_median": 2.3963077068328857,
  "adv_rel_l2_q25": 2.080385446548462,
  "adv_rel_l2_q75": 2.831067740917206,
  "rel_l2_ratio_mean": 24.697914794026428,
  "rel_l2_ratio_ci95": 2.837765915394556,
  "rel_l2_ratio_median": 22.88023397313913,
  "rel_l2_ratio_q25": 18.75045439652786,
  "rel_l2_ratio_q75": 27.87851225186828,
  "clean_psnr_mean": 32.52383930250875,
  "clean_psnr_ci95": 0.518211344130933,
  "clean_psnr_median": 32.62140900813701,
  "clean_psnr_q25": 31.648503717073737,
  "clean_psnr_q75": 33.824843651096444,
  "adv_psnr_mean": 5.11011932885026,
  "adv_psnr_ci95": 1.3414659123325725,
  "adv_psnr_median": 6.173239853403379,
  "adv_psnr_q25": 3.262186318496867,
  "adv_psnr_q75": 8.013071799595895,
  "clean_ssim_mean": 0.896095197126876,
  "clean_ssim_ci95": 0.01929196796449886,
  "clean_ssim_median": 0.9055180053315002,
  "clean_ssim_q25": 0.886603267546872,
  "clean_ssim_q75": 0.9361248314119407,
  "adv_ssim_mean": 0.09214757309036886,
  "adv_ssim_ci95": 0.02041325180260253,
  "adv_ssim_median": 0.06765662301497959,
  "adv_ssim_q25": 0.04431496096283312,
  "adv_ssim_q75": 0.14305199035664554,
  "pred_shift_rel_l2_mean": 2.525407388806343,
  "pred_shift_rel_l2_ci95": 0.17952850078453308,
  "pred_shift_rel_l2_median": 2.4138559103012085,
  "pred_shift_rel_l2_q25": 2.1027628779411316,
  "pred_shift_rel_l2_q75": 2.8733829855918884,
  "init_shift_rel_l2_mean": 0.20594284869730473,
  "init_shift_rel_l2_ci95": 0.012466045500505554,
  "init_shift_rel_l2_median": 0.19667956978082657,
  "init_shift_rel_l2_q25": 0.18330884352326393,
  "init_shift_rel_l2_q75": 0.22593023627996445,
  "delta_l2_mean": 57.91923043131828,
  "delta_l2_ci95": 12.905476939249146,
  "delta_l2_median": 52.69058609008789,
  "delta_l2_q25": 37.92558765411377,
  "delta_l2_q75": 64.62363624572754,
  "delta_linf_mean": 1.0619646701961756,
  "delta_linf_ci95": 0.22764755332008,
  "delta_linf_median": 0.9341147541999817,
  "delta_linf_q25": 0.6987452805042267,
  "delta_linf_q75": 1.2241201400756836,
  "delta_mean_abs_mean": 0.21871685818769038,
  "delta_mean_abs_ci95": 0.04891161084390018,
  "delta_mean_abs_median": 0.19843345880508423,
  "delta_mean_abs_q25": 0.14212504774332047,
  "delta_mean_abs_q75": 0.2474815547466278,
  "delta_rel_l2_mean": 0.05000002850779452,
  "delta_rel_l2_ci95": 2.6494590018176092e-09,
  "delta_rel_l2_median": 0.050000027265305017,
  "delta_rel_l2_q25": 0.050000024834195085,
  "delta_rel_l2_q75": 0.050000030763119443,
  "success_rel_l2_mean": 1.0,
  "success_rel_l2_ci95": 0.0,
  "success_rel_l2_median": 1.0,
  "success_rel_l2_q25": 1.0,
  "success_rel_l2_q75": 1.0,
  "success_mse_mean": 1.0,
  "success_mse_ci95": 0.0,
  "success_mse_median": 1.0,
  "success_mse_q25": 1.0,
  "success_mse_q75": 1.0,
  "clean_e_ran_l2_mean": 1.4460620451718569,
  "clean_e_ran_l2_ci95": 0.19823760088211823,
  "clean_e_ran_l2_median": 1.503426432609558,
  "clean_e_ran_l2_q25": 0.948512464761734,
  "clean_e_ran_l2_q75": 1.6380369067192078,
  "clean_e_nul_l2_mean": 1.3163206223398447,
  "clean_e_nul_l2_ci95": 0.15418718969184525,
  "clean_e_nul_l2_median": 1.3473610281944275,
  "clean_e_nul_l2_q25": 0.9407127499580383,
  "clean_e_nul_l2_q75": 1.594138503074646,
  "clean_e_ran_frac_mean": 0.7313071603672179,
  "clean_e_ran_frac_ci95": 0.018661179919279715,
  "clean_e_ran_frac_median": 0.7299274171969863,
  "clean_e_ran_frac_q25": 0.7030144301159762,
  "clean_e_ran_frac_q75": 0.7613703229057314,
  "clean_e_nul_frac_mean": 0.6776525043292396,
  "clean_e_nul_frac_ci95": 0.01980999050623247,
  "clean_e_nul_frac_median": 0.6835176667898522,
  "clean_e_nul_frac_q25": 0.6483171812554095,
  "clean_e_nul_frac_q75": 0.7111753636163098,
  "adv_e_ran_l2_mean": 32.00905400514603,
  "adv_e_ran_l2_ci95": 7.80934729364406,
  "adv_e_ran_l2_median": 28.360794067382812,
  "adv_e_ran_l2_q25": 18.9764404296875,
  "adv_e_ran_l2_q75": 33.762983322143555,
  "adv_e_nul_l2_mean": 39.75850182771683,
  "adv_e_nul_l2_ci95": 8.769194268245135,
  "adv_e_nul_l2_median": 32.99056625366211,
  "adv_e_nul_l2_q25": 24.424834728240967,
  "adv_e_nul_l2_q75": 46.92592239379883,
  "adv_e_ran_frac_mean": 0.6125005534432679,
  "adv_e_ran_frac_ci95": 0.02976844579389088,
  "adv_e_ran_frac_median": 0.6168971833296649,
  "adv_e_ran_frac_q25": 0.5655341940018248,
  "adv_e_ran_frac_q75": 0.6700676576620096,
  "adv_e_nul_frac_mean": 0.7833398364612539,
  "adv_e_nul_frac_ci95": 0.022460473886288048,
  "adv_e_nul_frac_median": 0.787043219803709,
  "adv_e_nul_frac_q25": 0.7422853988947886,
  "adv_e_nul_frac_q75": 0.8247114026273585,
  "attack_runtime_total_sec": 3985.961060680449,
  "attack_runtime_per_example_sec": 124.56128314626403,
  "model_name": "nsn",
  "attack_name": "adam",
  "norm": "l2",
  "eps": 0.05,
  "eps_actual": 63.846251600341795,
  "eps_budget_mode": "per_sample_l2",
  "attack_init_mode": "exact",
  "eval_init_mode": "exact"
}