{
  "num_examples": 32,
  "gt_norm_mean": 19.554032936692238,
  "gt_norm_ci95": 3.175656556464896,
  "gt_norm_median": 19.43148136138916,
  "gt_norm_q25": 13.664082050323486,
  "gt_norm_q75": 22.861806869506836,
  "clean_mse_mean": 0.00614151487025083,
  "clean_mse_ci95": 0.002302202533300484,
  "clean_mse_median": 0.00471172365359962,
  "clean_mse_q25": 0.0024037493858486414,
  "clean_mse_q75": 0.007504416280426085,
  "adv_mse_mean": 0.1619512466713786,
  "adv_mse_ci95": 0.06383671894557166,
  "adv_mse_median": 0.11740187183022499,
  "adv_mse_q25": 0.06695269793272018,
  "adv_mse_q75": 0.16657304763793945,
  "mse_ratio_mean": 31.63317954844978,
  "mse_ratio_ci95": 6.3763823327051865,
  "mse_ratio_median": 24.7568410035012,
  "mse_ratio_q25": 19.580100178888138,
  "mse_ratio_q75": 34.58233967503041,
  "clean_rel_l2_mean": 0.4487072783522308,
  "clean_rel_l2_ci95": 0.0333620242090129,
  "clean_rel_l2_median": 0.47253550589084625,
  "clean_rel_l2_q25": 0.393066868185997,
  "clean_rel_l2_q75": 0.501271203160286,
  "adv_rel_l2_mean": 2.3162407353520393,
  "adv_rel_l2_ci95": 0.0805412206938667,
  "adv_rel_l2_median": 2.314052104949951,
  "adv_rel_l2_q25": 2.1857115030288696,
  "adv_rel_l2_q75": 2.437621831893921,
  "rel_l2_ratio_mean": 5.437372253942298,
  "rel_l2_ratio_ci95": 0.5062528880706286,
  "rel_l2_ratio_median": 4.9737638393048655,
  "rel_l2_ratio_q25": 4.424935458968438,
  "rel_l2_ratio_q75": 5.864340930403774,
  "clean_psnr_mean": 20.08274867731494,
  "clean_psnr_ci95": 1.0883253521376384,
  "clean_psnr_median": 20.28936131704193,
  "clean_psnr_q25": 18.338172457488653,
  "clean_psnr_q75": 22.00765373543176,
  "adv_psnr_mean": 5.642865082256384,
  "adv_psnr_ci95": 1.0205667830222942,
  "adv_psnr_median": 6.3148624383913,
  "adv_psnr_q25": 3.8190258101458587,
  "adv_psnr_q75": 7.397986020137436,
  "clean_ssim_mean": 0.18738438523835738,
  "clean_ssim_ci95": 0.018575628031040712,
  "clean_ssim_median": 0.1796151387174037,
  "clean_ssim_q25": 0.16287905462104268,
  "clean_ssim_q75": 0.21127825510098017,
  "adv_ssim_mean": 0.03519681984584162,
  "adv_ssim_ci95": 0.007019598969398984,
  "adv_ssim_median": 0.02922223578982937,
  "adv_ssim_q25": 0.022922792428798962,
  "adv_ssim_q75": 0.04695114181790852,
  "pred_shift_rel_l2_mean": 2.7641388550400734,
  "pred_shift_rel_l2_ci95": 0.1254476007891071,
  "pred_shift_rel_l2_median": 2.76591420173645,
  "pred_shift_rel_l2_q25": 2.568305730819702,
  "pred_shift_rel_l2_q75": 2.998374104499817,
  "init_shift_rel_l2_mean": 0.20572493504732847,
  "init_shift_rel_l2_ci95": 0.012674025823553176,
  "init_shift_rel_l2_median": 0.1961997002363205,
  "init_shift_rel_l2_q25": 0.18057813122868538,
  "init_shift_rel_l2_q75": 0.2284621074795723,
  "delta_l2_mean": 57.919230818748474,
  "delta_l2_ci95": 12.905477129593246,
  "delta_l2_median": 52.69058799743652,
  "delta_l2_q25": 37.92558765411377,
  "delta_l2_q75": 64.6236343383789,
  "delta_linf_mean": 1.0149426385760307,
  "delta_linf_ci95": 0.21467654346188653,
  "delta_linf_median": 0.9113922715187073,
  "delta_linf_q25": 0.6668432652950287,
  "delta_linf_q75": 1.1432750523090363,
  "delta_mean_abs_mean": 0.2179220139514655,
  "delta_mean_abs_ci95": 0.048340842330253216,
  "delta_mean_abs_median": 0.19634608924388885,
  "delta_mean_abs_q25": 0.14073669910430908,
  "delta_mean_abs_q75": 0.2420496717095375,
  "delta_rel_l2_mean": 0.05000002857076302,
  "delta_rel_l2_ci95": 2.418527917617878e-09,
  "delta_rel_l2_median": 0.05000002775647859,
  "delta_rel_l2_q25": 0.050000024834195085,
  "delta_rel_l2_q75": 0.050000030763119443,
  "success_rel_l2_mean": 1.0,
  "success_rel_l2_ci95": 0.0,
  "success_rel_l2_median": 1.0,
  "success_rel_l2_q25": 1.0,
  "success_rel_l2_q75": 1.0,
  "success_mse_mean": 1.0,
  "success_mse_ci95": 0.0,
  "success_mse_median": 1.0,
  "success_mse_q25": 1.0,
  "success_mse_q75": 1.0,
  "clean_e_ran_l2_mean": 8.92330402508378,
  "clean_e_ran_l2_ci95": 1.612269287309876,
  "clean_e_ran_l2_median": 8.782703876495361,
  "clean_e_ran_l2_q25": 6.272414684295654,
  "clean_e_ran_l2_q75": 11.083015203475952,
  "clean_e_nul_l2_mean": 0.13234482961706817,
  "clean_e_nul_l2_ci95": 0.02115468058208829,
  "clean_e_nul_l2_median": 0.12297752499580383,
  "clean_e_nul_l2_q25": 0.0893249437212944,
  "clean_e_nul_l2_q75": 0.17174392938613892,
  "clean_e_ran_frac_mean": 0.9998502677998627,
  "clean_e_ran_frac_ci95": 4.875362585469841e-05,
  "clean_e_ran_frac_median": 0.9998984770169486,
  "clean_e_ran_frac_q25": 0.9998508700597566,
  "clean_e_ran_frac_q75": 0.9999231813362067,
  "clean_e_nul_frac_mean": 0.016198124799551357,
  "clean_e_nul_frac_ci95": 0.002143372094560393,
  "clean_e_nul_frac_median": 0.014252564859380205,
  "clean_e_nul_frac_q25": 0.012405127993525545,
  "clean_e_nul_frac_q75": 0.01726100847272909,
  "adv_e_ran_l2_mean": 9.552413236349821,
  "adv_e_ran_l2_ci95": 1.740030629161,
  "adv_e_ran_l2_median": 9.159100532531738,
  "adv_e_ran_l2_q25": 6.671141147613525,
  "adv_e_ran_l2_q75": 11.553796529769897,
  "adv_e_nul_l2_mean": 44.904499262571335,
  "adv_e_nul_l2_ci95": 8.037574630158074,
  "adv_e_nul_l2_median": 42.74277687072754,
  "adv_e_nul_l2_q25": 32.44645833969116,
  "adv_e_nul_l2_q75": 51.09905529022217,
  "adv_e_ran_frac_mean": 0.20739191861818929,
  "adv_e_ran_frac_ci95": 0.01340385242818165,
  "adv_e_ran_frac_median": 0.2109023591497637,
  "adv_e_ran_frac_q25": 0.18410966627161104,
  "adv_e_ran_frac_q75": 0.23686388181071089,
  "adv_e_nul_frac_mean": 0.9774851110179164,
  "adv_e_nul_frac_ci95": 0.0027632596960004336,
  "adv_e_nul_frac_median": 0.9774917959015388,
  "adv_e_nul_frac_q25": 0.9715428243773192,
  "adv_e_nul_frac_q75": 0.9828900460642758,
  "attack_runtime_total_sec": 1136.230262119323,
  "attack_runtime_per_example_sec": 35.507195691228844,
  "model_name": "nsn",
  "attack_name": "adam",
  "norm": "l2",
  "eps": 0.05,
  "eps_actual": 63.846251600341795,
  "eps_budget_mode": "per_sample_l2",
  "attack_init_mode": "exact",
  "eval_init_mode": "exact"
}