{
  "num_examples": 32,
  "gt_norm_mean": 19.554032936692238,
  "gt_norm_ci95": 3.175656556464896,
  "gt_norm_median": 19.43148136138916,
  "gt_norm_q25": 13.664082050323486,
  "gt_norm_q75": 22.861806869506836,
  "clean_mse_mean": 0.001924151118601003,
  "clean_mse_ci95": 0.0010289406101084823,
  "clean_mse_median": 0.0011581165599636734,
  "clean_mse_q25": 0.0006059290026314557,
  "clean_mse_q75": 0.0016500898345839232,
  "adv_mse_mean": 0.8892062520608306,
  "adv_mse_ci95": 0.4624532464393058,
  "adv_mse_median": 0.5400799810886383,
  "adv_mse_q25": 0.28429339826107025,
  "adv_mse_q75": 0.8022147715091705,
  "mse_ratio_mean": 473.8765486027978,
  "mse_ratio_ci95": 7.010926768113391,
  "mse_ratio_median": 476.87382650315647,
  "mse_ratio_q25": 456.927264027615,
  "mse_ratio_q75": 486.80496659064863,
  "clean_rel_l2_mean": 0.23229862423613667,
  "clean_rel_l2_ci95": 0.013726037420157784,
  "clean_rel_l2_median": 0.2268487513065338,
  "clean_rel_l2_q25": 0.20449154451489449,
  "clean_rel_l2_q75": 0.2522178366780281,
  "adv_rel_l2_mean": 5.044981725513935,
  "adv_rel_l2_ci95": 0.2766405447156418,
  "adv_rel_l2_median": 4.8889148235321045,
  "adv_rel_l2_q25": 4.545531868934631,
  "adv_rel_l2_q75": 5.404368281364441,
  "rel_l2_ratio_mean": 21.763912945799998,
  "rel_l2_ratio_ci95": 0.16080399154248995,
  "rel_l2_ratio_median": 21.8374092576612,
  "rel_l2_ratio_q25": 21.37583187559445,
  "rel_l2_ratio_q75": 22.06364828118731,
  "clean_psnr_mean": 25.690754018858367,
  "clean_psnr_ci95": 1.2688538456663796,
  "clean_psnr_median": 26.244424927608996,
  "clean_psnr_q25": 23.984371270441493,
  "clean_psnr_q75": 28.310314242364985,
  "adv_psnr_mean": -1.062074821916013,
  "adv_psnr_ci95": 1.2379642784361782,
  "adv_psnr_median": -0.5123439557952071,
  "adv_psnr_q25": -2.70634762269058,
  "adv_psnr_q75": 1.6108492572654165,
  "clean_ssim_mean": 0.32515578796698613,
  "clean_ssim_ci95": 0.04017835787208558,
  "clean_ssim_median": 0.3166826353161236,
  "clean_ssim_q25": 0.2430872181378837,
  "clean_ssim_q75": 0.40743115362722515,
  "adv_ssim_mean": 0.011280869782011415,
  "adv_ssim_ci95": 0.002699403630445678,
  "adv_ssim_median": 0.009993412060293066,
  "adv_ssim_q25": 0.005805403031720402,
  "adv_ssim_q75": 0.014925345673150143,
  "pred_shift_rel_l2_mean": 4.833064757287502,
  "pred_shift_rel_l2_ci95": 0.2394530299324818,
  "pred_shift_rel_l2_median": 4.711542844772339,
  "pred_shift_rel_l2_q25": 4.433851361274719,
  "pred_shift_rel_l2_q75": 5.145463228225708,
  "init_shift_rel_l2_mean": 5.0419889986515045,
  "init_shift_rel_l2_ci95": 0.19964482406750877,
  "init_shift_rel_l2_median": 4.881580352783203,
  "init_shift_rel_l2_q25": 4.656195044517517,
  "init_shift_rel_l2_q75": 5.261105537414551,
  "delta_l2_mean": 57.919230580329895,
  "delta_l2_ci95": 12.905476875584789,
  "delta_l2_median": 52.690589904785156,
  "delta_l2_q25": 37.92558765411377,
  "delta_l2_q75": 64.6236343383789,
  "delta_linf_mean": 1.2201726790517569,
  "delta_linf_ci95": 0.25086618840281855,
  "delta_linf_median": 1.0796098709106445,
  "delta_linf_q25": 0.8190660923719406,
  "delta_linf_q75": 1.3739353120326996,
  "delta_mean_abs_mean": 0.22065174870658666,
  "delta_mean_abs_ci95": 0.05070894963509917,
  "delta_mean_abs_median": 0.19891801476478577,
  "delta_mean_abs_q25": 0.14138124138116837,
  "delta_mean_abs_q75": 0.24614057689905167,
  "delta_rel_l2_mean": 0.0500000282432515,
  "delta_rel_l2_ci95": 2.540991348393169e-09,
  "delta_rel_l2_median": 0.050000027467645605,
  "delta_rel_l2_q25": 0.05000002435823948,
  "delta_rel_l2_q75": 0.050000031304206306,
  "success_rel_l2_mean": 1.0,
  "success_rel_l2_ci95": 0.0,
  "success_rel_l2_median": 1.0,
  "success_rel_l2_q25": 1.0,
  "success_rel_l2_q75": 1.0,
  "success_mse_mean": 1.0,
  "success_mse_ci95": 0.0,
  "success_mse_median": 1.0,
  "success_mse_q25": 1.0,
  "success_mse_q75": 1.0,
  "clean_e_ran_l2_mean": 4.753224637359381,
  "clean_e_ran_l2_ci95": 1.0499606179863412,
  "clean_e_ran_l2_median": 4.352665901184082,
  "clean_e_ran_l2_q25": 3.148624002933502,
  "clean_e_ran_l2_q75": 5.197188854217529,
  "clean_e_nul_l2_mean": 0.15181693714112043,
  "clean_e_nul_l2_ci95": 0.04026530217036222,
  "clean_e_nul_l2_median": 0.14408285170793533,
  "clean_e_nul_l2_q25": 0.09085659310221672,
  "clean_e_nul_l2_q75": 0.16051903367042542,
  "clean_e_ran_frac_mean": 0.9992111618024778,
  "clean_e_ran_frac_ci95": 0.00035456890244417666,
  "clean_e_ran_frac_median": 0.9995149913284032,
  "clean_e_ran_frac_q25": 0.9991331034384834,
  "clean_e_ran_frac_q75": 0.9997124982968899,
  "clean_e_nul_frac_mean": 0.03524959981854558,
  "clean_e_nul_frac_ci95": 0.0064289168692697445,
  "clean_e_nul_frac_median": 0.03113417337072339,
  "clean_e_nul_frac_q25": 0.023940618420648128,
  "clean_e_nul_frac_q75": 0.041628640021455394,
  "adv_e_ran_l2_mean": 102.07535201311111,
  "adv_e_ran_l2_ci95": 22.19475584992609,
  "adv_e_ran_l2_median": 93.3786849975586,
  "adv_e_ran_l2_q25": 67.70279884338379,
  "adv_e_ran_l2_q75": 113.85905265808105,
  "adv_e_nul_l2_mean": 11.445653401315212,
  "adv_e_nul_l2_ci95": 2.315180898956188,
  "adv_e_nul_l2_median": 10.637410640716553,
  "adv_e_nul_l2_q25": 7.418077826499939,
  "adv_e_nul_l2_q75": 14.075965881347656,
  "adv_e_ran_frac_mean": 0.9905228214395827,
  "adv_e_ran_frac_ci95": 0.004007155271975779,
  "adv_e_ran_frac_median": 0.9946173586461617,
  "adv_e_ran_frac_q25": 0.9890217011014358,
  "adv_e_ran_frac_q75": 0.9969201441459076,
  "adv_e_nul_frac_mean": 0.1221000334579057,
  "adv_e_nul_frac_ci95": 0.021775840566070955,
  "adv_e_nul_frac_median": 0.10361450708145173,
  "adv_e_nul_frac_q25": 0.07842048841988844,
  "adv_e_nul_frac_q75": 0.14774817975192528,
  "attack_runtime_total_sec": 64.63961550965905,
  "attack_runtime_per_example_sec": 2.0199879846768454,
  "model_name": "nsn",
  "attack_name": "adam",
  "norm": "l2",
  "eps": 0.05,
  "eps_actual": 63.846251600341795,
  "eps_budget_mode": "per_sample_l2",
  "attack_init_mode": "exact",
  "eval_init_mode": "exact"
}