{
  "num_examples": 32,
  "gt_norm_mean": 19.554032936692238,
  "gt_norm_ci95": 3.175656556464896,
  "gt_norm_median": 19.43148136138916,
  "gt_norm_q25": 13.664082050323486,
  "gt_norm_q75": 22.861806869506836,
  "clean_mse_mean": 0.0011342021898599342,
  "clean_mse_ci95": 0.0005445552811869841,
  "clean_mse_median": 0.0007189511088654399,
  "clean_mse_q25": 0.0003874075337080285,
  "clean_mse_q75": 0.0010221929696854204,
  "adv_mse_mean": 0.6718188740778714,
  "adv_mse_ci95": 0.34868982956407835,
  "adv_mse_median": 0.4081468731164932,
  "adv_mse_q25": 0.21524915099143982,
  "adv_mse_q75": 0.6140200793743134,
  "mse_ratio_mean": 552.1817939022474,
  "mse_ratio_ci95": 21.859096465878213,
  "mse_ratio_median": 556.8918270643812,
  "mse_ratio_q25": 525.0565903194538,
  "mse_ratio_q75": 595.6149106227506,
  "clean_rel_l2_mean": 0.18589467136189342,
  "clean_rel_l2_ci95": 0.007185605500314222,
  "clean_rel_l2_median": 0.17879388481378555,
  "clean_rel_l2_q25": 0.1720423772931099,
  "clean_rel_l2_q75": 0.193845447152853,
  "adv_rel_l2_mean": 4.3785422667860985,
  "adv_rel_l2_ci95": 0.23967613901078116,
  "adv_rel_l2_median": 4.20749044418335,
  "adv_rel_l2_q25": 3.9589900374412537,
  "adv_rel_l2_q75": 4.663859128952026,
  "rel_l2_ratio_mean": 23.457470885361033,
  "rel_l2_ratio_ci95": 0.4889087869686413,
  "rel_l2_ratio_median": 23.598490486425803,
  "rel_l2_ratio_q25": 22.914109683274493,
  "rel_l2_ratio_q75": 24.405210382776644,
  "clean_psnr_mean": 27.55817465843262,
  "clean_psnr_ci95": 1.1035217157889887,
  "clean_psnr_median": 28.227475017396607,
  "clean_psnr_q25": 26.055675139984363,
  "clean_psnr_q75": 29.978643347734035,
  "adv_psnr_mean": 0.16896485281347717,
  "adv_psnr_ci95": 1.2408835524498538,
  "adv_psnr_median": 0.6236209517775231,
  "adv_psnr_q25": -1.4582570962136747,
  "adv_psnr_q75": 2.7488528648917363,
  "clean_ssim_mean": 0.4317298656773858,
  "clean_ssim_ci95": 0.04553041731059458,
  "clean_ssim_median": 0.4432430366818557,
  "clean_ssim_q25": 0.3377199835764448,
  "clean_ssim_q75": 0.5265224321816168,
  "adv_ssim_mean": 0.009900107285395768,
  "adv_ssim_ci95": 0.002770533684584294,
  "adv_ssim_median": 0.007323676830252558,
  "adv_ssim_q25": 0.0048285473949947234,
  "adv_ssim_q75": 0.012106707641445086,
  "pred_shift_rel_l2_mean": 4.269465684890747,
  "pred_shift_rel_l2_ci95": 0.22068251163471705,
  "pred_shift_rel_l2_median": 4.136436700820923,
  "pred_shift_rel_l2_q25": 3.887328863143921,
  "pred_shift_rel_l2_q75": 4.537097454071045,
  "init_shift_rel_l2_mean": 4.789981044828892,
  "init_shift_rel_l2_ci95": 0.19202660312861855,
  "init_shift_rel_l2_median": 4.667353630065918,
  "init_shift_rel_l2_q25": 4.466440200805664,
  "init_shift_rel_l2_q75": 4.951587796211243,
  "delta_l2_mean": 57.919230818748474,
  "delta_l2_ci95": 12.905476555432216,
  "delta_l2_median": 52.690589904785156,
  "delta_l2_q25": 37.925588607788086,
  "delta_l2_q75": 64.62363624572754,
  "delta_linf_mean": 1.3332086792215705,
  "delta_linf_ci95": 0.28518058576332056,
  "delta_linf_median": 1.1422982811927795,
  "delta_linf_q25": 0.8534971624612808,
  "delta_linf_q75": 1.4300444722175598,
  "delta_mean_abs_mean": 0.21721580030862242,
  "delta_mean_abs_ci95": 0.049670069521141814,
  "delta_mean_abs_median": 0.19601286947727203,
  "delta_mean_abs_q25": 0.1394217349588871,
  "delta_mean_abs_q75": 0.24271024018526077,
  "delta_rel_l2_mean": 0.05000002867921806,
  "delta_rel_l2_ci95": 2.701056161939318e-09,
  "delta_rel_l2_median": 0.05000002697647203,
  "delta_rel_l2_q25": 0.050000024774701904,
  "delta_rel_l2_q75": 0.050000033029680216,
  "success_rel_l2_mean": 1.0,
  "success_rel_l2_ci95": 0.0,
  "success_rel_l2_median": 1.0,
  "success_rel_l2_q25": 1.0,
  "success_rel_l2_q75": 1.0,
  "success_mse_mean": 1.0,
  "success_mse_ci95": 0.0,
  "success_mse_median": 1.0,
  "success_mse_q25": 1.0,
  "success_mse_q75": 1.0,
  "clean_e_ran_l2_mean": 3.2822710014879704,
  "clean_e_ran_l2_ci95": 0.7058654150374748,
  "clean_e_ran_l2_median": 2.9622809886932373,
  "clean_e_ran_l2_q25": 2.20460706949234,
  "clean_e_ran_l2_q75": 3.700905740261078,
  "clean_e_nul_l2_mean": 1.771011283621192,
  "clean_e_nul_l2_ci95": 0.2843276675042319,
  "clean_e_nul_l2_median": 1.7230495810508728,
  "clean_e_nul_l2_q25": 1.189131885766983,
  "clean_e_nul_l2_q75": 2.071072518825531,
  "clean_e_ran_frac_mean": 0.8620818088959625,
  "clean_e_ran_frac_ci95": 0.015679448433123966,
  "clean_e_ran_frac_median": 0.8657160777740261,
  "clean_e_ran_frac_q25": 0.8405338092256226,
  "clean_e_ran_frac_q75": 0.8940694001673287,
  "clean_e_nul_frac_mean": 0.4999121047017087,
  "clean_e_nul_frac_ci95": 0.024689564344172937,
  "clean_e_nul_frac_median": 0.500529639073731,
  "clean_e_nul_frac_q25": 0.44792627526120193,
  "clean_e_nul_frac_q75": 0.5417474810787155,
  "adv_e_ran_l2_mean": 82.52086234092712,
  "adv_e_ran_l2_ci95": 18.12986629758373,
  "adv_e_ran_l2_median": 74.74476623535156,
  "adv_e_ran_l2_q25": 53.39524841308594,
  "adv_e_ran_l2_q75": 92.85558319091797,
  "adv_e_nul_l2_mean": 34.141343742609024,
  "adv_e_nul_l2_ci95": 6.856457396072242,
  "adv_e_nul_l2_median": 31.145137786865234,
  "adv_e_nul_l2_q25": 22.833293914794922,
  "adv_e_nul_l2_q75": 38.79659461975098,
  "adv_e_ran_frac_mean": 0.9211434411990056,
  "adv_e_ran_frac_ci95": 0.005996421611816437,
  "adv_e_ran_frac_median": 0.92285379061342,
  "adv_e_ran_frac_q25": 0.9093103861003795,
  "adv_e_ran_frac_q75": 0.9349875513636544,
  "adv_e_nul_frac_mean": 0.3867731946414471,
  "adv_e_nul_frac_ci95": 0.014129816689138866,
  "adv_e_nul_frac_median": 0.38514414600640945,
  "adv_e_nul_frac_q25": 0.3546806196746952,
  "adv_e_nul_frac_q75": 0.4161155930269933,
  "attack_runtime_total_sec": 284.90653336793184,
  "attack_runtime_per_example_sec": 8.90332916774787,
  "model_name": "nsn",
  "attack_name": "adam",
  "norm": "l2",
  "eps": 0.05,
  "eps_actual": 63.846251600341795,
  "eps_budget_mode": "per_sample_l2",
  "attack_init_mode": "exact",
  "eval_init_mode": "exact"
}