{
  "num_examples": 32,
  "gt_norm_mean": 19.806160181760788,
  "gt_norm_ci95": 2.9469057162341947,
  "gt_norm_median": 18.65426254272461,
  "gt_norm_q25": 12.793537616729736,
  "gt_norm_q75": 26.20080327987671,
  "clean_mse_mean": 0.0019420533199081547,
  "clean_mse_ci95": 0.0008983731969482081,
  "clean_mse_median": 0.0008530683990102261,
  "clean_mse_q25": 0.00044820929906563833,
  "clean_mse_q75": 0.0022524550440721214,
  "adv_mse_mean": 0.5315524903126061,
  "adv_mse_ci95": 0.2501273690546307,
  "adv_mse_median": 0.24652652442455292,
  "adv_mse_q25": 0.11483865603804588,
  "adv_mse_q75": 0.659869059920311,
  "mse_ratio_mean": 269.80650996264893,
  "mse_ratio_ci95": 9.440360598378325,
  "mse_ratio_median": 274.85625713114223,
  "mse_ratio_q25": 261.4053888645633,
  "mse_ratio_q75": 285.23060572220135,
  "clean_rel_l2_mean": 0.23370636440813541,
  "clean_rel_l2_ci95": 0.01650501422508375,
  "clean_rel_l2_median": 0.22983237355947495,
  "clean_rel_l2_q25": 0.21391825005412102,
  "clean_rel_l2_q75": 0.2575075700879097,
  "adv_rel_l2_mean": 3.838245764374733,
  "adv_rel_l2_ci95": 0.2836255745700768,
  "adv_rel_l2_median": 3.7872040271759033,
  "adv_rel_l2_q25": 3.453806221485138,
  "adv_rel_l2_q75": 4.31115186214447,
  "rel_l2_ratio_mean": 16.404707521533496,
  "rel_l2_ratio_ci95": 0.2928526566702968,
  "rel_l2_ratio_median": 16.578789362095016,
  "rel_l2_ratio_q25": 16.167999066885432,
  "rel_l2_ratio_q75": 16.888772479589235,
  "clean_psnr_mean": 25.545081696450538,
  "clean_psnr_ci95": 1.4315386858258226,
  "clean_psnr_median": 26.065757856115205,
  "clean_psnr_q25": 23.562371514828442,
  "clean_psnr_q75": 28.12443849647007,
  "adv_psnr_mean": 1.2571988259959699,
  "adv_psnr_ci95": 1.466115626640811,
  "adv_psnr_median": 1.863059167893545,
  "adv_psnr_q25": -1.1054345444423537,
  "adv_psnr_q75": 3.9347856290420253,
  "clean_ssim_mean": 0.32906953021365587,
  "clean_ssim_ci95": 0.04635015710944617,
  "clean_ssim_median": 0.3040999223995484,
  "clean_ssim_q25": 0.24034353269460454,
  "clean_ssim_q75": 0.4086474923376175,
  "adv_ssim_mean": 0.0012981143585541208,
  "adv_ssim_ci95": 0.003246093586242826,
  "adv_ssim_median": -0.0011282657150509616,
  "adv_ssim_q25": -0.003281329494984552,
  "adv_ssim_q75": 0.0028473456147532243,
  "clean_mae_mean": 0.029284641379490495,
  "clean_mae_ci95": 0.006173307963410961,
  "clean_mae_median": 0.02257277723401785,
  "clean_mae_q25": 0.01639978727325797,
  "clean_mae_q75": 0.03682447597384453,
  "adv_mae_mean": 0.44126104889437556,
  "adv_mae_ci95": 0.09459434692401522,
  "adv_mae_median": 0.35870178043842316,
  "adv_mae_q25": 0.2303808555006981,
  "adv_mae_q75": 0.5748459100723267,
  "clean_nrmse_mean": 0.059615675947293695,
  "clean_nrmse_ci95": 0.011885005394474334,
  "clean_nrmse_median": 0.04979240148134893,
  "clean_nrmse_q25": 0.03924923971453061,
  "clean_nrmse_q75": 0.06643743687902681,
  "adv_nrmse_mean": 0.9800942464725215,
  "adv_nrmse_ci95": 0.194647105591465,
  "adv_nrmse_median": 0.8070220562928615,
  "adv_nrmse_q25": 0.6359080713342534,
  "adv_nrmse_q75": 1.1366735280424565,
  "clean_max_err_mean": 0.18097286368720233,
  "clean_max_err_ci95": 0.03742511663210818,
  "clean_max_err_median": 0.13946020603179932,
  "clean_max_err_q25": 0.10989409685134888,
  "clean_max_err_q75": 0.2332305647432804,
  "adv_max_err_mean": 4.97196364030242,
  "adv_max_err_ci95": 0.9258454657538391,
  "adv_max_err_median": 4.1330955028533936,
  "adv_max_err_q25": 3.013738512992859,
  "adv_max_err_q75": 6.070058703422546,
  "clean_init_rel_l2_mean": 0.3665603967383504,
  "clean_init_rel_l2_ci95": 0.038403306013622636,
  "clean_init_rel_l2_median": 0.35208597779273987,
  "clean_init_rel_l2_q25": 0.3001028299331665,
  "clean_init_rel_l2_q75": 0.37695785611867905,
  "adv_init_rel_l2_mean": 3.260012548416853,
  "adv_init_rel_l2_ci95": 0.23014158782588665,
  "adv_init_rel_l2_median": 3.237820029258728,
  "adv_init_rel_l2_q25": 3.045795500278473,
  "adv_init_rel_l2_q75": 3.6422823071479797,
  "init_rel_l2_ratio_mean": 9.669224364820352,
  "init_rel_l2_ratio_ci95": 1.0503895601298987,
  "init_rel_l2_ratio_median": 10.038093542190232,
  "init_rel_l2_ratio_q25": 8.554463012210899,
  "init_rel_l2_ratio_q75": 12.072534421136083,
  "clean_init_psnr_mean": 21.770101520711616,
  "clean_init_psnr_ci95": 1.150549673679535,
  "clean_init_psnr_median": 21.902652531932308,
  "clean_init_psnr_q25": 20.421128931234048,
  "clean_init_psnr_q75": 23.885292476453795,
  "adv_init_psnr_mean": 2.669204485685512,
  "adv_init_psnr_ci95": 1.404164862513146,
  "adv_init_psnr_median": 3.2519349908329467,
  "adv_init_psnr_q25": 0.3356490739450713,
  "adv_init_psnr_q75": 5.075555951749948,
  "clean_init_ssim_mean": 0.18507351933738528,
  "clean_init_ssim_ci95": 0.030001286716356445,
  "clean_init_ssim_median": 0.16158426217636884,
  "clean_init_ssim_q25": 0.13307457795689728,
  "clean_init_ssim_q75": 0.21259884043133606,
  "adv_init_ssim_mean": 0.019726786001704077,
  "adv_init_ssim_ci95": 0.0030283415423053733,
  "adv_init_ssim_median": 0.01724579585552262,
  "adv_init_ssim_q25": 0.015273565395063565,
  "adv_init_ssim_q75": 0.023163363430782315,
  "clean_init_mae_mean": 0.040868057461921126,
  "clean_init_mae_ci95": 0.007575174640980243,
  "clean_init_mae_median": 0.035782722756266594,
  "clean_init_mae_q25": 0.02316789049655199,
  "clean_init_mae_q75": 0.04952391982078552,
  "adv_init_mae_mean": 0.39480587374418974,
  "adv_init_mae_ci95": 0.07950629158511233,
  "adv_init_mae_median": 0.3231954872608185,
  "adv_init_mae_q25": 0.21095624566078186,
  "adv_init_mae_q75": 0.5265986174345016,
  "pred_shift_rel_l2_mean": 3.7120636254549026,
  "pred_shift_rel_l2_ci95": 0.25979062213795934,
  "pred_shift_rel_l2_median": 3.6752606630325317,
  "pred_shift_rel_l2_q25": 3.355441927909851,
  "pred_shift_rel_l2_q75": 4.175666570663452,
  "init_shift_rel_l2_mean": 3.265393950045109,
  "init_shift_rel_l2_ci95": 0.18389062961422073,
  "init_shift_rel_l2_median": 3.2299028635025024,
  "init_shift_rel_l2_q25": 3.0056313276290894,
  "init_shift_rel_l2_q75": 3.6040819883346558,
  "delta_l2_mean": 58.71477806568146,
  "delta_l2_ci95": 12.319911707639353,
  "delta_l2_median": 46.47352409362793,
  "delta_l2_q25": 33.11338567733765,
  "delta_l2_q75": 73.21552848815918,
  "delta_linf_mean": 1.8316523097455502,
  "delta_linf_ci95": 0.40832407558419737,
  "delta_linf_median": 1.5133807063102722,
  "delta_linf_q25": 1.0153533518314362,
  "delta_linf_q75": 2.3902869820594788,
  "delta_mean_abs_mean": 0.21580932522192597,
  "delta_mean_abs_ci95": 0.045044216362051075,
  "delta_mean_abs_median": 0.17218156903982162,
  "delta_mean_abs_q25": 0.12149199470877647,
  "delta_mean_abs_q75": 0.27137213200330734,
  "delta_rel_l2_mean": 0.05000002639220636,
  "delta_rel_l2_ci95": 2.257278206329866e-09,
  "delta_rel_l2_median": 0.05000002637753557,
  "delta_rel_l2_q25": 0.05000002190821231,
  "delta_rel_l2_q75": 0.0500000320292901,
  "success_rel_l2_mean": 1.0,
  "success_rel_l2_ci95": 0.0,
  "success_rel_l2_median": 1.0,
  "success_rel_l2_q25": 1.0,
  "success_rel_l2_q75": 1.0,
  "success_mse_mean": 1.0,
  "success_mse_ci95": 0.0,
  "success_mse_median": 1.0,
  "success_mse_q25": 1.0,
  "success_mse_q75": 1.0,
  "clean_e_ran_l2_mean": 4.836340058594942,
  "clean_e_ran_l2_ci95": 1.020222271605774,
  "clean_e_ran_l2_median": 3.7373595237731934,
  "clean_e_ran_l2_q25": 2.6929567456245422,
  "clean_e_ran_l2_q75": 6.069457411766052,
  "clean_e_nul_l2_mean": 0.13684015127364546,
  "clean_e_nul_l2_ci95": 0.03601493334112516,
  "clean_e_nul_l2_median": 0.09781578555703163,
  "clean_e_nul_l2_q25": 0.06715142913162708,
  "clean_e_nul_l2_q75": 0.1633656658232212,
  "clean_e_ran_frac_mean": 0.9987081618622339,
  "clean_e_ran_frac_ci95": 0.0010937059475922858,
  "clean_e_ran_frac_median": 0.9997635058877719,
  "clean_e_ran_frac_q25": 0.9995434394098679,
  "clean_e_ran_frac_q75": 0.999861416680399,
  "clean_e_nul_frac_mean": 0.035064668389665696,
  "clean_e_nul_frac_ci95": 0.012899852378387007,