{
  "num_examples": 32,
  "gt_norm_mean": 19.246901780366898,
  "gt_norm_ci95": 3.3146818493907912,
  "gt_norm_median": 15.661028385162354,
  "gt_norm_q25": 12.43287444114685,
  "gt_norm_q75": 25.732792377471924,
  "clean_mse_mean": 0.0018032488128483237,
  "clean_mse_ci95": 0.0007991373618706786,
  "clean_mse_median": 0.000680547789670527,
  "clean_mse_q25": 0.0004057399128214456,
  "clean_mse_q75": 0.0026656558038666844,
  "adv_mse_mean": 0.8358402003068477,
  "adv_mse_ci95": 0.3703278797787832,
  "adv_mse_median": 0.32034245133399963,
  "adv_mse_q25": 0.2006329856812954,
  "adv_mse_q75": 1.238351047039032,
  "mse_ratio_mean": 473.2454839742401,
  "mse_ratio_ci95": 7.818683422586189,
  "mse_ratio_median": 470.0660496040582,
  "mse_ratio_q25": 462.441416744914,
  "mse_ratio_q75": 483.09280076353946,
  "clean_rel_l2_mean": 0.2324072839692235,
  "clean_rel_l2_ci95": 0.013910097559146871,
  "clean_rel_l2_median": 0.22967718541622162,
  "clean_rel_l2_q25": 0.21139682829380035,
  "clean_rel_l2_q75": 0.25372643768787384,
  "adv_rel_l2_mean": 5.049846328794956,
  "adv_rel_l2_ci95": 0.2935969109153577,
  "adv_rel_l2_median": 5.017971754074097,
  "adv_rel_l2_q25": 4.624669432640076,
  "adv_rel_l2_q75": 5.403056502342224,
  "rel_l2_ratio_mean": 21.748236586398683,
  "rel_l2_ratio_ci95": 0.17939766150998998,
  "rel_l2_ratio_median": 21.681004592078136,
  "rel_l2_ratio_q25": 21.504420548809044,
  "rel_l2_ratio_q75": 21.97931097707023,
  "clean_psnr_mean": 25.40477201258683,
  "clean_psnr_ci95": 1.27647347981304,
  "clean_psnr_median": 25.518454069438,
  "clean_psnr_q25": 22.917255903936546,
  "clean_psnr_q75": 27.857067383029335,
  "adv_psnr_mean": -1.341327893040075,
  "adv_psnr_ci95": 1.2574717982972918,
  "adv_psnr_median": -1.3963147358880117,
  "adv_psnr_q25": -3.74842933314826,
  "adv_psnr_q75": 0.9337890327705678,
  "clean_ssim_mean": 0.32125235960678483,
  "clean_ssim_ci95": 0.0423519261597885,
  "clean_ssim_median": 0.29293252418375354,
  "clean_ssim_q25": 0.22839618869706763,
  "clean_ssim_q75": 0.38031350265960867,
  "adv_ssim_mean": 0.009255890018784328,
  "adv_ssim_ci95": 0.0022244237017846505,
  "adv_ssim_median": 0.008718949842491826,
  "adv_ssim_q25": 0.006478256004684603,
  "adv_ssim_q75": 0.01222287246478427,
  "pred_shift_rel_l2_mean": 4.844038866460323,
  "pred_shift_rel_l2_ci95": 0.25700032838842984,
  "pred_shift_rel_l2_median": 4.811375141143799,
  "pred_shift_rel_l2_q25": 4.491697430610657,
  "pred_shift_rel_l2_q75": 5.188547492027283,
  "init_shift_rel_l2_mean": 5.056835427880287,
  "init_shift_rel_l2_ci95": 0.19218098413683438,
  "init_shift_rel_l2_median": 4.938126802444458,
  "init_shift_rel_l2_q25": 4.732385754585266,
  "init_shift_rel_l2_q75": 5.224052906036377,
  "delta_l2_mean": 56.043670296669006,
  "delta_l2_ci95": 12.222572000977829,
  "delta_l2_median": 40.42455291748047,
  "delta_l2_q25": 31.539670944213867,
  "delta_l2_q75": 80.49868774414062,
  "delta_linf_mean": 1.1866348320618272,
  "delta_linf_ci95": 0.2396027135298736,
  "delta_linf_median": 0.9467479884624481,
  "delta_linf_q25": 0.671583503484726,
  "delta_linf_q75": 1.5280481576919556,
  "delta_mean_abs_mean": 0.2134754944127053,
  "delta_mean_abs_ci95": 0.04823180007615703,
  "delta_mean_abs_median": 0.15102623403072357,
  "delta_mean_abs_q25": 0.11693757399916649,
  "delta_mean_abs_q75": 0.3098311126232147,
  "delta_rel_l2_mean": 0.05000002431900211,
  "delta_rel_l2_ci95": 2.1789127762833347e-09,
  "delta_rel_l2_median": 0.05000002500625899,
  "delta_rel_l2_q25": 0.05000002214197055,
  "delta_rel_l2_q75": 0.050000028199563375,
  "success_rel_l2_mean": 1.0,
  "success_rel_l2_ci95": 0.0,
  "success_rel_l2_median": 1.0,
  "success_rel_l2_q25": 1.0,
  "success_rel_l2_q75": 1.0,
  "success_mse_mean": 1.0,
  "success_mse_ci95": 0.0,
  "success_mse_median": 1.0,
  "success_mse_q25": 1.0,
  "success_mse_q75": 1.0,
  "clean_e_ran_l2_mean": 4.6121383756399155,
  "clean_e_ran_l2_ci95": 1.0028494325831814,
  "clean_e_ran_l2_median": 3.3379909992218018,
  "clean_e_ran_l2_q25": 2.5590142607688904,
  "clean_e_ran_l2_q75": 6.599800944328308,
  "clean_e_nul_l2_mean": 0.2216303343884647,
  "clean_e_nul_l2_ci95": 0.1156233264114206,
  "clean_e_nul_l2_median": 0.09233365952968597,
  "clean_e_nul_l2_q25": 0.06436594761908054,
  "clean_e_nul_l2_q75": 0.21196022257208824,
  "clean_e_ran_frac_mean": 0.9938446596790343,
  "clean_e_ran_frac_ci95": 0.009056837722061636,
  "clean_e_ran_frac_median": 0.9997248250598978,
  "clean_e_ran_frac_q25": 0.9993253517054499,
  "clean_e_ran_frac_q75": 0.9998211323287949,
  "clean_e_nul_frac_mean": 0.05435843749283506,
  "clean_e_nul_frac_ci95": 0.03275178588459226,
  "clean_e_nul_frac_median": 0.023457721835694847,
  "clean_e_nul_frac_q25": 0.018907446586850354,
  "clean_e_nul_frac_q75": 0.03670731919818575,
  "adv_e_ran_l2_mean": 98.75590705871582,
  "adv_e_ran_l2_ci95": 21.143332728590607,
  "adv_e_ran_l2_median": 72.1228141784668,
  "adv_e_ran_l2_q25": 56.22543716430664,
  "adv_e_ran_l2_q75": 139.9343719482422,
  "adv_e_nul_l2_mean": 14.532466258853674,
  "adv_e_nul_l2_ci95": 3.905195003642708,
  "adv_e_nul_l2_median": 10.072492122650146,
  "adv_e_nul_l2_q25": 6.585729241371155,
  "adv_e_nul_l2_q75": 18.675657749176025,
  "adv_e_ran_frac_mean": 0.9850887530566764,
  "adv_e_ran_frac_ci95": 0.007858840615383566,
  "adv_e_ran_frac_median": 0.9923106237692861,
  "adv_e_ran_frac_q25": 0.9802147612048377,
  "adv_e_ran_frac_q75": 0.9952424123481882,
  "adv_e_nul_frac_mean": 0.1471454028914022,
  "adv_e_nul_frac_ci95": 0.03038451031199496,
  "adv_e_nul_frac_median": 0.1237693018754176,
  "adv_e_nul_frac_q25": 0.09742845368976424,
  "adv_e_nul_frac_q75": 0.19792278729527069,
  "attack_runtime_total_sec": 64.63082337751985,
  "attack_runtime_per_example_sec": 2.019713230547495,
  "model_name": "nsn",
  "attack_name": "adam",
  "norm": "l2",
  "eps": 0.05,
  "eps_actual": 64.02793199203492,
  "eps_budget_mode": "per_sample_l2",
  "attack_init_mode": "exact",
  "eval_init_mode": "exact"
}