{
  "num_examples": 32,
  "gt_norm_mean": 19.554032936692238,
  "gt_norm_ci95": 3.175656556464896,
  "gt_norm_median": 19.43148136138916,
  "gt_norm_q25": 13.664082050323486,
  "gt_norm_q75": 22.861806869506836,
  "clean_mse_mean": 1.0495388490738833e-05,
  "clean_mse_ci95": 3.614849470066708e-06,
  "clean_mse_median": 6.547749535457115e-06,
  "clean_mse_q25": 2.716479571063246e-06,
  "clean_mse_q75": 1.4935000763216522e-05,
  "adv_mse_mean": 0.14015364807710284,
  "adv_mse_ci95": 0.10225861505091505,
  "adv_mse_median": 0.04320825636386871,
  "adv_mse_q25": 0.026289629749953747,
  "adv_mse_q75": 0.09935780428349972,
  "mse_ratio_mean": 12843.3782169266,
  "mse_ratio_ci95": 4354.320718996214,
  "mse_ratio_median": 10450.177650976042,
  "mse_ratio_q25": 3738.237723597578,
  "mse_ratio_q75": 16002.260599702722,
  "clean_rel_l2_mean": 0.020059730566572398,
  "clean_rel_l2_ci95": 0.0043137690677338995,
  "clean_rel_l2_median": 0.01590473484247923,
  "clean_rel_l2_q25": 0.013792262645438313,
  "clean_rel_l2_q75": 0.01940204482525587,
  "adv_rel_l2_mean": 1.6436098758131266,
  "adv_rel_l2_ci95": 0.22900535110626088,
  "adv_rel_l2_median": 1.6104256510734558,
  "adv_rel_l2_q25": 1.193499118089676,
  "adv_rel_l2_q75": 2.0793712735176086,
  "rel_l2_ratio_mean": 99.73531903569865,
  "rel_l2_ratio_ci95": 18.944898491695806,
  "rel_l2_ratio_median": 102.17266671651764,
  "rel_l2_ratio_q25": 61.140365215366685,
  "rel_l2_ratio_q75": 126.45950395151033,
  "clean_psnr_mean": 47.792881318475466,
  "clean_psnr_ci95": 1.3066600591427144,
  "clean_psnr_median": 48.83813521959547,
  "clean_psnr_q25": 46.3559548316005,
  "clean_psnr_q75": 50.50386070214706,
  "adv_psnr_mean": 9.503306047705035,
  "adv_psnr_ci95": 2.2414805572807586,
  "adv_psnr_median": 8.972991711247722,
  "adv_psnr_q25": 5.108062555766666,
  "adv_psnr_q75": 12.908263420284467,
  "clean_ssim_mean": 0.9930179666291059,
  "clean_ssim_ci95": 0.0012907342887925838,
  "clean_ssim_median": 0.9938976838243677,
  "clean_ssim_q25": 0.9920214830450483,
  "clean_ssim_q75": 0.9958007619524757,
  "adv_ssim_mean": 0.8030699774474228,
  "adv_ssim_ci95": 0.031383882828968014,
  "adv_ssim_median": 0.8235464349260148,
  "adv_ssim_q25": 0.7534682990656474,
  "adv_ssim_q75": 0.8519329427378504,
  "pred_shift_rel_l2_mean": 1.643539672717452,
  "pred_shift_rel_l2_ci95": 0.22950002361715988,
  "pred_shift_rel_l2_median": 1.6212174892425537,
  "pred_shift_rel_l2_q25": 1.1870629489421844,
  "pred_shift_rel_l2_q75": 2.08838951587677,
  "init_shift_rel_l2_mean": 0.14992005424574018,
  "init_shift_rel_l2_ci95": 0.01161798435543459,
  "init_shift_rel_l2_median": 0.14568191766738892,
  "init_shift_rel_l2_q25": 0.12831054255366325,
  "init_shift_rel_l2_q75": 0.16976348310709,
  "delta_l2_mean": 57.919229567050934,
  "delta_l2_ci95": 12.90547618398125,
  "delta_l2_median": 52.69058799743652,
  "delta_l2_q25": 37.92558765411377,
  "delta_l2_q75": 64.6236343383789,
  "delta_linf_mean": 1.085691049695015,
  "delta_linf_ci95": 0.23530773661743504,
  "delta_linf_median": 0.9566823542118073,
  "delta_linf_q25": 0.7002170234918594,
  "delta_linf_q75": 1.1910731792449951,
  "delta_mean_abs_mean": 0.2085026279091835,
  "delta_mean_abs_ci95": 0.04638170134187461,
  "delta_mean_abs_median": 0.19114282727241516,
  "delta_mean_abs_q25": 0.138363815844059,
  "delta_mean_abs_q75": 0.2355344481766224,
  "delta_rel_l2_mean": 0.050000028081791194,
  "delta_rel_l2_ci95": 2.7505053721609404e-09,
  "delta_rel_l2_median": 0.05000002768817823,
  "delta_rel_l2_q25": 0.050000024774701904,
  "delta_rel_l2_q75": 0.050000031304206306,
  "success_rel_l2_mean": 1.0,
  "success_rel_l2_ci95": 0.0,
  "success_rel_l2_median": 1.0,
  "success_rel_l2_q25": 1.0,
  "success_rel_l2_q75": 1.0,
  "success_mse_mean": 1.0,
  "success_mse_ci95": 0.0,
  "success_mse_median": 1.0,
  "success_mse_q25": 1.0,
  "success_mse_q75": 1.0,
  "clean_e_ran_l2_mean": 0.27356535010039806,
  "clean_e_ran_l2_ci95": 0.04978142212326442,
  "clean_e_ran_l2_median": 0.24494683742523193,
  "clean_e_ran_l2_q25": 0.16096367686986923,
  "clean_e_ran_l2_q75": 0.3704134002327919,
  "clean_e_nul_l2_mean": 0.24163308436982334,
  "clean_e_nul_l2_ci95": 0.04818263524731038,
  "clean_e_nul_l2_median": 0.19822188466787338,
  "clean_e_nul_l2_q25": 0.12803003564476967,
  "clean_e_nul_l2_q75": 0.31488481909036636,
  "clean_e_ran_frac_mean": 0.7528498178343836,
  "clean_e_ran_frac_ci95": 0.018993016298058274,
  "clean_e_ran_frac_median": 0.7493951243518098,
  "clean_e_ran_frac_q25": 0.7221202973953669,
  "clean_e_ran_frac_q75": 0.7930194840809878,
  "clean_e_nul_frac_mean": 0.6533708533174419,
  "clean_e_nul_frac_ci95": 0.020565142492702894,
  "clean_e_nul_frac_median": 0.6621186060454819,
  "clean_e_nul_frac_q25": 0.6091450856965718,
  "clean_e_nul_frac_q75": 0.6917657972724601,
  "adv_e_ran_l2_mean": 23.05238201096654,
  "adv_e_ran_l2_ci95": 7.471015144484678,
  "adv_e_ran_l2_median": 16.81643009185791,
  "adv_e_ran_l2_q25": 12.229120016098022,
  "adv_e_ran_l2_q75": 24.816989421844482,
  "adv_e_nul_l2_mean": 28.010050946846604,
  "adv_e_nul_l2_ci95": 8.10342488565123,
  "adv_e_nul_l2_median": 20.961687088012695,
  "adv_e_nul_l2_q25": 16.692008018493652,
  "adv_e_nul_l2_q75": 32.26505661010742,
  "adv_e_ran_frac_mean": 0.6311281218211567,
  "adv_e_ran_frac_ci95": 0.025777927767326778,
  "adv_e_ran_frac_median": 0.630489672076781,
  "adv_e_ran_frac_q25": 0.6008156875054167,
  "adv_e_ran_frac_q75": 0.6684994740291852,
  "adv_e_nul_frac_mean": 0.7697471289458931,
  "adv_e_nul_frac_ci95": 0.021714986687264938,
  "adv_e_nul_frac_median": 0.7761899638950356,
  "adv_e_nul_frac_q25": 0.7436935490927877,
  "adv_e_nul_frac_q75": 0.7993861031261975,
  "attack_runtime_total_sec": 1215.7710292600095,
  "attack_runtime_per_example_sec": 37.9928446643753,
  "model_name": "resnet",
  "attack_name": "adam",
  "norm": "l2",
  "eps": 0.05,
  "eps_actual": 63.846251600341795,
  "eps_budget_mode": "per_sample_l2",
  "attack_init_mode": "exact",
  "eval_init_mode": "exact"
}