{
  "num_examples": 32,
  "clean_mse_mean": 2.303354309507455e-06,
  "clean_mse_ci95": 2.3435269976312645e-06,
  "clean_mse_median": 4.5368490475539147e-07,
  "adv_mse_mean": 2.303108949025523e-06,
  "adv_mse_ci95": 2.343212242518406e-06,
  "adv_mse_median": 4.538043185675633e-07,
  "mse_ratio_mean": 0.9999904502240469,
  "mse_ratio_ci95": 0.00014719618036030578,
  "mse_ratio_median": 1.000045124809311,
  "clean_rel_l2_mean": 0.024834983484833584,
  "clean_rel_l2_ci95": 0.017176140513628396,
  "clean_rel_l2_median": 0.008250434553018285,
  "adv_rel_l2_mean": 0.0248347635465503,
  "adv_rel_l2_ci95": 0.01717619186293325,
  "adv_rel_l2_median": 0.008251186659860757,
  "rel_l2_ratio_mean": 0.9999952269706353,
  "rel_l2_ratio_ci95": 7.360789020028109e-05,
  "rel_l2_ratio_median": 1.0000225040619313,
  "clean_psnr_mean": 58.359504766143964,
  "clean_psnr_ci95": 2.099010691666485,
  "clean_psnr_median": 58.560962633587046,
  "adv_psnr_mean": 58.359546610934515,
  "adv_psnr_ci95": 2.0989132282500984,
  "adv_psnr_median": 58.5602132126017,
  "clean_ssim_mean": 0.9972119595234697,
  "clean_ssim_ci95": 0.0010799226310496926,
  "clean_ssim_median": 0.9983303794390539,
  "adv_ssim_mean": 0.9972119273520126,
  "adv_ssim_ci95": 0.001079856309206747,
  "adv_ssim_median": 0.9983304027819371,
  "pred_shift_rel_l2_mean": 5.872735809268344e-05,
  "pred_shift_rel_l2_ci95": 1.0171011557878664e-05,
  "pred_shift_rel_l2_median": 4.579753551648532e-05,
  "init_shift_rel_l2_mean": 2.1663275117592254e-05,
  "init_shift_rel_l2_ci95": 2.9722518820830055e-06,
  "init_shift_rel_l2_median": 2.2824153081846085e-05,
  "delta_l2_mean": 0.0003223265070531056,
  "delta_l2_ci95": 0.00010560443159152172,
  "delta_l2_median": 0.00020642190793296322,
  "delta_linf_mean": 3.006968108820729e-05,
  "delta_linf_ci95": 9.325653491999319e-06,
  "delta_linf_median": 2.09808349609375e-05,
  "delta_mean_abs_mean": 7.322325530634277e-07,
  "delta_mean_abs_ci95": 2.489752679323097e-07,
  "delta_mean_abs_median": 4.4943752186554775e-07,
  "success_rel_l2_mean": 0.0,
  "success_rel_l2_ci95": 0.0,
  "success_rel_l2_median": 0.0,
  "success_mse_mean": 0.0,
  "success_mse_ci95": 0.0,
  "success_mse_median": 0.0,
  "clean_e_ran_l2_mean": 0.00014803698795162745,
  "clean_e_ran_l2_ci95": 4.789989267273507e-05,
  "clean_e_ran_l2_median": 9.596625022822991e-05,
  "clean_e_nul_l2_mean": 0.12932510490645654,
  "clean_e_nul_l2_ci95": 0.05102942156461107,
  "clean_e_nul_l2_median": 0.08620996028184891,
  "clean_e_ran_frac_mean": 0.001645132348654325,
  "clean_e_ran_frac_ci95": 0.0005158450141943875,
  "clean_e_ran_frac_median": 0.0013188556780121988,
  "clean_e_nul_frac_mean": 0.9999975687336694,
  "clean_e_nul_frac_ci95": 1.3485684242207367e-06,
  "clean_e_nul_frac_median": 0.9999991259025837,
  "adv_e_ran_l2_mean": 0.00040166018715126484,
  "adv_e_ran_l2_ci95": 0.00012952384879665486,
  "adv_e_ran_l2_median": 0.0002605141926323995,
  "adv_e_nul_l2_mean": 0.12931939057307318,
  "adv_e_nul_l2_ci95": 0.05102601876108794,
  "adv_e_nul_l2_median": 0.08621904626488686,
  "adv_e_ran_frac_mean": 0.00443761982626753,
  "adv_e_ran_frac_ci95": 0.0014072553504017311,
  "adv_e_ran_frac_median": 0.003575457620831397,
  "adv_e_nul_frac_mean": 0.9999821596169107,
  "adv_e_nul_frac_ci95": 9.706079941618109e-06,
  "adv_e_nul_frac_median": 0.9999936061054653,
  "attack_runtime_total_sec": 8.37384082376957,
  "attack_runtime_per_example_sec": 0.26168252574279904,
  "model_name": "nsn",
  "attack_name": "adam",
  "norm": "l2",
  "eps": 1.0,
  "attack_init_mode": "surrogate",
  "eval_init_mode": "exact"
}