{
  "eps": 0.02,
  "attack": "adam",
  "matrix": {
    "nsn": {
      "mse": {
        "l2_nul": 1.136143684387207,
        "l2_ran": 45.311214447021484,
        "rel_l2_nul": 0.06046607904136181,
        "rel_l2_ran": 2.2141029834747314,
        "psnr_nul": 37.54382615858748,
        "psnr_ran": 5.521767216032365,
        "ssim_nul": 0.9385826322439036,
        "ssim_ran": 0.03650443314276549,
        "mae_nul": 0.0038579159881919622,
        "mae_ran": 0.2748158872127533,
        "nrmse_nul": 0.013275936129668464,
        "nrmse_ran": 0.5296085354189088,
        "max_err_nul": 0.4084702432155609,
        "max_err_ran": 1.6752586364746094
      },
      "null": {
        "l2_nul": 13.320096015930176,
        "l2_ran": 29.89881420135498,
        "rel_l2_nul": 0.7155478596687317,
        "rel_l2_ran": 1.4080530405044556,
        "psnr_nul": 16.133905419021048,
        "psnr_ran": 9.432040317320656,
        "ssim_nul": 0.26860156017156267,
        "ssim_ran": 0.042018669915658995,
        "mae_nul": 0.04630178399384022,
        "mae_ran": 0.1790310963988304,
        "nrmse_nul": 0.15633424949221877,
        "nrmse_ran": 0.3377113121368083,
        "max_err_nul": 1.028783142566681,
        "max_err_ran": 1.3373148441314697
      }
    },
    "resnet": {
      "mse": {
        "l2_nul": 12.375921726226807,
        "l2_ran": 7.058859825134277,
        "rel_l2_nul": 0.716570109128952,
        "rel_l2_ran": 0.3708239793777466,
        "psnr_nul": 16.776859499656794,
        "psnr_ran": 21.561641640847014,
        "ssim_nul": 0.3204231567704203,
        "ssim_ran": 0.33563400249068787,
        "mae_nul": 0.04112045653164387,
        "mae_ran": 0.032431974075734615,
        "nrmse_nul": 0.1449399559390951,
        "nrmse_ran": 0.08354470448407411,
        "max_err_nul": 1.0443533062934875,
        "max_err_ran": 0.5310457646846771
      },
      "null": {
        "l2_nul": 11.323089122772217,
        "l2_ran": 6.813930034637451,
        "rel_l2_nul": 0.7173225581645966,
        "rel_l2_ran": 0.3628241866827011,
        "psnr_nul": 17.117143143175316,
        "psnr_ran": 22.17403408980062,
        "ssim_nul": 0.32124194410671414,
        "ssim_ran": 0.3335355627580454,
        "mae_nul": 0.0353362001478672,
        "mae_ran": 0.029679883271455765,
        "nrmse_nul": 0.13950205831195933,
        "nrmse_ran": 0.07785828108052353,
        "max_err_nul": 1.0875519514083862,
        "max_err_ran": 0.5061855912208557
      }
    }
  },
  "shift_weight_sweep": {},
  "lipschitz_nullspace": {
    "nsn": {
      "mean": 0.5377139775082469,
      "max": 2.252255439758301,
      "std": 0.5315392235841006,
      "n": 32
    },
    "resnet": {
      "mean": 1.3874313831329346,
      "max": 2.2154083251953125,
      "std": 0.2993874418073728,
      "n": 32
    }
  }
}