{
  "num_examples": 32,
  "gt_norm_mean": 19.554032936692238,
  "gt_norm_ci95": 3.175656556464896,
  "gt_norm_median": 19.43148136138916,
  "gt_norm_q25": 13.664082050323486,
  "gt_norm_q75": 22.861806869506836,
  "clean_mse_mean": 0.004425591992458067,
  "clean_mse_ci95": 0.0017414532584351804,
  "clean_mse_median": 0.003380082780495286,
  "clean_mse_q25": 0.0013714352389797568,
  "clean_mse_q75": 0.005243642604909837,
  "adv_mse_mean": 0.004804885463045139,
  "adv_mse_ci95": 0.0019509706128356522,
  "adv_mse_median": 0.003672905615530908,
  "adv_mse_q25": 0.0014469720190390944,
  "adv_mse_q75": 0.0056392529513686895,
  "mse_ratio_mean": 1.0703818492463817,
  "mse_ratio_ci95": 0.015118420216001753,
  "mse_ratio_median": 1.0613847576515743,
  "mse_ratio_q25": 1.048299395753653,
  "mse_ratio_q75": 1.0957503555622654,
  "clean_rel_l2_mean": 0.37961317179724574,
  "clean_rel_l2_ci95": 0.03657718364024567,
  "clean_rel_l2_median": 0.4016140550374985,
  "clean_rel_l2_q25": 0.3002694621682167,
  "clean_rel_l2_q75": 0.45102618634700775,
  "adv_rel_l2_mean": 0.39218595111742616,
  "adv_rel_l2_ci95": 0.037401219639900236,
  "adv_rel_l2_median": 0.4174814224243164,
  "adv_rel_l2_q25": 0.3280283287167549,
  "adv_rel_l2_q75": 0.47059405595064163,
  "rel_l2_ratio_mean": 1.0343892692068457,
  "rel_l2_ratio_ci95": 0.007220268586291887,
  "rel_l2_ratio_median": 1.030235285211643,
  "rel_l2_ratio_q25": 1.0238648430564337,
  "rel_l2_ratio_q75": 1.046780662288587,
  "clean_psnr_mean": 21.688448652112008,
  "clean_psnr_ci95": 1.2053979653016604,
  "clean_psnr_median": 21.578648783706555,
  "clean_psnr_q25": 19.59434238106761,
  "clean_psnr_q75": 23.928276335184133,
  "adv_psnr_mean": 21.396450202945594,
  "adv_psnr_ci95": 1.2288586497600633,
  "adv_psnr_median": 21.340839652383462,
  "adv_psnr_q25": 19.22242595510754,
  "adv_psnr_q75": 23.79033227409431,
  "clean_ssim_mean": 0.3520402489172675,
  "clean_ssim_ci95": 0.039280215711078856,
  "clean_ssim_median": 0.3361743261744746,
  "clean_ssim_q25": 0.2781724790252206,
  "clean_ssim_q75": 0.40145310447783134,
  "adv_ssim_mean": 0.35045035196993257,
  "adv_ssim_ci95": 0.038257145670549955,
  "adv_ssim_median": 0.33656971450918327,
  "adv_ssim_q25": 0.2682391760596639,
  "adv_ssim_q75": 0.3967940929499051,
  "pred_shift_rel_l2_mean": 0.112295898841694,
  "pred_shift_rel_l2_ci95": 0.021453431498377463,
  "pred_shift_rel_l2_median": 0.1098964661359787,
  "pred_shift_rel_l2_q25": 0.06750424951314926,
  "pred_shift_rel_l2_q75": 0.1542491391301155,
  "init_shift_rel_l2_mean": 0.015105833823326975,
  "init_shift_rel_l2_ci95": 0.001154581697220482,
  "init_shift_rel_l2_median": 0.01507008308544755,
  "init_shift_rel_l2_q25": 0.012553721200674772,
  "init_shift_rel_l2_q75": 0.016899936366826296,
  "delta_l2_mean": 5.791922729462385,
  "delta_l2_ci95": 1.2905476403125595,
  "delta_l2_median": 5.269058704376221,
  "delta_l2_q25": 3.79255872964859,
  "delta_l2_q75": 6.462363123893738,
  "delta_linf_mean": 0.12374988826923072,
  "delta_linf_ci95": 0.02317857371603137,
  "delta_linf_median": 0.11398983001708984,
  "delta_linf_q25": 0.08131777867674828,
  "delta_linf_q75": 0.13785791397094727,
  "delta_mean_abs_mean": 0.019741180614801124,
  "delta_mean_abs_ci95": 0.004764429748870601,
  "delta_mean_abs_median": 0.017304341308772564,
  "delta_mean_abs_q25": 0.012661045417189598,
  "delta_mean_abs_q75": 0.022191341500729322,
  "delta_rel_l2_mean": 0.005000002590047964,
  "delta_rel_l2_ci95": 3.117259734212798e-10,
  "delta_rel_l2_median": 0.005000002364355419,
  "delta_rel_l2_q25": 0.005000002090121107,
  "delta_rel_l2_q75": 0.005000003022512502,
  "success_rel_l2_mean": 0.0,
  "success_rel_l2_ci95": 0.0,
  "success_rel_l2_median": 0.0,
  "success_rel_l2_q25": 0.0,
  "success_rel_l2_q75": 0.0,
  "success_mse_mean": 0.0,
  "success_mse_ci95": 0.0,
  "success_mse_median": 0.0,
  "success_mse_q25": 0.0,
  "success_mse_q75": 0.0,
  "clean_e_ran_l2_mean": 7.515092272311449,
  "clean_e_ran_l2_ci95": 1.4072167057795213,
  "clean_e_ran_l2_median": 7.439270257949829,
  "clean_e_ran_l2_q25": 4.736125588417053,
  "clean_e_ran_l2_q75": 9.266783714294434,
  "clean_e_nul_l2_mean": 0.2027483331039548,
  "clean_e_nul_l2_ci95": 0.037540781351380045,
  "clean_e_nul_l2_median": 0.18099884688854218,
  "clean_e_nul_l2_q25": 0.1229282096028328,
  "clean_e_nul_l2_q75": 0.2611691877245903,
  "clean_e_ran_frac_mean": 0.9992727209051805,
  "clean_e_ran_frac_ci95": 0.0005262327862103289,
  "clean_e_ran_frac_median": 0.9996562713212742,
  "clean_e_ran_frac_q25": 0.9994236757751616,
  "clean_e_ran_frac_q75": 0.9997892758626767,
  "clean_e_nul_frac_mean": 0.031627473744633164,
  "clean_e_nul_frac_ci95": 0.007479947395248228,
  "clean_e_nul_frac_median": 0.026203907717068917,
  "clean_e_nul_frac_q25": 0.02052193806385316,
  "clean_e_nul_frac_q75": 0.03394053279602599,
  "adv_e_ran_l2_mean": 7.544045675545931,
  "adv_e_ran_l2_ci95": 1.406859815055808,
  "adv_e_ran_l2_median": 7.458629608154297,
  "adv_e_ran_l2_q25": 4.78449273109436,
  "adv_e_ran_l2_q75": 9.31032133102417,
  "adv_e_nul_l2_mean": 1.8574721098411828,
  "adv_e_nul_l2_ci95": 0.5440726915439009,
  "adv_e_nul_l2_median": 1.5840874910354614,
  "adv_e_nul_l2_q25": 0.7703360915184021,
  "adv_e_nul_l2_q75": 2.385884165763855,
  "adv_e_ran_frac_mean": 0.9721691195859935,
  "adv_e_ran_frac_ci95": 0.006905111516297458,
  "adv_e_ran_frac_median": 0.9734856070604938,
  "adv_e_ran_frac_q25": 0.9675921925702972,
  "adv_e_ran_frac_q75": 0.9874255362437179,
  "adv_e_nul_frac_mean": 0.2166548288481884,
  "adv_e_nul_frac_ci95": 0.030614354540432542,
  "adv_e_nul_frac_median": 0.22874839518107382,
  "adv_e_nul_frac_q25": 0.15773990403749408,
  "adv_e_nul_frac_q75": 0.25244872079953795,
  "attack_runtime_total_sec": 1222.2652154825628,
  "attack_runtime_per_example_sec": 38.19578798383009,
  "model_name": "nsn",
  "attack_name": "adam",
  "norm": "l2",
  "eps": 0.005,
  "eps_actual": 6.3846251600341795,
  "eps_budget_mode": "per_sample_l2",
  "attack_init_mode": "exact",
  "eval_init_mode": "exact"
}