{
  "num_examples": 32,
  "gt_norm_mean": 19.554032936692238,
  "gt_norm_ci95": 3.175656556464896,
  "gt_norm_median": 19.43148136138916,
  "gt_norm_q25": 13.664082050323486,
  "gt_norm_q75": 22.861806869506836,
  "clean_mse_mean": 0.0010473749416632927,
  "clean_mse_ci95": 0.000298399623242184,
  "clean_mse_median": 0.0009859981655608863,
  "clean_mse_q25": 0.00040942976193036884,
  "clean_mse_q75": 0.0013247384340502322,
  "adv_mse_mean": 0.0013958977924630744,
  "adv_mse_ci95": 0.0005386626875703348,
  "adv_mse_median": 0.0011563448933884501,
  "adv_mse_q25": 0.00048821909877005965,
  "adv_mse_q75": 0.0015175428707152605,
  "mse_ratio_mean": 1.2336132298769964,
  "mse_ratio_ci95": 0.09614179785558116,
  "mse_ratio_median": 1.1494757728789349,
  "mse_ratio_q25": 1.0820181758118863,
  "mse_ratio_q75": 1.2371551964978647,
  "clean_rel_l2_mean": 0.19651426142081618,
  "clean_rel_l2_ci95": 0.009461751545814934,
  "clean_rel_l2_median": 0.2037706971168518,
  "clean_rel_l2_q25": 0.18412325903773308,
  "clean_rel_l2_q75": 0.21153900027275085,
  "adv_rel_l2_mean": 0.21609609434381127,
  "adv_rel_l2_ci95": 0.009711395320741601,
  "adv_rel_l2_median": 0.22565674036741257,
  "adv_rel_l2_q25": 0.20353447645902634,
  "adv_rel_l2_q75": 0.23130254447460175,
  "rel_l2_ratio_mean": 1.1053868372546938,
  "rel_l2_ratio_ci95": 0.03813131974394907,
  "rel_l2_ratio_median": 1.0721330773974607,
  "rel_l2_ratio_q25": 1.0402006657563778,
  "rel_l2_ratio_q75": 1.1122582263867762,
  "clean_psnr_mean": 27.11650159966115,
  "clean_psnr_ci95": 0.62559645573846,
  "clean_psnr_median": 27.185794698910463,
  "clean_psnr_q25": 26.167428607357007,
  "clean_psnr_q75": 28.41095740100944,
  "adv_psnr_mean": 26.28209876533454,
  "adv_psnr_ci95": 0.8453754621832703,
  "adv_psnr_median": 26.73289054253508,
  "adv_psnr_q25": 25.28966960007717,
  "adv_psnr_q75": 27.897448916860736,
  "clean_ssim_mean": 0.5808751430833394,
  "clean_ssim_ci95": 0.035447806276140366,
  "clean_ssim_median": 0.5748355816036563,
  "clean_ssim_q25": 0.5349292381303041,
  "clean_ssim_q75": 0.6400110125218205,
  "adv_ssim_mean": 0.5267776183811772,
  "adv_ssim_ci95": 0.04220431604227253,
  "adv_ssim_median": 0.5135339160058432,
  "adv_ssim_q25": 0.4302891403345453,
  "adv_ssim_q75": 0.6171799892544912,
  "pred_shift_rel_l2_mean": 0.07653295301133767,
  "pred_shift_rel_l2_ci95": 0.014520537152011723,
  "pred_shift_rel_l2_median": 0.06740381196141243,
  "pred_shift_rel_l2_q25": 0.051170069724321365,
  "pred_shift_rel_l2_q75": 0.08779554069042206,
  "init_shift_rel_l2_mean": 0.014258628361858428,
  "init_shift_rel_l2_ci95": 0.001221898297239785,
  "init_shift_rel_l2_median": 0.013764755334705114,
  "init_shift_rel_l2_q25": 0.011418173322454095,
  "init_shift_rel_l2_q75": 0.01593924593180418,
  "delta_l2_mean": 5.791922684758902,
  "delta_l2_ci95": 1.2905474831953647,
  "delta_l2_median": 5.269058704376221,
  "delta_l2_q25": 3.7925586104393005,
  "delta_l2_q75": 6.462363600730896,
  "delta_linf_mean": 0.11591819603927433,
  "delta_linf_ci95": 0.023813428465708143,
  "delta_linf_median": 0.10259054601192474,
  "delta_linf_q25": 0.07371058315038681,
  "delta_linf_q75": 0.1360630989074707,
  "delta_mean_abs_mean": 0.02105370760546066,
  "delta_mean_abs_ci95": 0.00486785504045958,
  "delta_mean_abs_median": 0.019046416506171227,
  "delta_mean_abs_q25": 0.013346912572160363,
  "delta_mean_abs_q75": 0.023705857805907726,
  "delta_rel_l2_mean": 0.005000002617624891,
  "delta_rel_l2_ci95": 2.7685114266695043e-10,
  "delta_rel_l2_median": 0.00500000263331879,
  "delta_rel_l2_q25": 0.005000002181352952,
  "delta_rel_l2_q75": 0.005000002861530763,
  "success_rel_l2_mean": 0.03125,
  "success_rel_l2_ci95": 0.06124999999999999,
  "success_rel_l2_median": 0.0,
  "success_rel_l2_q25": 0.0,
  "success_rel_l2_q75": 0.0,
  "success_mse_mean": 0.03125,
  "success_mse_ci95": 0.06124999999999999,
  "success_mse_median": 0.0,
  "success_mse_q25": 0.0,
  "success_mse_q75": 0.0,
  "clean_e_ran_l2_mean": 3.581054288893938,
  "clean_e_ran_l2_ci95": 0.5597162650436259,
  "clean_e_ran_l2_median": 3.7805742025375366,
  "clean_e_ran_l2_q25": 2.448037326335907,
  "clean_e_ran_l2_q75": 4.389663934707642,
  "clean_e_nul_l2_mean": 1.2661130167543888,
  "clean_e_nul_l2_ci95": 0.15944514679865482,
  "clean_e_nul_l2_median": 1.3051055073738098,
  "clean_e_nul_l2_q25": 0.8412877023220062,
  "clean_e_nul_l2_q75": 1.5810065269470215,
  "clean_e_ran_frac_mean": 0.9334280076694154,
  "clean_e_ran_frac_ci95": 0.011186896218214375,
  "clean_e_ran_frac_median": 0.9430181291629689,
  "clean_e_ran_frac_q25": 0.9303964967360996,
  "clean_e_ran_frac_q75": 0.9519808260731213,
  "clean_e_nul_frac_mean": 0.3506647956885295,
  "clean_e_nul_frac_ci95": 0.024227145567034886,
  "clean_e_nul_frac_median": 0.3327406824531412,
  "clean_e_nul_frac_q25": 0.30615528481501153,
  "clean_e_nul_frac_q75": 0.366551534370289,
  "adv_e_ran_l2_mean": 3.7496400102972984,
  "adv_e_ran_l2_ci95": 0.6153350791039062,
  "adv_e_ran_l2_median": 3.874060273170471,
  "adv_e_ran_l2_q25": 2.5936346650123596,
  "adv_e_ran_l2_q75": 4.492019176483154,
  "adv_e_nul_l2_mean": 1.9689580500125885,
  "adv_e_nul_l2_ci95": 0.4824634816093236,
  "adv_e_nul_l2_median": 1.686737060546875,
  "adv_e_nul_l2_q25": 1.2915239036083221,
  "adv_e_nul_l2_q75": 2.030178725719452,
  "adv_e_ran_frac_mean": 0.8838189772151352,
  "adv_e_ran_frac_ci95": 0.021304864833673953,
  "adv_e_ran_frac_median": 0.9069236806794447,
  "adv_e_ran_frac_q25": 0.8578318573537008,
  "adv_e_ran_frac_q75": 0.9257846568623821,
  "adv_e_nul_frac_mean": 0.4526396223476077,
  "adv_e_nul_frac_ci95": 0.03575914815659324,
  "adv_e_nul_frac_median": 0.42129339686636547,
  "adv_e_nul_frac_q25": 0.3780193955949612,
  "adv_e_nul_frac_q75": 0.5139068418347692,
  "attack_runtime_total_sec": 4081.9502535909414,
  "attack_runtime_per_example_sec": 127.56094542471692,
  "model_name": "nsn",
  "attack_name": "adam",
  "norm": "l2",
  "eps": 0.005,
  "eps_actual": 6.3846251600341795,
  "eps_budget_mode": "per_sample_l2",
  "attack_init_mode": "exact",
  "eval_init_mode": "exact"
}