{
  "num_examples": 32,
  "gt_norm_mean": 26.229215562343597,
  "gt_norm_ci95": 1.7699003430208013,
  "gt_norm_median": 25.09980010986328,
  "clean_mse_mean": 4.9583440357992e-06,
  "clean_mse_ci95": 4.519650097408396e-07,
  "clean_mse_median": 4.840518158744089e-06,
  "adv_mse_mean": 0.6208384428173304,
  "adv_mse_ci95": 0.020995884103005152,
  "adv_mse_median": 0.6141539812088013,
  "mse_ratio_mean": 133848.27079009678,
  "mse_ratio_ci95": 13066.444816453726,
  "mse_ratio_median": 128355.35109202334,
  "clean_rel_l2_mean": 0.011041214864235371,
  "clean_rel_l2_ci95": 0.0007037167521178696,
  "clean_rel_l2_median": 0.011030352208763361,
  "adv_rel_l2_mean": 3.977292373776436,
  "adv_rel_l2_ci95": 0.2628299496598269,
  "adv_rel_l2_median": 3.9911004304885864,
  "rel_l2_ratio_mean": 362.51267854531557,
  "rel_l2_ratio_ci95": 17.36325255457443,
  "rel_l2_ratio_median": 358.20520129797336,
  "clean_psnr_mean": 53.19743909233761,
  "clean_psnr_ci95": 0.40751740505288303,
  "clean_psnr_median": 53.151087710041026,
  "adv_psnr_mean": 2.089321707044406,
  "adv_psnr_ci95": 0.14184705342720663,
  "adv_psnr_median": 2.1175474640593372,
  "clean_ssim_mean": 0.9904999783016327,
  "clean_ssim_ci95": 0.001189331999779911,
  "clean_ssim_median": 0.9907526185886734,
  "adv_ssim_mean": 0.022860756456213285,
  "adv_ssim_ci95": 0.002568342563722067,
  "adv_ssim_median": 0.022658503186000767,
  "pred_shift_rel_l2_mean": 3.983929194509983,
  "pred_shift_rel_l2_ci95": 0.2633053309696687,
  "pred_shift_rel_l2_median": 3.9959545135498047,
  "init_shift_rel_l2_mean": 3.3362430445849895,
  "init_shift_rel_l2_ci95": 0.21656181471318958,
  "init_shift_rel_l2_median": 3.3218811750411987,
  "delta_l2_mean": 49.63869023323059,
  "delta_l2_ci95": 0.2844127478761391,
  "delta_l2_median": 49.6417121887207,
  "delta_linf_mean": 1.207054477185011,
  "delta_linf_ci95": 0.04265336355758439,
  "delta_linf_median": 1.2060105800628662,
  "delta_mean_abs_mean": 0.18654834805056453,
  "delta_mean_abs_ci95": 0.0015257197995626058,
  "delta_mean_abs_median": 0.18691140413284302,
  "delta_rel_l2_mean": 0.03774888318280416,
  "delta_rel_l2_ci95": 0.003366343932773835,
  "delta_rel_l2_median": 0.03675789317382623,
  "success_rel_l2_mean": 1.0,
  "success_rel_l2_ci95": 0.0,
  "success_rel_l2_median": 1.0,
  "success_mse_mean": 1.0,
  "success_mse_ci95": 0.0,
  "success_mse_median": 1.0,
  "clean_e_ran_l2_mean": 0.23237067321315408,
  "clean_e_ran_l2_ci95": 0.011164406895551813,
  "clean_e_ran_l2_median": 0.23025696724653244,
  "clean_e_nul_l2_mean": 0.16039481130428612,
  "clean_e_nul_l2_ci95": 0.007942556404711965,
  "clean_e_nul_l2_median": 0.16060858964920044,
  "clean_e_ran_frac_mean": 0.8220851473302472,
  "clean_e_ran_frac_ci95": 0.008368842599784983,
  "clean_e_ran_frac_median": 0.8270322448874858,
  "clean_e_nul_frac_mean": 0.5678645933270593,
  "clean_e_nul_frac_ci95": 0.011889239334128027,
  "clean_e_nul_frac_median": 0.5621543530695601,
  "adv_e_ran_l2_mean": 99.93833518028259,
  "adv_e_ran_l2_ci95": 1.6995990769239218,
  "adv_e_ran_l2_median": 99.49599838256836,
  "adv_e_nul_l2_mean": 12.645923525094986,
  "adv_e_nul_l2_ci95": 0.33706443166164785,
  "adv_e_nul_l2_median": 12.727941036224365,
  "adv_e_ran_frac_mean": 0.9919598371074713,
  "adv_e_ran_frac_ci95": 0.0005408765887020841,
  "adv_e_ran_frac_median": 0.9921319303157619,
  "adv_e_nul_frac_mean": 0.12593549474851745,
  "adv_e_nul_frac_ci95": 0.004362304956013952,
  "adv_e_nul_frac_median": 0.12519688447958735,
  "attack_runtime_total_sec": 23.336195450276136,
  "attack_runtime_per_example_sec": 0.7292561078211293,
  "model_name": "dpnsn_res",
  "attack_name": "adam",
  "norm": "l2",
  "eps": 0.2,
  "eps_actual": 306.39811490722656,
  "attack_init_mode": "exact",
  "eval_init_mode": "exact"
}