{
  "num_examples": 32,
  "gt_norm_mean": 26.229215562343597,
  "gt_norm_ci95": 1.7699003430208013,
  "gt_norm_median": 25.09980010986328,
  "clean_mse_mean": 1.025996945180907e-07,
  "clean_mse_ci95": 1.1660480789548427e-08,
  "clean_mse_median": 9.5558977619703e-08,
  "adv_mse_mean": 0.49749117996543646,
  "adv_mse_ci95": 0.0021189626337640727,
  "adv_mse_median": 0.49777835607528687,
  "mse_ratio_mean": 5429897.227914836,
  "mse_ratio_ci95": 704474.3060802257,
  "mse_ratio_median": 5249065.687647812,
  "clean_rel_l2_mean": 0.0015774143212183844,
  "clean_rel_l2_ci95": 0.00011414332912521247,
  "clean_rel_l2_median": 0.0015505558694712818,
  "adv_rel_l2_mean": 3.553608752787113,
  "adv_rel_l2_ci95": 0.21044962144355986,
  "adv_rel_l2_median": 3.5936866998672485,
  "rel_l2_ratio_mean": 2295.4727035517662,
  "rel_l2_ratio_ci95": 141.11917042011365,
  "rel_l2_ratio_median": 2291.0522997864628,
  "clean_psnr_mean": 70.12463475941186,
  "clean_psnr_ci95": 0.5150265275794176,
  "clean_psnr_median": 70.19731557562864,
  "adv_psnr_mean": 3.0324645562139176,
  "adv_psnr_ci95": 0.01851838881530052,
  "adv_psnr_median": 3.029639914144945,
  "clean_ssim_mean": 0.9997977814985025,
  "clean_ssim_ci95": 3.338262120056758e-05,
  "clean_ssim_median": 0.9998101007730946,
  "adv_ssim_mean": 0.021596645191419492,
  "adv_ssim_ci95": 0.0019332545227770856,
  "adv_ssim_median": 0.022192927740468965,
  "pred_shift_rel_l2_mean": 3.554058976471424,
  "pred_shift_rel_l2_ci95": 0.21055729341878204,
  "pred_shift_rel_l2_median": 3.5942331552505493,
  "init_shift_rel_l2_mean": 3.6778411865234375,
  "init_shift_rel_l2_ci95": 0.2370646904007925,
  "init_shift_rel_l2_median": 3.6855775117874146,
  "delta_l2_mean": 53.80031168460846,
  "delta_l2_ci95": 0.0741158087927348,
  "delta_l2_median": 53.81410217285156,
  "delta_linf_mean": 1.1298820432275534,
  "delta_linf_ci95": 0.029090574152262436,
  "delta_linf_median": 1.124140441417694,
  "delta_mean_abs_mean": 0.20979433879256248,
  "delta_mean_abs_ci95": 0.00036337720184477073,
  "delta_mean_abs_median": 0.21000928431749344,
  "delta_rel_l2_mean": 0.04093356854736819,
  "delta_rel_l2_ci95": 0.003645952273275945,
  "delta_rel_l2_median": 0.040149617377192845,
  "success_rel_l2_mean": 1.0,
  "success_rel_l2_ci95": 0.0,
  "success_rel_l2_median": 1.0,
  "success_mse_mean": 1.0,
  "success_mse_ci95": 0.0,
  "success_mse_median": 1.0,
  "clean_e_ran_l2_mean": 9.589977111090775e-06,
  "clean_e_ran_l2_ci95": 1.290083452111422e-06,
  "clean_e_ran_l2_median": 8.932406672101934e-06,
  "clean_e_nul_l2_mean": 0.04045848536770791,
  "clean_e_nul_l2_ci95": 0.002337844378583584,
  "clean_e_nul_l2_median": 0.03956807777285576,
  "clean_e_ran_frac_mean": 0.00023874202005407292,
  "clean_e_ran_frac_ci95": 2.8000483469117344e-05,
  "clean_e_ran_frac_median": 0.00023929188680478876,
  "clean_e_nul_frac_mean": 0.9999999675110711,
  "clean_e_nul_frac_ci95": 1.9963878364630995e-08,
  "clean_e_nul_frac_median": 1.0,
  "adv_e_ran_l2_mean": 90.03330373764038,
  "adv_e_ran_l2_ci95": 0.1944110123681519,
  "adv_e_ran_l2_median": 90.0424690246582,
  "adv_e_nul_l2_mean": 6.62105256319046,
  "adv_e_nul_l2_ci95": 0.30615279430165776,
  "adv_e_nul_l2_median": 6.898643732070923,
  "adv_e_ran_frac_mean": 0.997259911868932,
  "adv_e_ran_frac_ci95": 0.00023856644321053767,
  "adv_e_ran_frac_median": 0.9970645889597574,
  "adv_e_nul_frac_mean": 0.07334169725071188,
  "adv_e_nul_frac_ci95": 0.0033985897132642927,
  "adv_e_nul_frac_median": 0.07656063130288734,
  "attack_runtime_total_sec": 12.913125205785036,
  "attack_runtime_per_example_sec": 0.4035351626807824,
  "model_name": "nsn",
  "attack_name": "adam",
  "norm": "l2",
  "eps": 0.5,
  "eps_actual": 765.9952872680664,
  "attack_init_mode": "exact",
  "eval_init_mode": "exact"
}