{
  "num_examples": 32,
  "gt_norm_mean": 19.246901780366898,
  "gt_norm_ci95": 3.3146818493907912,
  "gt_norm_median": 15.661028385162354,
  "clean_mse_mean": 0.0010802682797930174,
  "clean_mse_ci95": 0.00043825656391010566,
  "clean_mse_median": 0.0004372976254671812,
  "adv_mse_mean": 0.010939891755697317,
  "adv_mse_ci95": 0.002106359876211673,
  "adv_mse_median": 0.0075687512289732695,
  "mse_ratio_mean": 21.418731199901572,
  "mse_ratio_ci95": 5.454960252087996,
  "mse_ratio_median": 18.05325964154906,
  "clean_rel_l2_mean": 0.1851788512431085,
  "clean_rel_l2_ci95": 0.006548032356378378,
  "clean_rel_l2_median": 0.18163354694843292,
  "adv_rel_l2_mean": 0.7834194917231798,
  "adv_rel_l2_ci95": 0.09334642738017555,
  "adv_rel_l2_median": 0.7775787115097046,
  "rel_l2_ratio_mean": 4.3271117073472265,
  "rel_l2_ratio_ci95": 0.5778849211072324,
  "rel_l2_ratio_median": 4.248912236993288,
  "clean_psnr_mean": 27.290176986866747,
  "clean_psnr_ci95": 1.0854173650704422,
  "clean_psnr_median": 27.707658508936035,
  "adv_psnr_mean": 15.248282793357877,
  "adv_psnr_ci95": 0.9596297661197253,
  "adv_psnr_median": 15.624205668914602,
  "clean_ssim_mean": 0.43681568194082554,
  "clean_ssim_ci95": 0.04522888163089567,
  "clean_ssim_median": 0.4232770525941711,
  "adv_ssim_mean": 0.09985535598998051,
  "adv_ssim_ci95": 0.013755503699327966,
  "adv_ssim_median": 0.09553212147607484,
  "pred_shift_rel_l2_mean": 0.715988545678556,
  "pred_shift_rel_l2_ci95": 0.10265282293448624,
  "pred_shift_rel_l2_median": 0.7288266122341156,
  "init_shift_rel_l2_mean": 0.7058036816306412,
  "init_shift_rel_l2_ci95": 0.11810329397647842,
  "init_shift_rel_l2_median": 0.7301319241523743,
  "delta_l2_mean": 6.402793362736702,
  "delta_l2_ci95": 1.4753109944811747e-07,
  "delta_l2_median": 6.4027934074401855,
  "delta_linf_mean": 0.15397987887263298,
  "delta_linf_ci95": 0.005031460810202712,
  "delta_linf_median": 0.15092847496271133,
  "delta_mean_abs_mean": 0.02337179350433871,
  "delta_mean_abs_ci95": 0.00010593428678038699,
  "delta_mean_abs_median": 0.02335583884268999,
  "delta_rel_l2_mean": 0.0077269048846818605,
  "delta_rel_l2_ci95": 0.0013045931863641196,
  "delta_rel_l2_median": 0.007920456536121757,
  "success_rel_l2_mean": 1.0,
  "success_rel_l2_ci95": 0.0,
  "success_rel_l2_median": 1.0,
  "success_mse_mean": 1.0,
  "success_mse_ci95": 0.0,
  "success_mse_median": 1.0,
  "clean_e_ran_l2_mean": 3.130324300378561,
  "clean_e_ran_l2_ci95": 0.6675030835691327,
  "clean_e_ran_l2_median": 2.2424978017807007,
  "clean_e_nul_l2_mean": 1.8522361926734447,
  "clean_e_nul_l2_ci95": 0.32908959786442465,
  "clean_e_nul_l2_median": 1.565009355545044,
  "clean_e_ran_frac_mean": 0.8461286954998428,
  "clean_e_ran_frac_ci95": 0.023401181862104763,
  "clean_e_ran_frac_median": 0.8598926975925376,
  "clean_e_nul_frac_mean": 0.5214822584449903,
  "clean_e_nul_frac_ci95": 0.03089715346364362,
  "clean_e_nul_frac_median": 0.5104641226983511,
  "adv_e_ran_l2_mean": 10.153973177075386,
  "adv_e_ran_l2_ci95": 0.5341684874146954,
  "adv_e_ran_l2_median": 9.998601913452148,
  "adv_e_nul_l2_mean": 7.060930572450161,
  "adv_e_nul_l2_ci95": 1.7237342217003384,
  "adv_e_nul_l2_median": 4.530803680419922,
  "adv_e_ran_frac_mean": 0.81891488392,
  "adv_e_ran_frac_ci95": 0.06427004890985623,
  "adv_e_ran_frac_median": 0.926086993974953,
  "adv_e_nul_frac_mean": 0.49963807365301005,
  "adv_e_nul_frac_ci95": 0.07583518131426122,
  "adv_e_nul_frac_median": 0.37723040040853506,
  "attack_runtime_total_sec": 116.51998468860984,
  "attack_runtime_per_example_sec": 3.6412495215190575,
  "model_name": "dpnsn",
  "attack_name": "adam",
  "norm": "l2",
  "eps": 0.005,
  "eps_actual": 6.402793199203492,
  "attack_init_mode": "exact",
  "eval_init_mode": "exact"
}