{
  "num_examples": 32,
  "gt_norm_mean": 26.229215562343597,
  "gt_norm_ci95": 1.7699003430208013,
  "gt_norm_median": 25.09980010986328,
  "clean_mse_mean": 4.9583440357992e-06,
  "clean_mse_ci95": 4.519650097408396e-07,
  "clean_mse_median": 4.840518158744089e-06,
  "adv_mse_mean": 0.6208968739956617,
  "adv_mse_ci95": 0.020993653670346092,
  "adv_mse_median": 0.6143699586391449,
  "mse_ratio_mean": 133858.90139985175,
  "mse_ratio_ci95": 13066.297851285422,
  "mse_ratio_median": 128367.5608686867,
  "clean_rel_l2_mean": 0.011041214864235371,
  "clean_rel_l2_ci95": 0.0007037167521178696,
  "clean_rel_l2_median": 0.011030352208763361,
  "adv_rel_l2_mean": 3.9774664267897606,
  "adv_rel_l2_ci95": 0.262826150888675,
  "adv_rel_l2_median": 3.9914976358413696,
  "rel_l2_ratio_mean": 362.52828538654103,
  "rel_l2_ratio_ci95": 17.36080644103913,
  "rel_l2_ratio_median": 358.22231274923945,
  "clean_psnr_mean": 53.19743909233761,
  "clean_psnr_ci95": 0.40751740505288303,
  "clean_psnr_median": 53.151087710041026,
  "adv_psnr_mean": 2.088909953545836,
  "adv_psnr_ci95": 0.14184364072611427,
  "adv_psnr_median": 2.1160185139798804,
  "clean_ssim_mean": 0.9904999783016327,
  "clean_ssim_ci95": 0.001189331999779911,
  "clean_ssim_median": 0.9907526185886734,
  "adv_ssim_mean": 0.022859897844308197,
  "adv_ssim_ci95": 0.0025682245328845594,
  "adv_ssim_median": 0.022654517886781703,
  "pred_shift_rel_l2_mean": 3.9841034188866615,
  "pred_shift_rel_l2_ci95": 0.26330120851304023,
  "pred_shift_rel_l2_median": 3.9963520765304565,
  "init_shift_rel_l2_mean": 3.3361990600824356,
  "init_shift_rel_l2_ci95": 0.21655136629356359,
  "init_shift_rel_l2_median": 3.3215057849884033,
  "delta_l2_mean": 49.638843178749084,
  "delta_l2_ci95": 0.28428519201311003,
  "delta_l2_median": 49.64199638366699,
  "delta_linf_mean": 1.2061074674129486,
  "delta_linf_ci95": 0.042458000947687695,
  "delta_linf_median": 1.2058000564575195,
  "delta_mean_abs_mean": 0.18655191268771887,
  "delta_mean_abs_ci95": 0.0015246551515286362,
  "delta_mean_abs_median": 0.18689634650945663,
  "delta_rel_l2_mean": 0.037748895547800344,
  "delta_rel_l2_ci95": 0.003366169863917162,
  "delta_rel_l2_median": 0.03675553952132208,
  "success_rel_l2_mean": 1.0,
  "success_rel_l2_ci95": 0.0,
  "success_rel_l2_median": 1.0,
  "success_mse_mean": 1.0,
  "success_mse_ci95": 0.0,
  "success_mse_median": 1.0,
  "clean_e_ran_l2_mean": 0.23237067321315408,
  "clean_e_ran_l2_ci95": 0.011164406895551813,
  "clean_e_ran_l2_median": 0.23025696724653244,
  "clean_e_nul_l2_mean": 0.16039481130428612,
  "clean_e_nul_l2_ci95": 0.007942556404711965,
  "clean_e_nul_l2_median": 0.16060858964920044,
  "clean_e_ran_frac_mean": 0.8220851473302472,
  "clean_e_ran_frac_ci95": 0.008368842599784983,
  "clean_e_ran_frac_median": 0.8270322448874858,
  "clean_e_nul_frac_mean": 0.5678645933270593,
  "clean_e_nul_frac_ci95": 0.011889239334128027,
  "clean_e_nul_frac_median": 0.5621543530695601,
  "adv_e_ran_l2_mean": 99.94313454627991,
  "adv_e_ran_l2_ci95": 1.6995227278168556,
  "adv_e_ran_l2_median": 99.51394653320312,
  "adv_e_nul_l2_mean": 12.645946651697159,
  "adv_e_nul_l2_ci95": 0.3369507375434897,
  "adv_e_nul_l2_median": 12.73012399673462,
  "adv_e_ran_frac_mean": 0.9919605369832355,
  "adv_e_ran_frac_ci95": 0.0005409518460365976,
  "adv_e_ran_frac_median": 0.9921354072623716,
  "adv_e_nul_frac_mean": 0.12593000991069186,
  "adv_e_nul_frac_ci95": 0.004362584841900289,
  "adv_e_nul_frac_median": 0.12516923294732232,
  "attack_runtime_total_sec": 23.334739815443754,
  "attack_runtime_per_example_sec": 0.7292106192326173,
  "model_name": "dpnsn_res",
  "attack_name": "adam",
  "norm": "l2",
  "eps": 1.0,
  "eps_actual": 1531.9905745361327,
  "attack_init_mode": "exact",
  "eval_init_mode": "exact"
}