{
  "num_examples": 32,
  "gt_norm_mean": 27.44437724351883,
  "gt_norm_ci95": 2.532233818071928,
  "gt_norm_median": 24.26910400390625,
  "clean_mse_mean": 0.37591920024715364,
  "clean_mse_ci95": 0.10885200686041875,
  "clean_mse_median": 0.2267502173781395,
  "adv_mse_mean": 0.3954790006391704,
  "adv_mse_ci95": 0.11156707688721515,
  "adv_mse_median": 0.24299132078886032,
  "mse_ratio_mean": 1.0657978725774502,
  "mse_ratio_ci95": 0.006474829628294223,
  "mse_ratio_median": 1.071318769580166,
  "clean_rel_l2_mean": 2.6067876517772675,
  "clean_rel_l2_ci95": 0.09624428701162611,
  "clean_rel_l2_median": 2.5373117923736572,
  "adv_rel_l2_mean": 2.6887390092015266,
  "adv_rel_l2_ci95": 0.09109135526140086,
  "adv_rel_l2_median": 2.6338576078414917,
  "rel_l2_ratio_mean": 1.0323363130767351,
  "rel_l2_ratio_ci95": 0.00314184327632279,
  "rel_l2_ratio_median": 1.0350452071944582,
  "clean_psnr_mean": 5.363626435770389,
  "clean_psnr_ci95": 1.0303858667582142,
  "clean_psnr_median": 6.445192803812407,
  "adv_psnr_mean": 5.087527987774827,
  "adv_psnr_ci95": 1.0041695100442407,
  "adv_psnr_median": 6.14482885394451,
  "clean_ssim_mean": 0.016546984108049688,
  "clean_ssim_ci95": 0.0012402993684598985,
  "clean_ssim_median": 0.015957577159299345,
  "adv_ssim_mean": 0.01655336663777338,
  "adv_ssim_ci95": 0.001263998736514051,
  "adv_ssim_median": 0.015993884248665616,
  "pred_shift_rel_l2_mean": 0.04468751302920282,
  "pred_shift_rel_l2_ci95": 0.004596899027029576,
  "pred_shift_rel_l2_median": 0.04918564483523369,
  "init_shift_rel_l2_mean": 0.035947372642112896,
  "init_shift_rel_l2_ci95": 0.004157677637531818,
  "init_shift_rel_l2_median": 0.03828713484108448,
  "delta_l2_mean": 15.214860647916794,
  "delta_l2_ci95": 3.053282847701238e-07,
  "delta_l2_median": 15.214860916137695,
  "delta_linf_mean": 0.3648521415889263,
  "delta_linf_ci95": 0.012333380828822465,
  "delta_linf_median": 0.36382198333740234,
  "delta_mean_abs_mean": 0.05803768755868077,
  "delta_mean_abs_ci95": 6.40960549677162e-05,
  "delta_mean_abs_median": 0.05805658735334873,
  "delta_rel_l2_mean": 0.008672850321066248,
  "delta_rel_l2_ci95": 0.001012492547015781,
  "delta_rel_l2_median": 0.009195136049266004,
  "success_rel_l2_mean": 0.0,
  "success_rel_l2_ci95": 0.0,
  "success_rel_l2_median": 0.0,
  "success_mse_mean": 0.0,
  "success_mse_ci95": 0.0,
  "success_mse_median": 0.0,
  "clean_e_ran_l2_mean": 59.940213084220886,
  "clean_e_ran_l2_ci95": 7.52838095784298,
  "clean_e_ran_l2_median": 50.70963668823242,
  "clean_e_nul_l2_mean": 42.28315722942352,
  "clean_e_nul_l2_ci95": 6.307183237299324,
  "clean_e_nul_l2_median": 34.54378318786621,
  "clean_e_ran_frac_mean": 0.8223694518375446,
  "clean_e_ran_frac_ci95": 0.005612774598236042,
  "clean_e_ran_frac_median": 0.8246416643514392,
  "clean_e_nul_frac_mean": 0.5682742337455204,
  "clean_e_nul_frac_ci95": 0.008017245255767053,
  "clean_e_nul_frac_median": 0.5656555877870246,
  "adv_e_ran_l2_mean": 61.622257232666016,
  "adv_e_ran_l2_ci95": 7.547724213617905,
  "adv_e_ran_l2_median": 52.44960594177246,
  "adv_e_nul_l2_mean": 43.606082797050476,
  "adv_e_nul_l2_ci95": 6.307338966266908,
  "adv_e_nul_l2_median": 35.83372688293457,
  "adv_e_ran_frac_mean": 0.8210873446134674,
  "adv_e_ran_frac_ci95": 0.005312482477368297,
  "adv_e_ran_frac_median": 0.8232729365030795,
  "adv_e_nul_frac_mean": 0.5701995793239604,
  "adv_e_nul_frac_ci95": 0.007552214006265172,
  "adv_e_nul_frac_median": 0.5676453713823145,
  "attack_runtime_total_sec": 23.33732433244586,
  "attack_runtime_per_example_sec": 0.7292913853889331,
  "model_name": "dpnsn_res",
  "attack_name": "adam",
  "norm": "l2",
  "eps": 0.01,
  "eps_actual": 15.214861161499023,
  "attack_init_mode": "exact",
  "eval_init_mode": "exact"
}