{
  "num_examples": 32,
  "gt_norm_mean": 26.229215562343597,
  "gt_norm_ci95": 1.7699003430208013,
  "gt_norm_median": 25.09980010986328,
  "clean_mse_mean": 4.9583440357992e-06,
  "clean_mse_ci95": 4.519650097408396e-07,
  "clean_mse_median": 4.840518158744089e-06,
  "adv_mse_mean": 0.04013130260864273,
  "adv_mse_ci95": 0.0028874030338774887,
  "adv_mse_median": 0.03717738017439842,
  "mse_ratio_mean": 8551.151463932316,
  "mse_ratio_ci95": 896.702727172753,
  "mse_ratio_median": 8056.573910291916,
  "clean_rel_l2_mean": 0.011041214864235371,
  "clean_rel_l2_ci95": 0.0007037167521178696,
  "clean_rel_l2_median": 0.011030352208763361,
  "adv_rel_l2_mean": 1.0087838619947433,
  "adv_rel_l2_ci95": 0.07417472069417393,
  "adv_rel_l2_median": 0.9798187613487244,
  "rel_l2_ratio_mean": 91.55159143269803,
  "rel_l2_ratio_ci95": 4.582533516671503,
  "rel_l2_ratio_median": 89.75498399926666,
  "clean_psnr_mean": 53.19743909233761,
  "clean_psnr_ci95": 0.40751740505288303,
  "clean_psnr_median": 53.151087710041026,
  "adv_psnr_mean": 14.047138737869297,
  "adv_psnr_ci95": 0.29093639858890674,
  "adv_psnr_median": 14.29721382521683,
  "clean_ssim_mean": 0.9904999783016327,
  "clean_ssim_ci95": 0.001189331999779911,
  "clean_ssim_median": 0.9907526185886734,
  "adv_ssim_mean": 0.051794515195263,
  "adv_ssim_ci95": 0.005312595846587273,
  "adv_ssim_median": 0.04793805702759157,
  "pred_shift_rel_l2_mean": 1.0088303871452808,
  "pred_shift_rel_l2_ci95": 0.07413772327193699,
  "pred_shift_rel_l2_median": 0.979515939950943,
  "init_shift_rel_l2_mean": 1.0220055766403675,
  "init_shift_rel_l2_ci95": 0.06650778894180105,
  "init_shift_rel_l2_median": 1.0145167112350464,
  "delta_l2_mean": 15.319905459880829,
  "delta_l2_ci95": 3.076624955769217e-07,
  "delta_l2_median": 15.319905281066895,
  "delta_linf_mean": 0.39164254255592823,
  "delta_linf_ci95": 0.01881751261532787,
  "delta_linf_median": 0.37453384697437286,
  "delta_mean_abs_mean": 0.05758266313932836,
  "delta_mean_abs_ci95": 0.00020881348063819252,
  "delta_mean_abs_median": 0.05772586539387703,
  "delta_rel_l2_mean": 0.011662780421374943,
  "delta_rel_l2_ci95": 0.0010469636718262404,
  "delta_rel_l2_median": 0.01145669672016872,
  "success_rel_l2_mean": 1.0,
  "success_rel_l2_ci95": 0.0,
  "success_rel_l2_median": 1.0,
  "success_mse_mean": 1.0,
  "success_mse_ci95": 0.0,
  "success_mse_median": 1.0,
  "clean_e_ran_l2_mean": 0.23237067321315408,
  "clean_e_ran_l2_ci95": 0.011164406895551813,
  "clean_e_ran_l2_median": 0.23025696724653244,
  "clean_e_nul_l2_mean": 0.16039481130428612,
  "clean_e_nul_l2_ci95": 0.007942556404711965,
  "clean_e_nul_l2_median": 0.16060858964920044,
  "clean_e_ran_frac_mean": 0.8220851473302472,
  "clean_e_ran_frac_ci95": 0.008368842599784983,
  "clean_e_ran_frac_median": 0.8270322448874858,
  "clean_e_nul_frac_mean": 0.5678645933270593,
  "clean_e_nul_frac_ci95": 0.011889239334128027,
  "clean_e_nul_frac_median": 0.5621543530695601,
  "adv_e_ran_l2_mean": 25.11974048614502,
  "adv_e_ran_l2_ci95": 0.8968906965823938,
  "adv_e_ran_l2_median": 24.112794876098633,
  "adv_e_nul_l2_mean": 4.452829003334045,
  "adv_e_nul_l2_ci95": 0.1538382681554173,
  "adv_e_nul_l2_median": 4.337461709976196,
  "adv_e_ran_frac_mean": 0.9840926375613923,
  "adv_e_ran_frac_ci95": 0.0014924365178078138,
  "adv_e_ran_frac_median": 0.9840356740414389,
  "adv_e_nul_frac_mean": 0.1760496067522238,
  "adv_e_nul_frac_ci95": 0.008257885903921403,
  "adv_e_nul_frac_median": 0.1779715493102153,
  "attack_runtime_total_sec": 23.331053040921688,
  "attack_runtime_per_example_sec": 0.7290954075288028,
  "model_name": "dpnsn_res",
  "attack_name": "adam",
  "norm": "l2",
  "eps": 0.01,
  "eps_actual": 15.319905745361327,
  "attack_init_mode": "exact",
  "eval_init_mode": "exact"
}