{
  "num_examples": 32,
  "gt_norm_mean": 19.10678167641163,
  "gt_norm_ci95": 3.4833903043152117,
  "gt_norm_median": 16.756710529327393,
  "clean_mse_mean": 0.00013262900853305837,
  "clean_mse_ci95": 3.2522637756062395e-05,
  "clean_mse_median": 0.00011535870362422429,
  "adv_mse_mean": 0.3010955210775137,
  "adv_mse_ci95": 0.048653588718506974,
  "adv_mse_median": 0.2860764414072037,
  "mse_ratio_mean": 3389.7300675956712,
  "mse_ratio_ci95": 907.8359671042691,
  "mse_ratio_median": 2384.860193950056,
  "clean_rel_l2_mean": 0.07849633332807571,
  "clean_rel_l2_ci95": 0.007879544108547624,
  "clean_rel_l2_median": 0.07557433098554611,
  "adv_rel_l2_mean": 4.171264715492725,
  "adv_rel_l2_ci95": 0.5079024560061627,
  "adv_rel_l2_median": 3.9103500843048096,
  "rel_l2_ratio_mean": 55.071352452509345,
  "rel_l2_ratio_ci95": 6.6501899666837785,
  "rel_l2_ratio_median": 48.83502085026284,
  "clean_psnr_mean": 35.50508335103929,
  "clean_psnr_ci95": 0.5100320234437955,
  "clean_psnr_median": 35.68560227573899,
  "adv_psnr_mean": 1.1332049383455778,
  "adv_psnr_ci95": 0.891334571746927,
  "adv_psnr_median": 1.763122432867629,
  "clean_ssim_mean": 0.8870374882576997,
  "clean_ssim_ci95": 0.010990359347556482,
  "clean_ssim_median": 0.8914903551740565,
  "adv_ssim_mean": 0.007480981329671907,
  "adv_ssim_ci95": 0.002870328931813795,
  "adv_ssim_median": 0.006586095235473046,
  "pred_shift_rel_l2_mean": 4.191036179661751,
  "pred_shift_rel_l2_ci95": 0.5132032876231659,
  "pred_shift_rel_l2_median": 3.9141547679901123,
  "init_shift_rel_l2_mean": 3.5820150896906853,
  "init_shift_rel_l2_ci95": 0.776354872192711,
  "init_shift_rel_l2_median": 3.114125370979309,
  "delta_l2_mean": 32.163649916648865,
  "delta_l2_ci95": 5.919865810191788e-07,
  "delta_l2_median": 32.16365051269531,
  "delta_linf_mean": 0.7657021973282099,
  "delta_linf_ci95": 0.018800677417484472,
  "delta_linf_median": 0.759690672159195,
  "delta_mean_abs_mean": 0.11681819916702807,
  "delta_mean_abs_ci95": 0.00022785267982259051,
  "delta_mean_abs_median": 0.11688460409641266,
  "delta_rel_l2_mean": 0.04217187812312974,
  "delta_rel_l2_ci95": 0.008952361878168278,
  "delta_rel_l2_median": 0.03836332216716129,
  "success_rel_l2_mean": 1.0,
  "success_rel_l2_ci95": 0.0,
  "success_rel_l2_median": 1.0,
  "success_mse_mean": 1.0,
  "success_mse_ci95": 0.0,
  "success_mse_median": 1.0,
  "clean_e_ran_l2_mean": 0.47194874472916126,
  "clean_e_ran_l2_ci95": 0.07856286195501386,
  "clean_e_ran_l2_median": 0.4195670187473297,
  "clean_e_nul_l2_mean": 1.2913936451077461,
  "clean_e_nul_l2_ci95": 0.16983371067378006,
  "clean_e_nul_l2_median": 1.2792801260948181,
  "clean_e_ran_frac_mean": 0.34016146555690685,
  "clean_e_ran_frac_ci95": 0.026948651439128734,
  "clean_e_ran_frac_median": 0.3290711687903702,
  "clean_e_nul_frac_mean": 0.9367748594213503,
  "clean_e_nul_frac_ci95": 0.010458710944562143,
  "clean_e_nul_frac_median": 0.9442996848256342,
  "adv_e_ran_l2_mean": 42.81184542179108,
  "adv_e_ran_l2_ci95": 1.2807114305543112,
  "adv_e_ran_l2_median": 42.62199401855469,
  "adv_e_nul_l2_mean": 49.78688633441925,
  "adv_e_nul_l2_ci95": 8.682465165596941,
  "adv_e_nul_l2_median": 54.66628837585449,
  "adv_e_ran_frac_mean": 0.666497459051886,
  "adv_e_ran_frac_ci95": 0.06898522597600183,
  "adv_e_ran_frac_median": 0.6034691428912402,
  "adv_e_nul_frac_mean": 0.6810110396899998,
  "adv_e_nul_frac_ci95": 0.08150184184096028,
  "adv_e_nul_frac_median": 0.797346722743483,
  "attack_runtime_total_sec": 116.53614263609052,
  "attack_runtime_per_example_sec": 3.6417544573778287,
  "model_name": "dpnsn",
  "attack_name": "adam",
  "norm": "l2",
  "eps": 0.025,
  "eps_actual": 32.16365134628296,
  "attack_init_mode": "exact",
  "eval_init_mode": "exact"
}