{
  "num_examples": 32,
  "gt_norm_mean": 19.554032936692238,
  "gt_norm_ci95": 3.175656556464896,
  "gt_norm_median": 19.43148136138916,
  "gt_norm_q25": 13.664082050323486,
  "gt_norm_q75": 22.861806869506836,
  "clean_mse_mean": 8.422457089096724e-06,
  "clean_mse_ci95": 3.195370046243803e-06,
  "clean_mse_median": 5.841542133566691e-06,
  "clean_mse_q25": 3.480098598629411e-06,
  "clean_mse_q75": 1.0954600156765082e-05,
  "adv_mse_mean": 0.9803054158110172,
  "adv_mse_ci95": 0.3770156214911125,
  "adv_mse_median": 0.6696101725101471,
  "adv_mse_q25": 0.35950740426778793,
  "adv_mse_q75": 0.9655215293169022,
  "mse_ratio_mean": 121925.46102933379,
  "mse_ratio_ci95": 22008.8268620504,
  "mse_ratio_median": 122291.5704382858,
  "mse_ratio_q25": 69446.89639238827,
  "mse_ratio_q75": 159918.19859428192,
  "clean_rel_l2_mean": 0.017971089255297557,
  "clean_rel_l2_ci95": 0.0016501597818108968,
  "clean_rel_l2_median": 0.016334320418536663,
  "clean_rel_l2_q25": 0.015123863704502583,
  "clean_rel_l2_q75": 0.01959540555253625,
  "adv_rel_l2_mean": 5.641436472535133,
  "adv_rel_l2_ci95": 0.27915927892855913,
  "adv_rel_l2_median": 5.7002668380737305,
  "adv_rel_l2_q25": 5.149007678031921,
  "adv_rel_l2_q75": 6.090026497840881,
  "rel_l2_ratio_mean": 335.8169021635955,
  "rel_l2_ratio_ci95": 33.67771592324812,
  "rel_l2_ratio_median": 349.69612975297684,
  "rel_l2_ratio_q25": 263.5154498840546,
  "rel_l2_ratio_q75": 399.8887260337647,
  "clean_psnr_mean": 48.051602871226734,
  "clean_psnr_ci95": 0.8774458061731301,
  "clean_psnr_median": 48.30300034204593,
  "clean_psnr_q25": 46.89520480224018,
  "clean_psnr_q75": 49.983702607982956,
  "adv_psnr_mean": -2.0472938910246454,
  "adv_psnr_ci95": 1.15719308526324,
  "adv_psnr_median": -1.6461984042521605,
  "adv_psnr_q25": -3.960146520585738,
  "adv_psnr_q75": 0.40054811593345485,
  "clean_ssim_mean": 0.992745975033575,
  "clean_ssim_ci95": 0.0011252951056759783,
  "clean_ssim_median": 0.993777773357293,
  "clean_ssim_q25": 0.9915607390273037,
  "clean_ssim_q75": 0.9947016132513431,
  "adv_ssim_mean": 0.5434278507489989,
  "adv_ssim_ci95": 0.04427227263242904,
  "adv_ssim_median": 0.5616306876640249,
  "adv_ssim_q25": 0.4949830546100127,
  "adv_ssim_q75": 0.6239562588158208,
  "pred_shift_rel_l2_mean": 5.595285564661026,
  "pred_shift_rel_l2_ci95": 0.2780615588944665,
  "pred_shift_rel_l2_median": 5.623739004135132,
  "pred_shift_rel_l2_q25": 5.099973797798157,
  "pred_shift_rel_l2_q75": 6.056674599647522,
  "init_shift_rel_l2_mean": 0.3987968536093831,
  "init_shift_rel_l2_ci95": 0.022466307213403872,
  "init_shift_rel_l2_median": 0.3886195421218872,
  "init_shift_rel_l2_q25": 0.3590783402323723,
  "init_shift_rel_l2_q75": 0.44177763909101486,
  "delta_l2_mean": 113.55397057533264,
  "delta_l2_ci95": 22.964734792165448,
  "delta_l2_median": 105.38117599487305,
  "delta_l2_q25": 75.85117721557617,
  "delta_l2_q75": 129.2472801208496,
  "delta_linf_mean": 2.020741678774357,
  "delta_linf_ci95": 0.42663414058648247,
  "delta_linf_median": 1.7895039916038513,
  "delta_linf_q25": 1.3024228811264038,
  "delta_linf_q75": 2.2199310660362244,
  "delta_mean_abs_mean": 0.43177440110594034,
  "delta_mean_abs_ci95": 0.08715921470490356,
  "delta_mean_abs_median": 0.39785024523735046,
  "delta_mean_abs_q25": 0.29034462571144104,
  "delta_mean_abs_q75": 0.49177025258541107,
  "delta_rel_l2_mean": 0.09942380242359752,
  "delta_rel_l2_ci95": 0.0011294616949743983,
  "delta_rel_l2_median": 0.10000005659550186,
  "delta_rel_l2_q25": 0.10000005013655786,
  "delta_rel_l2_q75": 0.10000006395642409,
  "success_rel_l2_mean": 1.0,
  "success_rel_l2_ci95": 0.0,
  "success_rel_l2_median": 1.0,
  "success_rel_l2_q25": 1.0,
  "success_rel_l2_q75": 1.0,
  "success_mse_mean": 1.0,
  "success_mse_ci95": 0.0,
  "success_mse_median": 1.0,
  "success_mse_q25": 1.0,
  "success_mse_q75": 1.0,
  "clean_e_ran_l2_mean": 0.2712310466449708,
  "clean_e_ran_l2_ci95": 0.050214496059212466,
  "clean_e_ran_l2_median": 0.2493056058883667,
  "clean_e_ran_l2_q25": 0.16839110851287842,
  "clean_e_ran_l2_q75": 0.32365043461322784,
  "clean_e_nul_l2_mean": 0.19658541167154908,
  "clean_e_nul_l2_ci95": 0.02595006153092742,
  "clean_e_nul_l2_median": 0.1842409074306488,
  "clean_e_nul_l2_q25": 0.13464396446943283,
  "clean_e_nul_l2_q75": 0.2681182399392128,
  "clean_e_ran_frac_mean": 0.7934872270380564,
  "clean_e_ran_frac_ci95": 0.02166196453770471,
  "clean_e_ran_frac_median": 0.7953634276867132,
  "clean_e_ran_frac_q25": 0.7593591619412968,
  "clean_e_ran_frac_q75": 0.8199675651065922,
  "clean_e_nul_frac_mean": 0.5996687364723915,
  "clean_e_nul_frac_ci95": 0.02942920103864438,
  "clean_e_nul_frac_median": 0.6061265248497905,
  "clean_e_nul_frac_q25": 0.5722879420885181,
  "clean_e_nul_frac_q75": 0.6506551153831106,
  "adv_e_ran_l2_mean": 78.51598811149597,
  "adv_e_ran_l2_ci95": 15.540789055713448,
  "adv_e_ran_l2_median": 68.7549934387207,
  "adv_e_ran_l2_q25": 48.01394462585449,
  "adv_e_ran_l2_q75": 88.69364929199219,
  "adv_e_nul_l2_mean": 79.6585681438446,
  "adv_e_nul_l2_ci95": 14.09050705965356,
  "adv_e_nul_l2_median": 73.39389038085938,
  "adv_e_nul_l2_q25": 54.18284225463867,
  "adv_e_nul_l2_q75": 92.91152000427246,
  "adv_e_ran_frac_mean": 0.6844694638219624,
  "adv_e_ran_frac_ci95": 0.024771571772994157,
  "adv_e_ran_frac_median": 0.687380422734317,
  "adv_e_ran_frac_q25": 0.6378587916499702,
  "adv_e_ran_frac_q75": 0.7349235956913125,
  "adv_e_nul_frac_mean": 0.7223288802566302,
  "adv_e_nul_frac_ci95": 0.024367331385755805,
  "adv_e_nul_frac_median": 0.7261383368363021,
  "adv_e_nul_frac_q25": 0.6781482746093568,
  "adv_e_nul_frac_q75": 0.7701446193181631,
  "attack_runtime_total_sec": 67.4532372765243,
  "attack_runtime_per_example_sec": 2.1079136648913845,
  "model_name": "resnet",
  "attack_name": "adam",
  "norm": "l2",
  "eps": 0.1,
  "eps_actual": 127.69250320068359,
  "eps_budget_mode": "per_sample_l2",
  "attack_init_mode": "exact",
  "eval_init_mode": "exact"
}