{
  "num_examples": 32,
  "gt_norm_mean": 19.246901780366898,
  "gt_norm_ci95": 3.3146818493907912,
  "gt_norm_median": 15.661028385162354,
  "clean_mse_mean": 3.810156152894706e-05,
  "clean_mse_ci95": 1.570044975763597e-05,
  "clean_mse_median": 1.4667835330328671e-05,
  "adv_mse_mean": 0.4439260484650731,
  "adv_mse_ci95": 0.06185129336130372,
  "adv_mse_median": 0.36716416478157043,
  "mse_ratio_mean": 27670.766388574906,
  "mse_ratio_ci95": 6983.972227014438,
  "mse_ratio_median": 21128.88328912478,
  "clean_rel_l2_mean": 0.034673165529966354,
  "clean_rel_l2_ci95": 0.0036995029912777707,
  "clean_rel_l2_median": 0.03172023966908455,
  "adv_rel_l2_mean": 5.085789769887924,
  "adv_rel_l2_ci95": 0.607536171772919,
  "adv_rel_l2_median": 4.623492479324341,
  "rel_l2_ratio_mean": 154.96225135230264,
  "rel_l2_ratio_ci95": 21.289499298109902,
  "rel_l2_ratio_median": 145.35479095259203,
  "clean_psnr_mean": 42.05926294701165,
  "clean_psnr_ci95": 1.1499287600649641,
  "clean_psnr_median": 42.828314919614755,
  "adv_psnr_mean": -1.0115272528572765,
  "adv_psnr_ci95": 0.9999141487754791,
  "adv_psnr_median": -1.12608579671469,
  "clean_ssim_mean": 0.9387366997962017,
  "clean_ssim_ci95": 0.01566673921521558,
  "clean_ssim_median": 0.9520741673864702,
  "adv_ssim_mean": 0.01774751954705524,
  "adv_ssim_ci95": 0.005722225761042749,
  "adv_ssim_median": 0.012951674017624384,
  "pred_shift_rel_l2_mean": 5.059303425252438,
  "pred_shift_rel_l2_ci95": 0.5959611693234661,
  "pred_shift_rel_l2_median": 4.612926244735718,
  "init_shift_rel_l2_mean": 9.46367110311985,
  "init_shift_rel_l2_ci95": 1.5144068189061908,
  "init_shift_rel_l2_median": 9.998982906341553,
  "delta_l2_mean": 128.05586004257202,
  "delta_l2_ci95": 2.7222198078291317e-06,
  "delta_l2_median": 128.0558624267578,
  "delta_linf_mean": 3.9738787412643433,
  "delta_linf_ci95": 0.2212263797355834,
  "delta_linf_median": 3.8190276622772217,
  "delta_mean_abs_mean": 0.4685287605971098,
  "delta_mean_abs_ci95": 0.0021184553922841943,
  "delta_mean_abs_median": 0.469319611787796,
  "delta_rel_l2_mean": 0.15453808786445306,
  "delta_rel_l2_ci95": 0.026091862011590448,
  "delta_rel_l2_median": 0.15840912947588068,
  "success_rel_l2_mean": 1.0,
  "success_rel_l2_ci95": 0.0,
  "success_rel_l2_median": 1.0,
  "success_mse_mean": 1.0,
  "success_mse_ci95": 0.0,
  "success_mse_median": 1.0,
  "clean_e_ran_l2_mean": 0.5012285015545785,
  "clean_e_ran_l2_ci95": 0.09742509089434434,
  "clean_e_ran_l2_median": 0.37418200075626373,
  "clean_e_nul_l2_mean": 0.45323242526501417,
  "clean_e_nul_l2_ci95": 0.10620057280208872,
  "clean_e_nul_l2_median": 0.3157099038362503,
  "clean_e_ran_frac_mean": 0.755806407791707,
  "clean_e_ran_frac_ci95": 0.02268594646804632,
  "clean_e_ran_frac_median": 0.7705443554959387,
  "clean_e_nul_frac_mean": 0.6487959545579323,
  "clean_e_nul_frac_ci95": 0.021318614959932317,
  "clean_e_nul_frac_median": 0.6373865032224442,
  "adv_e_ran_l2_mean": 33.941422522068024,
  "adv_e_ran_l2_ci95": 1.6902743421134143,
  "adv_e_ran_l2_median": 34.08698272705078,
  "adv_e_nul_l2_mean": 76.4890649318695,
  "adv_e_nul_l2_ci95": 5.539602511306044,
  "adv_e_nul_l2_median": 70.2007827758789,
  "adv_e_ran_frac_mean": 0.41062361627708366,
  "adv_e_ran_frac_ci95": 0.016316915821244646,
  "adv_e_ran_frac_median": 0.40348283728597,
  "adv_e_nul_frac_mean": 0.9103613747078769,
  "adv_e_nul_frac_ci95": 0.0077283203322456055,
  "adv_e_nul_frac_median": 0.9149835630240238,
  "attack_runtime_total_sec": 116.4998160675168,
  "attack_runtime_per_example_sec": 3.6406192521099,
  "model_name": "dpnsn_res",
  "attack_name": "adam",
  "norm": "l2",
  "eps": 0.1,
  "eps_actual": 128.05586398406984,
  "attack_init_mode": "exact",
  "eval_init_mode": "exact"
}