{
  "num_examples": 32,
  "gt_norm_mean": 62.204518258571625,
  "gt_norm_ci95": 8.198231773313978,
  "gt_norm_median": 59.9796199798584,
  "clean_mse_mean": 0.000725740492953264,
  "clean_mse_ci95": 0.00023971422517659013,
  "clean_mse_median": 0.00048405188135802746,
  "adv_mse_mean": 0.0021810326779814204,
  "adv_mse_ci95": 0.0006316042166462381,
  "adv_mse_median": 0.0017099635442718863,
  "mse_ratio_mean": 3.6065404040479123,
  "mse_ratio_ci95": 0.5171335279438646,
  "mse_ratio_median": 2.961494289985117,
  "clean_rel_l2_mean": 0.05092393857194111,
  "clean_rel_l2_ci95": 0.0067179183467131745,
  "clean_rel_l2_median": 0.044495005160570145,
  "adv_rel_l2_mean": 0.09380259609315544,
  "adv_rel_l2_ci95": 0.012397441803968881,
  "adv_rel_l2_median": 0.08519138395786285,
  "rel_l2_ratio_mean": 1.863850039350744,
  "rel_l2_ratio_ci95": 0.12818951982882745,
  "rel_l2_ratio_median": 1.7205979232204118,
  "clean_psnr_mean": 27.448157864714084,
  "clean_psnr_ci95": 0.9798180596953152,
  "clean_psnr_median": 27.84503797648053,
  "adv_psnr_mean": 22.197300639017314,
  "adv_psnr_ci95": 1.040411140138026,
  "adv_psnr_median": 22.47758111266041,
  "clean_ssim_mean": 0.8977239436606461,
  "clean_ssim_ci95": 0.012510240171886454,
  "clean_ssim_median": 0.8952058567758906,
  "adv_ssim_mean": 0.8477026863853208,
  "adv_ssim_ci95": 0.023898350773673034,
  "adv_ssim_median": 0.8539651875106831,
  "pred_shift_rel_l2_mean": 0.06913554726634175,
  "pred_shift_rel_l2_ci95": 0.01163989617995776,
  "pred_shift_rel_l2_median": 0.07127339765429497,
  "init_shift_rel_l2_mean": 0.062295720854308456,
  "init_shift_rel_l2_ci95": 0.009591461691650571,
  "init_shift_rel_l2_median": 0.05596258491277695,
  "delta_l2_mean": 36.40322929620743,
  "delta_l2_ci95": 1.5281626907703645,
  "delta_l2_median": 37.424652099609375,
  "delta_linf_mean": 1.0541795138269663,
  "delta_linf_ci95": 0.07934205098509155,
  "delta_linf_median": 1.0791078209877014,
  "delta_mean_abs_mean": 0.13433985225856304,
  "delta_mean_abs_ci95": 0.006660768513395528,
  "delta_mean_abs_median": 0.13868652284145355,
  "success_rel_l2_mean": 0.875,
  "success_rel_l2_ci95": 0.11642178601131538,
  "success_rel_l2_median": 1.0,
  "success_mse_mean": 0.90625,
  "success_mse_ci95": 0.10260886233182911,
  "success_mse_median": 1.0,
  "clean_e_ran_l2_mean": 2.463297337293625,
  "clean_e_ran_l2_ci95": 0.3473749293085793,
  "clean_e_ran_l2_median": 2.4549975395202637,
  "clean_e_nul_l2_mean": 1.8042831774801016,
  "clean_e_nul_l2_ci95": 0.44437843823204143,
  "clean_e_nul_l2_median": 1.487941324710846,
  "clean_e_ran_frac_mean": 0.8211147135313773,
  "clean_e_ran_frac_ci95": 0.03710195473342996,
  "clean_e_ran_frac_median": 0.8620527978319661,
  "clean_e_nul_frac_mean": 0.541016454539673,
  "clean_e_nul_frac_ci95": 0.052170779065295714,
  "clean_e_nul_frac_median": 0.5068138826721303,
  "adv_e_ran_l2_mean": 4.264275602996349,
  "adv_e_ran_l2_ci95": 0.4399346081358339,
  "adv_e_ran_l2_median": 3.999976396560669,
  "adv_e_nul_l2_mean": 3.3348174756392837,
  "adv_e_nul_l2_ci95": 0.7766299004053131,
  "adv_e_nul_l2_median": 2.738692879676819,
  "adv_e_ran_frac_mean": 0.80820243071111,
  "adv_e_ran_frac_ci95": 0.039908519454052244,
  "adv_e_ran_frac_median": 0.8147974595962921,
  "adv_e_nul_frac_mean": 0.5511398081898438,
  "adv_e_nul_frac_ci95": 0.0611771269398807,
  "adv_e_nul_frac_median": 0.579714642039044,
  "attack_runtime_total_sec": 12.34584255516529,
  "attack_runtime_per_example_sec": 0.38580757984891534,
  "model_name": "resnet",
  "attack_name": "adam",
  "norm": "l2",
  "eps": 1.0,
  "attack_init_mode": "exact",
  "eval_init_mode": "exact"
}