{
  "num_examples": 32,
  "gt_norm_mean": 36.11315447092056,
  "gt_norm_ci95": 4.385454180357387,
  "gt_norm_median": 36.00058174133301,
  "clean_mse_mean": 0.00020145220418044119,
  "clean_mse_ci95": 9.092686947563405e-05,
  "clean_mse_median": 0.00010204870341112837,
  "adv_mse_mean": 0.00941160067304736,
  "adv_mse_ci95": 0.002387814691321441,
  "adv_mse_median": 0.007654051762074232,
  "mse_ratio_mean": 150.69700732990646,
  "mse_ratio_ci95": 70.76772135375987,
  "mse_ratio_median": 44.00898999033279,
  "clean_rel_l2_mean": 0.04425583558622748,
  "clean_rel_l2_ci95": 0.00934745075013614,
  "clean_rel_l2_median": 0.03436381742358208,
  "adv_rel_l2_mean": 0.38204638101160526,
  "adv_rel_l2_ci95": 0.08370926878810384,
  "adv_rel_l2_median": 0.29084262251853943,
  "rel_l2_ratio_mean": 10.067180253917414,
  "rel_l2_ratio_ci95": 2.4729417088097634,
  "rel_l2_ratio_median": 6.624641694095077,
  "clean_psnr_mean": 35.215115192645406,
  "clean_psnr_ci95": 1.370646657125272,
  "clean_psnr_median": 36.40728462144108,
  "adv_psnr_mean": 17.085720365902922,
  "adv_psnr_ci95": 1.699824449228368,
  "adv_psnr_median": 17.401205613709102,
  "clean_ssim_mean": 0.9488914312638438,
  "clean_ssim_ci95": 0.00473706780588038,
  "clean_ssim_median": 0.952789075704288,
  "adv_ssim_mean": 0.5345903277166606,
  "adv_ssim_ci95": 0.06766354401274284,
  "adv_ssim_median": 0.5517732246074285,
  "pred_shift_rel_l2_mean": 0.3721499228850007,
  "pred_shift_rel_l2_ci95": 0.08491453683655152,
  "pred_shift_rel_l2_median": 0.2782919704914093,
  "init_shift_rel_l2_mean": 0.5346642499789596,
  "init_shift_rel_l2_ci95": 0.10988947841529467,
  "init_shift_rel_l2_median": 0.4399044066667557,
  "delta_l2_mean": 37.67760729789734,
  "delta_l2_ci95": 0.710963597330506,
  "delta_l2_median": 38.07795715332031,
  "delta_linf_mean": 1.3874274231493473,
  "delta_linf_ci95": 0.0687880094546761,
  "delta_linf_median": 1.3739873766899109,
  "delta_mean_abs_mean": 0.13545972341671586,
  "delta_mean_abs_ci95": 0.0028665584360413787,
  "delta_mean_abs_median": 0.1378217190504074,
  "success_rel_l2_mean": 1.0,
  "success_rel_l2_ci95": 0.0,
  "success_rel_l2_median": 1.0,
  "success_mse_mean": 1.0,
  "success_mse_ci95": 0.0,
  "success_mse_median": 1.0,
  "clean_e_ran_l2_mean": 1.0663638208061457,
  "clean_e_ran_l2_ci95": 0.19133437291324606,
  "clean_e_ran_l2_median": 0.9905854761600494,
  "clean_e_nul_l2_mean": 1.1202003080397844,
  "clean_e_nul_l2_ci95": 0.27566054201374696,
  "clean_e_nul_l2_median": 0.8954378366470337,
  "clean_e_ran_frac_mean": 0.715672393632219,
  "clean_e_ran_frac_ci95": 0.029982041446044744,
  "clean_e_ran_frac_median": 0.7223643884729225,
  "clean_e_nul_frac_mean": 0.6882607190242104,
  "clean_e_nul_frac_ci95": 0.029148759470764077,
  "clean_e_nul_frac_median": 0.6915117968476707,
  "adv_e_ran_l2_mean": 7.112349860370159,
  "adv_e_ran_l2_ci95": 0.8621260402671768,
  "adv_e_ran_l2_median": 6.6903228759765625,
  "adv_e_nul_l2_mean": 9.191822215914726,
  "adv_e_nul_l2_ci95": 1.2754221590469372,
  "adv_e_nul_l2_median": 9.013115882873535,
  "adv_e_ran_frac_mean": 0.6198468243697235,
  "adv_e_ran_frac_ci95": 0.01831883854292634,
  "adv_e_ran_frac_median": 0.620723647410738,
  "adv_e_nul_frac_mean": 0.7819247442183996,
  "adv_e_nul_frac_ci95": 0.014410128444435552,
  "adv_e_nul_frac_median": 0.7840290132486649,
  "attack_runtime_total_sec": 41.41634339094162,
  "attack_runtime_per_example_sec": 1.2942607309669256,
  "model_name": "resnet",
  "attack_name": "adam",
  "norm": "l2",
  "eps": 1.0,
  "attack_init_mode": "exact",
  "eval_init_mode": "exact"
}