{
  "num_examples": 32,
  "gt_norm_mean": 10.20190628618002,
  "gt_norm_ci95": 3.288175396316753,
  "gt_norm_median": 6.981602191925049,
  "clean_mse_mean": 5.6047083287324995e-05,
  "clean_mse_ci95": 3.0074398652394184e-05,
  "clean_mse_median": 2.1423317775770556e-05,
  "adv_mse_mean": 0.0111317873452208,
  "adv_mse_ci95": 0.0034957807920585884,
  "adv_mse_median": 0.008989033289253712,
  "mse_ratio_mean": 663.6167175232523,
  "mse_ratio_ci95": 268.32277615723655,
  "mse_ratio_median": 461.0871995052207,
  "clean_rel_l2_mean": 0.11642071628011763,
  "clean_rel_l2_ci95": 0.03220099570577986,
  "clean_rel_l2_median": 0.08119377121329308,
  "adv_rel_l2_mean": 2.586712922435254,
  "adv_rel_l2_ci95": 1.0044351506886786,
  "adv_rel_l2_median": 1.9800596833229065,
  "rel_l2_ratio_mean": 22.098157943487927,
  "rel_l2_ratio_ci95": 4.660703171388625,
  "rel_l2_ratio_median": 21.47293083178889,
  "clean_psnr_mean": 42.13177856028784,
  "clean_psnr_ci95": 1.94317604074762,
  "clean_psnr_median": 42.33592540475961,
  "adv_psnr_mean": 17.174938338765152,
  "adv_psnr_ci95": 2.050285007529291,
  "adv_psnr_median": 18.030881093867194,
  "clean_ssim_mean": 0.9813374233340423,
  "clean_ssim_ci95": 0.006669716269559294,
  "clean_ssim_median": 0.9873368480213756,
  "adv_ssim_mean": 0.7694466017397279,
  "adv_ssim_ci95": 0.035494137861640254,
  "adv_ssim_median": 0.7830410799813343,
  "pred_shift_rel_l2_mean": 2.8076027273200452,
  "pred_shift_rel_l2_ci95": 1.2241201457892141,
  "pred_shift_rel_l2_median": 2.076727867126465,
  "init_shift_rel_l2_mean": 3.837286983150989,
  "init_shift_rel_l2_ci95": 2.2122769033053484,
  "init_shift_rel_l2_median": 2.2557764053344727,
  "delta_l2_mean": 32.56027537584305,
  "delta_l2_ci95": 1.3180059460314761,
  "delta_l2_median": 32.225571632385254,
  "delta_linf_mean": 1.3905069306492805,
  "delta_linf_ci95": 0.11496231411857388,
  "delta_linf_median": 1.2733936309814453,
  "delta_mean_abs_mean": 0.11445405869744718,
  "delta_mean_abs_ci95": 0.005128765808688807,
  "delta_mean_abs_median": 0.11381204053759575,
  "success_rel_l2_mean": 1.0,
  "success_rel_l2_ci95": 0.0,
  "success_rel_l2_median": 1.0,
  "success_mse_mean": 1.0,
  "success_mse_ci95": 0.0,
  "success_mse_median": 1.0,
  "clean_e_ran_l2_mean": 0.5229352982714772,
  "clean_e_ran_l2_ci95": 0.12020551946869337,
  "clean_e_ran_l2_median": 0.4136579632759094,
  "clean_e_nul_l2_mean": 0.5528708735946566,
  "clean_e_nul_l2_ci95": 0.1660683671546403,
  "clean_e_nul_l2_median": 0.41285572946071625,
  "clean_e_ran_frac_mean": 0.7064826514433198,
  "clean_e_ran_frac_ci95": 0.04187014300451348,
  "clean_e_ran_frac_median": 0.7186157902917422,
  "clean_e_nul_frac_mean": 0.6892942803597828,
  "clean_e_nul_frac_ci95": 0.03792895799460036,
  "clean_e_nul_frac_median": 0.6953056916124227,
  "adv_e_ran_l2_mean": 6.202000647783279,
  "adv_e_ran_l2_ci95": 0.8285509008378961,
  "adv_e_ran_l2_median": 5.6671998500823975,
  "adv_e_nul_l2_mean": 10.414637938141823,
  "adv_e_nul_l2_ci95": 1.925361840073505,
  "adv_e_nul_l2_median": 9.866678237915039,
  "adv_e_ran_frac_mean": 0.549213197539868,
  "adv_e_ran_frac_ci95": 0.048212025773773384,
  "adv_e_ran_frac_median": 0.5367850205620671,
  "adv_e_nul_frac_mean": 0.818333519202227,
  "adv_e_nul_frac_ci95": 0.03509410740322167,
  "adv_e_nul_frac_median": 0.8437113979528669,
  "attack_runtime_total_sec": 12.229027226567268,
  "attack_runtime_per_example_sec": 0.38215710083022714,
  "model_name": "resnet",
  "attack_name": "adam",
  "norm": "l2",
  "eps": 1.0,
  "attack_init_mode": "exact",
  "eval_init_mode": "exact"
}