{
  "num_examples": 32,
  "clean_mse_mean": 6.657031612009902e-05,
  "clean_mse_ci95": 4.9925588707675105e-05,
  "clean_mse_median": 1.1577262739592697e-05,
  "adv_mse_mean": 0.0009073083595126687,
  "adv_mse_ci95": 0.0006221246187662351,
  "adv_mse_median": 0.00029617053223773837,
  "mse_ratio_mean": 34.946435781060174,
  "mse_ratio_ci95": 12.462912961062115,
  "mse_ratio_median": 19.21726573058362,
  "clean_rel_l2_mean": 91790912.9653128,
  "clean_rel_l2_ci95": 179910189.17365178,
  "clean_rel_l2_median": 0.07968617606563153,
  "adv_rel_l2_mean": 92218004.81784648,
  "adv_rel_l2_ci95": 180747288.3618659,
  "adv_rel_l2_median": 0.5370904639445786,
  "rel_l2_ratio_mean": 5.2173260521751255,
  "rel_l2_ratio_ci95": 0.9784777627251916,
  "rel_l2_ratio_median": 4.3814608086084785,
  "clean_psnr_mean": 45.11336404011509,
  "clean_psnr_ci95": 3.7108407527721763,
  "clean_psnr_median": 44.87306567702547,
  "adv_psnr_mean": 32.10577280609471,
  "adv_psnr_ci95": 4.195368427089666,
  "adv_psnr_median": 30.303280156359595,
  "clean_ssim_mean": 0.9788701226298653,
  "clean_ssim_ci95": 0.010366296191166033,
  "clean_ssim_median": 0.9899729423318033,
  "adv_ssim_mean": 0.9231889913907187,
  "adv_ssim_ci95": 0.017081529811834646,
  "adv_ssim_median": 0.9306070617888227,
  "pred_shift_rel_l2_mean": 0.532137669630444,
  "pred_shift_rel_l2_ci95": 0.12972074744800532,
  "pred_shift_rel_l2_median": 0.47305455279754827,
  "init_shift_rel_l2_mean": 24971523.44306226,
  "init_shift_rel_l2_ci95": 48944185.23273062,
  "init_shift_rel_l2_median": 0.30996409459271385,
  "delta_l2_mean": 24.295923257159302,
  "delta_l2_ci95": 3.596406336820966,
  "delta_l2_median": 27.820963859558105,
  "delta_linf_mean": 0.55313767313055,
  "delta_linf_ci95": 0.05668933251838766,
  "delta_linf_median": 0.5544189214706421,
  "delta_mean_abs_mean": 0.0821152165796093,
  "delta_mean_abs_ci95": 0.013949931613097113,
  "delta_mean_abs_median": 0.09529231861233711,
  "success_rel_l2_mean": 0.96875,
  "success_rel_l2_ci95": 0.06124999999999999,
  "success_rel_l2_median": 1.0,
  "success_mse_mean": 0.96875,
  "success_mse_ci95": 0.06124999999999999,
  "success_mse_median": 1.0,
  "clean_e_ran_l2_mean": 0.4830058086081408,
  "clean_e_ran_l2_ci95": 0.15785045933717448,
  "clean_e_ran_l2_median": 0.33443959057331085,
  "clean_e_nul_l2_mean": 0.5110355125442576,
  "clean_e_nul_l2_ci95": 0.22129244399242262,
  "clean_e_nul_l2_median": 0.3007317781448364,
  "clean_e_ran_frac_mean": 0.7410811062543478,
  "clean_e_ran_frac_ci95": 0.04504064945533238,
  "clean_e_ran_frac_median": 0.7765862175312244,
  "clean_e_nul_frac_mean": 0.639529385619839,
  "clean_e_nul_frac_ci95": 0.056137748159011985,
  "clean_e_nul_frac_median": 0.630002593874679,
  "adv_e_ran_l2_mean": 1.6702773142824299,
  "adv_e_ran_l2_ci95": 0.27384405689294355,
  "adv_e_ran_l2_median": 1.5583101511001587,
  "adv_e_nul_l2_mean": 2.2873013878793813,
  "adv_e_nul_l2_ci95": 0.8792647423386151,
  "adv_e_nul_l2_median": 1.5002928972244263,
  "adv_e_ran_frac_mean": 0.689354805670678,
  "adv_e_ran_frac_ci95": 0.05519698873393778,
  "adv_e_ran_frac_median": 0.6937837864597698,
  "adv_e_nul_frac_mean": 0.6868314027797434,
  "adv_e_nul_frac_ci95": 0.05939462543231255,
  "adv_e_nul_frac_median": 0.7201834932337554,
  "attack_runtime_total_sec": 10.598163083195686,
  "attack_runtime_per_example_sec": 0.3311925963498652,
  "model_name": "resnet",
  "attack_name": "adam",
  "norm": "l2",
  "eps": 1.0,
  "attack_init_mode": "surrogate",
  "eval_init_mode": "exact"
}