{
  "num_examples": 32,
  "gt_norm_mean": 10.20190628618002,
  "gt_norm_ci95": 3.288175396316753,
  "gt_norm_median": 6.981602191925049,
  "clean_mse_mean": 5.6047083287324995e-05,
  "clean_mse_ci95": 3.0074398652394184e-05,
  "clean_mse_median": 2.1423317775770556e-05,
  "adv_mse_mean": 0.0006249414885246551,
  "adv_mse_ci95": 0.000254280577252038,
  "adv_mse_median": 0.0003556874144123867,
  "mse_ratio_mean": 27.20361679528698,
  "mse_ratio_ci95": 9.635142189313592,
  "mse_ratio_median": 15.187364195617837,
  "clean_rel_l2_mean": 0.11642071628011763,
  "clean_rel_l2_ci95": 0.03220099570577986,
  "clean_rel_l2_median": 0.08119377121329308,
  "adv_rel_l2_mean": 0.5019802886527032,
  "adv_rel_l2_ci95": 0.11612424682920662,
  "adv_rel_l2_median": 0.3970205932855606,
  "rel_l2_ratio_mean": 4.629622002553679,
  "rel_l2_ratio_ci95": 0.8456119085704688,
  "rel_l2_ratio_median": 3.8970744895261227,
  "clean_psnr_mean": 42.13177856028784,
  "clean_psnr_ci95": 1.94317604074762,
  "clean_psnr_median": 42.33592540475961,
  "adv_psnr_mean": 29.979429535997713,
  "adv_psnr_ci95": 1.6438447876760094,
  "adv_psnr_median": 30.396696984659357,
  "clean_ssim_mean": 0.9813374233340423,
  "clean_ssim_ci95": 0.006669716269559294,
  "clean_ssim_median": 0.9873368480213756,
  "adv_ssim_mean": 0.9193554740107859,
  "adv_ssim_ci95": 0.01531242379654367,
  "adv_ssim_median": 0.9215569397352443,
  "pred_shift_rel_l2_mean": 0.48080418910831213,
  "pred_shift_rel_l2_ci95": 0.1178113242826531,
  "pred_shift_rel_l2_median": 0.37045571208000183,
  "init_shift_rel_l2_mean": 0.3529044569004327,
  "init_shift_rel_l2_ci95": 0.07560812999027178,
  "init_shift_rel_l2_median": 0.29779161512851715,
  "delta_l2_mean": 26.718604892492294,
  "delta_l2_ci95": 3.1701830102932007,
  "delta_l2_median": 28.703661918640137,
  "delta_linf_mean": 0.6200006166473031,
  "delta_linf_ci95": 0.04889013608710082,
  "delta_linf_median": 0.605981856584549,
  "delta_mean_abs_mean": 0.09165199755807407,
  "delta_mean_abs_ci95": 0.01317680570358716,
  "delta_mean_abs_median": 0.10039779916405678,
  "success_rel_l2_mean": 1.0,
  "success_rel_l2_ci95": 0.0,
  "success_rel_l2_median": 1.0,
  "success_mse_mean": 1.0,
  "success_mse_ci95": 0.0,
  "success_mse_median": 1.0,
  "clean_e_ran_l2_mean": 0.5229352982714772,
  "clean_e_ran_l2_ci95": 0.12020551946869337,
  "clean_e_ran_l2_median": 0.4136579632759094,
  "clean_e_nul_l2_mean": 0.5528708735946566,
  "clean_e_nul_l2_ci95": 0.1660683671546403,
  "clean_e_nul_l2_median": 0.41285572946071625,
  "clean_e_ran_frac_mean": 0.7064826514433198,
  "clean_e_ran_frac_ci95": 0.04187014300451348,
  "clean_e_ran_frac_median": 0.7186157902917422,
  "clean_e_nul_frac_mean": 0.6892942803597828,
  "clean_e_nul_frac_ci95": 0.03792895799460036,
  "clean_e_nul_frac_median": 0.6953056916124227,
  "adv_e_ran_l2_mean": 1.730345694348216,
  "adv_e_ran_l2_ci95": 0.17945883502421558,
  "adv_e_ran_l2_median": 1.7460777163505554,
  "adv_e_nul_l2_mean": 2.1522938199341297,
  "adv_e_nul_l2_ci95": 0.5399552224531566,
  "adv_e_nul_l2_median": 1.68989896774292,
  "adv_e_ran_frac_mean": 0.6769719791081892,
  "adv_e_ran_frac_ci95": 0.05452891293351516,
  "adv_e_ran_frac_median": 0.7225053319302592,
  "adv_e_nul_frac_mean": 0.7076022574833061,
  "adv_e_nul_frac_ci95": 0.0459177580221672,
  "adv_e_nul_frac_median": 0.6913642090697616,
  "attack_runtime_total_sec": 10.706964112818241,
  "attack_runtime_per_example_sec": 0.33459262852557003,
  "model_name": "resnet",
  "attack_name": "adam",
  "norm": "l2",
  "eps": 1.0,
  "attack_init_mode": "surrogate",
  "eval_init_mode": "exact"
}