{
  "num_examples": 32,
  "gt_norm_mean": 10.20190628618002,
  "gt_norm_ci95": 3.288175396316753,
  "gt_norm_median": 6.981602191925049,
  "clean_mse_mean": 5.6047083287324995e-05,
  "clean_mse_ci95": 3.0074398652394184e-05,
  "clean_mse_median": 2.1423317775770556e-05,
  "adv_mse_mean": 0.0006244176382779187,
  "adv_mse_ci95": 0.00025446783391602524,
  "adv_mse_median": 0.00035577904782257974,
  "mse_ratio_mean": 27.168462787217972,
  "mse_ratio_ci95": 9.647119859791083,
  "mse_ratio_median": 15.14818327832364,
  "clean_rel_l2_mean": 0.11642071628011763,
  "clean_rel_l2_ci95": 0.03220099570577986,
  "clean_rel_l2_median": 0.08119377121329308,
  "adv_rel_l2_mean": 0.5016209823079407,
  "adv_rel_l2_ci95": 0.11619823141384747,
  "adv_rel_l2_median": 0.3972543478012085,
  "rel_l2_ratio_mean": 4.624472200300227,
  "rel_l2_ratio_ci95": 0.8465274272812698,
  "rel_l2_ratio_median": 3.8920570256200744,
  "clean_psnr_mean": 42.13177856028784,
  "clean_psnr_ci95": 1.94317604074762,
  "clean_psnr_median": 42.33592540475961,
  "adv_psnr_mean": 29.991671090593663,
  "adv_psnr_ci95": 1.6433056589734827,
  "adv_psnr_median": 30.39984779176074,
  "clean_ssim_mean": 0.9813374233340423,
  "clean_ssim_ci95": 0.006669716269559294,
  "clean_ssim_median": 0.9873368480213756,
  "adv_ssim_mean": 0.9194346382271619,
  "adv_ssim_ci95": 0.01528489779812475,
  "adv_ssim_median": 0.9215301479327227,
  "pred_shift_rel_l2_mean": 0.48042290611192584,
  "pred_shift_rel_l2_ci95": 0.11788993596080104,
  "pred_shift_rel_l2_median": 0.37068936228752136,
  "init_shift_rel_l2_mean": 0.35287145362235606,
  "init_shift_rel_l2_ci95": 0.07557297864137646,
  "init_shift_rel_l2_median": 0.29807594418525696,
  "delta_l2_mean": 26.716209262609482,
  "delta_l2_ci95": 3.170406513124204,
  "delta_l2_median": 28.706915855407715,
  "delta_linf_mean": 0.6200203988701105,
  "delta_linf_ci95": 0.04892133075672752,
  "delta_linf_median": 0.6065197288990021,
  "delta_mean_abs_mean": 0.09163699252530932,
  "delta_mean_abs_ci95": 0.013175569365245991,
  "delta_mean_abs_median": 0.1004067063331604,
  "success_rel_l2_mean": 1.0,
  "success_rel_l2_ci95": 0.0,
  "success_rel_l2_median": 1.0,
  "success_mse_mean": 1.0,
  "success_mse_ci95": 0.0,
  "success_mse_median": 1.0,
  "clean_e_ran_l2_mean": 0.5229352982714772,
  "clean_e_ran_l2_ci95": 0.12020551946869337,
  "clean_e_ran_l2_median": 0.4136579632759094,
  "clean_e_nul_l2_mean": 0.5528708735946566,
  "clean_e_nul_l2_ci95": 0.1660683671546403,
  "clean_e_nul_l2_median": 0.41285572946071625,
  "clean_e_ran_frac_mean": 0.7064826514433198,
  "clean_e_ran_frac_ci95": 0.04187014300451348,
  "clean_e_ran_frac_median": 0.7186157902917422,
  "clean_e_nul_frac_mean": 0.6892942803597828,
  "clean_e_nul_frac_ci95": 0.03792895799460036,
  "clean_e_nul_frac_median": 0.6953056916124227,
  "adv_e_ran_l2_mean": 1.7282461067661643,
  "adv_e_ran_l2_ci95": 0.17990044898359916,
  "adv_e_ran_l2_median": 1.7459194660186768,
  "adv_e_nul_l2_mean": 2.150853903964162,
  "adv_e_nul_l2_ci95": 0.5403675119472955,
  "adv_e_nul_l2_median": 1.690040409564972,
  "adv_e_ran_frac_mean": 0.6769209763826647,
  "adv_e_ran_frac_ci95": 0.054495854069624095,
  "adv_e_ran_frac_median": 0.7224597056431239,
  "adv_e_nul_frac_mean": 0.7076924537527038,
  "adv_e_nul_frac_ci95": 0.04587793018291533,
  "adv_e_nul_frac_median": 0.6914121088110137,
  "attack_runtime_total_sec": 10.595509596168995,
  "attack_runtime_per_example_sec": 0.3311096748802811,
  "model_name": "resnet",
  "attack_name": "adam",
  "norm": "l2",
  "eps": 1.0,
  "attack_init_mode": "surrogate",
  "eval_init_mode": "exact"
}