{
  "num_examples": 32,
  "gt_norm_mean": 34.14803624153137,
  "gt_norm_ci95": 5.117252085674433,
  "gt_norm_median": 30.453283309936523,
  "clean_mse_mean": 0.00033762872294573754,
  "clean_mse_ci95": 0.0003574433592994321,
  "clean_mse_median": 6.0752321587642655e-05,
  "adv_mse_mean": 0.01166412485690671,
  "adv_mse_ci95": 0.003273322972153605,
  "adv_mse_median": 0.00858458923175931,
  "mse_ratio_mean": 312.4948830321131,
  "mse_ratio_ci95": 131.76245789652287,
  "mse_ratio_median": 208.35993502657374,
  "clean_rel_l2_mean": 0.041072472638916224,
  "clean_rel_l2_ci95": 0.014284068730813568,
  "clean_rel_l2_median": 0.028087778016924858,
  "adv_rel_l2_mean": 0.43497263616882265,
  "adv_rel_l2_ci95": 0.07827380192854881,
  "adv_rel_l2_median": 0.41260941326618195,
  "rel_l2_ratio_mean": 14.542559150271899,
  "rel_l2_ratio_ci95": 3.5379763437467058,
  "rel_l2_ratio_median": 14.423691496234774,
  "clean_psnr_mean": 36.527261763636645,
  "clean_psnr_ci95": 1.696578403695476,
  "clean_psnr_median": 38.164156235773106,
  "adv_psnr_mean": 15.831138651231303,
  "adv_psnr_ci95": 1.8634920205472498,
  "adv_psnr_median": 14.405083451844654,
  "clean_ssim_mean": 0.953768379144283,
  "clean_ssim_ci95": 0.006963246346345303,
  "clean_ssim_median": 0.9586799303350033,
  "adv_ssim_mean": 0.6075147282137929,
  "adv_ssim_ci95": 0.05789987058854962,
  "adv_ssim_median": 0.5846641722557595,
  "pred_shift_rel_l2_mean": 0.4276195166166872,
  "pred_shift_rel_l2_ci95": 0.0800295815709094,
  "pred_shift_rel_l2_median": 0.40658482909202576,
  "init_shift_rel_l2_mean": 0.4830477279610932,
  "init_shift_rel_l2_ci95": 0.08692901500821161,
  "init_shift_rel_l2_median": 0.4726154953241348,
  "delta_l2_mean": 36.39301782846451,
  "delta_l2_ci95": 1.1005756834771099,
  "delta_l2_median": 36.959428787231445,
  "delta_linf_mean": 1.427425555884838,
  "delta_linf_ci95": 0.08491028535102627,
  "delta_linf_median": 1.4677376747131348,
  "delta_mean_abs_mean": 0.12979053473100066,
  "delta_mean_abs_ci95": 0.0044679614351656365,
  "delta_mean_abs_median": 0.1314089223742485,
  "success_rel_l2_mean": 1.0,
  "success_rel_l2_ci95": 0.0,
  "success_rel_l2_median": 1.0,
  "success_mse_mean": 1.0,
  "success_mse_ci95": 0.0,
  "success_mse_median": 1.0,
  "clean_e_ran_l2_mean": 1.0119748981669545,
  "clean_e_ran_l2_ci95": 0.29584677894708006,
  "clean_e_ran_l2_median": 0.814047783613205,
  "clean_e_nul_l2_mean": 1.0726335821673274,
  "clean_e_nul_l2_ci95": 0.5731420538957086,
  "clean_e_nul_l2_median": 0.5372630059719086,
  "clean_e_ran_frac_mean": 0.7751413036603356,
  "clean_e_ran_frac_ci95": 0.03661329888316604,
  "clean_e_ran_frac_median": 0.810284033985211,
  "clean_e_nul_frac_mean": 0.6135581430611488,
  "clean_e_nul_frac_ci95": 0.03837710416163312,
  "clean_e_nul_frac_median": 0.5860306428860763,
  "adv_e_ran_l2_mean": 8.230908386409283,
  "adv_e_ran_l2_ci95": 1.1721286235746846,
  "adv_e_ran_l2_median": 7.218122482299805,
  "adv_e_nul_l2_mean": 9.688875876367092,
  "adv_e_nul_l2_ci95": 1.5098693065792848,
  "adv_e_nul_l2_median": 9.074729442596436,
  "adv_e_ran_frac_mean": 0.6558167960174546,
  "adv_e_ran_frac_ci95": 0.02898272515620704,
  "adv_e_ran_frac_median": 0.6479577653942177,
  "adv_e_nul_frac_mean": 0.7462487494174616,
  "adv_e_nul_frac_ci95": 0.027805078320643033,
  "adv_e_nul_frac_median": 0.7615338948068704,
  "attack_runtime_total_sec": 12.346349090337753,
  "attack_runtime_per_example_sec": 0.3858234090730548,
  "model_name": "resnet",
  "attack_name": "adam",
  "norm": "l2",
  "eps": 1.0,
  "attack_init_mode": "exact",
  "eval_init_mode": "exact"
}