{
  "num_examples": 32,
  "clean_mse_mean": 4.063426633419201e-05,
  "clean_mse_ci95": 1.6217161484648418e-05,
  "clean_mse_median": 2.5282779461122118e-05,
  "adv_mse_mean": 0.00040494047363381913,
  "adv_mse_ci95": 0.00010388727999040647,
  "adv_mse_median": 0.0003483577456790954,
  "mse_ratio_mean": 32.23385304775687,
  "mse_ratio_ci95": 20.18838187552151,
  "mse_ratio_median": 15.64244647375862,
  "clean_rel_l2_mean": 161765361.62560198,
  "clean_rel_l2_ci95": 317060108.6412913,
  "clean_rel_l2_median": 0.048546295717552396,
  "adv_rel_l2_mean": 712216890.2419938,
  "adv_rel_l2_ci95": 1395945104.2863266,
  "adv_rel_l2_median": 0.25490832610242314,
  "rel_l2_ratio_mean": 4.650989668482744,
  "rel_l2_ratio_ci95": 1.146230946117335,
  "rel_l2_ratio_median": 3.9542771302240745,
  "clean_psnr_mean": 43.83351276830159,
  "clean_psnr_ci95": 3.1949731537590536,
  "clean_psnr_median": 42.83904338073266,
  "adv_psnr_mean": 32.018618365657524,
  "adv_psnr_ci95": 2.965056348677147,
  "adv_psnr_median": 31.36009773757381,
  "clean_ssim_mean": 0.9767925870444378,
  "clean_ssim_ci95": 0.0063633982188054305,
  "clean_ssim_median": 0.9827905049530283,
  "adv_ssim_mean": 0.9204578292125484,
  "adv_ssim_ci95": 0.013693062131950548,
  "adv_ssim_median": 0.9241235960805413,
  "pred_shift_rel_l2_mean": 0.4022181536706938,
  "pred_shift_rel_l2_ci95": 0.24752382184426913,
  "pred_shift_rel_l2_median": 0.22071938642127242,
  "init_shift_rel_l2_mean": 519642373.7868007,
  "init_shift_rel_l2_ci95": 1018499052.1368732,
  "init_shift_rel_l2_median": 0.22042886306794604,
  "delta_l2_mean": 29.9286289177835,
  "delta_l2_ci95": 3.131750225310905,
  "delta_l2_median": 33.66610908508301,
  "delta_linf_mean": 0.6664932520652656,
  "delta_linf_ci95": 0.05917817701831476,
  "delta_linf_median": 0.687637984752655,
  "delta_mean_abs_mean": 0.10513531310971302,
  "delta_mean_abs_ci95": 0.012492462641077564,
  "delta_mean_abs_median": 0.11961694434285164,
  "success_rel_l2_mean": 1.0,
  "success_rel_l2_ci95": 0.0,
  "success_rel_l2_median": 1.0,
  "success_mse_mean": 1.0,
  "success_mse_ci95": 0.0,
  "success_mse_median": 1.0,
  "clean_e_ran_l2_mean": 0.5490725445561111,
  "clean_e_ran_l2_ci95": 0.11075030093854583,
  "clean_e_ran_l2_median": 0.5126035958528519,
  "clean_e_nul_l2_mean": 0.4368931435240002,
  "clean_e_nul_l2_ci95": 0.09603119630477575,
  "clean_e_nul_l2_median": 0.42831118404865265,
  "clean_e_ran_frac_mean": 0.789816244851854,
  "clean_e_ran_frac_ci95": 0.022701637400698242,
  "clean_e_ran_frac_median": 0.7976309427834797,
  "clean_e_nul_frac_mean": 0.5972175931643857,
  "clean_e_nul_frac_ci95": 0.04363248154253775,
  "clean_e_nul_frac_median": 0.6031428452280477,
  "adv_e_ran_l2_mean": 1.7573092947131954,
  "adv_e_ran_l2_ci95": 0.16817336493659762,
  "adv_e_ran_l2_median": 1.7694841623306274,
  "adv_e_nul_l2_mean": 1.6540304016089067,
  "adv_e_nul_l2_ci95": 0.2686416815468467,
  "adv_e_nul_l2_median": 1.524520218372345,
  "adv_e_ran_frac_mean": 0.7425671317812048,
  "adv_e_ran_frac_ci95": 0.02735194153314719,
  "adv_e_ran_frac_median": 0.7554510986018621,
  "adv_e_nul_frac_mean": 0.6606053473370744,
  "adv_e_nul_frac_ci95": 0.027623689561229056,
  "adv_e_nul_frac_median": 0.6552041381911775,
  "attack_runtime_total_sec": 8.273663483560085,
  "attack_runtime_per_example_sec": 0.25855198386125267,
  "model_name": "resnet",
  "attack_name": "adam",
  "norm": "l2",
  "eps": 1.0,
  "attack_init_mode": "surrogate",
  "eval_init_mode": "exact"
}