{
  "num_examples": 32,
  "gt_norm_mean": 36.43584167957306,
  "gt_norm_ci95": 4.266847595455006,
  "gt_norm_median": 38.57119941711426,
  "clean_mse_mean": 0.0003376907926480044,
  "clean_mse_ci95": 0.00016675027087856008,
  "clean_mse_median": 0.0001224708612426184,
  "adv_mse_mean": 0.006822798157372745,
  "adv_mse_ci95": 0.001965948898372149,
  "adv_mse_median": 0.004874282283708453,
  "mse_ratio_mean": 136.9935525233186,
  "mse_ratio_ci95": 115.19210273368314,
  "mse_ratio_median": 28.62186532158494,
  "clean_rel_l2_mean": 0.05140961887082085,
  "clean_rel_l2_ci95": 0.012249888800997108,
  "clean_rel_l2_median": 0.03554885648190975,
  "adv_rel_l2_mean": 0.314960936550051,
  "adv_rel_l2_ci95": 0.0760119650605776,
  "adv_rel_l2_median": 0.22666288167238235,
  "rel_l2_ratio_mean": 8.08398197488942,
  "rel_l2_ratio_ci95": 2.9796238034166596,
  "rel_l2_ratio_median": 5.348623976605338,
  "clean_psnr_mean": 34.8041322793256,
  "clean_psnr_ci95": 1.821877903861216,
  "clean_psnr_median": 36.63594891473959,
  "adv_psnr_mean": 19.109462677834614,
  "adv_psnr_ci95": 1.7115640897815023,
  "adv_psnr_median": 19.451347634609597,
  "clean_ssim_mean": 0.9523561666551287,
  "clean_ssim_ci95": 0.005220183408684997,
  "clean_ssim_median": 0.9576472667522942,
  "adv_ssim_mean": 0.6880555262983425,
  "adv_ssim_ci95": 0.06206169223231612,
  "adv_ssim_median": 0.7158798484959408,
  "pred_shift_rel_l2_mean": 0.3008836784865707,
  "pred_shift_rel_l2_ci95": 0.07698649711332718,
  "pred_shift_rel_l2_median": 0.2058498114347458,
  "init_shift_rel_l2_mean": 0.45761110028252006,
  "init_shift_rel_l2_ci95": 0.1380344136190216,
  "init_shift_rel_l2_median": 0.3070273697376251,
  "delta_l2_mean": 37.17128127813339,
  "delta_l2_ci95": 0.7907235864608179,
  "delta_l2_median": 37.55727767944336,
  "delta_linf_mean": 1.268861923366785,
  "delta_linf_ci95": 0.0666240667825565,
  "delta_linf_median": 1.2940560579299927,
  "delta_mean_abs_mean": 0.1344040089752525,
  "delta_mean_abs_ci95": 0.003326505085150559,
  "delta_mean_abs_median": 0.13573996722698212,
  "success_rel_l2_mean": 1.0,
  "success_rel_l2_ci95": 0.0,
  "success_rel_l2_median": 1.0,
  "success_mse_mean": 1.0,
  "success_mse_ci95": 0.0,
  "success_mse_median": 1.0,
  "clean_e_ran_l2_mean": 1.2084818743169308,
  "clean_e_ran_l2_ci95": 0.2461526358279144,
  "clean_e_ran_l2_median": 1.0084258913993835,
  "clean_e_nul_l2_mean": 1.4374015876092017,
  "clean_e_nul_l2_ci95": 0.4336117794037441,
  "clean_e_nul_l2_median": 0.9289131462574005,
  "clean_e_ran_frac_mean": 0.7023227940466484,
  "clean_e_ran_frac_ci95": 0.03752106541678945,
  "clean_e_ran_frac_median": 0.7254189677230113,
  "clean_e_nul_frac_mean": 0.6966114424481334,
  "clean_e_nul_frac_ci95": 0.03540381638221352,
  "clean_e_nul_frac_median": 0.6882599133142353,
  "adv_e_ran_l2_mean": 5.745481163263321,
  "adv_e_ran_l2_ci95": 0.7450857427698138,
  "adv_e_ran_l2_median": 5.132695436477661,
  "adv_e_nul_l2_mean": 7.856958456337452,
  "adv_e_nul_l2_ci95": 1.2477109065881513,
  "adv_e_nul_l2_median": 7.356334209442139,
  "adv_e_ran_frac_mean": 0.6057658032027202,
  "adv_e_ran_frac_ci95": 0.02621728632063358,
  "adv_e_ran_frac_median": 0.5935056990210464,
  "adv_e_nul_frac_mean": 0.7897843249672257,
  "adv_e_nul_frac_ci95": 0.02153410045417024,
  "adv_e_nul_frac_median": 0.8048292798878502,
  "attack_runtime_total_sec": 12.362493231892586,
  "attack_runtime_per_example_sec": 0.3863279134966433,
  "model_name": "resnet",
  "attack_name": "adam",
  "norm": "l2",
  "eps": 1.0,
  "attack_init_mode": "exact",
  "eval_init_mode": "exact"
}