{
  "num_examples": 32,
  "gt_norm_mean": 19.554032936692238,
  "gt_norm_ci95": 3.175656556464896,
  "gt_norm_median": 19.43148136138916,
  "gt_norm_q25": 13.664082050323486,
  "gt_norm_q75": 22.861806869506836,
  "clean_mse_mean": 0.00625221734162551,
  "clean_mse_ci95": 0.002343699229532902,
  "clean_mse_median": 0.004796583671122789,
  "clean_mse_q25": 0.002446916711051017,
  "clean_mse_q75": 0.007639780407771468,
  "adv_mse_mean": 0.01279732327657257,
  "adv_mse_ci95": 0.006624391296556174,
  "adv_mse_median": 0.007622664328664541,
  "adv_mse_q25": 0.00434006517753005,
  "adv_mse_q75": 0.011800030944868922,
  "mse_ratio_mean": 1.8903594553668175,
  "mse_ratio_ci95": 0.2977972525556553,
  "mse_ratio_median": 1.4622209904535723,
  "mse_ratio_q25": 1.369517631681269,
  "mse_ratio_q75": 2.1057110531926,
  "clean_rel_l2_mean": 0.4527448872104287,
  "clean_rel_l2_ci95": 0.033662529492583075,
  "clean_rel_l2_median": 0.47681303322315216,
  "clean_rel_l2_q25": 0.39657796174287796,
  "clean_rel_l2_q75": 0.505777046084404,
  "adv_rel_l2_mean": 0.5966846495866776,
  "adv_rel_l2_ci95": 0.04237028385721339,
  "adv_rel_l2_median": 0.5887278318405151,
  "adv_rel_l2_q25": 0.536810427904129,
  "adv_rel_l2_q75": 0.6635613292455673,
  "rel_l2_ratio_mean": 1.34683361177838,
  "rel_l2_ratio_ci95": 0.09730115422854131,
  "rel_l2_ratio_median": 1.2092228792310586,
  "rel_l2_ratio_q25": 1.1702601802480046,
  "rel_l2_ratio_q75": 1.4503327326286628,
  "clean_psnr_mean": 20.00492661661705,
  "clean_psnr_ci95": 1.088123313613076,
  "clean_psnr_median": 20.211312118627866,
  "clean_psnr_q25": 18.26064963921863,
  "clean_psnr_q75": 21.929352073111964,
  "adv_psnr_mean": 17.580464170090966,
  "adv_psnr_ci95": 1.3445088707100825,
  "adv_psnr_median": 17.616476313996674,
  "adv_psnr_q25": 15.573246270894765,
  "adv_psnr_q75": 19.641437987837605,
  "clean_ssim_mean": 0.1853855925293058,
  "clean_ssim_ci95": 0.0185132567263006,
  "clean_ssim_median": 0.17790832441938706,
  "clean_ssim_q25": 0.16105561997119147,
  "clean_ssim_q75": 0.20851218808374877,
  "adv_ssim_mean": 0.15105945037732438,
  "adv_ssim_ci95": 0.019548642141630244,
  "adv_ssim_median": 0.14868345609809946,
  "adv_ssim_q25": 0.10784465721408673,
  "adv_ssim_q75": 0.18259881932245042,
  "pred_shift_rel_l2_mean": 0.4513450260274112,
  "pred_shift_rel_l2_ci95": 0.06371031950180797,
  "pred_shift_rel_l2_median": 0.4372774213552475,
  "pred_shift_rel_l2_q25": 0.3569369837641716,
  "pred_shift_rel_l2_q75": 0.5264909267425537,
  "init_shift_rel_l2_mean": 0.04095043824054301,
  "init_shift_rel_l2_ci95": 0.0023799403527673567,
  "init_shift_rel_l2_median": 0.039865024387836456,
  "init_shift_rel_l2_q25": 0.036145894788205624,
  "init_shift_rel_l2_q75": 0.045092495158314705,
  "delta_l2_mean": 11.583845496177673,
  "delta_l2_ci95": 2.5810951370961006,
  "delta_l2_median": 10.538117408752441,
  "delta_l2_q25": 7.58511757850647,
  "delta_l2_q75": 12.924726724624634,
  "delta_linf_mean": 0.23590090172365308,
  "delta_linf_ci95": 0.050700601088775714,
  "delta_linf_median": 0.2065640613436699,
  "delta_linf_q25": 0.15136373788118362,
  "delta_linf_q75": 0.2613692209124565,
  "delta_mean_abs_mean": 0.04186154855415225,
  "delta_mean_abs_ci95": 0.009625877278383814,
  "delta_mean_abs_median": 0.03735094517469406,
  "delta_mean_abs_q25": 0.025881142355501652,
  "delta_mean_abs_q75": 0.047053007408976555,
  "delta_rel_l2_mean": 0.010000005290682824,
  "delta_rel_l2_ci95": 5.48766247248682e-10,
  "delta_rel_l2_median": 0.0100000050305832,
  "delta_rel_l2_q25": 0.010000004344505653,
  "delta_rel_l2_q75": 0.01000000615782095,
  "success_rel_l2_mean": 0.25,
  "success_rel_l2_ci95": 0.1524318991253725,
  "success_rel_l2_median": 0.0,
  "success_rel_l2_q25": 0.0,
  "success_rel_l2_q75": 0.25,
  "success_mse_mean": 0.28125,
  "success_mse_ci95": 0.1582743063430925,
  "success_mse_median": 0.0,
  "success_mse_q25": 0.0,
  "success_mse_q75": 1.0,
  "clean_e_ran_l2_mean": 9.003265250474215,
  "clean_e_ran_l2_ci95": 1.6267428034847022,
  "clean_e_ran_l2_median": 8.86169147491455,
  "clean_e_ran_l2_q25": 6.328351855278015,
  "clean_e_ran_l2_q75": 11.182336330413818,
  "clean_e_nul_l2_mean": 0.1404148784931749,
  "clean_e_nul_l2_ci95": 0.02060681905031728,
  "clean_e_nul_l2_median": 0.13802596181631088,
  "clean_e_nul_l2_q25": 0.09527385234832764,
  "clean_e_nul_l2_q75": 0.18846970796585083,
  "clean_e_ran_frac_mean": 0.9998057178276969,
  "clean_e_ran_frac_ci95": 8.906641631256154e-05,
  "clean_e_ran_frac_median": 0.9998848297198222,
  "clean_e_ran_frac_q25": 0.9998347813222227,
  "clean_e_ran_frac_q75": 0.9999201573525427,
  "clean_e_nul_frac_mean": 0.017763479625379462,
  "clean_e_nul_frac_ci95": 0.0030055097963264756,
  "clean_e_nul_frac_median": 0.015171436953999874,
  "clean_e_nul_frac_q25": 0.012631723006693841,
  "clean_e_nul_frac_q75": 0.018174202085779294,
  "adv_e_ran_l2_mean": 9.038017559796572,
  "adv_e_ran_l2_ci95": 1.631211901330232,
  "adv_e_ran_l2_median": 8.884710311889648,
  "adv_e_ran_l2_q25": 6.368151664733887,
  "adv_e_ran_l2_q75": 11.21038293838501,
  "adv_e_nul_l2_mean": 7.908873651176691,
  "adv_e_nul_l2_ci95": 2.3341076174487894,
  "adv_e_nul_l2_median": 6.416413068771362,
  "adv_e_nul_l2_q25": 4.28596293926239,
  "adv_e_nul_l2_q75": 9.037344455718994,
  "adv_e_ran_frac_mean": 0.7725419956442312,
  "adv_e_ran_frac_ci95": 0.0465230195864425,
  "adv_e_ran_frac_median": 0.8292744521315649,
  "adv_e_ran_frac_q25": 0.6920122749288637,
  "adv_e_ran_frac_q75": 0.8568232523950768,
  "adv_e_nul_frac_mean": 0.5980118266509069,
  "adv_e_nul_frac_ci95": 0.059005161633467855,
  "adv_e_nul_frac_median": 0.5588405756616044,
  "adv_e_nul_frac_q25": 0.5155848453095533,
  "adv_e_nul_frac_q75": 0.7212946819595798,
  "attack_runtime_total_sec": 73.89650393277407,
  "attack_runtime_per_example_sec": 2.3092657478991896,
  "model_name": "nsn",
  "attack_name": "adam",
  "norm": "l2",
  "eps": 0.01,
  "eps_actual": 12.769250320068359,
  "eps_budget_mode": "per_sample_l2",
  "attack_init_mode": "exact",
  "eval_init_mode": "exact"
}