{
  "num_examples": 32,
  "gt_norm_mean": 19.554032936692238,
  "gt_norm_ci95": 3.175656556464896,
  "gt_norm_median": 19.43148136138916,
  "gt_norm_q25": 13.664082050323486,
  "gt_norm_q75": 22.861806869506836,
  "clean_mse_mean": 0.00026567452528070135,
  "clean_mse_ci95": 6.432926170533863e-05,
  "clean_mse_median": 0.0002584782778285444,
  "clean_mse_q25": 0.00010624203423503786,
  "clean_mse_q75": 0.00033532691304571927,
  "adv_mse_mean": 0.008227848034948693,
  "adv_mse_ci95": 0.004979193380661803,
  "adv_mse_median": 0.003385963849723339,
  "adv_mse_q25": 0.002036138845141977,
  "adv_mse_q75": 0.007524165790528059,
  "mse_ratio_mean": 23.511510217370567,
  "mse_ratio_ci95": 7.145287493453764,
  "mse_ratio_median": 17.326835945597452,
  "mse_ratio_q25": 9.447172547160047,
  "mse_ratio_q75": 30.08938473561039,
  "clean_rel_l2_mean": 0.10566292330622673,
  "clean_rel_l2_ci95": 0.006199647105670782,
  "clean_rel_l2_median": 0.104661975055933,
  "clean_rel_l2_q25": 0.09610028564929962,
  "clean_rel_l2_q75": 0.11224446073174477,
  "adv_rel_l2_mean": 0.4418515330180526,
  "adv_rel_l2_ci95": 0.05029675186735437,
  "adv_rel_l2_median": 0.42218926548957825,
  "adv_rel_l2_q25": 0.34247950464487076,
  "adv_rel_l2_q75": 0.5569918751716614,
  "rel_l2_ratio_mean": 4.441329468355048,
  "rel_l2_ratio_ci95": 0.6849698661549893,
  "rel_l2_ratio_median": 4.16247608332244,
  "rel_l2_ratio_q25": 3.0735863894726534,
  "rel_l2_ratio_q75": 5.485130445408959,
  "clean_psnr_mean": 32.525919010126216,
  "clean_psnr_ci95": 0.5163817660070772,
  "clean_psnr_median": 32.612159844657945,
  "clean_psnr_q25": 31.690702323403492,
  "clean_psnr_q75": 33.81583856855497,
  "adv_psnr_mean": 20.47535122120503,
  "adv_psnr_ci95": 1.73702769473877,
  "adv_psnr_median": 21.166567525064217,
  "adv_psnr_q25": 16.81477140848165,
  "adv_psnr_q75": 24.63917521069015,
  "clean_ssim_mean": 0.8976910951445387,
  "clean_ssim_ci95": 0.018496159420789866,
  "clean_ssim_median": 0.9057646284276082,
  "clean_ssim_q25": 0.88879670807757,
  "clean_ssim_q75": 0.9352546233199642,
  "adv_ssim_mean": 0.5052794410495434,
  "adv_ssim_ci95": 0.06098422920818061,
  "adv_ssim_median": 0.5005659231643894,
  "adv_ssim_q25": 0.35510594636012904,
  "adv_ssim_q75": 0.643631267759901,
  "pred_shift_rel_l2_mean": 0.4275687007466331,
  "pred_shift_rel_l2_ci95": 0.05635543301017872,
  "pred_shift_rel_l2_median": 0.41475287079811096,
  "pred_shift_rel_l2_q25": 0.3281738758087158,
  "pred_shift_rel_l2_q75": 0.5549041777849197,
  "init_shift_rel_l2_mean": 0.0409832646837458,
  "init_shift_rel_l2_ci95": 0.0023519371231084008,
  "init_shift_rel_l2_median": 0.039201607927680016,
  "init_shift_rel_l2_q25": 0.03633074928075075,
  "init_shift_rel_l2_q75": 0.044694884680211544,
  "delta_l2_mean": 11.583845488727093,
  "delta_l2_ci95": 2.5810951847847963,
  "delta_l2_median": 10.538117408752441,
  "delta_l2_q25": 7.58511745929718,
  "delta_l2_q75": 12.92472505569458,
  "delta_linf_mean": 0.2376836291514337,
  "delta_linf_ci95": 0.05277443737588872,
  "delta_linf_median": 0.2076798975467682,
  "delta_linf_q25": 0.14743661507964134,
  "delta_linf_q75": 0.2618865892291069,
  "delta_mean_abs_mean": 0.04188104547210969,
  "delta_mean_abs_ci95": 0.009579293101646371,
  "delta_mean_abs_median": 0.03815755806863308,
  "delta_mean_abs_q25": 0.027018198743462563,
  "delta_mean_abs_q75": 0.047338856384158134,
  "delta_rel_l2_mean": 0.01000000517138172,
  "delta_rel_l2_ci95": 5.427268225598968e-10,
  "delta_rel_l2_median": 0.010000004932417237,
  "delta_rel_l2_q25": 0.010000003885019947,
  "delta_rel_l2_q75": 0.010000005843183567,
  "success_rel_l2_mean": 0.96875,
  "success_rel_l2_ci95": 0.06124999999999999,
  "success_rel_l2_median": 1.0,
  "success_rel_l2_q25": 1.0,
  "success_rel_l2_q75": 1.0,
  "success_mse_mean": 0.96875,
  "success_mse_ci95": 0.06124999999999999,
  "success_mse_median": 1.0,
  "success_mse_q25": 1.0,
  "success_mse_q75": 1.0,
  "clean_e_ran_l2_mean": 1.4532191734761,
  "clean_e_ran_l2_ci95": 0.2000973269966429,
  "clean_e_ran_l2_median": 1.5127142071723938,
  "clean_e_ran_l2_q25": 0.9548222720623016,
  "clean_e_ran_l2_q75": 1.6509729623794556,
  "clean_e_nul_l2_mean": 1.3124435804784298,
  "clean_e_nul_l2_ci95": 0.1555943799234541,
  "clean_e_nul_l2_median": 1.3449245691299438,
  "clean_e_nul_l2_q25": 0.9415098428726196,
  "clean_e_nul_l2_q75": 1.6041132807731628,
  "clean_e_ran_frac_mean": 0.7341794180506468,
  "clean_e_ran_frac_ci95": 0.01818112314797396,
  "clean_e_ran_frac_median": 0.7339697694740155,
  "clean_e_ran_frac_q25": 0.7062641252842922,
  "clean_e_ran_frac_q75": 0.7637990415918998,
  "clean_e_nul_frac_mean": 0.6747174634543467,
  "clean_e_nul_frac_ci95": 0.0195034238284467,
  "clean_e_nul_frac_median": 0.6791810629424655,
  "clean_e_nul_frac_q25": 0.6454536987692115,
  "clean_e_nul_frac_q75": 0.7079457634274284,
  "adv_e_ran_l2_mean": 5.701704204082489,
  "adv_e_ran_l2_ci95": 1.663714293973451,
  "adv_e_ran_l2_median": 4.37404727935791,
  "adv_e_ran_l2_q25": 3.3134806156158447,
  "adv_e_ran_l2_q75": 7.008267283439636,
  "adv_e_nul_l2_mean": 7.331365533173084,
  "adv_e_nul_l2_ci95": 1.8022452540598823,
  "adv_e_nul_l2_median": 6.137436151504517,
  "adv_e_nul_l2_q25": 4.726071357727051,
  "adv_e_nul_l2_q75": 8.572790622711182,
  "adv_e_ran_frac_mean": 0.5974304202305198,
  "adv_e_ran_frac_ci95": 0.026052238783961717,
  "adv_e_ran_frac_median": 0.5953764728166646,
  "adv_e_ran_frac_q25": 0.5636282218791531,
  "adv_e_ran_frac_q75": 0.6377568332501949,
  "adv_e_nul_frac_mean": 0.7965651265062175,
  "adv_e_nul_frac_ci95": 0.019549206102012218,
  "adv_e_nul_frac_median": 0.8034467313225713,
  "adv_e_nul_frac_q25": 0.770232024414335,
  "adv_e_nul_frac_q75": 0.8260277017782067,
  "attack_runtime_total_sec": 275.6455196291208,
  "attack_runtime_per_example_sec": 8.613922488410026,
  "model_name": "nsn",
  "attack_name": "adam",
  "norm": "l2",
  "eps": 0.01,
  "eps_actual": 12.769250320068359,
  "eps_budget_mode": "per_sample_l2",
  "attack_init_mode": "exact",
  "eval_init_mode": "exact"
}