{
  "num_examples": 32,
  "gt_norm_mean": 19.554032936692238,
  "gt_norm_ci95": 3.175656556464896,
  "gt_norm_median": 19.43148136138916,
  "gt_norm_q25": 13.664082050323486,
  "gt_norm_q75": 22.861806869506836,
  "clean_mse_mean": 0.00026567452528070135,
  "clean_mse_ci95": 6.432926170533863e-05,
  "clean_mse_median": 0.0002584782778285444,
  "clean_mse_q25": 0.00010624203423503786,
  "clean_mse_q75": 0.00033532691304571927,
  "adv_mse_mean": 0.31067730399081483,
  "adv_mse_ci95": 0.158631989877823,
  "adv_mse_median": 0.16440144181251526,
  "adv_mse_q25": 0.08920333161950111,
  "adv_mse_q75": 0.27632052451372147,
  "mse_ratio_mean": 939.4611873974145,
  "mse_ratio_ci95": 217.94773538102066,
  "mse_ratio_median": 812.4838574375387,
  "mse_ratio_q25": 528.0222403795103,
  "mse_ratio_q75": 1090.6132050019023,
  "clean_rel_l2_mean": 0.10566292330622673,
  "clean_rel_l2_ci95": 0.006199647105670782,
  "clean_rel_l2_median": 0.104661975055933,
  "clean_rel_l2_q25": 0.09610028564929962,
  "clean_rel_l2_q75": 0.11224446073174477,
  "adv_rel_l2_mean": 2.9458934105932713,
  "adv_rel_l2_ci95": 0.20931675097777463,
  "adv_rel_l2_median": 2.8225748538970947,
  "adv_rel_l2_q25": 2.586287200450897,
  "adv_rel_l2_q75": 3.2832809686660767,
  "rel_l2_ratio_mean": 29.151466963127746,
  "rel_l2_ratio_ci95": 3.333175795619366,
  "rel_l2_ratio_median": 28.487797057998897,
  "rel_l2_ratio_q25": 22.978715652072374,
  "rel_l2_ratio_q75": 33.016557484347615,
  "clean_psnr_mean": 32.525919010126216,
  "clean_psnr_ci95": 0.5163817660070772,
  "clean_psnr_median": 32.612159844657945,
  "clean_psnr_q25": 31.690702323403492,
  "clean_psnr_q75": 33.81583856855497,
  "adv_psnr_mean": 3.6899304052765567,
  "adv_psnr_ci95": 1.375664746083359,
  "adv_psnr_median": 4.661549506203686,
  "adv_psnr_q25": 1.4520337413684725,
  "adv_psnr_q75": 6.763854690338454,
  "clean_ssim_mean": 0.8976910951445387,
  "clean_ssim_ci95": 0.018496159420789866,
  "clean_ssim_median": 0.9057646284276082,
  "clean_ssim_q25": 0.88879670807757,
  "clean_ssim_q75": 0.9352546233199642,
  "adv_ssim_mean": 0.09252427038221259,
  "adv_ssim_ci95": 0.017390979702096625,
  "adv_ssim_median": 0.08851523134439507,
  "adv_ssim_q25": 0.05544686951909891,
  "adv_ssim_q75": 0.11784794957849754,
  "pred_shift_rel_l2_mean": 2.9822959415614605,
  "pred_shift_rel_l2_ci95": 0.2089464502576041,
  "pred_shift_rel_l2_median": 2.8527625799179077,
  "pred_shift_rel_l2_q25": 2.616066038608551,
  "pred_shift_rel_l2_q75": 3.3158780336380005,
  "init_shift_rel_l2_mean": 0.20322658866643906,
  "init_shift_rel_l2_ci95": 0.012287166492826577,
  "init_shift_rel_l2_median": 0.19476351141929626,
  "init_shift_rel_l2_q25": 0.1797918900847435,
  "init_shift_rel_l2_q75": 0.2241731472313404,
  "delta_l2_mean": 57.91923087835312,
  "delta_l2_ci95": 12.905477253037445,
  "delta_l2_median": 52.690589904785156,
  "delta_l2_q25": 37.925588607788086,
  "delta_l2_q75": 64.6236343383789,
  "delta_linf_mean": 1.090549840591848,
  "delta_linf_ci95": 0.23103367597308866,
  "delta_linf_median": 0.9483534395694733,
  "delta_linf_q25": 0.7516141384840012,
  "delta_linf_q75": 1.2426179349422455,
  "delta_mean_abs_mean": 0.21436124749016017,
  "delta_mean_abs_ci95": 0.04785229142509808,
  "delta_mean_abs_median": 0.19578108936548233,
  "delta_mean_abs_q25": 0.13961518183350563,
  "delta_mean_abs_q75": 0.23928408697247505,
  "delta_rel_l2_mean": 0.05000002862274492,
  "delta_rel_l2_ci95": 2.5961067900718063e-09,
  "delta_rel_l2_median": 0.050000027467645605,
  "delta_rel_l2_q25": 0.050000024834195085,
  "delta_rel_l2_q75": 0.050000031328213346,
  "success_rel_l2_mean": 1.0,
  "success_rel_l2_ci95": 0.0,
  "success_rel_l2_median": 1.0,
  "success_rel_l2_q25": 1.0,
  "success_rel_l2_q75": 1.0,
  "success_mse_mean": 1.0,
  "success_mse_ci95": 0.0,
  "success_mse_median": 1.0,
  "success_mse_q25": 1.0,
  "success_mse_q75": 1.0,
  "clean_e_ran_l2_mean": 1.4532191734761,
  "clean_e_ran_l2_ci95": 0.2000973269966429,
  "clean_e_ran_l2_median": 1.5127142071723938,
  "clean_e_ran_l2_q25": 0.9548222720623016,
  "clean_e_ran_l2_q75": 1.6509729623794556,
  "clean_e_nul_l2_mean": 1.3124435804784298,
  "clean_e_nul_l2_ci95": 0.1555943799234541,
  "clean_e_nul_l2_median": 1.3449245691299438,
  "clean_e_nul_l2_q25": 0.9415098428726196,
  "clean_e_nul_l2_q75": 1.6041132807731628,
  "clean_e_ran_frac_mean": 0.7341794180506468,
  "clean_e_ran_frac_ci95": 0.01818112314797396,
  "clean_e_ran_frac_median": 0.7339697694740155,
  "clean_e_ran_frac_q25": 0.7062641252842922,
  "clean_e_ran_frac_q75": 0.7637990415918998,
  "clean_e_nul_frac_mean": 0.6747174634543467,
  "clean_e_nul_frac_ci95": 0.0195034238284467,
  "clean_e_nul_frac_median": 0.6791810629424655,
  "clean_e_nul_frac_q25": 0.6454536987692115,
  "clean_e_nul_frac_q75": 0.7079457634274284,
  "adv_e_ran_l2_mean": 38.55054968595505,
  "adv_e_ran_l2_ci95": 8.366693135426544,
  "adv_e_ran_l2_median": 33.796104431152344,
  "adv_e_ran_l2_q25": 24.59001350402832,
  "adv_e_ran_l2_q75": 45.27561092376709,
  "adv_e_nul_l2_mean": 46.284908562898636,
  "adv_e_nul_l2_ci95": 10.542104557853852,
  "adv_e_nul_l2_median": 40.647132873535156,
  "adv_e_nul_l2_q25": 28.988181114196777,
  "adv_e_nul_l2_q75": 50.37455463409424,
  "adv_e_ran_frac_mean": 0.6389310711560329,
  "adv_e_ran_frac_ci95": 0.01706796230656793,
  "adv_e_ran_frac_median": 0.6346027575921713,
  "adv_e_ran_frac_q25": 0.616896474267356,
  "adv_e_ran_frac_q75": 0.6701594172431633,
  "adv_e_nul_frac_mean": 0.7665974200541409,
  "adv_e_nul_frac_ci95": 0.014704018164411033,
  "adv_e_nul_frac_median": 0.7728373535994495,
  "adv_e_nul_frac_q25": 0.7422074953538099,
  "adv_e_nul_frac_q75": 0.7870366898037994,
  "attack_runtime_total_sec": 275.5526334196329,
  "attack_runtime_per_example_sec": 8.611019794363528,
  "model_name": "nsn",
  "attack_name": "adam",
  "norm": "l2",
  "eps": 0.05,
  "eps_actual": 63.846251600341795,
  "eps_budget_mode": "per_sample_l2",
  "attack_init_mode": "exact",
  "eval_init_mode": "exact"
}