{
  "num_examples": 32,
  "gt_norm_mean": 19.554032936692238,
  "gt_norm_ci95": 3.175656556464896,
  "gt_norm_median": 19.43148136138916,
  "gt_norm_q25": 13.664082050323486,
  "gt_norm_q75": 22.861806869506836,
  "clean_mse_mean": 0.00625221734162551,
  "clean_mse_ci95": 0.002343699229532902,
  "clean_mse_median": 0.004796583671122789,
  "clean_mse_q25": 0.002446916711051017,
  "clean_mse_q75": 0.007639780407771468,
  "adv_mse_mean": 0.19591031083837152,
  "adv_mse_ci95": 0.09626145229561274,
  "adv_mse_median": 0.12602626159787178,
  "adv_mse_q25": 0.06738352589309216,
  "adv_mse_q75": 0.17725056782364845,
  "mse_ratio_mean": 34.05374090501551,
  "mse_ratio_ci95": 8.010975958864716,
  "mse_ratio_median": 24.245130295606764,
  "mse_ratio_q25": 19.01096356224521,
  "mse_ratio_q75": 41.85100675726507,
  "clean_rel_l2_mean": 0.4527448872104287,
  "clean_rel_l2_ci95": 0.033662529492583075,
  "clean_rel_l2_median": 0.47681303322315216,
  "clean_rel_l2_q25": 0.39657796174287796,
  "clean_rel_l2_q75": 0.505777046084404,
  "adv_rel_l2_mean": 2.399263996630907,
  "adv_rel_l2_ci95": 0.15363148341574742,
  "adv_rel_l2_median": 2.3174314498901367,
  "adv_rel_l2_q25": 2.161113440990448,
  "adv_rel_l2_q75": 2.591529369354248,
  "rel_l2_ratio_mean": 5.578571960320032,
  "rel_l2_ratio_ci95": 0.6029088712361586,
  "rel_l2_ratio_median": 4.9217676385985225,
  "rel_l2_ratio_q25": 4.360141449178974,
  "rel_l2_ratio_q75": 6.467792485543729,
  "clean_psnr_mean": 20.00492661661705,
  "clean_psnr_ci95": 1.088123313613076,
  "clean_psnr_median": 20.211312118627866,
  "clean_psnr_q25": 18.26064963921863,
  "clean_psnr_q75": 21.929352073111964,
  "adv_psnr_mean": 5.42986940774065,
  "adv_psnr_ci95": 1.2614827406801044,
  "adv_psnr_median": 6.1773762073303455,
  "adv_psnr_q25": 3.2095853890506825,
  "adv_psnr_q75": 8.319444092473368,
  "clean_ssim_mean": 0.1853855925293058,
  "clean_ssim_ci95": 0.0185132567263006,
  "clean_ssim_median": 0.17790832441938706,
  "clean_ssim_q25": 0.16105561997119147,
  "clean_ssim_q75": 0.20851218808374877,
  "adv_ssim_mean": 0.03428447564476873,
  "adv_ssim_ci95": 0.00824153815589356,
  "adv_ssim_median": 0.0272547340722135,
  "adv_ssim_q25": 0.020693723156522754,
  "adv_ssim_q75": 0.038506106529050885,
  "pred_shift_rel_l2_mean": 2.867015991359949,
  "pred_shift_rel_l2_ci95": 0.2042259473067248,
  "pred_shift_rel_l2_median": 2.735244393348694,
  "pred_shift_rel_l2_q25": 2.5077221989631653,
  "pred_shift_rel_l2_q75": 3.3863441944122314,
  "init_shift_rel_l2_mean": 0.20350820664316416,
  "init_shift_rel_l2_ci95": 0.012294394659029012,
  "init_shift_rel_l2_median": 0.19453030824661255,
  "init_shift_rel_l2_q25": 0.1784837692975998,
  "init_shift_rel_l2_q75": 0.22539399191737175,
  "delta_l2_mean": 57.91923123598099,
  "delta_l2_ci95": 12.905476785980753,
  "delta_l2_median": 52.69058799743652,
  "delta_l2_q25": 37.92558765411377,
  "delta_l2_q75": 64.6236343383789,
  "delta_linf_mean": 1.052421472966671,
  "delta_linf_ci95": 0.22782387269321905,
  "delta_linf_median": 0.9512107670307159,
  "delta_linf_q25": 0.6663469970226288,
  "delta_linf_q75": 1.2507478892803192,
  "delta_mean_abs_mean": 0.21768876526039094,
  "delta_mean_abs_ci95": 0.048503475943116235,
  "delta_mean_abs_median": 0.19803033769130707,
  "delta_mean_abs_q25": 0.1422712653875351,
  "delta_mean_abs_q75": 0.24296952784061432,
  "delta_rel_l2_mean": 0.050000029116033476,
  "delta_rel_l2_ci95": 2.4045765798162952e-09,
  "delta_rel_l2_median": 0.05000002831776637,
  "delta_rel_l2_q25": 0.050000025112287586,
  "delta_rel_l2_q75": 0.050000030763119443,
  "success_rel_l2_mean": 1.0,
  "success_rel_l2_ci95": 0.0,
  "success_rel_l2_median": 1.0,
  "success_rel_l2_q25": 1.0,
  "success_rel_l2_q75": 1.0,
  "success_mse_mean": 1.0,
  "success_mse_ci95": 0.0,
  "success_mse_median": 1.0,
  "success_mse_q25": 1.0,
  "success_mse_q75": 1.0,
  "clean_e_ran_l2_mean": 9.003265250474215,
  "clean_e_ran_l2_ci95": 1.6267428034847022,
  "clean_e_ran_l2_median": 8.86169147491455,
  "clean_e_ran_l2_q25": 6.328351855278015,
  "clean_e_ran_l2_q75": 11.182336330413818,
  "clean_e_nul_l2_mean": 0.1404148784931749,
  "clean_e_nul_l2_ci95": 0.02060681905031728,
  "clean_e_nul_l2_median": 0.13802596181631088,
  "clean_e_nul_l2_q25": 0.09527385234832764,
  "clean_e_nul_l2_q75": 0.18846970796585083,
  "clean_e_ran_frac_mean": 0.9998057178276969,
  "clean_e_ran_frac_ci95": 8.906641631256154e-05,
  "clean_e_ran_frac_median": 0.9998848297198222,
  "clean_e_ran_frac_q25": 0.9998347813222227,
  "clean_e_ran_frac_q75": 0.9999201573525427,
  "clean_e_nul_frac_mean": 0.017763479625379462,
  "clean_e_nul_frac_ci95": 0.0030055097963264756,
  "clean_e_nul_frac_median": 0.015171436953999874,
  "clean_e_nul_frac_q25": 0.012631723006693841,
  "clean_e_nul_frac_q75": 0.018174202085779294,
  "adv_e_ran_l2_mean": 9.610475525259972,
  "adv_e_ran_l2_ci95": 1.743777415796759,
  "adv_e_ran_l2_median": 9.250757694244385,
  "adv_e_ran_l2_q25": 6.72478711605072,
  "adv_e_ran_l2_q75": 11.645923137664795,
  "adv_e_nul_l2_mean": 47.74364683032036,
  "adv_e_nul_l2_ci95": 10.04009769081335,
  "adv_e_nul_l2_median": 44.55751991271973,
  "adv_e_nul_l2_q25": 32.375670433044434,
  "adv_e_nul_l2_q75": 52.765828132629395,
  "adv_e_ran_frac_mean": 0.20532014857733522,
  "adv_e_ran_frac_ci95": 0.015733538034424437,
  "adv_e_ran_frac_median": 0.21234332788157897,
  "adv_e_ran_frac_q25": 0.17191097391082205,
  "adv_e_ran_frac_q75": 0.23637735783285924,
  "adv_e_nul_frac_mean": 0.9776295936681108,
  "adv_e_nul_frac_ci95": 0.0032731009588776038,
  "adv_e_nul_frac_median": 0.9771731970085038,
  "adv_e_nul_frac_q25": 0.9716609332455999,
  "adv_e_nul_frac_q75": 0.9851106648832509,
  "attack_runtime_total_sec": 73.8689306974411,
  "attack_runtime_per_example_sec": 2.3084040842950344,
  "model_name": "nsn",
  "attack_name": "adam",
  "norm": "l2",
  "eps": 0.05,
  "eps_actual": 63.846251600341795,
  "eps_budget_mode": "per_sample_l2",
  "attack_init_mode": "exact",
  "eval_init_mode": "exact"
}