{
  "num_examples": 32,
  "clean_mse_mean": 0.002384343765754693,
  "clean_mse_ci95": 0.0012484645570725948,
  "clean_mse_median": 0.000825536553747952,
  "adv_mse_mean": 0.0023843431017240846,
  "adv_mse_ci95": 0.0012484637120605446,
  "adv_mse_median": 0.0008255369029939175,
  "mse_ratio_mean": 0.9999978238562307,
  "mse_ratio_ci95": 3.955870245504784e-06,
  "mse_ratio_median": 0.9999999388660468,
  "clean_rel_l2_mean": 0.42651024233816587,
  "clean_rel_l2_ci95": 0.03419670182110517,
  "clean_rel_l2_median": 0.4390506274158818,
  "adv_rel_l2_mean": 0.4265096713160105,
  "adv_rel_l2_ci95": 0.03419646925287895,
  "adv_rel_l2_median": 0.4390506623851204,
  "rel_l2_ratio_mean": 0.999998917967741,
  "rel_l2_ratio_ci95": 1.974643142269454e-06,
  "rel_l2_ratio_median": 0.9999999678710875,
  "clean_psnr_mean": 27.303833225209914,
  "clean_psnr_ci95": 2.7574889258642505,
  "clean_psnr_median": 25.76311603895051,
  "adv_psnr_mean": 27.303842643658772,
  "adv_psnr_ci95": 2.757495333409427,
  "adv_psnr_median": 25.763112911082608,
  "clean_ssim_mean": 0.4682523547816079,
  "clean_ssim_ci95": 0.0918987739801654,
  "clean_ssim_median": 0.36344157057081405,
  "adv_ssim_mean": 0.4682523495703096,
  "adv_ssim_ci95": 0.09189851885399783,
  "adv_ssim_median": 0.36344691927441797,
  "pred_shift_rel_l2_mean": 0.00045395073812286323,
  "pred_shift_rel_l2_ci95": 0.00015076504565774307,
  "pred_shift_rel_l2_median": 0.0002836853337024735,
  "init_shift_rel_l2_mean": 2.903742203336485e-06,
  "init_shift_rel_l2_ci95": 3.750007044138225e-07,
  "init_shift_rel_l2_median": 3.0977550137057152e-06,
  "delta_l2_mean": 0.0003223265070531056,
  "delta_l2_ci95": 0.00010560443159152172,
  "delta_l2_median": 0.00020642190793296322,
  "delta_linf_mean": 3.006968108820729e-05,
  "delta_linf_ci95": 9.325653491999319e-06,
  "delta_linf_median": 2.09808349609375e-05,
  "delta_mean_abs_mean": 7.322325530634277e-07,
  "delta_mean_abs_ci95": 2.489752679323097e-07,
  "delta_mean_abs_median": 4.4943752186554775e-07,
  "success_rel_l2_mean": 0.0,
  "success_rel_l2_ci95": 0.0,
  "success_rel_l2_median": 0.0,
  "success_mse_mean": 0.0,
  "success_mse_ci95": 0.0,
  "success_mse_median": 0.0,
  "clean_e_ran_l2_mean": 4.812466269824654,
  "clean_e_ran_l2_ci95": 1.4008151170661514,
  "clean_e_ran_l2_median": 3.6725311279296875,
  "clean_e_nul_l2_mean": 0.2024524057051167,
  "clean_e_nul_l2_ci95": 0.06048590776900883,
  "clean_e_nul_l2_median": 0.14380311965942383,
  "clean_e_ran_frac_mean": 0.9880891282959938,
  "clean_e_ran_frac_ci95": 0.011899140047961141,
  "clean_e_ran_frac_median": 0.9992951392844335,
  "clean_e_nul_frac_mean": 0.08626869444844198,
  "clean_e_nul_frac_ci95": 0.04325064339522945,
  "clean_e_nul_frac_median": 0.0375324620972722,
  "adv_e_ran_l2_mean": 4.812466115690768,
  "adv_e_ran_l2_ci95": 1.4008150803967654,
  "adv_e_ran_l2_median": 3.6725311279296875,
  "adv_e_nul_l2_mean": 0.20244474220089614,
  "adv_e_nul_l2_ci95": 0.06047875781836658,
  "adv_e_nul_l2_median": 0.14383674412965775,
  "adv_e_ran_frac_mean": 0.9880900586043792,
  "adv_e_ran_frac_ci95": 0.01189832539711837,
  "adv_e_ran_frac_median": 0.9992951632588987,
  "adv_e_nul_frac_mean": 0.08626571451850787,
  "adv_e_nul_frac_ci95": 0.04324894339046572,
  "adv_e_nul_frac_median": 0.03752776811458203,
  "attack_runtime_total_sec": 8.315282255411148,
  "attack_runtime_per_example_sec": 0.2598525704815984,
  "model_name": "nsn",
  "attack_name": "adam",
  "norm": "l2",
  "eps": 1.0,
  "attack_init_mode": "surrogate",
  "eval_init_mode": "exact"
}