{
  "num_examples": 8,
  "clean_mse_mean": 0.0023097304469956725,
  "clean_mse_ci95": 0.004213242952713439,
  "clean_mse_median": 9.645995669416152e-05,
  "adv_mse_mean": 9.651760220527649,
  "adv_mse_ci95": 4.06844809022512,
  "adv_mse_median": 8.469523191452026,
  "mse_ratio_mean": 98201.30436209444,
  "mse_ratio_ci95": 74866.93382949173,
  "mse_ratio_median": 62558.0663039536,
  "clean_rel_l2_mean": 0.1527661726716814,
  "clean_rel_l2_ci95": 0.07618284088898558,
  "clean_rel_l2_median": 0.12656040799241203,
  "adv_rel_l2_mean": 32.90974377538172,
  "adv_rel_l2_ci95": 18.776551349528077,
  "adv_rel_l2_median": 22.383001838121466,
  "rel_l2_ratio_mean": 268.3153692805205,
  "rel_l2_ratio_ci95": 119.92930954953746,
  "rel_l2_ratio_median": 243.4019668769163,
  "clean_psnr_mean": 36.650636578211746,
  "clean_psnr_ci95": 5.803226194913929,
  "clean_psnr_median": 40.24819161560019,
  "adv_psnr_mean": -9.083118644794233,
  "adv_psnr_ci95": 1.9808686109692384,
  "adv_psnr_median": -9.148258003732757,
  "clean_ssim_mean": 0.8603590354690501,
  "clean_ssim_ci95": 0.08650483133705164,
  "clean_ssim_median": 0.9158741174137095,
  "adv_ssim_mean": 0.004001338802030191,
  "adv_ssim_ci95": 0.0023520823743652716,
  "adv_ssim_median": 0.0033305814790313437,
  "pred_shift_rel_l2_mean": 33.89967518043515,
  "pred_shift_rel_l2_ci95": 19.1708188056148,
  "pred_shift_rel_l2_median": 22.355914951607165,
  "init_shift_rel_l2_mean": 4.2889979072359745,
  "init_shift_rel_l2_ci95": 2.1527135271432147,
  "init_shift_rel_l2_median": 2.562300063619142,
  "delta_l2_mean": 785.2229690551758,
  "delta_l2_ci95": 37.14468438107169,
  "delta_l2_median": 810.3306884765625,
  "delta_linf_mean": 9.938472151756287,
  "delta_linf_ci95": 0.2869957478211171,
  "delta_linf_median": 9.938265323638916,
  "delta_mean_abs_mean": 2.8184889256954193,
  "delta_mean_abs_ci95": 0.15694291089998955,
  "delta_mean_abs_median": 2.9291776418685913,
  "success_rel_l2_mean": 1.0,
  "success_rel_l2_ci95": 0.0,
  "success_rel_l2_median": 1.0,
  "success_mse_mean": 1.0,
  "success_mse_ci95": 0.0,
  "success_mse_median": 1.0,
  "attack_runtime_total_sec": 2801.881157502532,
  "attack_runtime_per_example_sec": 350.2351446878165,
  "model_name": "dpnsn_res",
  "attack_name": "adam",
  "norm": "l2",
  "eps": 5.0,
  "attack_init_mode": "surrogate",
  "eval_init_mode": "exact"
}