{
  "num_examples": 32,
  "gt_norm_mean": 19.554032936692238,
  "gt_norm_ci95": 3.175656556464896,
  "gt_norm_median": 19.43148136138916,
  "gt_norm_q25": 13.664082050323486,
  "gt_norm_q75": 22.861806869506836,
  "clean_mse_mean": 0.00026567452528070135,
  "clean_mse_ci95": 6.432926170533863e-05,
  "clean_mse_median": 0.0002584782778285444,
  "clean_mse_q25": 0.00010624203423503786,
  "clean_mse_q75": 0.00033532691304571927,
  "adv_mse_mean": 0.00026567045324554783,
  "adv_mse_ci95": 6.432661422712867e-05,
  "adv_mse_median": 0.00025848663062788546,
  "adv_mse_q25": 0.00010623997150105424,
  "adv_mse_q75": 0.00033532658562762663,
  "mse_ratio_mean": 0.9999945473051809,
  "mse_ratio_ci95": 1.6947654325941976e-05,
  "mse_ratio_median": 1.0000052742206373,
  "mse_ratio_q25": 0.9999599481124668,
  "mse_ratio_q75": 1.0000277462428515,
  "clean_rel_l2_mean": 0.10566292330622673,
  "clean_rel_l2_ci95": 0.006199647105670782,
  "clean_rel_l2_median": 0.104661975055933,
  "clean_rel_l2_q25": 0.09610028564929962,
  "clean_rel_l2_q75": 0.11224446073174477,
  "adv_rel_l2_mean": 0.10566276335157454,
  "adv_rel_l2_ci95": 0.006199957175913732,
  "adv_rel_l2_median": 0.10466009378433228,
  "adv_rel_l2_q25": 0.09610147215425968,
  "adv_rel_l2_q75": 0.11224205605685711,
  "rel_l2_ratio_mean": 0.9999972782947177,
  "rel_l2_ratio_ci95": 8.483919770614315e-06,
  "rel_l2_ratio_median": 1.0000026905898538,
  "rel_l2_ratio_q25": 0.9999798352728502,
  "rel_l2_ratio_q75": 1.0000139801896992,
  "clean_psnr_mean": 32.525919010126216,
  "clean_psnr_ci95": 0.5163817660070772,
  "clean_psnr_median": 32.612159844657945,
  "clean_psnr_q25": 31.690702323403492,
  "clean_psnr_q75": 33.81583856855497,
  "adv_psnr_mean": 32.525942744869134,
  "adv_psnr_ci95": 0.5163848249500781,
  "adv_psnr_median": 32.61187061831495,
  "adv_psnr_q25": 31.690822078832138,
  "adv_psnr_q75": 33.816081817251636,
  "clean_ssim_mean": 0.8976910951445387,
  "clean_ssim_ci95": 0.018496159420789866,
  "clean_ssim_median": 0.9057646284276082,
  "clean_ssim_q25": 0.88879670807757,
  "clean_ssim_q75": 0.9352546233199642,
  "adv_ssim_mean": 0.8977113261854641,
  "adv_ssim_ci95": 0.018489669200187457,
  "adv_ssim_median": 0.905772682372831,
  "adv_ssim_q25": 0.8888359386366583,
  "adv_ssim_q75": 0.9352700660852813,
  "pred_shift_rel_l2_mean": 0.0007227792921185028,
  "pred_shift_rel_l2_ci95": 3.8756786503360804e-05,
  "pred_shift_rel_l2_median": 0.0007373917906079441,
  "pred_shift_rel_l2_q25": 0.0006601003697142005,
  "pred_shift_rel_l2_q75": 0.0007688275072723627,
  "init_shift_rel_l2_mean": 0.00099201369266666,
  "init_shift_rel_l2_ci95": 0.00012050376308611027,
  "init_shift_rel_l2_median": 0.0009208022966049612,
  "init_shift_rel_l2_q25": 0.0008132833318086341,
  "init_shift_rel_l2_q75": 0.0011011527967639267,
  "delta_l2_mean": 0.00017586158674021135,
  "delta_l2_ci95": 6.480930389554885e-07,
  "delta_l2_median": 0.00017551879864186049,
  "delta_l2_q25": 0.00017458184083807282,
  "delta_l2_q75": 0.00017742483032634482,
  "delta_linf_mean": 6.506845238618553e-06,
  "delta_linf_ci95": 2.1772510560336598e-07,
  "delta_linf_median": 6.556510925292969e-06,
  "delta_linf_q25": 5.984678864479065e-06,
  "delta_linf_q75": 6.753019988536835e-06,
  "delta_mean_abs_mean": 5.559266522681128e-07,
  "delta_mean_abs_ci95": 7.382573967890722e-09,
  "delta_mean_abs_median": 5.621014338430541e-07,
  "delta_mean_abs_q25": 5.568608258954555e-07,
  "delta_mean_abs_q75": 5.65290022791487e-07,
  "delta_rel_l2_mean": 2.1067223545065856e-07,
  "delta_rel_l2_ci95": 4.440018271786853e-08,
  "delta_rel_l2_median": 1.6710085432531018e-07,
  "delta_rel_l2_q25": 1.37309614449218e-07,
  "delta_rel_l2_q75": 2.320566680306507e-07,
  "success_rel_l2_mean": 0.0,
  "success_rel_l2_ci95": 0.0,
  "success_rel_l2_median": 0.0,
  "success_rel_l2_q25": 0.0,
  "success_rel_l2_q75": 0.0,
  "success_mse_mean": 0.0,
  "success_mse_ci95": 0.0,
  "success_mse_median": 0.0,
  "success_mse_q25": 0.0,
  "success_mse_q75": 0.0,
  "clean_e_ran_l2_mean": 1.4532191734761,
  "clean_e_ran_l2_ci95": 0.2000973269966429,
  "clean_e_ran_l2_median": 1.5127142071723938,
  "clean_e_ran_l2_q25": 0.9548222720623016,
  "clean_e_ran_l2_q75": 1.6509729623794556,
  "clean_e_nul_l2_mean": 1.3124435804784298,
  "clean_e_nul_l2_ci95": 0.1555943799234541,
  "clean_e_nul_l2_median": 1.3449245691299438,
  "clean_e_nul_l2_q25": 0.9415098428726196,
  "clean_e_nul_l2_q75": 1.6041132807731628,
  "clean_e_ran_frac_mean": 0.7341794180506468,
  "clean_e_ran_frac_ci95": 0.01818112314797396,
  "clean_e_ran_frac_median": 0.7339697694740155,
  "clean_e_ran_frac_q25": 0.7062641252842922,
  "clean_e_ran_frac_q75": 0.7637990415918998,
  "clean_e_nul_frac_mean": 0.6747174634543467,
  "clean_e_nul_frac_ci95": 0.0195034238284467,
  "clean_e_nul_frac_median": 0.6791810629424655,
  "clean_e_nul_frac_q25": 0.6454536987692115,
  "clean_e_nul_frac_q75": 0.7079457634274284,
  "adv_e_ran_l2_mean": 1.4531450103968382,
  "adv_e_ran_l2_ci95": 0.20008059774563858,
  "adv_e_ran_l2_median": 1.5126380920410156,
  "adv_e_ran_l2_q25": 0.9547959417104721,
  "adv_e_ran_l2_q75": 1.6508766412734985,
  "adv_e_nul_l2_mean": 1.3125102687627077,
  "adv_e_nul_l2_ci95": 0.1556054466065709,
  "adv_e_nul_l2_median": 1.3449785709381104,
  "adv_e_nul_l2_q25": 0.9415692239999771,
  "adv_e_nul_l2_q75": 1.6041840016841888,
  "adv_e_ran_frac_mean": 0.7341465059374837,
  "adv_e_ran_frac_ci95": 0.018183562273272398,
  "adv_e_ran_frac_median": 0.733938869713739,
  "adv_e_ran_frac_q25": 0.7062391985897651,
  "adv_e_ran_frac_q75": 0.7637724607624387,
  "adv_e_nul_frac_mean": 0.674752777932029,
  "adv_e_nul_frac_ci95": 0.019503285211072002,
  "adv_e_nul_frac_median": 0.6792145150337046,
  "adv_e_nul_frac_q25": 0.6454851399210912,
  "adv_e_nul_frac_q75": 0.7079706616763219,
  "attack_runtime_total_sec": 273.8603459224105,
  "attack_runtime_per_example_sec": 8.558135810075328,
  "model_name": "nsn",
  "attack_name": "adam",
  "norm": "l2",
  "eps": 0.005,
  "eps_actual": 6.3846251600341795,
  "eps_budget_mode": "per_sample_l2",
  "attack_init_mode": "exact",
  "eval_init_mode": "exact"
}