{
  "num_examples": 32,
  "gt_norm_mean": 23.754662096500397,
  "gt_norm_ci95": 4.601683904984259,
  "gt_norm_median": 21.811461448669434,
  "gt_norm_q25": 15.35843276977539,
  "gt_norm_q75": 26.589324474334717,
  "clean_mse_mean": 4.602156831978732e-05,
  "clean_mse_ci95": 5.8205824206598725e-05,
  "clean_mse_median": 9.028215572470799e-06,
  "clean_mse_q25": 6.330974770207831e-06,
  "clean_mse_q75": 1.6670182503730757e-05,
  "adv_mse_mean": 0.018261624458318693,
  "adv_mse_ci95": 0.023519362930223605,
  "adv_mse_median": 0.0008402925741393119,
  "adv_mse_q25": 0.0002916032317443751,
  "adv_mse_q75": 0.0039051472558639944,
  "mse_ratio_mean": 229.9844785957365,
  "mse_ratio_ci95": 80.80562717763456,
  "mse_ratio_median": 112.78768903362354,
  "mse_ratio_q25": 68.4174688969319,
  "mse_ratio_q75": 326.03045019379636,
  "clean_rel_l2_mean": 0.021553332975599915,
  "clean_rel_l2_ci95": 0.0030495897410959876,
  "clean_rel_l2_median": 0.018953743390738964,
  "clean_rel_l2_q25": 0.01595106814056635,
  "clean_rel_l2_q75": 0.025139704812318087,
  "adv_rel_l2_mean": 0.28555654338561,
  "adv_rel_l2_ci95": 0.07145133979780748,
  "adv_rel_l2_median": 0.24631031602621078,
  "adv_rel_l2_q25": 0.15024616196751595,
  "adv_rel_l2_q75": 0.32996684312820435,
  "rel_l2_ratio_mean": 13.400317366240959,
  "rel_l2_ratio_ci95": 2.499533910124722,
  "rel_l2_ratio_median": 10.620140290065578,
  "rel_l2_ratio_q25": 8.263276195080987,
  "rel_l2_ratio_q75": 18.02994290349315,
  "clean_psnr_mean": 45.93291375690791,
  "clean_psnr_ci95": 1.5879786213947262,
  "clean_psnr_median": 46.917274375730585,
  "clean_psnr_q25": 45.00513990182023,
  "clean_psnr_q75": 48.43273637575662,
  "adv_psnr_mean": 24.68471065759728,
  "adv_psnr_ci95": 2.7684699666414962,
  "adv_psnr_median": 26.30654947120407,
  "adv_psnr_q25": 20.217157239645132,
  "adv_psnr_q75": 29.39592785584535,
  "clean_ssim_mean": 0.9830390916810616,
  "clean_ssim_ci95": 0.012758126814414688,
  "clean_ssim_median": 0.9921460432015226,
  "clean_ssim_q25": 0.9882760741040851,
  "clean_ssim_q75": 0.9941643267665714,
  "adv_ssim_mean": 0.914115257512953,
  "adv_ssim_ci95": 0.04719506963354969,
  "adv_ssim_median": 0.9636244386268407,
  "adv_ssim_q25": 0.9218367687523291,
  "adv_ssim_q75": 0.9755909416821662,
  "clean_mae_mean": 0.0021204807508183876,
  "clean_mae_ci95": 0.0008679955052816265,
  "clean_mae_median": 0.001591959735378623,
  "clean_mae_q25": 0.0011425154516473413,
  "clean_mae_q75": 0.0020099078537896276,
  "adv_mae_mean": 0.024736995015700813,
  "adv_mae_ci95": 0.023532240265310662,
  "adv_mae_median": 0.0050247954204678535,
  "adv_mae_q25": 0.0028321296558715403,
  "adv_mae_q75": 0.012694204458966851,
  "clean_nrmse_mean": 0.006166197857532617,
  "clean_nrmse_ci95": 0.0022072270005294263,
  "clean_nrmse_median": 0.0045120875938787774,
  "clean_nrmse_q25": 0.003787745929230101,
  "clean_nrmse_q75": 0.005633437675047781,
  "adv_nrmse_mean": 0.09722264822131108,
  "adv_nrmse_ci95": 0.04941113981530823,
  "adv_nrmse_median": 0.04839907724691181,
  "adv_nrmse_q25": 0.0339011689825836,
  "adv_nrmse_q75": 0.09759188061470996,
  "clean_max_err_mean": 0.1466721756150946,
  "clean_max_err_ci95": 0.05398676179833188,
  "clean_max_err_median": 0.09597374498844147,
  "clean_max_err_q25": 0.060699671506881714,
  "clean_max_err_q75": 0.1691373884677887,
  "adv_max_err_mean": 0.877573105506599,
  "adv_max_err_ci95": 0.2647936509681986,
  "adv_max_err_median": 0.7332234084606171,
  "adv_max_err_q25": 0.627541795372963,
  "adv_max_err_q75": 0.8772483170032501,
  "clean_init_rel_l2_mean": 0.366861276794225,
  "clean_init_rel_l2_ci95": 0.03152444344214459,
  "clean_init_rel_l2_median": 0.36029042303562164,
  "clean_init_rel_l2_q25": 0.29334304481744766,
  "clean_init_rel_l2_q75": 0.40606728941202164,
  "adv_init_rel_l2_mean": 0.5390544207766652,
  "adv_init_rel_l2_ci95": 0.027208070195872788,
  "adv_init_rel_l2_median": 0.5417335629463196,
  "adv_init_rel_l2_q25": 0.4932093247771263,
  "adv_init_rel_l2_q75": 0.570343092083931,
  "init_rel_l2_ratio_mean": 1.5123787001088378,
  "init_rel_l2_ratio_ci95": 0.08079284641582342,
  "init_rel_l2_ratio_median": 1.5204744677364659,
  "init_rel_l2_ratio_q25": 1.3583247514392083,
  "init_rel_l2_ratio_q75": 1.6912860109890584,
  "clean_init_psnr_mean": 21.024198357103216,
  "clean_init_psnr_ci95": 1.3133071014538316,
  "clean_init_psnr_median": 21.49619999182156,
  "clean_init_psnr_q25": 19.05544682365106,
  "clean_init_psnr_q75": 22.902154609085816,
  "adv_init_psnr_mean": 17.53402632716079,
  "adv_init_psnr_ci95": 1.3521418612739569,
  "adv_init_psnr_median": 18.57692653103023,
  "adv_init_psnr_q25": 15.797750983328754,
  "adv_init_psnr_q75": 19.706993303106557,
  "clean_init_ssim_mean": 0.1743840809098594,
  "clean_init_ssim_ci95": 0.02923498627594725,
  "clean_init_ssim_median": 0.14508139024346195,
  "clean_init_ssim_q25": 0.11093792671430568,
  "clean_init_ssim_q75": 0.20026092482636282,
  "adv_init_ssim_mean": 0.09647487899145477,
  "adv_init_ssim_ci95": 0.012411075962178745,
  "adv_init_ssim_median": 0.08433708819972506,
  "adv_init_ssim_q25": 0.06912683606913785,
  "adv_init_ssim_q75": 0.11510916204124823,
  "clean_init_mae_mean": 0.05040182883385569,
  "clean_init_mae_ci95": 0.01268355232735942,
  "clean_init_mae_median": 0.042117148637771606,
  "clean_init_mae_q25": 0.02878977032378316,
  "clean_init_mae_q75": 0.057425303384661674,
  "adv_init_mae_mean": 0.07699357869569212,
  "adv_init_mae_ci95": 0.01993503038446932,
  "adv_init_mae_median": 0.06286236643791199,
  "adv_init_mae_q25": 0.0444845100864768,
  "adv_init_mae_q75": 0.08297954499721527,
  "pred_shift_rel_l2_mean": 0.2820411939173937,
  "pred_shift_rel_l2_ci95": 0.07176147545022714,
  "pred_shift_rel_l2_median": 0.24027669429779053,
  "pred_shift_rel_l2_q25": 0.1463424488902092,
  "pred_shift_rel_l2_q75": 0.3292449116706848,
  "init_shift_rel_l2_mean": 0.3880854742601514,
  "init_shift_rel_l2_ci95": 0.02163968199299591,
  "init_shift_rel_l2_median": 0.37554915249347687,
  "init_shift_rel_l2_q25": 0.34761716425418854,
  "init_shift_rel_l2_q75": 0.40767643600702286,
  "delta_l2_mean": 7.66770950704813,
  "delta_l2_ci95": 2.3923494820631093,
  "delta_l2_median": 6.214751720428467,
  "delta_l2_q25": 4.272911429405212,
  "delta_l2_q75": 8.209376335144043,
  "delta_linf_mean": 0.2352234583813697,
  "delta_linf_ci95": 0.07542251534533587,
  "delta_linf_median": 0.20562362670898438,
  "delta_linf_q25": 0.12893962860107422,
  "delta_linf_q75": 0.23932920396327972,
  "delta_mean_abs_mean": 0.027727573658921756,
  "delta_mean_abs_ci95": 0.008790239365209656,
  "delta_mean_abs_median": 0.02200576476752758,
  "delta_mean_abs_q25": 0.015284589026123285,
  "delta_mean_abs_q75": 0.029511404689401388,
  "delta_rel_l2_mean": 0.005000002410943437,
  "delta_rel_l2_ci95": 3.6401820200116346e-10,
  "delta_rel_l2_median": 0.005000002453610645,
  "delta_rel_l2_q25": 0.005000001495739523,
  "delta_rel_l2_q75": 0.005000002946068358,
  "success_rel_l2_mean": 1.0,
  "success_rel_l2_ci95": 0.0,
  "success_rel_l2_median": 1.0,
  "success_rel_l2_q25": 1.0,
  "success_rel_l2_q75": 1.0,
  "success_mse_mean": 1.0,
  "success_mse_ci95": 0.0,
  "success_mse_median": 1.0,
  "success_mse_q25": 1.0,
  "success_mse_q75": 1.0,
  "clean_e_ran_l2_mean": 0.41391702624969184,
  "clean_e_ran_l2_ci95": 0.17825335043430388,
  "clean_e_ran_l2_median": 0.3054783493280411,
  "clean_e_ran_l2_q25": 0.23819582164287567,
  "clean_e_ran_l2_q75": 0.35901959985494614,
  "clean_e_nul_l2_mean": 0.37757599796168506,
  "clean_e_nul_l2_ci95": 0.1508885146684632,
  "clean_e_nul_l2_median": 0.2466387003660202,
  "clean_e_nul_l2_q25": 0.19896521046757698,
  "clean_e_nul_l2_q75": 0.37287572771310806,
  "clean_e_ran_frac_mean": 0.7384469037466547,
  "clean_e_ran_frac_ci95": 0.018454091685727734,
  "clean_e_ran_frac_median": 0.7449625529186822,
  "clean_e_ran_frac_q25": 0.7011097229238636,
  "clean_e_ran_frac_q75": 0.778965192141161,
  "clean_e_nul_frac_mean": 0.6698118188563027,