{
  "num_examples": 32,
  "gt_norm_mean": 20.065786242485046,
  "gt_norm_ci95": 2.6439993761407936,
  "gt_norm_median": 18.550631523132324,
  "clean_mse_mean": 0.006183219678860041,
  "clean_mse_ci95": 0.002363341799444001,
  "clean_mse_median": 0.004231042927131057,
  "adv_mse_mean": 0.012541462179797236,
  "adv_mse_ci95": 0.002655383422967204,
  "adv_mse_median": 0.01037493348121643,
  "mse_ratio_mean": 2.943383249683232,
  "mse_ratio_ci95": 0.7111298141478817,
  "mse_ratio_median": 2.203243453681166,
  "clean_rel_l2_mean": 0.4488188084214926,
  "clean_rel_l2_ci95": 0.021548765821428773,
  "clean_rel_l2_median": 0.4298713803291321,
  "adv_rel_l2_mean": 0.7301836721599102,
  "adv_rel_l2_ci95": 0.0760790677840307,
  "adv_rel_l2_median": 0.6491129398345947,
  "rel_l2_ratio_mean": 1.6445993534625942,
  "rel_l2_ratio_ci95": 0.17198072605959006,
  "rel_l2_ratio_median": 1.4843202964584468,
  "clean_psnr_mean": 19.963957320865624,
  "clean_psnr_ci95": 1.1801890290791668,
  "clean_psnr_median": 21.27207421809475,
  "adv_psnr_mean": 15.957461684747077,
  "adv_psnr_ci95": 1.0389698531304652,
  "adv_psnr_median": 16.448818649929446,
  "clean_ssim_mean": 0.1325875817914598,
  "clean_ssim_ci95": 0.020139036700641256,
  "clean_ssim_median": 0.11027060768567143,
  "adv_ssim_mean": 0.09511665920447299,
  "adv_ssim_ci95": 0.016921137570267142,
  "adv_ssim_median": 0.07951192750304455,
  "pred_shift_rel_l2_mean": 0.47830504179000854,
  "pred_shift_rel_l2_ci95": 0.09163923095358882,
  "pred_shift_rel_l2_median": 0.40163320302963257,
  "init_shift_rel_l2_mean": 0.14634761621709913,
  "init_shift_rel_l2_ci95": 0.023977879841762736,
  "init_shift_rel_l2_median": 0.14382654428482056,
  "delta_l2_mean": 51.280327677726746,
  "delta_l2_ci95": 9.336582167973667e-07,
  "delta_l2_median": 51.28032684326172,
  "delta_linf_mean": 1.5920879617333412,
  "delta_linf_ci95": 0.13844331249245273,
  "delta_linf_median": 1.4131453037261963,
  "delta_mean_abs_mean": 0.19115217123180628,
  "delta_mean_abs_ci95": 0.0008535149648931205,
  "delta_mean_abs_median": 0.19158754497766495,
  "delta_rel_l2_mean": 0.041698428392974385,
  "delta_rel_l2_ci95": 0.006784921508770077,
  "delta_rel_l2_median": 0.04028458576624537,
  "success_rel_l2_mean": 0.46875,
  "success_rel_l2_ci95": 0.1756690838369946,
  "success_rel_l2_median": 0.0,
  "success_mse_mean": 0.625,
  "success_mse_ci95": 0.17042404419186183,
  "success_mse_median": 1.0,
  "clean_e_ran_l2_mean": 7.712452948093414,
  "clean_e_ran_l2_ci95": 1.2999072415063377,
  "clean_e_ran_l2_median": 6.773916482925415,
  "clean_e_nul_l2_mean": 4.8605454452335835,
  "clean_e_nul_l2_ci95": 0.7520058510399594,
  "clean_e_nul_l2_median": 4.363865852355957,
  "clean_e_ran_frac_mean": 0.8410908043603228,
  "clean_e_ran_frac_ci95": 0.01631977274951405,
  "clean_e_ran_frac_median": 0.856352453737071,
  "clean_e_nul_frac_mean": 0.5352241547032565,
  "clean_e_nul_frac_ci95": 0.022130510644111645,
  "clean_e_nul_frac_median": 0.5163912562266719,
  "adv_e_ran_l2_mean": 10.563346952199936,
  "adv_e_ran_l2_ci95": 1.2389836819718514,
  "adv_e_ran_l2_median": 9.849571228027344,
  "adv_e_nul_l2_mean": 8.295411698520184,
  "adv_e_nul_l2_ci95": 1.2542096196964028,
  "adv_e_nul_l2_median": 7.672647714614868,
  "adv_e_ran_frac_mean": 0.7790770551296945,
  "adv_e_ran_frac_ci95": 0.05478980295038135,
  "adv_e_ran_frac_median": 0.8363487452928887,
  "adv_e_nul_frac_mean": 0.5878070007610278,
  "adv_e_nul_frac_ci95": 0.05373183267813884,
  "adv_e_nul_frac_median": 0.5480458412196443,
  "attack_runtime_total_sec": 57.90787337347865,
  "attack_runtime_per_example_sec": 1.8096210429212078,
  "model_name": "resnet",
  "attack_name": "adam",
  "norm": "l2",
  "eps": 0.04,
  "eps_actual": 51.280326325439454,
  "attack_init_mode": "exact",
  "eval_init_mode": "exact"
}