{
  "num_examples": 32,
  "gt_norm_mean": 27.30239450931549,
  "gt_norm_ci95": 2.6899918874387048,
  "gt_norm_median": 24.237028121948242,
  "clean_mse_mean": 7.934221639516181e-05,
  "clean_mse_ci95": 9.049392128369676e-06,
  "clean_mse_median": 7.42936936148908e-05,
  "adv_mse_mean": 0.12416615057736635,
  "adv_mse_ci95": 0.0007299659844320689,
  "adv_mse_median": 0.12424459680914879,
  "mse_ratio_mean": 1759.707368721019,
  "mse_ratio_ci95": 230.90639969012733,
  "mse_ratio_median": 1665.1384687197697,
  "clean_rel_l2_mean": 0.04325784422690049,
  "clean_rel_l2_ci95": 0.0035552868322882318,
  "clean_rel_l2_median": 0.04376314766705036,
  "adv_rel_l2_mean": 1.7525899019092321,
  "adv_rel_l2_ci95": 0.13169095194631777,
  "adv_rel_l2_median": 1.8639472723007202,
  "rel_l2_ratio_mean": 41.30613363715983,
  "rel_l2_ratio_ci95": 2.575107303540486,
  "rel_l2_ratio_median": 40.80609887383777,
  "clean_psnr_mean": 41.25306133370114,
  "clean_psnr_ci95": 0.5332837794213112,
  "clean_psnr_median": 41.29056475958671,
  "adv_psnr_mean": 9.060574596200233,
  "adv_psnr_ci95": 0.025570419109814717,
  "adv_psnr_median": 9.057224920988663,
  "clean_ssim_mean": 0.9430486512941316,
  "clean_ssim_ci95": 0.005802572298618587,
  "clean_ssim_median": 0.9394630679574882,
  "adv_ssim_mean": 0.03956522130789731,
  "adv_ssim_ci95": 0.0035874809242183,
  "adv_ssim_median": 0.03849357236920245,
  "pred_shift_rel_l2_mean": 1.7426719292998314,
  "pred_shift_rel_l2_ci95": 0.1312306248093264,
  "pred_shift_rel_l2_median": 1.8531562685966492,
  "init_shift_rel_l2_mean": 2.0532853938639164,
  "init_shift_rel_l2_ci95": 0.16358734869296643,
  "init_shift_rel_l2_median": 2.1974117755889893,
  "delta_l2_mean": 30.899834096431732,
  "delta_l2_ci95": 5.237202322917371e-07,
  "delta_l2_median": 30.89983367919922,
  "delta_linf_mean": 0.6944479513913393,
  "delta_linf_ci95": 0.015133964902452038,
  "delta_linf_median": 0.7001520693302155,
  "delta_mean_abs_mean": 0.1189650702290237,
  "delta_mean_abs_ci95": 7.999941178033598e-05,
  "delta_mean_abs_median": 0.11895523592829704,
  "delta_rel_l2_mean": 0.023564770104853815,
  "delta_rel_l2_ci95": 0.002623328864877844,
  "delta_rel_l2_median": 0.02477559756165667,
  "success_rel_l2_mean": 1.0,
  "success_rel_l2_ci95": 0.0,
  "success_rel_l2_median": 1.0,
  "success_mse_mean": 1.0,
  "success_mse_ci95": 0.0,
  "success_mse_median": 1.0,
  "clean_e_ran_l2_mean": 0.6806412972509861,
  "clean_e_ran_l2_ci95": 0.04496522161660325,
  "clean_e_ran_l2_median": 0.7123907804489136,
  "clean_e_nul_l2_mean": 0.8930317591875792,
  "clean_e_nul_l2_ci95": 0.053211824294216885,
  "clean_e_nul_l2_median": 0.8828655183315277,
  "clean_e_ran_frac_mean": 0.6034365681523142,
  "clean_e_ran_frac_ci95": 0.016360497993316663,
  "clean_e_ran_frac_median": 0.5981130175068872,
  "clean_e_nul_frac_mean": 0.795282710713165,
  "clean_e_nul_frac_ci95": 0.012344574504912428,
  "clean_e_nul_frac_median": 0.8013960625194618,
  "adv_e_ran_l2_mean": 41.7255585193634,
  "adv_e_ran_l2_ci95": 0.14293758577968413,
  "adv_e_ran_l2_median": 41.764984130859375,
  "adv_e_nul_l2_mean": 17.111318975687027,
  "adv_e_nul_l2_ci95": 0.20942811608503775,
  "adv_e_nul_l2_median": 17.128788948059082,
  "adv_e_ran_frac_mean": 0.9251392687462591,
  "adv_e_ran_frac_ci95": 0.0018096258812423556,
  "adv_e_ran_frac_median": 0.925225842783761,
  "adv_e_nul_frac_mean": 0.3793841499773114,
  "adv_e_nul_frac_ci95": 0.004433219060135236,
  "adv_e_nul_frac_median": 0.37941581329643526,
  "attack_runtime_total_sec": 23.354968320578337,
  "attack_runtime_per_example_sec": 0.729842760018073,
  "model_name": "dpnsn",
  "attack_name": "adam",
  "norm": "l2",
  "eps": 0.02,
  "eps_actual": 30.899834134033203,
  "attack_init_mode": "exact",
  "eval_init_mode": "exact"
}