{
  "num_examples": 32,
  "gt_norm_mean": 26.229215562343597,
  "gt_norm_ci95": 1.7699003430208013,
  "gt_norm_median": 25.09980010986328,
  "clean_mse_mean": 8.580953090131516e-05,
  "clean_mse_ci95": 1.0504228727817729e-05,
  "clean_mse_median": 8.369435818167403e-05,
  "adv_mse_mean": 0.122381164226681,
  "adv_mse_ci95": 0.0009643612529290168,
  "adv_mse_median": 0.12215756624937057,
  "mse_ratio_mean": 1647.0232978903077,
  "mse_ratio_ci95": 245.9819915622942,
  "mse_ratio_median": 1451.586614474415,
  "clean_rel_l2_mean": 0.0455929747549817,
  "clean_rel_l2_ci95": 0.003415300952319119,
  "clean_rel_l2_median": 0.043928589671850204,
  "adv_rel_l2_mean": 1.7622352987527847,
  "adv_rel_l2_ci95": 0.10386069597814845,
  "adv_rel_l2_median": 1.7730342745780945,
  "rel_l2_ratio_mean": 39.798246871394795,
  "rel_l2_ratio_ci95": 2.7968458347299476,
  "rel_l2_ratio_median": 38.097780874772226,
  "clean_psnr_mean": 40.96206257713037,
  "clean_psnr_ci95": 0.5890640862834341,
  "clean_psnr_median": 40.774811259424105,
  "adv_psnr_mean": 9.123924360458517,
  "adv_psnr_ci95": 0.03380124876713193,
  "adv_psnr_median": 9.130797754907121,
  "clean_ssim_mean": 0.9413057633682392,
  "clean_ssim_ci95": 0.006275147977659224,
  "clean_ssim_median": 0.939020085900129,
  "adv_ssim_mean": 0.03819121732171969,
  "adv_ssim_ci95": 0.0028906193202088977,
  "adv_ssim_median": 0.03645361290737911,
  "pred_shift_rel_l2_mean": 1.7528211623430252,
  "pred_shift_rel_l2_ci95": 0.10337494733626662,
  "pred_shift_rel_l2_median": 1.765458106994629,
  "init_shift_rel_l2_mean": 2.0663215406239033,
  "init_shift_rel_l2_ci95": 0.135179019359335,
  "init_shift_rel_l2_median": 2.0631080865859985,
  "delta_l2_mean": 30.639810621738434,
  "delta_l2_ci95": 6.81524634166433e-07,
  "delta_l2_median": 30.63981056213379,
  "delta_linf_mean": 0.676346430554986,
  "delta_linf_ci95": 0.019431051565088488,
  "delta_linf_median": 0.6729174256324768,
  "delta_mean_abs_mean": 0.11795430909842253,
  "delta_mean_abs_ci95": 8.125665104005109e-05,
  "delta_mean_abs_median": 0.11792777478694916,
  "delta_rel_l2_mean": 0.023325560605594393,
  "delta_rel_l2_ci95": 0.002093927266452082,
  "delta_rel_l2_median": 0.022913393431852495,
  "success_rel_l2_mean": 1.0,
  "success_rel_l2_ci95": 0.0,
  "success_rel_l2_median": 1.0,
  "success_mse_mean": 1.0,
  "success_mse_ci95": 0.0,
  "success_mse_median": 1.0,
  "clean_e_ran_l2_mean": 0.6887397561222315,
  "clean_e_ran_l2_ci95": 0.04512937551119352,
  "clean_e_ran_l2_median": 0.6769616007804871,
  "clean_e_nul_l2_mean": 0.9398646615445614,
  "clean_e_nul_l2_ci95": 0.06273619282199655,
  "clean_e_nul_l2_median": 0.934965044260025,
  "clean_e_ran_frac_mean": 0.5914005390617761,
  "clean_e_ran_frac_ci95": 0.013777428245546234,
  "clean_e_ran_frac_median": 0.5913718393336003,
  "clean_e_nul_frac_mean": 0.8049103612551625,
  "clean_e_nul_frac_ci95": 0.010159966004548089,
  "clean_e_nul_frac_median": 0.8063888490827424,
  "adv_e_ran_l2_mean": 41.50523805618286,
  "adv_e_ran_l2_ci95": 0.16698085100240417,
  "adv_e_ran_l2_median": 41.453054428100586,
  "adv_e_nul_l2_mean": 16.79086273908615,
  "adv_e_nul_l2_ci95": 0.17604748310999477,
  "adv_e_nul_l2_median": 16.844024658203125,
  "adv_e_ran_frac_mean": 0.926968306192248,
  "adv_e_ran_frac_ci95": 0.0013858115463991688,
  "adv_e_ran_frac_median": 0.9273010810447774,
  "adv_e_nul_frac_mean": 0.3749876421887411,
  "adv_e_nul_frac_ci95": 0.003493808551297234,
  "adv_e_nul_frac_median": 0.37431596161971314,
  "attack_runtime_total_sec": 23.333006881177425,
  "attack_runtime_per_example_sec": 0.7291564650367945,
  "model_name": "dpnsn",
  "attack_name": "adam",
  "norm": "l2",
  "eps": 0.02,
  "eps_actual": 30.639811490722654,
  "attack_init_mode": "exact",
  "eval_init_mode": "exact"
}