{
  "num_examples": 32,
  "gt_norm_mean": 18.47541281580925,
  "gt_norm_ci95": 3.0632711958288747,
  "gt_norm_median": 16.971742630004883,
  "clean_mse_mean": 0.01057819935886073,
  "clean_mse_ci95": 0.0036667395283184493,
  "clean_mse_median": 0.006749307736754417,
  "adv_mse_mean": 0.011281947918178048,
  "adv_mse_ci95": 0.0036823522069216763,
  "adv_mse_median": 0.008191439788788557,
  "mse_ratio_mean": 1.1215922930595916,
  "mse_ratio_ci95": 0.036953574157261235,
  "mse_ratio_median": 1.0966263290303981,
  "clean_rel_l2_mean": 0.6501551335677505,
  "clean_rel_l2_ci95": 0.043411550718760794,
  "clean_rel_l2_median": 0.6615762710571289,
  "adv_rel_l2_mean": 0.6843377258628607,
  "adv_rel_l2_ci95": 0.04083885124169504,
  "adv_rel_l2_median": 0.6822831034660339,
  "rel_l2_ratio_mean": 1.057943773828367,
  "rel_l2_ratio_ci95": 0.017055046480665727,
  "rel_l2_ratio_median": 1.0471991982759525,
  "clean_psnr_mean": 17.007493580578092,
  "clean_psnr_ci95": 0.9105928844867557,
  "clean_psnr_median": 17.06047087624662,
  "adv_psnr_mean": 16.527090037807206,
  "adv_psnr_ci95": 0.8289613773061478,
  "adv_psnr_median": 16.786017893032565,
  "clean_ssim_mean": 0.26869434969371425,
  "clean_ssim_ci95": 0.022930009435744105,
  "clean_ssim_median": 0.2645288263027289,
  "adv_ssim_mean": 0.2545212191488133,
  "adv_ssim_ci95": 0.0224138112124728,
  "adv_ssim_median": 0.2503964878214893,
  "pred_shift_rel_l2_mean": 0.27020700613502413,
  "pred_shift_rel_l2_ci95": 0.0360869393099577,
  "pred_shift_rel_l2_median": 0.26970459520816803,
  "init_shift_rel_l2_mean": 0.036060090860701166,
  "init_shift_rel_l2_ci95": 0.008390403438350881,
  "init_shift_rel_l2_median": 0.030224780552089214,
  "delta_l2_mean": 35.85574948787689,
  "delta_l2_ci95": 1.2449822258241996,
  "delta_l2_median": 35.71546173095703,
  "delta_linf_mean": 0.6958989445120096,
  "delta_linf_ci95": 0.033052303744658444,
  "delta_linf_median": 0.6842347979545593,
  "delta_mean_abs_mean": 0.13021930260583758,
  "delta_mean_abs_ci95": 0.005345423479756719,
  "delta_mean_abs_median": 0.12988082319498062,
  "success_rel_l2_mean": 0.0,
  "success_rel_l2_ci95": 0.0,
  "success_rel_l2_median": 0.0,
  "success_mse_mean": 0.0,
  "success_mse_ci95": 0.0,
  "success_mse_median": 0.0,
  "clean_e_ran_l2_mean": 10.525277979671955,
  "clean_e_ran_l2_ci95": 1.9193886243761213,
  "clean_e_ran_l2_median": 9.156967163085938,
  "clean_e_nul_l2_mean": 5.094839833676815,
  "clean_e_nul_l2_ci95": 0.9210507130178456,
  "clean_e_nul_l2_median": 5.01507043838501,
  "clean_e_ran_frac_mean": 0.880031377660724,
  "clean_e_ran_frac_ci95": 0.03432033629669157,
  "clean_e_ran_frac_median": 0.9078258634380005,
  "clean_e_nul_frac_mean": 0.4387378765685879,
  "clean_e_nul_frac_ci95": 0.05402062321544017,
  "clean_e_nul_frac_median": 0.419343111065529,
  "adv_e_ran_l2_mean": 10.58980294317007,
  "adv_e_ran_l2_ci95": 1.9142598054447368,
  "adv_e_ran_l2_median": 9.24317216873169,
  "adv_e_nul_l2_mean": 6.008796025067568,
  "adv_e_nul_l2_ci95": 0.9329616136029663,
  "adv_e_nul_l2_median": 5.989287376403809,
  "adv_e_ran_frac_mean": 0.8412850642339795,
  "adv_e_ran_frac_ci95": 0.03701386041371341,
  "adv_e_ran_frac_median": 0.8557325117732562,
  "adv_e_nul_frac_mean": 0.506502138454707,
  "adv_e_nul_frac_ci95": 0.05525751682062926,
  "adv_e_nul_frac_median": 0.5162493416188736,
  "attack_runtime_total_sec": 58.55223362892866,
  "attack_runtime_per_example_sec": 1.8297573009040207,
  "model_name": "nsn",
  "attack_name": "adam",
  "norm": "l2",
  "eps": 1.0,
  "attack_init_mode": "exact",
  "eval_init_mode": "exact"
}