{
  "num_examples": 32,
  "gt_norm_mean": 18.47541281580925,
  "gt_norm_ci95": 3.0632711958288747,
  "gt_norm_median": 16.971742630004883,
  "clean_mse_mean": 0.0171832433079544,
  "clean_mse_ci95": 0.006945054224159469,
  "clean_mse_median": 0.011375120375305414,
  "adv_mse_mean": 0.41317015048116446,
  "adv_mse_ci95": 0.021519187901673568,
  "adv_mse_median": 0.39785832166671753,
  "mse_ratio_mean": 57.506561989459286,
  "mse_ratio_ci95": 22.90763593770107,
  "mse_ratio_median": 35.06350652380139,
  "clean_rel_l2_mean": 0.8083083592355251,
  "clean_rel_l2_ci95": 0.07027134364242513,
  "clean_rel_l2_median": 0.7530227601528168,
  "adv_rel_l2_mean": 5.232912071049213,
  "adv_rel_l2_ci95": 0.6678290436030417,
  "adv_rel_l2_median": 4.713934659957886,
  "rel_l2_ratio_mean": 6.840566665408103,
  "rel_l2_ratio_ci95": 1.1522188309848376,
  "rel_l2_ratio_median": 5.921439645934479,
  "clean_psnr_mean": 15.189418623456532,
  "clean_psnr_ci95": 1.1699781998305079,
  "clean_psnr_median": 15.098405600003746,
  "adv_psnr_mean": -0.6708169103334671,
  "adv_psnr_ci95": 0.8408251550180604,
  "adv_psnr_median": -0.4142071310447706,
  "clean_ssim_mean": 0.08617833911765393,
  "clean_ssim_ci95": 0.006645160248243779,
  "clean_ssim_median": 0.07983119955677673,
  "adv_ssim_mean": 0.018892696322214908,
  "adv_ssim_ci95": 0.0027718687668881765,
  "adv_ssim_median": 0.01937007803523883,
  "pred_shift_rel_l2_mean": 3.5858351960778236,
  "pred_shift_rel_l2_ci95": 0.5412635113053726,
  "pred_shift_rel_l2_median": 3.2555733919143677,
  "init_shift_rel_l2_mean": 3.815978489816189,
  "init_shift_rel_l2_ci95": 0.6689762430904331,
  "init_shift_rel_l2_median": 3.29985249042511,
  "delta_l2_mean": 44.45875954627991,
  "delta_l2_ci95": 7.459828881925429e-07,
  "delta_l2_median": 44.45875930786133,
  "delta_linf_mean": 0.9579049125313759,
  "delta_linf_ci95": 0.03134527562838359,
  "delta_linf_median": 0.9345330595970154,
  "delta_mean_abs_mean": 0.17240314232185483,
  "delta_mean_abs_ci95": 0.0001070457466600384,
  "delta_mean_abs_median": 0.17240144312381744,
  "success_rel_l2_mean": 1.0,
  "success_rel_l2_ci95": 0.0,
  "success_rel_l2_median": 1.0,
  "success_mse_mean": 1.0,
  "success_mse_ci95": 0.0,
  "success_mse_median": 1.0,
  "clean_e_ran_l2_mean": 14.887894570827484,
  "clean_e_ran_l2_ci95": 2.721314851994597,
  "clean_e_ran_l2_median": 13.650129318237305,
  "clean_e_nul_l2_mean": 0.27611123817041516,
  "clean_e_nul_l2_ci95": 0.0747676906775936,
  "clean_e_nul_l2_median": 0.20249108225107193,
  "clean_e_ran_frac_mean": 0.9995081895043482,
  "clean_e_ran_frac_ci95": 0.0004894956045970164,
  "clean_e_ran_frac_median": 0.9999051364824414,
  "clean_e_nul_frac_mean": 0.02154067419408217,
  "clean_e_nul_frac_ci95": 0.00800783211236068,
  "clean_e_nul_frac_median": 0.013771629934713835,
  "adv_e_ran_l2_mean": 81.91878366470337,
  "adv_e_ran_l2_ci95": 2.025259346308572,
  "adv_e_ran_l2_median": 80.66756820678711,
  "adv_e_nul_l2_mean": 4.142689321190119,
  "adv_e_nul_l2_ci95": 1.0222079856221153,
  "adv_e_nul_l2_median": 3.091721773147583,
  "adv_e_ran_frac_mean": 0.9981312672483349,
  "adv_e_ran_frac_ci95": 0.0009776619203004143,
  "adv_e_ran_frac_median": 0.9992622118113763,
  "adv_e_nul_frac_mean": 0.05022468587360851,
  "adv_e_nul_frac_ci95": 0.012213533911322495,
  "adv_e_nul_frac_median": 0.03833017977130617,
  "attack_runtime_total_sec": 58.3556297197938,
  "attack_runtime_per_example_sec": 1.8236134287435561,
  "model_name": "nsn",
  "attack_name": "adam",
  "norm": "l2",
  "eps": 1.0,
  "attack_init_mode": "exact",
  "eval_init_mode": "exact"
}