{
  "num_examples": 32,
  "gt_norm_mean": 19.10678167641163,
  "gt_norm_ci95": 3.4833903043152117,
  "gt_norm_median": 16.756710529327393,
  "gt_norm_q25": 12.742112159729004,
  "gt_norm_q75": 21.370549201965332,
  "clean_mse_mean": 0.00013198901223177018,
  "clean_mse_ci95": 3.234215378138444e-05,
  "clean_mse_median": 0.00011484555943752639,
  "clean_mse_q25": 5.0991910029551946e-05,
  "clean_mse_q75": 0.00020180757928756066,
  "adv_mse_mean": 0.0001319890882314212,
  "adv_mse_ci95": 3.23420949948687e-05,
  "adv_mse_median": 0.00011484560673125088,
  "adv_mse_q25": 5.099203099234728e-05,
  "adv_mse_q75": 0.00020180776482447982,
  "mse_ratio_mean": 1.0000016917952876,
  "mse_ratio_ci95": 1.875931421184676e-06,
  "mse_ratio_median": 1.0000016501910056,
  "mse_ratio_q25": 1.0000004982853654,
  "mse_ratio_q75": 1.0000030404614817,
  "clean_rel_l2_mean": 0.0782920076744631,
  "clean_rel_l2_ci95": 0.007855770026993676,
  "clean_rel_l2_median": 0.0752459205687046,
  "clean_rel_l2_q25": 0.05952897761017084,
  "clean_rel_l2_q75": 0.09706782177090645,
  "adv_rel_l2_mean": 0.07829208159819245,
  "adv_rel_l2_ci95": 0.007855783054758854,
  "adv_rel_l2_median": 0.07524590194225311,
  "adv_rel_l2_q25": 0.059529063291847706,
  "adv_rel_l2_q75": 0.0970684066414833,
  "rel_l2_ratio_mean": 1.0000008661662405,
  "rel_l2_ratio_ci95": 9.339039479557417e-07,
  "rel_l2_ratio_median": 1.0000007924223784,
  "rel_l2_ratio_q25": 1.000000261886108,
  "rel_l2_ratio_q75": 1.0000015704166871,
  "clean_psnr_mean": 35.52735004583441,
  "clean_psnr_ci95": 0.5068594004900783,
  "clean_psnr_median": 35.705187179974104,
  "clean_psnr_q25": 34.47943708623423,
  "clean_psnr_q75": 36.534115355259566,
  "adv_psnr_mean": 35.52734280086506,
  "adv_psnr_ci95": 0.5068587400528666,
  "adv_psnr_median": 35.705185562024795,
  "adv_psnr_q25": 34.47942366968268,
  "adv_psnr_q75": 36.5341117163126,
  "clean_ssim_mean": 0.8859582505650836,
  "clean_ssim_ci95": 0.011522134277112722,
  "clean_ssim_median": 0.8910043964543408,
  "clean_ssim_q25": 0.8771283620619559,
  "clean_ssim_q75": 0.9081736840435359,
  "adv_ssim_mean": 0.8859580353214835,
  "adv_ssim_ci95": 0.011522092524552724,
  "adv_ssim_median": 0.8910043707362221,
  "adv_ssim_q25": 0.8771283890725632,
  "adv_ssim_q75": 0.9081737370893771,
  "pred_shift_rel_l2_mean": 7.2109734503555956e-06,
  "pred_shift_rel_l2_ci95": 7.808635415824677e-07,
  "pred_shift_rel_l2_median": 6.922310149093391e-06,
  "pred_shift_rel_l2_q25": 5.488589863489324e-06,
  "pred_shift_rel_l2_q75": 8.523407359461999e-06,
  "init_shift_rel_l2_mean": 6.301498615357559e-06,
  "init_shift_rel_l2_ci95": 1.1618134997437144e-06,
  "init_shift_rel_l2_median": 5.811667506350204e-06,
  "init_shift_rel_l2_q25": 4.442224394551886e-06,
  "init_shift_rel_l2_q75": 7.3579648187660496e-06,
  "delta_l2_mean": 0.00017591790128790308,
  "delta_l2_ci95": 1.0153696526139389e-06,
  "delta_l2_median": 0.0001752166062942706,
  "delta_l2_q25": 0.00017402435332769528,
  "delta_l2_q75": 0.00017657943317317404,
  "delta_linf_mean": 6.2641720433020964e-06,
  "delta_linf_ci95": 2.1570034873382935e-07,
  "delta_linf_median": 6.198883056640625e-06,
  "delta_linf_q25": 5.748792318627238e-06,
  "delta_linf_q75": 6.431422661989927e-06,
  "delta_mean_abs_mean": 5.55833462811961e-07,
  "delta_mean_abs_ci95": 6.501493283681277e-09,
  "delta_mean_abs_median": 5.628466226426099e-07,
  "delta_mean_abs_q25": 5.524017723246288e-07,
  "delta_mean_abs_q75": 5.664312965336649e-07,
  "delta_rel_l2_mean": 2.2909513280791625e-07,
  "delta_rel_l2_ci95": 4.7888358241472656e-08,
  "delta_rel_l2_median": 2.0847618062019767e-07,
  "delta_rel_l2_q25": 1.3246529826762052e-07,
  "delta_rel_l2_q75": 2.8352097975711203e-07,
  "success_rel_l2_mean": 0.0,
  "success_rel_l2_ci95": 0.0,
  "success_rel_l2_median": 0.0,
  "success_rel_l2_q25": 0.0,
  "success_rel_l2_q75": 0.0,
  "success_mse_mean": 0.0,
  "success_mse_ci95": 0.0,
  "success_mse_median": 0.0,
  "success_mse_q25": 0.0,
  "success_mse_q75": 0.0,
  "clean_e_ran_l2_mean": 0.4763784729875624,
  "clean_e_ran_l2_ci95": 0.08134664745519703,
  "clean_e_ran_l2_median": 0.41296227276325226,
  "clean_e_ran_l2_q25": 0.31342317909002304,
  "clean_e_ran_l2_q75": 0.5882557928562164,
  "clean_e_nul_l2_mean": 1.2854020986706018,
  "clean_e_nul_l2_ci95": 0.16879455110712988,
  "clean_e_nul_l2_median": 1.27644681930542,
  "clean_e_nul_l2_q25": 0.8710883259773254,
  "clean_e_nul_l2_q75": 1.7147288620471954,
  "clean_e_ran_frac_mean": 0.34379351369271205,
  "clean_e_ran_frac_ci95": 0.028531019715228464,
  "clean_e_ran_frac_median": 0.33265376414907,
  "clean_e_ran_frac_q25": 0.2892520296836573,
  "clean_e_ran_frac_q75": 0.3808962315262196,
  "clean_e_nul_frac_mean": 0.9349683361187454,
  "clean_e_nul_frac_ci95": 0.011523091322048493,
  "clean_e_nul_frac_median": 0.9430141803446308,
  "clean_e_nul_frac_q25": 0.9246136408617294,
  "clean_e_nul_frac_q75": 0.9572528857655127,
  "adv_e_ran_l2_mean": 0.47637985460460186,
  "adv_e_ran_l2_ci95": 0.08134633431986873,
  "adv_e_ran_l2_median": 0.41296514868736267,
  "adv_e_ran_l2_q25": 0.3134256452322006,
  "adv_e_ran_l2_q75": 0.5882568657398224,
  "adv_e_nul_l2_mean": 1.2854023873806,
  "adv_e_nul_l2_ci95": 0.16879437503346958,
  "adv_e_nul_l2_median": 1.2764477133750916,
  "adv_e_nul_l2_q25": 0.8710891902446747,
  "adv_e_nul_l2_q75": 1.714729130268097,
  "adv_e_ran_frac_mean": 0.34379453810620353,
  "adv_e_ran_frac_ci95": 0.028531035234162606,
  "adv_e_ran_frac_median": 0.3326541608766563,
  "adv_e_ran_frac_q25": 0.2892522539176605,
  "adv_e_ran_frac_q75": 0.38089747886415243,
  "adv_e_nul_frac_mean": 0.9349679211186386,
  "adv_e_nul_frac_ci95": 0.011523128122186544,
  "adv_e_nul_frac_median": 0.9430140107495408,
  "adv_e_nul_frac_q25": 0.924613100081084,
  "adv_e_nul_frac_q75": 0.9572528781576234,
  "attack_runtime_total_sec": 284.5012461692095,
  "attack_runtime_per_example_sec": 8.890663942787796,
  "model_name": "nsn",
  "attack_name": "adam",
  "norm": "l2",
  "eps": 0.1,
  "eps_actual": 128.65460538513184,
  "eps_budget_mode": "per_sample_l2",
  "attack_init_mode": "exact",
  "eval_init_mode": "exact"
}