{
  "num_examples": 32,
  "gt_norm_mean": 21.939702212810516,
  "gt_norm_ci95": 3.9247519621992337,
  "gt_norm_median": 20.571069717407227,
  "gt_norm_q25": 14.864426374435425,
  "gt_norm_q75": 25.995609283447266,
  "clean_mse_mean": 3.823617976195237e-05,
  "clean_mse_ci95": 2.839563421028327e-05,
  "clean_mse_median": 1.7633277821005322e-05,
  "clean_mse_q25": 7.374323672593164e-06,
  "clean_mse_q75": 2.964024224638706e-05,
  "adv_mse_mean": 0.0627088415203616,
  "adv_mse_ci95": 0.05168764925788372,
  "adv_mse_median": 0.010412666015326977,
  "adv_mse_q25": 0.0035632307990454137,
  "adv_mse_q75": 0.06048875954002142,
  "mse_ratio_mean": 1247.6179675970607,
  "mse_ratio_ci95": 299.5540394897315,
  "mse_ratio_median": 1230.5357509131381,
  "mse_ratio_q25": 387.00953593139093,
  "mse_ratio_q75": 1882.0943904930882,
  "clean_rel_l2_mean": 0.027163652644958347,
  "clean_rel_l2_ci95": 0.0019291612076674782,
  "clean_rel_l2_median": 0.025650610215961933,
  "clean_rel_l2_q25": 0.023923447355628014,
  "clean_rel_l2_q75": 0.027149326633661985,
  "adv_rel_l2_mean": 0.9106756318360567,
  "adv_rel_l2_ci95": 0.16109609167427952,
  "adv_rel_l2_median": 0.8122136890888214,
  "adv_rel_l2_q25": 0.5293243676424026,
  "adv_rel_l2_q75": 1.2324014604091644,
  "rel_l2_ratio_mean": 32.89969423057647,
  "rel_l2_ratio_ci95": 4.524983255145717,
  "rel_l2_ratio_median": 35.078938013268406,
  "rel_l2_ratio_q25": 19.672473194311838,
  "rel_l2_ratio_q75": 43.375338384802824,
  "clean_psnr_mean": 43.5944275979044,
  "clean_psnr_ci95": 1.3768494271855436,
  "clean_psnr_median": 44.80229559757242,
  "clean_psnr_q25": 41.64859714649108,
  "clean_psnr_q75": 46.472029865368754,
  "adv_psnr_mean": 14.061070870478776,
  "adv_psnr_ci95": 2.389332724848102,
  "adv_psnr_median": 15.562569261756408,
  "adv_psnr_q25": 7.885849182954082,
  "adv_psnr_q75": 19.101587061328374,
  "clean_ssim_mean": 0.9753748210500375,
  "clean_ssim_ci95": 0.009012324833238335,
  "clean_ssim_median": 0.9855510733843458,
  "clean_ssim_q25": 0.9701875423265681,
  "clean_ssim_q75": 0.9887375193679326,
  "adv_ssim_mean": 0.717424691228199,
  "adv_ssim_ci95": 0.06238719560116967,
  "adv_ssim_median": 0.7903965351967761,
  "adv_ssim_q25": 0.6056767833025923,
  "adv_ssim_q75": 0.8466600918384235,
  "clean_mae_mean": 0.002544177092204336,
  "clean_mae_ci95": 0.0006610053511609344,
  "clean_mae_median": 0.0020471286261454225,
  "clean_mae_q25": 0.0014286840450949967,
  "clean_mae_q75": 0.0029935206403024495,
  "adv_mae_mean": 0.05671531453845091,
  "adv_mae_ci95": 0.026244850527261894,
  "adv_mae_median": 0.024156013503670692,
  "adv_mae_q25": 0.01420055446214974,
  "adv_mae_q75": 0.07830734923481941,
  "clean_nrmse_mean": 0.007473362829016719,
  "clean_nrmse_ci95": 0.001627801055108633,
  "clean_nrmse_median": 0.005752880350667433,
  "clean_nrmse_q25": 0.004746781062044763,
  "clean_nrmse_q75": 0.008272388000097785,
  "adv_nrmse_mean": 0.2741208197540434,
  "adv_nrmse_ci95": 0.08795777497276372,
  "adv_nrmse_median": 0.16667568046293843,
  "adv_nrmse_q25": 0.11089936995805365,
  "adv_nrmse_q75": 0.40337383504855306,
  "clean_max_err_mean": 0.1564668915234506,
  "clean_max_err_ci95": 0.04049468881813099,
  "clean_max_err_median": 0.10946410894393921,
  "clean_max_err_q25": 0.08332981541752815,
  "clean_max_err_q75": 0.1900813728570938,
  "adv_max_err_mean": 1.6853167098015547,
  "adv_max_err_ci95": 0.5138502358723304,
  "adv_max_err_median": 1.2182053327560425,
  "adv_max_err_q25": 0.7094625532627106,
  "adv_max_err_q75": 2.246794879436493,
  "clean_init_rel_l2_mean": 0.5536772310733795,
  "clean_init_rel_l2_ci95": 0.02506772902256389,
  "clean_init_rel_l2_median": 0.5395685136318207,
  "clean_init_rel_l2_q25": 0.5074928402900696,
  "clean_init_rel_l2_q75": 0.5876893401145935,
  "adv_init_rel_l2_mean": 1.526960739865899,
  "adv_init_rel_l2_ci95": 0.10354929776763758,
  "adv_init_rel_l2_median": 1.5350110530853271,
  "adv_init_rel_l2_q25": 1.3760618567466736,
  "adv_init_rel_l2_q75": 1.7035837173461914,
  "init_rel_l2_ratio_mean": 2.748582578036689,
  "init_rel_l2_ratio_ci95": 0.11873405836787786,
  "init_rel_l2_ratio_median": 2.728947566831236,
  "init_rel_l2_ratio_q25": 2.533527456650689,
  "init_rel_l2_ratio_q75": 2.98972460835681,
  "clean_init_psnr_mean": 17.32811655528948,
  "clean_init_psnr_ci95": 1.277972040417629,
  "clean_init_psnr_median": 18.486651408331085,
  "clean_init_psnr_q25": 14.726242622631924,
  "clean_init_psnr_q75": 19.917953138892184,
  "adv_init_psnr_mean": 8.614210308362878,
  "adv_init_psnr_ci95": 1.468016218589153,
  "adv_init_psnr_median": 8.68016917942068,
  "adv_init_psnr_q25": 5.9530221287885094,
  "adv_init_psnr_q75": 11.570398547392132,
  "clean_init_ssim_mean": 0.089813785677639,
  "clean_init_ssim_ci95": 0.011960331601667429,
  "clean_init_ssim_median": 0.0773485782316394,
  "clean_init_ssim_q25": 0.06890477600312231,
  "clean_init_ssim_q75": 0.09774976727847494,
  "adv_init_ssim_mean": 0.033629464088921916,
  "adv_init_ssim_ci95": 0.0044225415110483324,
  "adv_init_ssim_median": 0.02955432099621043,
  "adv_init_ssim_q25": 0.02730804930644024,
  "adv_init_ssim_q75": 0.036568103427759534,
  "clean_init_mae_mean": 0.07636199059197679,
  "clean_init_mae_ci95": 0.018004814122315953,
  "clean_init_mae_median": 0.06415321677923203,
  "clean_init_mae_q25": 0.04510226845741272,
  "clean_init_mae_q75": 0.09492911025881767,
  "adv_init_mae_mean": 0.20904739340767264,
  "adv_init_mae_ci95": 0.053342869266518385,
  "adv_init_mae_median": 0.17494859546422958,
  "adv_init_mae_q25": 0.12081092782318592,
  "adv_init_mae_q75": 0.2465197928249836,
  "pred_shift_rel_l2_mean": 0.9081691512838006,
  "pred_shift_rel_l2_ci95": 0.16056304314069975,
  "pred_shift_rel_l2_median": 0.810498058795929,
  "pred_shift_rel_l2_q25": 0.5277489721775055,
  "pred_shift_rel_l2_q75": 1.2302204370498657,
  "init_shift_rel_l2_mean": 1.296232733875513,
  "init_shift_rel_l2_ci95": 0.07096553981711023,
  "init_shift_rel_l2_median": 1.320557713508606,
  "init_shift_rel_l2_q25": 1.2186432778835297,
  "init_shift_rel_l2_q75": 1.41750568151474,
  "delta_l2_mean": 28.157432317733765,
  "delta_l2_ci95": 7.142410354615887,
  "delta_l2_median": 23.612506866455078,
  "delta_l2_q25": 15.976580142974854,
  "delta_l2_q75": 33.65464210510254,
  "delta_linf_mean": 0.9688970679417253,
  "delta_linf_ci95": 0.26442730033375855,
  "delta_linf_median": 0.759145051240921,
  "delta_linf_q25": 0.47181982547044754,
  "delta_linf_q75": 1.1105154752731323,
  "delta_mean_abs_mean": 0.1030605883570388,
  "delta_mean_abs_ci95": 0.02632470558256618,
  "delta_mean_abs_median": 0.08637756481766701,
  "delta_mean_abs_q25": 0.05817367509007454,
  "delta_mean_abs_q75": 0.12436840124428272,
  "delta_rel_l2_mean": 0.020000006051470787,
  "delta_rel_l2_ci95": 8.003595786720736e-10,
  "delta_rel_l2_median": 0.020000005826059812,
  "delta_rel_l2_q25": 0.02000000467259812,
  "delta_rel_l2_q75": 0.020000007204752677,
  "success_rel_l2_mean": 1.0,
  "success_rel_l2_ci95": 0.0,
  "success_rel_l2_median": 1.0,
  "success_rel_l2_q25": 1.0,
  "success_rel_l2_q75": 1.0,
  "success_mse_mean": 1.0,
  "success_mse_ci95": 0.0,
  "success_mse_median": 1.0,
  "success_mse_q25": 1.0,
  "success_mse_q75": 1.0,
  "clean_e_ran_l2_mean": 0.48272028658539057,
  "clean_e_ran_l2_ci95": 0.13186720297871127,
  "clean_e_ran_l2_median": 0.4110594540834427,
  "clean_e_ran_l2_q25": 0.2625609189271927,
  "clean_e_ran_l2_q75": 0.5388686209917068,
  "clean_e_nul_l2_mean": 0.406622035196051,
  "clean_e_nul_l2_ci95": 0.1042973177646703,
  "clean_e_nul_l2_median": 0.33922915160655975,
  "clean_e_nul_l2_q25": 0.2281387895345688,
  "clean_e_nul_l2_q75": 0.4293053224682808,
  "clean_e_ran_frac_mean": 0.7600693809887514,
  "clean_e_ran_frac_ci95": 0.012725143476312518,
  "clean_e_ran_frac_median": 0.7651039215237384,
  "clean_e_ran_frac_q25": 0.740603311607305,
  "clean_e_ran_frac_q75": 0.7899733879471,
  "clean_e_nul_frac_mean": 0.6475285823351942,
  "clean_e_nul_frac_ci95": 0.014491246016283378,