{
  "num_examples": 32,
  "gt_norm_mean": 19.554032936692238,
  "gt_norm_ci95": 3.175656556464896,
  "gt_norm_median": 19.43148136138916,
  "gt_norm_q25": 13.664082050323486,
  "gt_norm_q75": 22.861806869506836,
  "clean_mse_mean": 8.422457089096724e-06,
  "clean_mse_ci95": 3.195370046243803e-06,
  "clean_mse_median": 5.841542133566691e-06,
  "clean_mse_q25": 3.480098598629411e-06,
  "clean_mse_q75": 1.0954600156765082e-05,
  "adv_mse_mean": 0.035334691587195266,
  "adv_mse_ci95": 0.02254890648676879,
  "adv_mse_median": 0.0166085222736001,
  "adv_mse_q25": 0.009266795124858618,
  "adv_mse_q75": 0.03222082648426294,
  "mse_ratio_mean": 4056.543329260062,
  "mse_ratio_ci95": 1086.9405132800975,
  "mse_ratio_median": 3112.9563165179406,
  "mse_ratio_q25": 1754.864491761347,
  "mse_ratio_q75": 5024.306273263358,
  "clean_rel_l2_mean": 0.017971089255297557,
  "clean_rel_l2_ci95": 0.0016501597818108968,
  "clean_rel_l2_median": 0.016334320418536663,
  "clean_rel_l2_q25": 0.015123863704502583,
  "clean_rel_l2_q75": 0.01959540555253625,
  "adv_rel_l2_mean": 1.0035808216780424,
  "adv_rel_l2_ci95": 0.10627790597617852,
  "adv_rel_l2_median": 0.9061402678489685,
  "adv_rel_l2_q25": 0.8147407025098801,
  "adv_rel_l2_q75": 1.1652812957763672,
  "rel_l2_ratio_mean": 59.41907388455992,
  "rel_l2_ratio_ci95": 8.072961376737064,
  "rel_l2_ratio_median": 55.79385349731034,
  "rel_l2_ratio_q25": 41.891065144406696,
  "rel_l2_ratio_q75": 70.88230777033823,
  "clean_psnr_mean": 48.051602871226734,
  "clean_psnr_ci95": 0.8774458061731301,
  "clean_psnr_median": 48.30300034204593,
  "clean_psnr_q25": 46.89520480224018,
  "clean_psnr_q75": 49.983702607982956,
  "adv_psnr_mean": 13.23935861883258,
  "adv_psnr_ci95": 1.575114416312697,
  "adv_psnr_median": 13.603591512332422,
  "adv_psnr_q25": 10.17924779437078,
  "adv_psnr_q75": 17.04204186346723,
  "clean_ssim_mean": 0.992745975033575,
  "clean_ssim_ci95": 0.0011252951056759783,
  "clean_ssim_median": 0.993777773357293,
  "clean_ssim_q25": 0.9915607390273037,
  "clean_ssim_q75": 0.9947016132513431,
  "adv_ssim_mean": 0.784479776226031,
  "adv_ssim_ci95": 0.02647181519267525,
  "adv_ssim_median": 0.7953887670244338,
  "adv_ssim_q25": 0.7464254164873789,
  "adv_ssim_q75": 0.8382779024769776,
  "pred_shift_rel_l2_mean": 0.9961490035057068,
  "pred_shift_rel_l2_ci95": 0.10563733849854863,
  "pred_shift_rel_l2_median": 0.9015108644962311,
  "pred_shift_rel_l2_q25": 0.8082281798124313,
  "pred_shift_rel_l2_q75": 1.157714605331421,
  "init_shift_rel_l2_mean": 0.0805115825496614,
  "init_shift_rel_l2_ci95": 0.004871752298442615,
  "init_shift_rel_l2_median": 0.07777955755591393,
  "init_shift_rel_l2_q25": 0.07153240591287613,
  "init_shift_rel_l2_q75": 0.08825243450701237,
  "delta_l2_mean": 23.167690992355347,
  "delta_l2_ci95": 5.162190332534381,
  "delta_l2_median": 21.0762357711792,
  "delta_l2_q25": 15.170233726501465,
  "delta_l2_q75": 25.84945249557495,
  "delta_linf_mean": 0.45023015793412924,
  "delta_linf_ci95": 0.09190464961718584,
  "delta_linf_median": 0.41425375640392303,
  "delta_linf_q25": 0.3045366331934929,
  "delta_linf_q75": 0.4823288396000862,
  "delta_mean_abs_mean": 0.08505700126988813,
  "delta_mean_abs_ci95": 0.019775613494815367,
  "delta_mean_abs_median": 0.07472503930330276,
  "delta_mean_abs_q25": 0.053364590741693974,
  "delta_mean_abs_q75": 0.0977329183369875,
  "delta_rel_l2_mean": 0.0200000104785512,
  "delta_rel_l2_ci95": 1.0950342210369988e-09,
  "delta_rel_l2_median": 0.020000010037807044,
  "delta_rel_l2_q25": 0.020000008322394208,
  "delta_rel_l2_q75": 0.02000001176244523,
  "success_rel_l2_mean": 1.0,
  "success_rel_l2_ci95": 0.0,
  "success_rel_l2_median": 1.0,
  "success_rel_l2_q25": 1.0,
  "success_rel_l2_q75": 1.0,
  "success_mse_mean": 1.0,
  "success_mse_ci95": 0.0,
  "success_mse_median": 1.0,
  "success_mse_q25": 1.0,
  "success_mse_q75": 1.0,
  "clean_e_ran_l2_mean": 0.2712310466449708,
  "clean_e_ran_l2_ci95": 0.050214496059212466,
  "clean_e_ran_l2_median": 0.2493056058883667,
  "clean_e_ran_l2_q25": 0.16839110851287842,
  "clean_e_ran_l2_q75": 0.32365043461322784,
  "clean_e_nul_l2_mean": 0.19658541167154908,
  "clean_e_nul_l2_ci95": 0.02595006153092742,
  "clean_e_nul_l2_median": 0.1842409074306488,
  "clean_e_nul_l2_q25": 0.13464396446943283,
  "clean_e_nul_l2_q75": 0.2681182399392128,
  "clean_e_ran_frac_mean": 0.7934872270380564,
  "clean_e_ran_frac_ci95": 0.02166196453770471,
  "clean_e_ran_frac_median": 0.7953634276867132,
  "clean_e_ran_frac_q25": 0.7593591619412968,
  "clean_e_ran_frac_q75": 0.8199675651065922,
  "clean_e_nul_frac_mean": 0.5996687364723915,
  "clean_e_nul_frac_ci95": 0.02942920103864438,
  "clean_e_nul_frac_median": 0.6061265248497905,
  "clean_e_nul_frac_q25": 0.5722879420885181,
  "clean_e_nul_frac_q75": 0.6506551153831106,
  "adv_e_ran_l2_mean": 13.670988343656063,
  "adv_e_ran_l2_ci95": 3.3431218521851735,
  "adv_e_ran_l2_median": 10.86794137954712,
  "adv_e_ran_l2_q25": 8.205939531326294,
  "adv_e_ran_l2_q75": 15.71779489517212,
  "adv_e_nul_l2_mean": 14.424683809280396,
  "adv_e_nul_l2_ci95": 3.408791174391017,
  "adv_e_nul_l2_median": 12.039836883544922,
  "adv_e_nul_l2_q25": 9.171714544296265,
  "adv_e_nul_l2_q75": 16.24391222000122,
  "adv_e_ran_frac_mean": 0.6810212501535855,
  "adv_e_ran_frac_ci95": 0.026432799677998435,
  "adv_e_ran_frac_median": 0.6823632650154916,
  "adv_e_ran_frac_q25": 0.6506108015958033,
  "adv_e_ran_frac_q75": 0.7317422715574292,
  "adv_e_nul_frac_mean": 0.7249061441058375,
  "adv_e_nul_frac_ci95": 0.025099010513394183,
  "adv_e_nul_frac_median": 0.7309944051560056,
  "adv_e_nul_frac_q25": 0.6815795327184442,
  "adv_e_nul_frac_q75": 0.759389114793988,
  "attack_runtime_total_sec": 67.45824132859707,
  "attack_runtime_per_example_sec": 2.1080700415186584,
  "model_name": "resnet",
  "attack_name": "adam",
  "norm": "l2",
  "eps": 0.02,
  "eps_actual": 25.538500640136718,
  "eps_budget_mode": "per_sample_l2",
  "attack_init_mode": "exact",
  "eval_init_mode": "exact"
}