{
  "num_examples": 32,
  "gt_norm_mean": 19.246901780366898,
  "gt_norm_ci95": 3.3146818493907912,
  "gt_norm_median": 15.661028385162354,
  "clean_mse_mean": 3.933885684759275e-05,
  "clean_mse_ci95": 4.3927084058883086e-05,
  "clean_mse_median": 3.1640017823519884e-06,
  "adv_mse_mean": 0.4953756993636489,
  "adv_mse_ci95": 0.07965803584655279,
  "adv_mse_median": 0.41099561750888824,
  "mse_ratio_mean": 137491.10157418792,
  "mse_ratio_ci95": 46660.983947613226,
  "mse_ratio_median": 98060.63332281195,
  "clean_rel_l2_mean": 0.024667877180036157,
  "clean_rel_l2_ci95": 0.010194335083669105,
  "clean_rel_l2_median": 0.014764487743377686,
  "adv_rel_l2_mean": 5.3223933428525925,
  "adv_rel_l2_ci95": 0.6816317168966448,
  "adv_rel_l2_median": 4.697948694229126,
  "rel_l2_ratio_mean": 325.3392856055302,
  "rel_l2_ratio_ci95": 62.622543149350264,
  "rel_l2_ratio_median": 312.8411549980642,
  "clean_psnr_mean": 47.1319127269045,
  "clean_psnr_ci95": 2.0283044819018206,
  "clean_psnr_median": 49.327588281691995,
  "adv_psnr_mean": -1.373307654662936,
  "adv_psnr_ci95": 1.0436652416184904,
  "adv_psnr_median": -1.583073501088597,
  "clean_ssim_mean": 0.9906381179233497,
  "clean_ssim_ci95": 0.0028023495946297348,
  "clean_ssim_median": 0.9930798454018441,
  "adv_ssim_mean": 0.180647902545507,
  "adv_ssim_ci95": 0.0351734867455805,
  "adv_ssim_median": 0.17138076213759074,
  "pred_shift_rel_l2_mean": 5.31279531866312,
  "pred_shift_rel_l2_ci95": 0.681274488063421,
  "pred_shift_rel_l2_median": 4.69038724899292,
  "init_shift_rel_l2_mean": 8.729379944503307,
  "init_shift_rel_l2_ci95": 1.2801905526672726,
  "init_shift_rel_l2_median": 8.99289321899414,
  "delta_l2_mean": 128.05586099624634,
  "delta_l2_ci95": 2.4612999646153736e-06,
  "delta_l2_median": 128.0558624267578,
  "delta_linf_mean": 4.610766768455505,
  "delta_linf_ci95": 0.2013857133260169,
  "delta_linf_median": 4.610442399978638,
  "delta_mean_abs_mean": 0.46406814828515053,
  "delta_mean_abs_ci95": 0.002046225533978245,
  "delta_mean_abs_median": 0.4642894119024277,
  "delta_rel_l2_mean": 0.15453808819104992,
  "delta_rel_l2_ci95": 0.026091861339775282,
  "delta_rel_l2_median": 0.15840911993115275,
  "success_rel_l2_mean": 1.0,
  "success_rel_l2_ci95": 0.0,
  "success_rel_l2_median": 1.0,
  "success_mse_mean": 1.0,
  "success_mse_ci95": 0.0,
  "success_mse_median": 1.0,
  "clean_e_ran_l2_mean": 0.33419539453461766,
  "clean_e_ran_l2_ci95": 0.11959582308209402,
  "clean_e_ran_l2_median": 0.17974556982517242,
  "clean_e_nul_l2_mean": 0.35835759923793375,
  "clean_e_nul_l2_ci95": 0.18924519666797135,
  "clean_e_nul_l2_median": 0.13826829940080643,
  "clean_e_ran_frac_mean": 0.7534704359547861,
  "clean_e_ran_frac_ci95": 0.029563594853286156,
  "clean_e_ran_frac_median": 0.7836358928377829,
  "clean_e_nul_frac_mean": 0.6476754787368632,
  "clean_e_nul_frac_ci95": 0.026684294721857675,
  "clean_e_nul_frac_median": 0.6212197610367185,
  "adv_e_ran_l2_mean": 38.10848808288574,
  "adv_e_ran_l2_ci95": 1.9562422523637417,
  "adv_e_ran_l2_median": 38.63032913208008,
  "adv_e_nul_l2_mean": 79.07195937633514,
  "adv_e_nul_l2_ci95": 6.8687764839846865,
  "adv_e_nul_l2_median": 74.36577606201172,
  "adv_e_ran_frac_mean": 0.44277054947898703,
  "adv_e_ran_frac_ci95": 0.02103210139387908,
  "adv_e_ran_frac_median": 0.43005489278225395,
  "adv_e_nul_frac_mean": 0.8940956214368013,
  "adv_e_nul_frac_ci95": 0.011008020897306804,
  "adv_e_nul_frac_median": 0.9027989321043843,
  "attack_runtime_total_sec": 57.931370198726654,
  "attack_runtime_per_example_sec": 1.810355318710208,
  "model_name": "resnet",
  "attack_name": "adam",
  "norm": "l2",
  "eps": 0.1,
  "eps_actual": 128.05586398406984,
  "attack_init_mode": "exact",
  "eval_init_mode": "exact"
}