{
  "num_examples": 32,
  "gt_norm_mean": 19.246901780366898,
  "gt_norm_ci95": 3.3146818493907912,
  "gt_norm_median": 15.661028385162354,
  "gt_norm_q25": 12.43287444114685,
  "gt_norm_q75": 25.732792377471924,
  "clean_mse_mean": 3.933885684759275e-05,
  "clean_mse_ci95": 4.3927084058883086e-05,
  "clean_mse_median": 3.1640017823519884e-06,
  "clean_mse_q25": 1.9023428308173607e-06,
  "clean_mse_q75": 1.7775422747945413e-05,
  "adv_mse_mean": 0.47225846408400685,
  "adv_mse_ci95": 0.17817311214429543,
  "adv_mse_median": 0.20702610909938812,
  "adv_mse_q25": 0.1317385733127594,
  "adv_mse_q75": 0.8048331290483475,
  "mse_ratio_mean": 63991.20814270623,
  "mse_ratio_ci95": 12864.317849552483,
  "mse_ratio_median": 58301.68413691959,
  "mse_ratio_q25": 39901.7686990515,
  "mse_ratio_q75": 91141.36041044132,
  "clean_rel_l2_mean": 0.024667877180036157,
  "clean_rel_l2_ci95": 0.010194335083669105,
  "clean_rel_l2_median": 0.014764487743377686,
  "clean_rel_l2_q25": 0.013575217686593533,
  "clean_rel_l2_q75": 0.019180952571332455,
  "adv_rel_l2_mean": 3.975871279835701,
  "adv_rel_l2_ci95": 0.2455080194724407,
  "adv_rel_l2_median": 3.8576401472091675,
  "adv_rel_l2_q25": 3.449722945690155,
  "adv_rel_l2_q75": 4.495201230049133,
  "rel_l2_ratio_mean": 237.32450855058136,
  "rel_l2_ratio_ci95": 30.82648845697188,
  "rel_l2_ratio_median": 241.44965396245053,
  "rel_l2_ratio_q25": 199.75407160537225,
  "rel_l2_ratio_q75": 301.8962868778568,
  "clean_psnr_mean": 47.1319127269045,
  "clean_psnr_ci95": 2.0283044819018206,
  "clean_psnr_median": 49.327588281691995,
  "clean_psnr_q25": 44.581067068234006,
  "clean_psnr_q75": 51.06945811261156,
  "adv_psnr_mean": 0.7439466037932304,
  "adv_psnr_ci95": 1.2289429722021061,
  "adv_psnr_median": 0.6024801245064921,
  "adv_psnr_q25": -1.4725234389059647,
  "adv_psnr_q75": 2.752240193486343,
  "clean_ssim_mean": 0.9906381179233497,
  "clean_ssim_ci95": 0.0028023495946297348,
  "clean_ssim_median": 0.9930798454018441,
  "clean_ssim_q25": 0.9895514022359697,
  "clean_ssim_q75": 0.9955441134270241,
  "adv_ssim_mean": 0.2794759928154789,
  "adv_ssim_ci95": 0.04877037402687822,
  "adv_ssim_median": 0.2579599691580293,
  "adv_ssim_q25": 0.18127160583356083,
  "adv_ssim_q75": 0.3692317611895217,
  "pred_shift_rel_l2_mean": 3.9698057621717453,
  "pred_shift_rel_l2_ci95": 0.24836301759803522,
  "pred_shift_rel_l2_median": 3.859867215156555,
  "pred_shift_rel_l2_q25": 3.4525213837623596,
  "pred_shift_rel_l2_q75": 4.499073624610901,
  "init_shift_rel_l2_mean": 5.927399784326553,
  "init_shift_rel_l2_ci95": 0.2305470084421093,
  "init_shift_rel_l2_median": 5.802668571472168,
  "init_shift_rel_l2_q25": 5.543901443481445,
  "init_shift_rel_l2_q75": 6.438816666603088,
  "delta_l2_mean": 105.93258917331696,
  "delta_l2_ci95": 19.839925015098185,
  "delta_l2_median": 80.84910583496094,
  "delta_l2_q25": 63.07934284210205,
  "delta_l2_q75": 160.99737548828125,
  "delta_linf_mean": 3.6661168225109577,
  "delta_linf_ci95": 0.7425633033334573,
  "delta_linf_median": 2.8922386169433594,
  "delta_linf_q25": 2.10691237449646,
  "delta_linf_q75": 5.283785700798035,
  "delta_mean_abs_mean": 0.38248270004987717,
  "delta_mean_abs_ci95": 0.0700537684864369,
  "delta_mean_abs_median": 0.29650864005088806,
  "delta_mean_abs_q25": 0.23260115832090378,
  "delta_mean_abs_q75": 0.5795498639345169,
  "delta_rel_l2_mean": 0.09788137540736616,
  "delta_rel_l2_ci95": 0.0028291805253201035,
  "delta_rel_l2_median": 0.10000004970339045,
  "delta_rel_l2_q25": 0.10000004066081004,
  "delta_rel_l2_q75": 0.10000005795809896,
  "success_rel_l2_mean": 1.0,
  "success_rel_l2_ci95": 0.0,
  "success_rel_l2_median": 1.0,
  "success_rel_l2_q25": 1.0,
  "success_rel_l2_q75": 1.0,
  "success_mse_mean": 1.0,
  "success_mse_ci95": 0.0,
  "success_mse_median": 1.0,
  "success_mse_q25": 1.0,
  "success_mse_q75": 1.0,
  "clean_e_ran_l2_mean": 0.33419539453461766,
  "clean_e_ran_l2_ci95": 0.11959582308209402,
  "clean_e_ran_l2_median": 0.17974556982517242,
  "clean_e_ran_l2_q25": 0.13826953992247581,
  "clean_e_ran_l2_q75": 0.43325770646333694,
  "clean_e_nul_l2_mean": 0.35835759923793375,
  "clean_e_nul_l2_ci95": 0.18924519666797135,
  "clean_e_nul_l2_median": 0.13826829940080643,
  "clean_e_nul_l2_q25": 0.11053434759378433,
  "clean_e_nul_l2_q75": 0.3268044665455818,
  "clean_e_ran_frac_mean": 0.7534704359547861,
  "clean_e_ran_frac_ci95": 0.029563594853286156,
  "clean_e_ran_frac_median": 0.7836358928377829,
  "clean_e_ran_frac_q25": 0.7650061766215868,
  "clean_e_ran_frac_q75": 0.7977870131069958,
  "clean_e_nul_frac_mean": 0.6476754787368632,
  "clean_e_nul_frac_ci95": 0.026684294721857675,
  "clean_e_nul_frac_median": 0.6212197610367185,
  "clean_e_nul_frac_q25": 0.6029391995079499,
  "clean_e_nul_frac_q75": 0.6440229795556593,
  "adv_e_ran_l2_mean": 32.830903708934784,
  "adv_e_ran_l2_ci95": 5.936952155390054,
  "adv_e_ran_l2_median": 25.340208053588867,
  "adv_e_ran_l2_q25": 19.370017528533936,
  "adv_e_ran_l2_q75": 46.677412033081055,
  "adv_e_nul_l2_mean": 69.76683306694031,
  "adv_e_nul_l2_ci95": 13.669201818866245,
  "adv_e_nul_l2_median": 53.837886810302734,
  "adv_e_nul_l2_q25": 41.62075710296631,
  "adv_e_nul_l2_q75": 102.98215293884277,
  "adv_e_ran_frac_mean": 0.4340735627198866,
  "adv_e_ran_frac_ci95": 0.019925866409718298,
  "adv_e_ran_frac_median": 0.41751624464891895,
  "adv_e_ran_frac_q25": 0.39832846407947764,
  "adv_e_ran_frac_q75": 0.4722927020202912,
  "adv_e_nul_frac_mean": 0.898633981815331,
  "adv_e_nul_frac_ci95": 0.01016203714779152,
  "adv_e_nul_frac_median": 0.9086529020301435,
  "adv_e_nul_frac_q25": 0.8814418656250343,
  "adv_e_nul_frac_q75": 0.9172408865514317,
  "attack_runtime_total_sec": 57.96357287093997,
  "attack_runtime_per_example_sec": 1.811361652216874,
  "model_name": "resnet",
  "attack_name": "adam",
  "norm": "l2",
  "eps": 0.1,
  "eps_actual": 128.05586398406984,
  "eps_budget_mode": "per_sample_l2",
  "attack_init_mode": "exact",
  "eval_init_mode": "exact"
}