{
  "num_examples": 32,
  "gt_norm_mean": 19.554032936692238,
  "gt_norm_ci95": 3.175656556464896,
  "gt_norm_median": 19.43148136138916,
  "gt_norm_q25": 13.664082050323486,
  "gt_norm_q75": 22.861806869506836,
  "clean_mse_mean": 7.191598022870949e-06,
  "clean_mse_ci95": 3.43137081539001e-06,
  "clean_mse_median": 4.195616156721371e-06,
  "clean_mse_q25": 2.0121538568673714e-06,
  "clean_mse_q75": 8.473303978462354e-06,
  "adv_mse_mean": 0.5164939295500517,
  "adv_mse_ci95": 0.19161713492464857,
  "adv_mse_median": 0.33748267590999603,
  "adv_mse_q25": 0.18825744092464447,
  "adv_mse_q75": 0.5652881115674973,
  "mse_ratio_mean": 84860.55536379264,
  "mse_ratio_ci95": 14122.982358941203,
  "mse_ratio_median": 82659.12084780908,
  "mse_ratio_q25": 47972.21191969052,
  "mse_ratio_q75": 119017.09781173432,
  "clean_rel_l2_mean": 0.01546810319996439,
  "clean_rel_l2_ci95": 0.0012916999011928542,
  "clean_rel_l2_median": 0.014353456906974316,
  "clean_rel_l2_q25": 0.013100125128403306,
  "clean_rel_l2_q75": 0.01639317302033305,
  "adv_rel_l2_mean": 4.136615730822086,
  "adv_rel_l2_ci95": 0.21672895899939038,
  "adv_rel_l2_median": 4.036794304847717,
  "adv_rel_l2_q25": 3.6439313888549805,
  "adv_rel_l2_q75": 4.447739362716675,
  "rel_l2_ratio_mean": 281.7901494692246,
  "rel_l2_ratio_ci95": 25.999611577408555,
  "rel_l2_ratio_median": 287.4995697196521,
  "rel_l2_ratio_q25": 219.01570808146874,
  "rel_l2_ratio_q75": 344.95673302553666,
  "clean_psnr_mean": 49.30840352172508,
  "clean_psnr_ci95": 0.9636945649148527,
  "clean_psnr_median": 49.77035961716621,
  "clean_psnr_q25": 47.91948529778359,
  "clean_psnr_q75": 51.39359590515772,
  "adv_psnr_mean": 0.6577797590653645,
  "adv_psnr_ci95": 1.189113994783882,
  "adv_psnr_median": 0.9641580831576974,
  "adv_psnr_q25": -1.6184791198327166,
  "adv_psnr_q75": 3.1754320916787013,
  "clean_ssim_mean": 0.9929406654512176,
  "clean_ssim_ci95": 0.0018159517272946272,
  "clean_ssim_median": 0.994650856449347,
  "clean_ssim_q25": 0.9920080197813352,
  "clean_ssim_q75": 0.9959100601412265,
  "adv_ssim_mean": 0.281329476214637,
  "adv_ssim_ci95": 0.04745682948415857,
  "adv_ssim_median": 0.2757316510733765,
  "adv_ssim_q25": 0.18710438870724183,
  "adv_ssim_q75": 0.37507813441739846,
  "pred_shift_rel_l2_mean": 4.134183153510094,
  "pred_shift_rel_l2_ci95": 0.21544058137226613,
  "pred_shift_rel_l2_median": 4.029534578323364,
  "pred_shift_rel_l2_q25": 3.6401339769363403,
  "pred_shift_rel_l2_q75": 4.445921421051025,
  "init_shift_rel_l2_mean": 6.182454124093056,
  "init_shift_rel_l2_ci95": 0.288413614068062,
  "init_shift_rel_l2_median": 6.153797149658203,
  "init_shift_rel_l2_q25": 5.649693965911865,
  "init_shift_rel_l2_q75": 6.773733019828796,
  "delta_l2_mean": 108.76411837339401,
  "delta_l2_ci95": 18.669194978832415,
  "delta_l2_median": 105.38117599487305,
  "delta_l2_q25": 75.85116958618164,
  "delta_l2_q75": 129.2472801208496,
  "delta_linf_mean": 3.544206904247403,
  "delta_linf_ci95": 0.6503873344794621,
  "delta_linf_median": 3.284104347229004,
  "delta_linf_q25": 2.1570396423339844,
  "delta_linf_q75": 4.328495264053345,
  "delta_mean_abs_mean": 0.3954722916241735,
  "delta_mean_abs_ci95": 0.06632749741905566,
  "delta_mean_abs_median": 0.38463635742664337,
  "delta_mean_abs_q25": 0.2809588834643364,
  "delta_mean_abs_q75": 0.47226767241954803,
  "delta_rel_l2_mean": 0.09800392876878439,
  "delta_rel_l2_ci95": 0.002892852829920283,
  "delta_rel_l2_median": 0.10000005619446747,
  "delta_rel_l2_q25": 0.10000005072698945,
  "delta_rel_l2_q75": 0.10000006260841261,
  "success_rel_l2_mean": 1.0,
  "success_rel_l2_ci95": 0.0,
  "success_rel_l2_median": 1.0,
  "success_rel_l2_q25": 1.0,
  "success_rel_l2_q75": 1.0,
  "success_mse_mean": 1.0,
  "success_mse_ci95": 0.0,
  "success_mse_median": 1.0,
  "success_mse_q25": 1.0,
  "success_mse_q75": 1.0,
  "clean_e_ran_l2_mean": 0.22781610931269825,
  "clean_e_ran_l2_ci95": 0.04345087102637813,
  "clean_e_ran_l2_median": 0.2057250514626503,
  "clean_e_ran_l2_q25": 0.13784443959593773,
  "clean_e_ran_l2_q75": 0.28285597264766693,
  "clean_e_nul_l2_mean": 0.19627415668219328,
  "clean_e_nul_l2_ci95": 0.03883200126939826,
  "clean_e_nul_l2_median": 0.17059458792209625,
  "clean_e_nul_l2_q25": 0.11817777343094349,
  "clean_e_nul_l2_q75": 0.24256322532892227,
  "clean_e_ran_frac_mean": 0.7586892362601407,
  "clean_e_ran_frac_ci95": 0.013541515378694694,
  "clean_e_ran_frac_median": 0.758601967469555,
  "clean_e_ran_frac_q25": 0.7366559241694648,
  "clean_e_ran_frac_q75": 0.7876159707980743,
  "clean_e_nul_frac_mean": 0.6487765674923522,
  "clean_e_nul_frac_ci95": 0.0157427903740656,
  "clean_e_nul_frac_median": 0.6515537664846485,
  "clean_e_nul_frac_q25": 0.6161299064924595,
  "clean_e_nul_frac_q75": 0.676259892837742,
  "adv_e_ran_l2_mean": 33.12504258751869,
  "adv_e_ran_l2_ci95": 5.938140791663465,
  "adv_e_ran_l2_median": 30.76206684112549,
  "adv_e_ran_l2_q25": 22.13038444519043,
  "adv_e_ran_l2_q75": 39.794501304626465,
  "adv_e_nul_l2_mean": 74.90471112728119,
  "adv_e_nul_l2_ci95": 13.495551989807867,
  "adv_e_nul_l2_median": 67.69541549682617,
  "adv_e_nul_l2_q25": 51.09805393218994,
  "adv_e_nul_l2_q75": 88.76548385620117,
  "adv_e_ran_frac_mean": 0.40682131161382573,
  "adv_e_ran_frac_ci95": 0.015203209242413201,
  "adv_e_ran_frac_median": 0.4021867475439074,
  "adv_e_ran_frac_q25": 0.37549610258313226,
  "adv_e_ran_frac_q75": 0.4366267400214504,
  "adv_e_nul_frac_mean": 0.9122768545038551,
  "adv_e_nul_frac_ci95": 0.0068833125839797135,
  "adv_e_nul_frac_median": 0.9155500810529291,
  "adv_e_nul_frac_q25": 0.8996426695302108,
  "adv_e_nul_frac_q75": 0.9268233429256173,
  "attack_runtime_total_sec": 58.018489982932806,
  "attack_runtime_per_example_sec": 1.8130778119666502,
  "model_name": "resnet",
  "attack_name": "adam",
  "norm": "l2",
  "eps": 0.1,
  "eps_actual": 127.69250320068359,
  "eps_budget_mode": "per_sample_l2",
  "attack_init_mode": "exact",
  "eval_init_mode": "exact"
}