{
  "num_examples": 32,
  "gt_norm_mean": 27.44437724351883,
  "gt_norm_ci95": 2.532233818071928,
  "gt_norm_median": 24.26910400390625,
  "clean_mse_mean": 29.94617474079132,
  "clean_mse_ci95": 9.870372354346578,
  "clean_mse_median": 16.810115814208984,
  "adv_mse_mean": 32.866174548864365,
  "adv_mse_ci95": 10.297336450272153,
  "adv_mse_median": 19.232155799865723,
  "mse_ratio_mean": 1.1353170944573128,
  "mse_ratio_ci95": 0.016450010940970976,
  "mse_ratio_median": 1.1438996506099484,
  "clean_rel_l2_mean": 22.548620998859406,
  "clean_rel_l2_ci95": 1.2155148245653924,
  "clean_rel_l2_median": 21.86583709716797,
  "adv_rel_l2_mean": 23.946735680103302,
  "adv_rel_l2_ci95": 1.1130844642891922,
  "adv_rel_l2_median": 23.35628604888916,
  "rel_l2_ratio_mean": 1.0652859810104474,
  "rel_l2_ratio_ci95": 0.007735413618239012,
  "rel_l2_ratio_median": 1.0695323908406555,
  "clean_psnr_mean": -13.325096508016745,
  "clean_psnr_ci95": 1.1739073323259426,
  "clean_psnr_median": -12.254987467491684,
  "adv_psnr_mean": -13.872567313648617,
  "adv_psnr_ci95": 1.1117104564453926,
  "adv_psnr_median": -12.8396020676409,
  "clean_ssim_mean": 0.0031462123845398277,
  "clean_ssim_ci95": 0.0008204755958194474,
  "clean_ssim_median": 0.0024754409094645997,
  "adv_ssim_mean": 0.002810621160247783,
  "adv_ssim_ci95": 0.000742365768347674,
  "adv_ssim_median": 0.0022969454546670435,
  "pred_shift_rel_l2_mean": 0.0785236251540482,
  "pred_shift_rel_l2_ci95": 0.00929217135657037,
  "pred_shift_rel_l2_median": 0.083308145403862,
  "init_shift_rel_l2_mean": 0.07852958340663463,
  "init_shift_rel_l2_ci95": 0.009293931908149393,
  "init_shift_rel_l2_median": 0.08330734446644783,
  "delta_l2_mean": 30.42972159385681,
  "delta_l2_ci95": 4.02512375750459e-07,
  "delta_l2_median": 30.42972183227539,
  "delta_linf_mean": 0.6631627418100834,
  "delta_linf_ci95": 0.023183091350247806,
  "delta_linf_median": 0.6406203508377075,
  "delta_mean_abs_mean": 0.1180883003398776,
  "delta_mean_abs_ci95": 5.8983864774338273e-05,
  "delta_mean_abs_median": 0.11808225885033607,
  "delta_rel_l2_mean": 0.01734570084612991,
  "delta_rel_l2_ci95": 0.0020249851253270014,
  "delta_rel_l2_median": 0.0183902721011342,
  "success_rel_l2_mean": 0.0,
  "success_rel_l2_ci95": 0.0,
  "success_rel_l2_median": 0.0,
  "success_mse_mean": 0.0,
  "success_mse_ci95": 0.0,
  "success_mse_median": 0.0,
  "clean_e_ran_l2_mean": 642.6897773742676,
  "clean_e_ran_l2_ci95": 98.05371438207523,
  "clean_e_ran_l2_median": 524.7799072265625,
  "clean_e_nul_l2_mean": 1.3014421397820115,
  "clean_e_nul_l2_ci95": 0.40195300854949173,
  "clean_e_nul_l2_median": 0.7462562918663025,
  "clean_e_ran_frac_mean": 0.999996920928641,
  "clean_e_ran_frac_ci95": 1.4048665915234159e-06,
  "clean_e_ran_frac_median": 0.9999991246958406,
  "clean_e_nul_frac_mean": 0.0019582059062452544,
  "clean_e_nul_frac_ci95": 0.0005328366897523343,
  "clean_e_nul_frac_median": 0.0013132589340965535,
  "adv_e_ran_l2_mean": 678.9128589630127,
  "adv_e_ran_l2_ci95": 98.03395524726386,
  "adv_e_ran_l2_median": 561.3149719238281,
  "adv_e_nul_l2_mean": 1.3192179901525378,
  "adv_e_nul_l2_ci95": 0.39840789872283183,
  "adv_e_nul_l2_median": 0.7737227380275726,
  "adv_e_ran_frac_mean": 0.9999972844904417,
  "adv_e_ran_frac_ci95": 1.2226674191680222e-06,
  "adv_e_ran_frac_median": 0.9999991841017051,
  "adv_e_nul_frac_mean": 0.0018703212701538653,
  "adv_e_nul_frac_ci95": 0.0004921224895275913,
  "adv_e_nul_frac_median": 0.0012773243280041267,
  "attack_runtime_total_sec": 12.907823383808136,
  "attack_runtime_per_example_sec": 0.40336948074400425,
  "model_name": "nsn",
  "attack_name": "adam",
  "norm": "l2",
  "eps": 0.02,
  "eps_actual": 30.429722322998046,
  "attack_init_mode": "exact",
  "eval_init_mode": "exact"
}