{
  "num_examples": 32,
  "gt_norm_mean": 26.229215562343597,
  "gt_norm_ci95": 1.7699003430208013,
  "gt_norm_median": 25.09980010986328,
  "clean_mse_mean": 1.025996945180907e-07,
  "clean_mse_ci95": 1.1660480789548427e-08,
  "clean_mse_median": 9.5558977619703e-08,
  "adv_mse_mean": 0.16326950304210186,
  "adv_mse_ci95": 0.0005904778253963225,
  "adv_mse_median": 0.1628671959042549,
  "mse_ratio_mean": 1781908.1281931228,
  "mse_ratio_ci95": 230704.50433725378,
  "mse_ratio_median": 1736878.4566432768,
  "clean_rel_l2_mean": 0.0015774143212183844,
  "clean_rel_l2_ci95": 0.00011414332912521247,
  "clean_rel_l2_median": 0.0015505558694712818,
  "adv_rel_l2_mean": 2.03651125356555,
  "adv_rel_l2_ci95": 0.12197400710305505,
  "adv_rel_l2_median": 2.0567582845687866,
  "rel_l2_ratio_mean": 1315.0167033564749,
  "rel_l2_ratio_ci95": 80.76617443427068,
  "rel_l2_ratio_median": 1317.9011257725915,
  "clean_psnr_mean": 70.12463475941186,
  "clean_psnr_ci95": 0.5150265275794176,
  "clean_psnr_median": 70.19731557562864,
  "adv_psnr_mean": 7.87117760579316,
  "adv_psnr_ci95": 0.01566028642106935,
  "adv_psnr_median": 7.881664096641878,
  "clean_ssim_mean": 0.9997977814985025,
  "clean_ssim_ci95": 3.338262120056758e-05,
  "clean_ssim_median": 0.9998101007730946,
  "adv_ssim_mean": 0.03177724272372601,
  "adv_ssim_ci95": 0.0026962764189064885,
  "adv_ssim_median": 0.031090348134423365,
  "pred_shift_rel_l2_mean": 2.0367261432111263,
  "pred_shift_rel_l2_ci95": 0.1220337345459895,
  "pred_shift_rel_l2_median": 2.0570162534713745,
  "init_shift_rel_l2_mean": 2.0968880094587803,
  "init_shift_rel_l2_ci95": 0.13663608651567477,
  "init_shift_rel_l2_median": 2.0955493450164795,
  "delta_l2_mean": 30.639810800552368,
  "delta_l2_ci95": 4.965344001450259e-07,
  "delta_l2_median": 30.63981056213379,
  "delta_linf_mean": 0.6425547450780869,
  "delta_linf_ci95": 0.01684127863861953,
  "delta_linf_median": 0.637608528137207,
  "delta_mean_abs_mean": 0.11955675343051553,
  "delta_mean_abs_ci95": 6.0911712023390416e-05,
  "delta_mean_abs_median": 0.11956151202321053,
  "delta_rel_l2_mean": 0.02332556080539721,
  "delta_rel_l2_ci95": 0.00209392734149079,
  "delta_rel_l2_median": 0.022913394149281976,
  "success_rel_l2_mean": 1.0,
  "success_rel_l2_ci95": 0.0,
  "success_rel_l2_median": 1.0,
  "success_mse_mean": 1.0,
  "success_mse_ci95": 0.0,
  "success_mse_median": 1.0,
  "clean_e_ran_l2_mean": 9.589977111090775e-06,
  "clean_e_ran_l2_ci95": 1.290083452111422e-06,
  "clean_e_ran_l2_median": 8.932406672101934e-06,
  "clean_e_nul_l2_mean": 0.04045848536770791,
  "clean_e_nul_l2_ci95": 0.002337844378583584,
  "clean_e_nul_l2_median": 0.03956807777285576,
  "clean_e_ran_frac_mean": 0.00023874202005407292,
  "clean_e_ran_frac_ci95": 2.8000483469117344e-05,
  "clean_e_ran_frac_median": 0.00023929188680478876,
  "clean_e_nul_frac_mean": 0.9999999675110711,
  "clean_e_nul_frac_ci95": 1.9963878364630995e-08,
  "clean_e_nul_frac_median": 1.0,
  "adv_e_ran_l2_mean": 51.31072390079498,
  "adv_e_ran_l2_ci95": 0.08461082918934466,
  "adv_e_ran_l2_median": 51.29411506652832,
  "adv_e_nul_l2_mean": 6.39985478669405,
  "adv_e_nul_l2_ci95": 0.3858173996441832,
  "adv_e_nul_l2_median": 6.8752241134643555,
  "adv_e_ran_frac_mean": 0.9920958479404122,
  "adv_e_ran_frac_ci95": 0.000868111219099388,
  "adv_e_ran_frac_median": 0.9910863432394683,
  "adv_e_nul_frac_mean": 0.12369596214826872,
  "adv_e_nul_frac_ci95": 0.007376194278257151,
  "adv_e_nul_frac_median": 0.1332204161536757,
  "attack_runtime_total_sec": 12.930087346583605,
  "attack_runtime_per_example_sec": 0.40406522958073765,
  "model_name": "nsn",
  "attack_name": "adam",
  "norm": "l2",
  "eps": 0.02,
  "eps_actual": 30.639811490722654,
  "attack_init_mode": "exact",
  "eval_init_mode": "exact"
}