{
  "num_examples": 32,
  "gt_norm_mean": 19.554032936692238,
  "gt_norm_ci95": 3.175656556464896,
  "gt_norm_median": 19.43148136138916,
  "gt_norm_q25": 13.664082050323486,
  "gt_norm_q75": 22.861806869506836,
  "clean_mse_mean": 0.0010473749416632927,
  "clean_mse_ci95": 0.000298399623242184,
  "clean_mse_median": 0.0009859981655608863,
  "clean_mse_q25": 0.00040942976193036884,
  "clean_mse_q75": 0.0013247384340502322,
  "adv_mse_mean": 0.006623635985306464,
  "adv_mse_ci95": 0.0029333372812831793,
  "adv_mse_median": 0.003748074290342629,
  "adv_mse_q25": 0.0022146922710817307,
  "adv_mse_q75": 0.006735113216564059,
  "mse_ratio_mean": 5.869774414133307,
  "mse_ratio_ci95": 1.4393427051812124,
  "mse_ratio_median": 5.2003643203542005,
  "mse_ratio_q25": 2.8605210975753783,
  "mse_ratio_q75": 7.359040304491271,
  "clean_rel_l2_mean": 0.19651426142081618,
  "clean_rel_l2_ci95": 0.009461751545814934,
  "clean_rel_l2_median": 0.2037706971168518,
  "clean_rel_l2_q25": 0.18412325903773308,
  "clean_rel_l2_q75": 0.21153900027275085,
  "adv_rel_l2_mean": 0.44450740795582533,
  "adv_rel_l2_ci95": 0.04569473537433071,
  "adv_rel_l2_median": 0.4258842468261719,
  "adv_rel_l2_q25": 0.3638084977865219,
  "adv_rel_l2_q75": 0.5320736169815063,
  "rel_l2_ratio_mean": 2.304354063753544,
  "rel_l2_ratio_ci95": 0.2633681538439485,
  "rel_l2_ratio_median": 2.28019145615458,
  "rel_l2_ratio_q25": 1.691303092040806,
  "rel_l2_ratio_q75": 2.7127494007756834,
  "clean_psnr_mean": 27.11650159966115,
  "clean_psnr_ci95": 0.62559645573846,
  "clean_psnr_median": 27.185794698910463,
  "clean_psnr_q25": 26.167428607357007,
  "clean_psnr_q75": 28.41095740100944,
  "adv_psnr_mean": 20.293965754226,
  "adv_psnr_ci95": 1.4870696714711167,
  "adv_psnr_median": 20.419084443751608,
  "adv_psnr_q25": 17.78041117342508,
  "adv_psnr_q75": 23.549545914655337,
  "clean_ssim_mean": 0.5808751430833394,
  "clean_ssim_ci95": 0.035447806276140366,
  "clean_ssim_median": 0.5748355816036563,
  "clean_ssim_q25": 0.5349292381303041,
  "clean_ssim_q75": 0.6400110125218205,
  "adv_ssim_mean": 0.33138991556047304,
  "adv_ssim_ci95": 0.041211756560382846,
  "adv_ssim_median": 0.3130756331657647,
  "adv_ssim_q25": 0.2646497197691102,
  "adv_ssim_q75": 0.40310566109615736,
  "pred_shift_rel_l2_mean": 0.42605227045714855,
  "pred_shift_rel_l2_ci95": 0.054681824756425364,
  "pred_shift_rel_l2_median": 0.41236360371112823,
  "pred_shift_rel_l2_q25": 0.3200274705886841,
  "pred_shift_rel_l2_q75": 0.5212926119565964,
  "init_shift_rel_l2_mean": 0.06011456612031907,
  "init_shift_rel_l2_ci95": 0.004813240968797043,
  "init_shift_rel_l2_median": 0.0601210743188858,
  "init_shift_rel_l2_q25": 0.05197170376777649,
  "init_shift_rel_l2_q75": 0.0693184845149517,
  "delta_l2_mean": 23.167691469192505,
  "delta_l2_ci95": 5.162190743111962,
  "delta_l2_median": 21.0762357711792,
  "delta_l2_q25": 15.170234203338623,
  "delta_l2_q75": 25.849452018737793,
  "delta_linf_mean": 0.4466635398566723,
  "delta_linf_ci95": 0.10878321178426417,
  "delta_linf_median": 0.41794000566005707,
  "delta_linf_q25": 0.28737621009349823,
  "delta_linf_q75": 0.48206906020641327,
  "delta_mean_abs_mean": 0.08467834047041833,
  "delta_mean_abs_ci95": 0.01929825249760307,
  "delta_mean_abs_median": 0.07635020837187767,
  "delta_mean_abs_q25": 0.0549290906637907,
  "delta_mean_abs_q75": 0.09412185475230217,
  "delta_rel_l2_mean": 0.020000010587890433,
  "delta_rel_l2_ci95": 1.074735653243252e-09,
  "delta_rel_l2_median": 0.020000009668539077,
  "delta_rel_l2_q25": 0.020000008806760138,
  "delta_rel_l2_q75": 0.020000011577941255,
  "success_rel_l2_mean": 0.875,
  "success_rel_l2_ci95": 0.11642178601131538,
  "success_rel_l2_median": 1.0,
  "success_rel_l2_q25": 1.0,
  "success_rel_l2_q75": 1.0,
  "success_mse_mean": 0.9375,
  "success_mse_ci95": 0.08521202209593091,
  "success_mse_median": 1.0,
  "success_mse_q25": 1.0,
  "success_mse_q75": 1.0,
  "clean_e_ran_l2_mean": 3.581054288893938,
  "clean_e_ran_l2_ci95": 0.5597162650436259,
  "clean_e_ran_l2_median": 3.7805742025375366,
  "clean_e_ran_l2_q25": 2.448037326335907,
  "clean_e_ran_l2_q75": 4.389663934707642,
  "clean_e_nul_l2_mean": 1.2661130167543888,
  "clean_e_nul_l2_ci95": 0.15944514679865482,
  "clean_e_nul_l2_median": 1.3051055073738098,
  "clean_e_nul_l2_q25": 0.8412877023220062,
  "clean_e_nul_l2_q75": 1.5810065269470215,
  "clean_e_ran_frac_mean": 0.9334280076694154,
  "clean_e_ran_frac_ci95": 0.011186896218214375,
  "clean_e_ran_frac_median": 0.9430181291629689,
  "clean_e_ran_frac_q25": 0.9303964967360996,
  "clean_e_ran_frac_q75": 0.9519808260731213,
  "clean_e_nul_frac_mean": 0.3506647956885295,
  "clean_e_nul_frac_ci95": 0.024227145567034886,
  "clean_e_nul_frac_median": 0.3327406824531412,
  "clean_e_nul_frac_q25": 0.30615528481501153,
  "clean_e_nul_frac_q75": 0.366551534370289,
  "adv_e_ran_l2_mean": 6.103146683424711,
  "adv_e_ran_l2_ci95": 1.1994846058451973,
  "adv_e_ran_l2_median": 5.333457708358765,
  "adv_e_ran_l2_q25": 4.15119194984436,
  "adv_e_ran_l2_q75": 7.335242390632629,
  "adv_e_nul_l2_mean": 6.481999082490802,
  "adv_e_nul_l2_ci95": 1.4787941259721917,
  "adv_e_nul_l2_median": 5.6748175621032715,
  "adv_e_nul_l2_q25": 3.8461970686912537,
  "adv_e_nul_l2_q75": 8.043792009353638,
  "adv_e_ran_frac_mean": 0.7016716030458896,
  "adv_e_ran_frac_ci95": 0.037088670641370995,
  "adv_e_ran_frac_median": 0.7112665684325149,
  "adv_e_ran_frac_q25": 0.66142397952774,
  "adv_e_ran_frac_q75": 0.7796067289500104,
  "adv_e_nul_frac_mean": 0.6972195055556405,
  "adv_e_nul_frac_ci95": 0.03597165186541868,
  "adv_e_nul_frac_median": 0.7029209902925921,
  "adv_e_nul_frac_q25": 0.6262639548098898,
  "adv_e_nul_frac_q75": 0.7499487385179389,
  "attack_runtime_total_sec": 4081.6498160138726,
  "attack_runtime_per_example_sec": 127.55155675043352,
  "model_name": "nsn",
  "attack_name": "adam",
  "norm": "l2",
  "eps": 0.02,
  "eps_actual": 25.538500640136718,
  "eps_budget_mode": "per_sample_l2",
  "attack_init_mode": "exact",
  "eval_init_mode": "exact"
}