{
  "num_examples": 32,
  "gt_norm_mean": 19.554032936692238,
  "gt_norm_ci95": 3.175656556464896,
  "gt_norm_median": 19.43148136138916,
  "gt_norm_q25": 13.664082050323486,
  "gt_norm_q75": 22.861806869506836,
  "clean_mse_mean": 0.00026567452528070135,
  "clean_mse_ci95": 6.432926170533863e-05,
  "clean_mse_median": 0.0002584782778285444,
  "clean_mse_q25": 0.00010624203423503786,
  "clean_mse_q75": 0.00033532691304571927,
  "adv_mse_mean": 0.00026567040049485513,
  "adv_mse_ci95": 6.432648184627411e-05,
  "adv_mse_median": 0.00025848651421256363,
  "adv_mse_q25": 0.00010624036804074422,
  "adv_mse_q75": 0.0003353272841195576,
  "mse_ratio_mean": 0.9999950327505449,
  "mse_ratio_ci95": 1.7032173710233273e-05,
  "mse_ratio_median": 1.0000054871347104,
  "mse_ratio_q25": 0.9999605091569862,
  "mse_ratio_q75": 1.0000267284959958,
  "clean_rel_l2_mean": 0.10566292330622673,
  "clean_rel_l2_ci95": 0.006199647105670782,
  "clean_rel_l2_median": 0.104661975055933,
  "clean_rel_l2_q25": 0.09610028564929962,
  "clean_rel_l2_q75": 0.11224446073174477,
  "adv_rel_l2_mean": 0.10566279385238886,
  "adv_rel_l2_ci95": 0.0061999607186272,
  "adv_rel_l2_median": 0.10466011986136436,
  "adv_rel_l2_q25": 0.09610156528651714,
  "adv_rel_l2_q75": 0.11224212497472763,
  "rel_l2_ratio_mean": 0.9999975487010897,
  "rel_l2_ratio_ci95": 8.520403357049653e-06,
  "rel_l2_ratio_median": 1.0000028302256005,
  "rel_l2_ratio_q25": 0.9999802418022361,
  "rel_l2_ratio_q75": 1.0000134928407818,
  "clean_psnr_mean": 32.525919010126216,
  "clean_psnr_ci95": 0.5163817660070772,
  "clean_psnr_median": 32.612159844657945,
  "clean_psnr_q25": 31.690702323403492,
  "clean_psnr_q75": 33.81583856855497,
  "adv_psnr_mean": 32.52594059246316,
  "adv_psnr_ci95": 0.5163837603784142,
  "adv_psnr_median": 32.61186085062527,
  "adv_psnr_q25": 31.690819901087643,
  "adv_psnr_q75": 33.816080570771035,
  "clean_ssim_mean": 0.8976910951445387,
  "clean_ssim_ci95": 0.018496159420789866,
  "clean_ssim_median": 0.9057646284276082,
  "clean_ssim_q25": 0.88879670807757,
  "clean_ssim_q75": 0.9352546233199642,
  "adv_ssim_mean": 0.89771129629865,
  "adv_ssim_ci95": 0.01848945841298122,
  "adv_ssim_median": 0.9057740807875909,
  "adv_ssim_q25": 0.8888366610684726,
  "adv_ssim_q75": 0.9352695344804864,
  "pred_shift_rel_l2_mean": 0.0007227787373267347,
  "pred_shift_rel_l2_ci95": 3.875974235646076e-05,
  "pred_shift_rel_l2_median": 0.0007374425185844302,
  "pred_shift_rel_l2_q25": 0.0006601359928026795,
  "pred_shift_rel_l2_q75": 0.0007687953038839623,
  "init_shift_rel_l2_mean": 0.0009920147913362598,
  "init_shift_rel_l2_ci95": 0.00012050480326915182,
  "init_shift_rel_l2_median": 0.0009208049159497023,
  "init_shift_rel_l2_q25": 0.0008132830844260752,
  "init_shift_rel_l2_q75": 0.0011011562310159206,
  "delta_l2_mean": 0.0001757385412020085,
  "delta_l2_ci95": 7.984836405269817e-07,
  "delta_l2_median": 0.00017523756105219945,
  "delta_l2_q25": 0.00017444244076614268,
  "delta_l2_q75": 0.0001765834713296499,
  "delta_linf_mean": 6.420817953767255e-06,
  "delta_linf_ci95": 2.1819163747323602e-07,
  "delta_linf_median": 6.198883056640625e-06,
  "delta_linf_q25": 6.001238944008946e-06,
  "delta_linf_q75": 6.514368578791618e-06,
  "delta_mean_abs_mean": 5.5588044922672e-07,
  "delta_mean_abs_ci95": 7.064837576212744e-09,
  "delta_mean_abs_median": 5.605131150332454e-07,
  "delta_mean_abs_q25": 5.547830710384005e-07,
  "delta_mean_abs_q75": 5.642225744395546e-07,
  "delta_rel_l2_mean": 2.1081362779789296e-07,
  "delta_rel_l2_ci95": 4.4864369090772444e-08,
  "delta_rel_l2_median": 1.671933747714205e-07,
  "delta_rel_l2_q25": 1.359076092131507e-07,
  "delta_rel_l2_q75": 2.294059334135236e-07,
  "success_rel_l2_mean": 0.0,
  "success_rel_l2_ci95": 0.0,
  "success_rel_l2_median": 0.0,
  "success_rel_l2_q25": 0.0,
  "success_rel_l2_q75": 0.0,
  "success_mse_mean": 0.0,
  "success_mse_ci95": 0.0,
  "success_mse_median": 0.0,
  "success_mse_q25": 0.0,
  "success_mse_q75": 0.0,
  "clean_e_ran_l2_mean": 1.4532191734761,
  "clean_e_ran_l2_ci95": 0.2000973269966429,
  "clean_e_ran_l2_median": 1.5127142071723938,
  "clean_e_ran_l2_q25": 0.9548222720623016,
  "clean_e_ran_l2_q75": 1.6509729623794556,
  "clean_e_nul_l2_mean": 1.3124435804784298,
  "clean_e_nul_l2_ci95": 0.1555943799234541,
  "clean_e_nul_l2_median": 1.3449245691299438,
  "clean_e_nul_l2_q25": 0.9415098428726196,
  "clean_e_nul_l2_q75": 1.6041132807731628,
  "clean_e_ran_frac_mean": 0.7341794180506468,
  "clean_e_ran_frac_ci95": 0.01818112314797396,
  "clean_e_ran_frac_median": 0.7339697694740155,
  "clean_e_ran_frac_q25": 0.7062641252842922,
  "clean_e_ran_frac_q75": 0.7637990415918998,
  "clean_e_nul_frac_mean": 0.6747174634543467,
  "clean_e_nul_frac_ci95": 0.0195034238284467,
  "clean_e_nul_frac_median": 0.6791810629424655,
  "clean_e_nul_frac_q25": 0.6454536987692115,
  "clean_e_nul_frac_q75": 0.7079457634274284,
  "adv_e_ran_l2_mean": 1.4531453847885132,
  "adv_e_ran_l2_ci95": 0.20008057315046443,
  "adv_e_ran_l2_median": 1.5126387476921082,
  "adv_e_ran_l2_q25": 0.9547951966524124,
  "adv_e_ran_l2_q75": 1.6508760452270508,
  "adv_e_nul_l2_mean": 1.312510034069419,
  "adv_e_nul_l2_ci95": 0.15560497640896864,
  "adv_e_nul_l2_median": 1.344977080821991,
  "adv_e_nul_l2_q25": 0.9415704756975174,
  "adv_e_nul_l2_q75": 1.6041827499866486,
  "adv_e_ran_frac_mean": 0.7341465203471305,
  "adv_e_ran_frac_ci95": 0.018183610061369815,
  "adv_e_ran_frac_median": 0.7339386608439509,
  "adv_e_ran_frac_q25": 0.706239456036562,
  "adv_e_ran_frac_q75": 0.7637722445747288,
  "adv_e_nul_frac_mean": 0.6747527108019493,
  "adv_e_nul_frac_ci95": 0.019503341527295975,
  "adv_e_nul_frac_median": 0.6792147720189962,
  "adv_e_nul_frac_q25": 0.6454853318617996,
  "adv_e_nul_frac_q75": 0.7079704228413768,
  "attack_runtime_total_sec": 275.5328363701701,
  "attack_runtime_per_example_sec": 8.610401136567816,
  "model_name": "nsn",
  "attack_name": "adam",
  "norm": "l2",
  "eps": 0.01,
  "eps_actual": 12.769250320068359,
  "eps_budget_mode": "per_sample_l2",
  "attack_init_mode": "exact",
  "eval_init_mode": "exact"
}