{
  "num_examples": 32,
  "gt_norm_mean": 21.4468612074852,
  "gt_norm_ci95": 3.8816841727872844,
  "gt_norm_median": 18.293956756591797,
  "gt_norm_q25": 15.490474700927734,
  "gt_norm_q75": 23.577336311340332,
  "clean_mse_mean": 1.3085587187156023e-06,
  "clean_mse_ci95": 6.469643534095298e-07,
  "clean_mse_median": 5.605846240541723e-07,
  "clean_mse_q25": 3.283540621623615e-07,
  "clean_mse_q75": 1.5259559802416334e-06,
  "adv_mse_mean": 0.17137618827837287,
  "adv_mse_ci95": 0.1337294614421158,
  "adv_mse_median": 0.045450374484062195,
  "adv_mse_q25": 0.027151945047080517,
  "adv_mse_q75": 0.0831898208707571,
  "mse_ratio_mean": 99950.57007436952,
  "mse_ratio_ci95": 24092.845437420845,
  "mse_ratio_median": 86221.46922333771,
  "mse_ratio_q25": 39931.1186395288,
  "mse_ratio_q75": 129902.37425601576,
  "clean_rel_l2_mean": 0.005767164519056678,
  "clean_rel_l2_ci95": 0.000622063141720171,
  "clean_rel_l2_median": 0.005252691451460123,
  "clean_rel_l2_q25": 0.004669967805966735,
  "clean_rel_l2_q75": 0.006842963048256934,
  "adv_rel_l2_mean": 1.605548445135355,
  "adv_rel_l2_ci95": 0.1666783610724482,
  "adv_rel_l2_median": 1.5211932063102722,
  "adv_rel_l2_q25": 1.3047378957271576,
  "adv_rel_l2_q75": 1.7604652047157288,
  "rel_l2_ratio_mean": 297.8776171569799,
  "rel_l2_ratio_ci95": 37.28737803706034,
  "rel_l2_ratio_median": 293.63057234126086,
  "rel_l2_ratio_q25": 199.82772232464367,
  "rel_l2_ratio_q75": 360.4190625377111,
  "clean_psnr_mean": 57.819408953979746,
  "clean_psnr_ci95": 1.1465564192276498,
  "clean_psnr_median": 58.53999533043498,
  "clean_psnr_q25": 56.209350862070146,
  "clean_psnr_q75": 59.91914068072508,
  "adv_psnr_mean": 8.920561022019545,
  "adv_psnr_ci95": 1.7009921050689953,
  "adv_psnr_median": 9.559078236621577,
  "adv_psnr_q25": 6.601753549121847,
  "adv_psnr_q75": 12.658732349404412,
  "clean_ssim_mean": 0.9964531608003104,
  "clean_ssim_ci95": 0.0012413219586736802,
  "clean_ssim_median": 0.9976832332573601,
  "clean_ssim_q25": 0.994974344499255,
  "clean_ssim_q75": 0.99878496408875,
  "adv_ssim_mean": 0.048919559870486296,
  "adv_ssim_ci95": 0.009343464829179362,
  "adv_ssim_median": 0.04645509416124368,
  "adv_ssim_q25": 0.02455309088448723,
  "adv_ssim_q75": 0.06248018296431168,
  "clean_mae_mean": 0.0005420059965217661,
  "clean_mae_ci95": 0.00012765090479945198,
  "clean_mae_median": 0.0004149911692366004,
  "clean_mae_q25": 0.0003045137709705159,
  "clean_mae_q75": 0.0006593537400476635,
  "adv_mae_mean": 0.14673129748553038,
  "adv_mae_ci95": 0.05043289358318471,
  "adv_mae_median": 0.10150154680013657,
  "adv_mae_q25": 0.07943069562315941,
  "adv_mae_q75": 0.13380184024572372,
  "clean_nrmse_mean": 0.0013913535171624425,
  "clean_nrmse_ci95": 0.00022514763647650245,
  "clean_nrmse_median": 0.0011830671272088271,
  "clean_nrmse_q25": 0.0010094610179551056,
  "clean_nrmse_q75": 0.00154755603984274,
  "adv_nrmse_mean": 0.4313687923332634,
  "adv_nrmse_ci95": 0.11890713992454893,
  "adv_nrmse_median": 0.3327480987068888,
  "adv_nrmse_q25": 0.23284616429262317,
  "adv_nrmse_q75": 0.4678116981324258,
  "clean_max_err_mean": 0.02005086373537779,
  "clean_max_err_ci95": 0.006453389868753713,
  "clean_max_err_median": 0.01452675461769104,
  "clean_max_err_q25": 0.009732227772474289,
  "clean_max_err_q75": 0.02198433130979538,
  "adv_max_err_mean": 3.7725722938776016,
  "adv_max_err_ci95": 0.9416395801904706,
  "adv_max_err_median": 2.9999407529830933,
  "adv_max_err_q25": 2.2586357593536377,
  "adv_max_err_q75": 3.6537424325942993,
  "clean_init_rel_l2_mean": 0.2451972938142717,
  "clean_init_rel_l2_ci95": 0.03561081665782836,
  "clean_init_rel_l2_median": 0.23107723146677017,
  "clean_init_rel_l2_q25": 0.16439233347773552,
  "clean_init_rel_l2_q75": 0.2748836725950241,
  "adv_init_rel_l2_mean": 0.8358502127230167,
  "adv_init_rel_l2_ci95": 0.03840484934741391,
  "adv_init_rel_l2_median": 0.8303438425064087,
  "adv_init_rel_l2_q25": 0.7697337716817856,
  "adv_init_rel_l2_q75": 0.8889820724725723,
  "init_rel_l2_ratio_mean": 4.033518696671905,
  "init_rel_l2_ratio_ci95": 0.6623111352428129,
  "init_rel_l2_ratio_median": 3.929446488081359,
  "init_rel_l2_ratio_q25": 2.8267287274078994,
  "init_rel_l2_ratio_q75": 4.6325107260478315,
  "clean_init_psnr_mean": 25.603529005112428,
  "clean_init_psnr_ci95": 1.2217430828684657,
  "clean_init_psnr_median": 24.8929218309161,
  "clean_init_psnr_q25": 22.994265090927964,
  "clean_init_psnr_q75": 28.436903076555097,
  "adv_init_psnr_mean": 14.327225825263568,
  "adv_init_psnr_ci95": 1.280808119074051,
  "adv_init_psnr_median": 15.38122838970128,
  "adv_init_psnr_q25": 12.473139429790725,
  "adv_init_psnr_q75": 17.22200396985975,
  "clean_init_ssim_mean": 0.44642928213213473,
  "clean_init_ssim_ci95": 0.04977795903461143,
  "clean_init_ssim_median": 0.3974431811303544,
  "clean_init_ssim_q25": 0.3401872759381051,
  "clean_init_ssim_q75": 0.5860373107985779,
  "adv_init_ssim_mean": 0.06580901912714462,
  "adv_init_ssim_ci95": 0.007045462401598298,
  "adv_init_ssim_median": 0.059451898818316126,
  "adv_init_ssim_q25": 0.05266384265744749,
  "adv_init_ssim_q75": 0.07656977991793962,
  "clean_init_mae_mean": 0.022027999351848848,
  "clean_init_mae_ci95": 0.0041375660132779435,
  "clean_init_mae_median": 0.020301740616559982,
  "clean_init_mae_q25": 0.012683775974437594,
  "clean_init_mae_q75": 0.028047308325767517,
  "adv_init_mae_mean": 0.1020726760616526,
  "adv_init_mae_ci95": 0.02480495261895259,
  "adv_init_mae_median": 0.08189975842833519,
  "adv_init_mae_q25": 0.06979556195437908,
  "adv_init_mae_q75": 0.10025837831199169,
  "pred_shift_rel_l2_mean": 1.6051207482814789,
  "pred_shift_rel_l2_ci95": 0.16666305037198978,
  "pred_shift_rel_l2_median": 1.519863784313202,
  "pred_shift_rel_l2_q25": 1.3048846125602722,
  "pred_shift_rel_l2_q75": 1.7584644556045532,
  "init_shift_rel_l2_mean": 0.818964209407568,
  "init_shift_rel_l2_ci95": 0.041328356650262806,
  "init_shift_rel_l2_median": 0.7778591215610504,
  "init_shift_rel_l2_q25": 0.7474570274353027,
  "init_shift_rel_l2_q75": 0.8833095729351044,
  "delta_l2_mean": 13.33621983975172,
  "delta_l2_ci95": 3.554739461919431,
  "delta_l2_median": 10.2666654586792,
  "delta_l2_q25": 8.342660546302795,
  "delta_l2_q75": 13.079484462738037,
  "delta_linf_mean": 0.34528606617823243,
  "delta_linf_ci95": 0.09135982775053177,
  "delta_linf_median": 0.2681652903556824,
  "delta_linf_q25": 0.1994408816099167,
  "delta_linf_q75": 0.32809462398290634,
  "delta_mean_abs_mean": 0.047534097713651136,
  "delta_mean_abs_ci95": 0.012834989311322579,
  "delta_mean_abs_median": 0.03617801330983639,
  "delta_mean_abs_q25": 0.02957186195999384,
  "delta_mean_abs_q75": 0.04652426578104496,
  "delta_rel_l2_mean": 0.010000001356630955,
  "delta_rel_l2_ci95": 5.522777091681929e-10,
  "delta_rel_l2_median": 0.010000001047308874,
  "delta_rel_l2_q25": 0.009999999879182282,
  "delta_rel_l2_q75": 0.010000002367752751,
  "success_rel_l2_mean": 1.0,
  "success_rel_l2_ci95": 0.0,
  "success_rel_l2_median": 1.0,
  "success_rel_l2_q25": 1.0,
  "success_rel_l2_q75": 1.0,
  "success_mse_mean": 1.0,
  "success_mse_ci95": 0.0,
  "success_mse_median": 1.0,
  "success_mse_q25": 1.0,
  "success_mse_q75": 1.0,
  "clean_e_ran_l2_mean": 1.2794493343903923e-05,
  "clean_e_ran_l2_ci95": 3.5843017445960318e-06,
  "clean_e_ran_l2_median": 1.0379795639892109e-05,
  "clean_e_ran_l2_q25": 7.725837576799677e-06,
  "clean_e_ran_l2_q75": 1.2870962336819503e-05,
  "clean_e_nul_l2_mean": 0.12465671915560961,
  "clean_e_nul_l2_ci95": 0.027039949826107353,
  "clean_e_nul_l2_median": 0.09583590552210808,
  "clean_e_nul_l2_q25": 0.07334667816758156,
  "clean_e_nul_l2_q75": 0.1580955944955349,
  "clean_e_ran_frac_mean": 0.00010529326615952227,
  "clean_e_ran_frac_ci95": 1.2901196503731065e-05,
  "clean_e_ran_frac_median": 9.612818838019454e-05,
  "clean_e_ran_frac_q25": 7.803892308225892e-05,
  "clean_e_ran_frac_q75": 0.00013304166508871048,