{
  "num_examples": 32,
  "gt_norm_mean": 27.580802619457245,
  "gt_norm_ci95": 2.1336641054187684,
  "gt_norm_median": 26.626888275146484,
  "clean_mse_mean": 7.050997218982502e-06,
  "clean_mse_ci95": 1.476663994989349e-06,
  "clean_mse_median": 5.843177632414154e-06,
  "adv_mse_mean": 0.5046966094523668,
  "adv_mse_ci95": 0.034028743317119185,
  "adv_mse_median": 0.49267101287841797,
  "mse_ratio_mean": 89411.63752958499,
  "mse_ratio_ci95": 12786.47070970345,
  "mse_ratio_median": 89393.45909349686,
  "clean_rel_l2_mean": 0.011853363219415769,
  "clean_rel_l2_ci95": 0.00043245050545510493,
  "clean_rel_l2_median": 0.011533250100910664,
  "adv_rel_l2_mean": 3.4191097281873226,
  "adv_rel_l2_ci95": 0.24479175314483936,
  "adv_rel_l2_median": 3.48872172832489,
  "rel_l2_ratio_mean": 291.8109932067469,
  "rel_l2_ratio_ci95": 22.97084596698595,
  "rel_l2_ratio_median": 298.8774442679018,
  "clean_psnr_mean": 52.09839611019163,
  "clean_psnr_ci95": 0.7493930701575438,
  "clean_psnr_median": 52.3353482440351,
  "adv_psnr_mean": 3.0522438076244147,
  "adv_psnr_ci95": 0.30215702752443807,
  "adv_psnr_median": 3.074435924100957,
  "clean_ssim_mean": 0.9894606261477835,
  "clean_ssim_ci95": 0.0019892488264436578,
  "clean_ssim_median": 0.9909052238152636,
  "adv_ssim_mean": -0.014365458539086145,
  "adv_ssim_ci95": 0.0017742118822180555,
  "adv_ssim_median": -0.013966693580734154,
  "pred_shift_rel_l2_mean": 3.4101051427423954,
  "pred_shift_rel_l2_ci95": 0.2438403713134723,
  "pred_shift_rel_l2_median": 3.478666663169861,
  "init_shift_rel_l2_mean": 4.317069008946419,
  "init_shift_rel_l2_ci95": 0.34257938687575423,
  "init_shift_rel_l2_median": 4.292193651199341,
  "delta_l2_mean": 76.91867089271545,
  "delta_l2_ci95": 8.180448642971181e-07,
  "delta_l2_median": 76.91867065429688,
  "delta_linf_mean": 2.410787306725979,
  "delta_linf_ci95": 0.12766392194350124,
  "delta_linf_median": 2.3418660163879395,
  "delta_mean_abs_mean": 0.27734654396772385,
  "delta_mean_abs_ci95": 0.0010842383449268043,
  "delta_mean_abs_median": 0.2770274877548218,
  "delta_rel_l2_mean": 0.055032425429233145,
  "delta_rel_l2_ci95": 0.00596576232437308,
  "delta_rel_l2_median": 0.05383292316984776,
  "success_rel_l2_mean": 1.0,
  "success_rel_l2_ci95": 0.0,
  "success_rel_l2_median": 1.0,
  "success_mse_mean": 1.0,
  "success_mse_ci95": 0.0,
  "success_mse_median": 1.0,
  "clean_e_ran_l2_mean": 0.2817896483466029,
  "clean_e_ran_l2_ci95": 0.028480255590778512,
  "clean_e_ran_l2_median": 0.26633520424366,
  "clean_e_nul_l2_mean": 0.16739655169658363,
  "clean_e_nul_l2_ci95": 0.013864267165281063,
  "clean_e_nul_l2_median": 0.15786196291446686,
  "clean_e_ran_frac_mean": 0.8557871177858765,
  "clean_e_ran_frac_ci95": 0.007948990617919632,
  "clean_e_ran_frac_median": 0.8563566974323826,
  "clean_e_nul_frac_mean": 0.515329415723506,
  "clean_e_nul_frac_ci95": 0.013877681167868442,
  "clean_e_nul_frac_median": 0.5163847451875081,
  "adv_e_ran_l2_mean": 90.00792813301086,
  "adv_e_ran_l2_ci95": 3.1588178495115464,
  "adv_e_ran_l2_median": 89.17827606201172,
  "adv_e_nul_l2_mean": 8.938465386629105,
  "adv_e_nul_l2_ci95": 0.9384660607815348,
  "adv_e_nul_l2_median": 8.270480632781982,
  "adv_e_ran_frac_mean": 0.9941985650409422,
  "adv_e_ran_frac_ci95": 0.0020203251492469662,
  "adv_e_ran_frac_median": 0.9959178345863506,
  "adv_e_nul_frac_mean": 0.10067021730276778,
  "adv_e_nul_frac_ci95": 0.013180091148294961,
  "adv_e_nul_frac_median": 0.0902637934832394,
  "attack_runtime_total_sec": 57.99278624355793,
  "attack_runtime_per_example_sec": 1.8122745701111853,
  "model_name": "resnet",
  "attack_name": "adam",
  "norm": "l2",
  "eps": 0.05,
  "eps_actual": 76.91867002807618,
  "attack_init_mode": "exact",
  "eval_init_mode": "exact"
}