{
  "num_examples": 8,
  "clean_mse_mean": 0.0027929946354561253,
  "clean_mse_ci95": 0.004752435757163235,
  "clean_mse_median": 0.0003442054003244266,
  "adv_mse_mean": 6.731667339801788,
  "adv_mse_ci95": 2.2799255388001987,
  "adv_mse_median": 6.66880464553833,
  "mse_ratio_mean": 27771.75243060809,
  "mse_ratio_ci95": 19924.792133978288,
  "mse_ratio_median": 17340.385308582496,
  "clean_rel_l2_mean": 0.20949539082414886,
  "clean_rel_l2_ci95": 0.0671803979176335,
  "clean_rel_l2_median": 0.19362513604726528,
  "adv_rel_l2_mean": 27.034335003416,
  "adv_rel_l2_ci95": 15.094380765438109,
  "adv_rel_l2_median": 21.427800109635633,
  "rel_l2_ratio_mean": 143.54362331255328,
  "rel_l2_ratio_ci95": 62.71554492563151,
  "rel_l2_ratio_median": 131.67503789160807,
  "clean_psnr_mean": 32.926640828673975,
  "clean_psnr_ci95": 4.864606244531905,
  "clean_psnr_median": 34.63351742815303,
  "adv_psnr_mean": -7.67374585364024,
  "adv_psnr_ci95": 1.8572615305176547,
  "adv_psnr_median": -8.21357116876652,
  "clean_ssim_mean": 0.7401177226641722,
  "clean_ssim_ci95": 0.18596226376761263,
  "clean_ssim_median": 0.8336994594245353,
  "adv_ssim_mean": 0.001860410890601836,
  "adv_ssim_ci95": 0.005505705280374736,
  "adv_ssim_median": 0.0007893444636555258,
  "pred_shift_rel_l2_mean": 27.415692411346363,
  "pred_shift_rel_l2_ci95": 14.366826549626934,
  "pred_shift_rel_l2_median": 21.962048659347488,
  "init_shift_rel_l2_mean": 4.192136199762436,
  "init_shift_rel_l2_ci95": 2.1343008859595622,
  "init_shift_rel_l2_median": 2.661311972832514,
  "delta_l2_mean": 812.6726837158203,
  "delta_l2_ci95": 39.903041447994234,
  "delta_l2_median": 831.6649169921875,
  "delta_linf_mean": 9.641805291175842,
  "delta_linf_ci95": 0.2638546124294191,
  "delta_linf_median": 9.694521427154541,
  "delta_mean_abs_mean": 2.9821149706840515,
  "delta_mean_abs_ci95": 0.16966836543200048,
  "delta_mean_abs_median": 3.0363643169403076,
  "success_rel_l2_mean": 1.0,
  "success_rel_l2_ci95": 0.0,
  "success_rel_l2_median": 1.0,
  "success_mse_mean": 1.0,
  "success_mse_ci95": 0.0,
  "success_mse_median": 1.0,
  "attack_runtime_total_sec": 2792.417051099241,
  "attack_runtime_per_example_sec": 349.0521313874051,
  "model_name": "dpnsn",
  "attack_name": "adam",
  "norm": "l2",
  "eps": 5.0,
  "attack_init_mode": "surrogate",
  "eval_init_mode": "exact"
}