{
  "num_examples": 32,
  "gt_norm_mean": 19.10678167641163,
  "gt_norm_ci95": 3.4833903043152117,
  "gt_norm_median": 16.756710529327393,
  "clean_mse_mean": 8.843375994160851e-06,
  "clean_mse_ci95": 2.7519022650824865e-06,
  "clean_mse_median": 6.181682010719669e-06,
  "adv_mse_mean": 0.015286750873201527,
  "adv_mse_ci95": 0.0029385385960532333,
  "adv_mse_median": 0.012472486589103937,
  "mse_ratio_mean": 3232.4057196854465,
  "mse_ratio_ci95": 1093.8675948574605,
  "mse_ratio_median": 2139.428895228271,
  "clean_rel_l2_mean": 0.0200345172197558,
  "clean_rel_l2_ci95": 0.003151300402619934,
  "clean_rel_l2_median": 0.016435040161013603,
  "adv_rel_l2_mean": 0.937455446459353,
  "adv_rel_l2_ci95": 0.13468774298702677,
  "adv_rel_l2_median": 0.8203858733177185,
  "rel_l2_ratio_mean": 51.79279967808442,
  "rel_l2_ratio_ci95": 8.255085985849371,
  "rel_l2_ratio_median": 46.25363629482395,
  "clean_psnr_mean": 47.765172938798585,
  "clean_psnr_ci95": 0.9003122279186407,
  "clean_psnr_median": 48.48047978493125,
  "adv_psnr_mean": 14.30169254631246,
  "adv_psnr_ci95": 1.1792046969395493,
  "adv_psnr_median": 14.794805284874629,
  "clean_ssim_mean": 0.9889715226305857,
  "clean_ssim_ci95": 0.0016066172664913005,
  "clean_ssim_median": 0.9905324106361718,
  "adv_ssim_mean": 0.5316689835637824,
  "adv_ssim_ci95": 0.04918766375176121,
  "adv_ssim_median": 0.5883161260600025,
  "pred_shift_rel_l2_mean": 0.9342902461066842,
  "pred_shift_rel_l2_ci95": 0.13416731397514337,
  "pred_shift_rel_l2_median": 0.8114397525787354,
  "init_shift_rel_l2_mean": 0.6950585981830955,
  "init_shift_rel_l2_ci95": 0.12154555411035747,
  "init_shift_rel_l2_median": 0.6610859930515289,
  "delta_l2_mean": 6.432729944586754,
  "delta_l2_ci95": 1.62444361249502e-07,
  "delta_l2_median": 6.432730197906494,
  "delta_linf_mean": 0.17173659428954124,
  "delta_linf_ci95": 0.006323722796983313,
  "delta_linf_median": 0.1683492660522461,
  "delta_mean_abs_mean": 0.02293742186157033,
  "delta_mean_abs_ci95": 7.216819085285814e-05,
  "delta_mean_abs_median": 0.02295791171491146,
  "delta_rel_l2_mean": 0.00843437568219801,
  "delta_rel_l2_ci95": 0.0017904724012997183,
  "delta_rel_l2_median": 0.007672664841167309,
  "success_rel_l2_mean": 1.0,
  "success_rel_l2_ci95": 0.0,
  "success_rel_l2_median": 1.0,
  "success_mse_mean": 1.0,
  "success_mse_ci95": 0.0,
  "success_mse_median": 1.0,
  "clean_e_ran_l2_mean": 0.2332250231411308,
  "clean_e_ran_l2_ci95": 0.036767732192424345,
  "clean_e_ran_l2_median": 0.21223297715187073,
  "clean_e_nul_l2_mean": 0.25436562835238874,
  "clean_e_nul_l2_ci95": 0.042948842957437616,
  "clean_e_nul_l2_median": 0.23184172809123993,
  "clean_e_ran_frac_mean": 0.6792161228490077,
  "clean_e_ran_frac_ci95": 0.019441329702788664,
  "clean_e_ran_frac_median": 0.6801848047019097,
  "clean_e_nul_frac_mean": 0.7302116340174626,
  "clean_e_nul_frac_ci95": 0.017268747773017155,
  "clean_e_nul_frac_median": 0.7330393031963305,
  "adv_e_ran_l2_mean": 6.216676041483879,
  "adv_e_ran_l2_ci95": 0.4764251306486097,
  "adv_e_ran_l2_median": 6.0694544315338135,
  "adv_e_nul_l2_mean": 13.88915841281414,
  "adv_e_nul_l2_ci95": 1.4544573624154695,
  "adv_e_nul_l2_median": 12.636717319488525,
  "adv_e_ran_frac_mean": 0.4181025235322366,
  "adv_e_ran_frac_ci95": 0.021990322153688003,
  "adv_e_ran_frac_median": 0.41294842207381105,
  "adv_e_nul_frac_mean": 0.9057494122471994,
  "adv_e_nul_frac_ci95": 0.010596644006191718,
  "adv_e_nul_frac_median": 0.9107544016606718,
  "attack_runtime_total_sec": 116.54103893786669,
  "attack_runtime_per_example_sec": 3.641907466808334,
  "model_name": "dpnsn_res",
  "attack_name": "adam",
  "norm": "l2",
  "eps": 0.005,
  "eps_actual": 6.432730269256592,
  "attack_init_mode": "exact",
  "eval_init_mode": "exact"
}