{
  "num_examples": 32,
  "gt_norm_mean": 19.670156359672546,
  "gt_norm_ci95": 3.306666391339513,
  "gt_norm_median": 18.95488929748535,
  "gt_norm_q25": 11.325607061386108,
  "gt_norm_q75": 25.38380765914917,
  "clean_mse_mean": 4.233089482497121e-06,
  "clean_mse_ci95": 1.3959376967791498e-06,
  "clean_mse_median": 3.1469310215470614e-06,
  "clean_mse_q25": 2.0588170173141407e-06,
  "clean_mse_q75": 4.839670509682037e-06,
  "adv_mse_mean": 0.31441458052722737,
  "adv_mse_ci95": 0.13217566321987545,
  "adv_mse_median": 0.21312806010246277,
  "adv_mse_q25": 0.038180869072675705,
  "adv_mse_q75": 0.4688250347971916,
  "mse_ratio_mean": 79772.06361927732,
  "mse_ratio_ci95": 24058.037151740053,
  "mse_ratio_median": 49582.481170850566,
  "mse_ratio_q25": 33198.66892874078,
  "mse_ratio_q75": 119466.76447064063,
  "clean_rel_l2_mean": 0.013990804654895328,
  "clean_rel_l2_ci95": 0.0027437009112949223,
  "clean_rel_l2_median": 0.011366177350282669,
  "clean_rel_l2_q25": 0.00963209429755807,
  "clean_rel_l2_q75": 0.014316188171505928,
  "adv_rel_l2_mean": 2.847170151770115,
  "adv_rel_l2_ci95": 0.22625822164500722,
  "adv_rel_l2_median": 2.8358075618743896,
  "adv_rel_l2_q25": 2.3135050535202026,
  "adv_rel_l2_q75": 3.248160719871521,
  "rel_l2_ratio_mean": 254.6017117935331,
  "rel_l2_ratio_ci95": 43.042357718465254,
  "rel_l2_ratio_median": 222.48991111489576,
  "rel_l2_ratio_q25": 182.20129663905732,
  "rel_l2_ratio_q75": 345.6143159270707,
  "clean_psnr_mean": 50.400617942905725,
  "clean_psnr_ci95": 0.9582306673935479,
  "clean_psnr_median": 51.221854017716126,
  "clean_psnr_q25": 49.48024605897111,
  "clean_psnr_q75": 52.436419130903055,
  "adv_psnr_mean": 3.557500172172883,
  "adv_psnr_ci95": 1.5145229006680865,
  "adv_psnr_median": 3.6494568361778397,
  "adv_psnr_q25": 0.3884449128869024,
  "adv_psnr_q75": 6.773713350286701,
  "clean_ssim_mean": 0.9970423391374046,
  "clean_ssim_ci95": 0.0004126937372226774,
  "clean_ssim_median": 0.9971779241078693,
  "clean_ssim_q25": 0.9962558470800563,
  "clean_ssim_q75": 0.9980665856771606,
  "adv_ssim_mean": 0.506402519090083,
  "adv_ssim_ci95": 0.062055920139811926,
  "adv_ssim_median": 0.5397910862303257,
  "adv_ssim_q25": 0.37093515009915157,
  "adv_ssim_q75": 0.6371078427996474,
  "clean_mae_mean": 0.0007804920123817283,
  "clean_mae_ci95": 0.00011871629601624852,
  "clean_mae_median": 0.0007144018309190869,
  "clean_mae_q25": 0.0005749216361436993,
  "clean_mae_q75": 0.0009444958850508556,
  "adv_mae_mean": 0.1063158133183606,
  "adv_mae_ci95": 0.0274541142722155,
  "adv_mae_median": 0.09089627116918564,
  "adv_mae_q25": 0.04150158632546663,
  "adv_mae_q75": 0.1331181526184082,
  "clean_nrmse_mean": 0.0031891418470423455,
  "clean_nrmse_ci95": 0.00041450302620432884,
  "clean_nrmse_median": 0.002748937135148914,
  "clean_nrmse_q25": 0.002388820186285068,
  "clean_nrmse_q75": 0.0033585040753390354,
  "adv_nrmse_mean": 0.7527585857951558,
  "adv_nrmse_ci95": 0.13883265009407603,
  "adv_nrmse_median": 0.6579951705702205,
  "adv_nrmse_q25": 0.4584769548559403,
  "adv_nrmse_q75": 0.9573506063692144,
  "clean_max_err_mean": 0.05555336375255138,
  "clean_max_err_ci95": 0.009189805164417952,
  "clean_max_err_median": 0.049076568335294724,
  "clean_max_err_q25": 0.0329882875084877,
  "clean_max_err_q75": 0.07740922272205353,
  "adv_max_err_mean": 6.115665428340435,
  "adv_max_err_ci95": 1.343946772567087,
  "adv_max_err_median": 5.642611980438232,
  "adv_max_err_q25": 2.5799797773361206,
  "adv_max_err_q75": 8.727471828460693,
  "clean_init_rel_l2_mean": 0.2520770381670445,
  "clean_init_rel_l2_ci95": 0.04474757835515376,
  "clean_init_rel_l2_median": 0.21722742170095444,
  "clean_init_rel_l2_q25": 0.17055825889110565,
  "clean_init_rel_l2_q75": 0.28996142745018005,
  "adv_init_rel_l2_mean": 1.5364560224115849,
  "adv_init_rel_l2_ci95": 0.08485623443354848,
  "adv_init_rel_l2_median": 1.535111665725708,
  "adv_init_rel_l2_q25": 1.3711653649806976,
  "adv_init_rel_l2_q75": 1.6566613912582397,
  "init_rel_l2_ratio_mean": 7.385498842588257,
  "init_rel_l2_ratio_ci95": 1.097550396581825,
  "init_rel_l2_ratio_median": 6.896159722804883,
  "init_rel_l2_ratio_q25": 5.245788483321602,
  "init_rel_l2_ratio_q75": 10.044539062055929,
  "clean_init_psnr_mean": 25.194284395610136,
  "clean_init_psnr_ci95": 1.053763380803202,
  "clean_init_psnr_median": 24.783990491579146,
  "clean_init_psnr_q25": 23.15347558332141,
  "clean_init_psnr_q75": 27.63229479466916,
  "adv_init_psnr_mean": 8.802327949220356,
  "adv_init_psnr_ci95": 1.3123082870295115,
  "adv_init_psnr_median": 8.97172128009198,
  "adv_init_psnr_q25": 6.3366094766234164,
  "adv_init_psnr_q75": 11.501211671615986,
  "clean_init_ssim_mean": 0.4360748676610561,
  "clean_init_ssim_ci95": 0.038615712195724655,
  "clean_init_ssim_median": 0.4156293124047607,
  "clean_init_ssim_q25": 0.3746017818907749,
  "clean_init_ssim_q75": 0.4684293510924116,
  "adv_init_ssim_mean": 0.04140892957132823,
  "adv_init_ssim_ci95": 0.003995220559843825,
  "adv_init_ssim_median": 0.038010857770444106,
  "adv_init_ssim_q25": 0.034437230286920924,
  "adv_init_ssim_q75": 0.044454471566089664,
  "clean_init_mae_mean": 0.019345941531355493,
  "clean_init_mae_ci95": 0.0033431355899844186,
  "clean_init_mae_median": 0.0176046434789896,
  "clean_init_mae_q25": 0.012700640596449375,
  "clean_init_mae_q75": 0.023134255316108465,
  "adv_init_mae_mean": 0.17066531779710203,
  "adv_init_mae_ci95": 0.03591367439909076,
  "adv_init_mae_median": 0.1637238711118698,
  "adv_init_mae_q25": 0.07789021730422974,
  "adv_init_mae_q75": 0.23894571512937546,
  "pred_shift_rel_l2_mean": 2.8490076661109924,
  "pred_shift_rel_l2_ci95": 0.22739423323642674,
  "pred_shift_rel_l2_median": 2.839432716369629,
  "pred_shift_rel_l2_q25": 2.3175837993621826,
  "pred_shift_rel_l2_q75": 3.251337707042694,
  "init_shift_rel_l2_mean": 1.56569504737854,
  "init_shift_rel_l2_ci95": 0.08249149190376058,
  "init_shift_rel_l2_median": 1.5671024918556213,
  "init_shift_rel_l2_q25": 1.4085832834243774,
  "init_shift_rel_l2_q75": 1.6847162544727325,
  "delta_l2_mean": 24.563361331820488,
  "delta_l2_ci95": 5.286023466518322,
  "delta_l2_median": 23.27129364013672,
  "delta_l2_q25": 10.699363470077515,
  "delta_l2_q75": 32.556640625,
  "delta_linf_mean": 0.6118078883737326,
  "delta_linf_ci95": 0.13585226625263955,
  "delta_linf_median": 0.5441513657569885,
  "delta_linf_q25": 0.25344908237457275,
  "delta_linf_q75": 0.8375868648290634,
  "delta_mean_abs_mean": 0.08932414272567257,
  "delta_mean_abs_ci95": 0.0194510183259396,
  "delta_mean_abs_median": 0.08411145955324173,
  "delta_mean_abs_q25": 0.03837602585554123,
  "delta_mean_abs_q75": 0.11832741647958755,
  "delta_rel_l2_mean": 0.020000002331295584,
  "delta_rel_l2_ci95": 1.2136963808629848e-09,
  "delta_rel_l2_median": 0.02000000183572838,
  "delta_rel_l2_q25": 0.020000000299736486,
  "delta_rel_l2_q75": 0.020000003134462315,
  "success_rel_l2_mean": 1.0,
  "success_rel_l2_ci95": 0.0,
  "success_rel_l2_median": 1.0,
  "success_rel_l2_q25": 1.0,
  "success_rel_l2_q75": 1.0,
  "success_mse_mean": 1.0,
  "success_mse_ci95": 0.0,
  "success_mse_median": 1.0,
  "success_mse_q25": 1.0,
  "success_mse_q75": 1.0,
  "clean_e_ran_l2_mean": 0.17228506109677255,
  "clean_e_ran_l2_ci95": 0.024773381249984038,
  "clean_e_ran_l2_median": 0.15739762783050537,
  "clean_e_ran_l2_q25": 0.12449581734836102,
  "clean_e_ran_l2_q75": 0.21829743310809135,
  "clean_e_nul_l2_mean": 0.16710232058539987,
  "clean_e_nul_l2_ci95": 0.029022772908131485,
  "clean_e_nul_l2_median": 0.14983142167329788,
  "clean_e_nul_l2_q25": 0.12005991861224174,
  "clean_e_nul_l2_q75": 0.18146085366606712,
  "clean_e_ran_frac_mean": 0.7217032111356882,
  "clean_e_ran_frac_ci95": 0.022452118520550065,
  "clean_e_ran_frac_median": 0.7492634411527208,
  "clean_e_ran_frac_q25": 0.6845589207454497,
  "clean_e_ran_frac_q75": 0.7669260220969667,
  "clean_e_nul_frac_mean": 0.6865996513384425,