{
  "num_examples": 32,
  "gt_norm_mean": 19.670156359672546,
  "gt_norm_ci95": 3.306666391339513,
  "gt_norm_median": 18.95488929748535,
  "gt_norm_q25": 11.325607061386108,
  "gt_norm_q75": 25.38380765914917,
  "clean_mse_mean": 5.612949143252166e-07,
  "clean_mse_ci95": 1.9777864721603885e-07,
  "clean_mse_median": 3.6571930195350433e-07,
  "clean_mse_q25": 2.130579730419413e-07,
  "clean_mse_q75": 6.864816555207653e-07,
  "adv_mse_mean": 0.27803787399898283,
  "adv_mse_ci95": 0.12083335778962995,
  "adv_mse_median": 0.1640222743153572,
  "adv_mse_q25": 0.042096078395843506,
  "adv_mse_q75": 0.34098395705223083,
  "mse_ratio_mean": 505755.4557887666,
  "mse_ratio_ci95": 144225.998595499,
  "mse_ratio_median": 369769.55533553194,
  "mse_ratio_q25": 170704.5913793887,
  "mse_ratio_q75": 820105.9654334695,
  "clean_rel_l2_mean": 0.004997396870749071,
  "clean_rel_l2_ci95": 0.0008900302157751416,
  "clean_rel_l2_median": 0.004206398734822869,
  "clean_rel_l2_q25": 0.0034254661295562983,
  "clean_rel_l2_q75": 0.005473889643326402,
  "adv_rel_l2_mean": 2.669542659074068,
  "adv_rel_l2_ci95": 0.20156718060861714,
  "adv_rel_l2_median": 2.466001272201538,
  "adv_rel_l2_q25": 2.317740797996521,
  "adv_rel_l2_q75": 3.100850284099579,
  "rel_l2_ratio_mean": 646.8162825550729,
  "rel_l2_ratio_ci95": 104.06185717798213,
  "rel_l2_ratio_median": 607.8809610371079,
  "rel_l2_ratio_q25": 412.86597912742684,
  "rel_l2_ratio_q75": 905.5697406367963,
  "clean_psnr_mean": 59.209447005332066,
  "clean_psnr_ci95": 0.9578187055440011,
  "clean_psnr_median": 59.96873730239413,
  "clean_psnr_q25": 57.95121406880232,
  "clean_psnr_q75": 60.84446046836932,
  "adv_psnr_mean": 4.091509002332181,
  "adv_psnr_ci95": 1.4875451868160772,
  "adv_psnr_median": 5.547896693475147,
  "adv_psnr_q25": 0.7505000840234202,
  "adv_psnr_q75": 6.802719217387634,
  "clean_ssim_mean": 0.9979702168899154,
  "clean_ssim_ci95": 0.0008418021814384995,
  "clean_ssim_median": 0.9988135510124017,
  "clean_ssim_q25": 0.9975698251358303,
  "clean_ssim_q75": 0.9991351841790994,
  "adv_ssim_mean": 0.017238385033066232,
  "adv_ssim_ci95": 0.004195189561619852,
  "adv_ssim_median": 0.02024754446894352,
  "adv_ssim_q25": 0.006276672967264377,
  "adv_ssim_q75": 0.023404221713774164,
  "clean_mae_mean": 0.0003681171897369495,
  "clean_mae_ci95": 6.210615973757269e-05,
  "clean_mae_median": 0.000319573053275235,
  "clean_mae_q25": 0.0002524823066778481,
  "clean_mae_q75": 0.0004401093610795215,
  "adv_mae_mean": 0.2233284554677084,
  "adv_mae_ci95": 0.05193953507193509,
  "adv_mae_median": 0.20498760044574738,
  "adv_mae_q25": 0.09856410510838032,
  "adv_mae_q75": 0.30905458331108093,
  "clean_nrmse_mean": 0.0011573000523242847,
  "clean_nrmse_ci95": 0.00015424621875596788,
  "clean_nrmse_median": 0.0010037557464428635,
  "clean_nrmse_q25": 0.0009073824051793343,
  "clean_nrmse_q75": 0.0012662015647871418,
  "adv_nrmse_mean": 0.7054763431814708,
  "adv_nrmse_ci95": 0.12830984057003114,
  "adv_nrmse_median": 0.5279688340767252,
  "adv_nrmse_q25": 0.45694752475962275,
  "adv_nrmse_q75": 0.9173157688877953,
  "clean_max_err_mean": 0.014933580649085343,
  "clean_max_err_ci95": 0.0033303609393555956,
  "clean_max_err_median": 0.011397391557693481,
  "clean_max_err_q25": 0.008980536833405495,
  "clean_max_err_q75": 0.01632840931415558,
  "adv_max_err_mean": 6.053564444184303,
  "adv_max_err_ci95": 1.2740252142703528,
  "adv_max_err_median": 5.455762624740601,
  "adv_max_err_q25": 2.8489619493484497,
  "adv_max_err_q75": 8.36866283416748,
  "clean_init_rel_l2_mean": 0.2520770381670445,
  "clean_init_rel_l2_ci95": 0.04474757835515376,
  "clean_init_rel_l2_median": 0.21722742170095444,
  "clean_init_rel_l2_q25": 0.17055825889110565,
  "clean_init_rel_l2_q75": 0.28996142745018005,
  "adv_init_rel_l2_mean": 1.5379619002342224,
  "adv_init_rel_l2_ci95": 0.08442894842090952,
  "adv_init_rel_l2_median": 1.4793317317962646,
  "adv_init_rel_l2_q25": 1.3809957206249237,
  "adv_init_rel_l2_q75": 1.702374279499054,
  "init_rel_l2_ratio_mean": 7.396229152214603,
  "init_rel_l2_ratio_ci95": 1.1144921176590667,
  "init_rel_l2_ratio_median": 6.713899587743176,
  "init_rel_l2_ratio_q25": 5.3872897282044425,
  "init_rel_l2_ratio_q75": 9.989162401122577,
  "clean_init_psnr_mean": 25.194284395610136,
  "clean_init_psnr_ci95": 1.053763380803202,
  "clean_init_psnr_median": 24.783990491579146,
  "clean_init_psnr_q25": 23.15347558332141,
  "clean_init_psnr_q75": 27.63229479466916,
  "adv_init_psnr_mean": 8.792086180987372,
  "adv_init_psnr_ci95": 1.3209522251483645,
  "adv_init_psnr_median": 9.511637510845741,
  "adv_init_psnr_q25": 5.84361734822207,
  "adv_init_psnr_q75": 11.521679614813609,
  "clean_init_ssim_mean": 0.4360748676610561,
  "clean_init_ssim_ci95": 0.038615712195724655,
  "clean_init_ssim_median": 0.4156293124047607,
  "clean_init_ssim_q25": 0.3746017818907749,
  "clean_init_ssim_q75": 0.4684293510924116,
  "adv_init_ssim_mean": 0.03863302647078132,
  "adv_init_ssim_ci95": 0.0037088100778758432,
  "adv_init_ssim_median": 0.03655030964406655,
  "adv_init_ssim_q25": 0.032684685147488825,
  "adv_init_ssim_q75": 0.04082070100229464,
  "clean_init_mae_mean": 0.019345941531355493,
  "clean_init_mae_ci95": 0.0033431355899844186,
  "clean_init_mae_median": 0.0176046434789896,
  "clean_init_mae_q25": 0.012700640596449375,
  "clean_init_mae_q75": 0.023134255316108465,
  "adv_init_mae_mean": 0.1738390091340989,
  "adv_init_mae_ci95": 0.036552541573377506,
  "adv_init_mae_median": 0.16043493896722794,
  "adv_init_mae_q25": 0.0834310743957758,
  "adv_init_mae_q75": 0.23477213829755783,
  "pred_shift_rel_l2_mean": 2.6687951534986496,
  "pred_shift_rel_l2_ci95": 0.2016521830221949,
  "pred_shift_rel_l2_median": 2.4650477170944214,
  "pred_shift_rel_l2_q25": 2.317622482776642,
  "pred_shift_rel_l2_q75": 3.100297689437866,
  "init_shift_rel_l2_mean": 1.5686965249478817,
  "init_shift_rel_l2_ci95": 0.08161620562414583,
  "init_shift_rel_l2_median": 1.5072157979011536,
  "init_shift_rel_l2_q25": 1.390437662601471,
  "init_shift_rel_l2_q75": 1.7244082391262054,
  "delta_l2_mean": 24.5633614808321,
  "delta_l2_ci95": 5.286023535127269,
  "delta_l2_median": 23.271294593811035,
  "delta_l2_q25": 10.699362754821777,
  "delta_l2_q75": 32.556640625,
  "delta_linf_mean": 0.633126697037369,
  "delta_linf_ci95": 0.14391540454883586,
  "delta_linf_median": 0.5795473456382751,
  "delta_linf_q25": 0.27484652400016785,
  "delta_linf_q75": 0.7839270681142807,
  "delta_mean_abs_mean": 0.08908293902641162,
  "delta_mean_abs_ci95": 0.01941819604418807,
  "delta_mean_abs_median": 0.08410805463790894,
  "delta_mean_abs_q25": 0.038355132564902306,
  "delta_mean_abs_q75": 0.11863989196717739,
  "delta_rel_l2_mean": 0.02000000234857801,
  "delta_rel_l2_ci95": 1.1516488641317632e-09,
  "delta_rel_l2_median": 0.02000000160782712,
  "delta_rel_l2_q25": 0.020000000388589928,
  "delta_rel_l2_q75": 0.020000003029857365,
  "success_rel_l2_mean": 1.0,
  "success_rel_l2_ci95": 0.0,
  "success_rel_l2_median": 1.0,
  "success_rel_l2_q25": 1.0,
  "success_rel_l2_q75": 1.0,
  "success_mse_mean": 1.0,
  "success_mse_ci95": 0.0,
  "success_mse_median": 1.0,
  "success_mse_q25": 1.0,
  "success_mse_q75": 1.0,
  "clean_e_ran_l2_mean": 1.1741585289826162e-05,
  "clean_e_ran_l2_ci95": 2.589065731757267e-06,
  "clean_e_ran_l2_median": 1.152363074652385e-05,
  "clean_e_ran_l2_q25": 5.10649101670424e-06,
  "clean_e_ran_l2_q75": 1.4750985656064586e-05,
  "clean_e_nul_l2_mean": 0.08739241550210863,
  "clean_e_nul_l2_ci95": 0.01389867574300725,
  "clean_e_nul_l2_median": 0.0774075947701931,
  "clean_e_nul_l2_q25": 0.0590744698420167,
  "clean_e_nul_l2_q75": 0.10605190135538578,
  "clean_e_ran_frac_mean": 0.00013606957618292003,
  "clean_e_ran_frac_ci95": 2.1786677677283374e-05,
  "clean_e_ran_frac_median": 0.0001313153690224375,
  "clean_e_ran_frac_q25": 9.319375286701167e-05,
  "clean_e_ran_frac_q75": 0.00017622928866082785,
  "clean_e_nul_frac_mean": 0.9999999912814215,