{
  "num_examples": 32,
  "gt_norm_mean": 26.229215562343597,
  "gt_norm_ci95": 1.7699003430208013,
  "gt_norm_median": 25.09980010986328,
  "clean_mse_mean": 3.11057939939019e-06,
  "clean_mse_ci95": 2.800259004401547e-07,
  "clean_mse_median": 3.0060148219490657e-06,
  "adv_mse_mean": 0.004508501704549417,
  "adv_mse_ci95": 0.0006044502275320324,
  "adv_mse_median": 0.004097447730600834,
  "mse_ratio_mean": 1509.7957898307689,
  "mse_ratio_ci95": 201.29862184510947,
  "mse_ratio_median": 1413.834576863265,
  "clean_rel_l2_mean": 0.00871896866010502,
  "clean_rel_l2_ci95": 0.00048715740363670235,
  "clean_rel_l2_median": 0.008746182080358267,
  "adv_rel_l2_mean": 0.33344019670039415,
  "adv_rel_l2_ci95": 0.02991914643357471,
  "adv_rel_l2_median": 0.3243923783302307,
  "rel_l2_ratio_mean": 38.130233650707126,
  "rel_l2_ratio_ci95": 2.6315258767443606,
  "rel_l2_ratio_median": 37.596309461699235,
  "clean_psnr_mean": 55.21131257168602,
  "clean_psnr_ci95": 0.389639075302968,
  "clean_psnr_median": 55.220089144394095,
  "adv_psnr_mean": 23.76112363527036,
  "adv_psnr_ci95": 0.567958225201152,
  "adv_psnr_median": 23.87731662390597,
  "clean_ssim_mean": 0.9937375536016034,
  "clean_ssim_ci95": 0.0006710240944635571,
  "clean_ssim_median": 0.9938350744611535,
  "adv_ssim_mean": 0.09300405272605106,
  "adv_ssim_ci95": 0.008458907954090353,
  "adv_ssim_median": 0.08788205853810421,
  "pred_shift_rel_l2_mean": 0.335496811196208,
  "pred_shift_rel_l2_ci95": 0.029796151618790855,
  "pred_shift_rel_l2_median": 0.32693982124328613,
  "init_shift_rel_l2_mean": 0.5066161006689072,
  "init_shift_rel_l2_ci95": 0.0333776830085869,
  "init_shift_rel_l2_median": 0.5064867436885834,
  "delta_l2_mean": 7.659952700138092,
  "delta_l2_ci95": 2.0015941574330038e-07,
  "delta_l2_median": 7.659952640533447,
  "delta_linf_mean": 0.21762238629162312,
  "delta_linf_ci95": 0.013031173505430359,
  "delta_linf_median": 0.21153491735458374,
  "delta_mean_abs_mean": 0.028454151120968163,
  "delta_mean_abs_ci95": 0.00014209387333523617,
  "delta_mean_abs_median": 0.028461447916924953,
  "delta_rel_l2_mean": 0.005831390181752474,
  "delta_rel_l2_ci95": 0.0005234818152264029,
  "delta_rel_l2_median": 0.0057283481828482264,
  "success_rel_l2_mean": 1.0,
  "success_rel_l2_ci95": 0.0,
  "success_rel_l2_median": 1.0,
  "success_mse_mean": 1.0,
  "success_mse_ci95": 0.0,
  "success_mse_median": 1.0,
  "clean_e_ran_l2_mean": 0.18870047573000193,
  "clean_e_ran_l2_ci95": 0.008615702772368996,
  "clean_e_ran_l2_median": 0.190646730363369,
  "clean_e_nul_l2_mean": 0.12021724856458604,
  "clean_e_nul_l2_ci95": 0.006144546025650912,
  "clean_e_nul_l2_median": 0.12092284858226776,
  "clean_e_ran_frac_mean": 0.842658602915844,
  "clean_e_ran_frac_ci95": 0.008210427264304276,
  "clean_e_ran_frac_median": 0.8372931446284574,
  "clean_e_nul_frac_mean": 0.5366485265225389,
  "clean_e_nul_frac_ci95": 0.01312851382375087,
  "clean_e_nul_frac_median": 0.546747567690678,
  "adv_e_ran_l2_mean": 8.28363186120987,
  "adv_e_ran_l2_ci95": 0.5721630878467666,
  "adv_e_ran_l2_median": 8.094367265701294,
  "adv_e_nul_l2_mean": 1.5681254118680954,
  "adv_e_nul_l2_ci95": 0.1354192648409863,
  "adv_e_nul_l2_median": 1.4964625835418701,
  "adv_e_ran_frac_mean": 0.9791886402820544,
  "adv_e_ran_frac_ci95": 0.006067381308553422,
  "adv_e_ran_frac_median": 0.9846858789975568,
  "adv_e_nul_frac_mean": 0.19217528529338598,
  "adv_e_nul_frac_ci95": 0.022155891407742524,
  "adv_e_nul_frac_median": 0.17433766719913707,
  "attack_runtime_total_sec": 12.635720293968916,
  "attack_runtime_per_example_sec": 0.3948662591865286,
  "model_name": "resnet",
  "attack_name": "adam",
  "norm": "l2",
  "eps": 0.005,
  "eps_actual": 7.659952872680663,
  "attack_init_mode": "exact",
  "eval_init_mode": "exact"
}