{
  "num_examples": 32,
  "gt_norm_mean": 27.44437724351883,
  "gt_norm_ci95": 2.532233818071928,
  "gt_norm_median": 24.26910400390625,
  "clean_mse_mean": 0.008173871734470595,
  "clean_mse_ci95": 0.0026184794665444822,
  "clean_mse_median": 0.004812475759536028,
  "adv_mse_mean": 0.008817632195132319,
  "adv_mse_ci95": 0.0026787408873731443,
  "adv_mse_median": 0.00541098671965301,
  "mse_ratio_mean": 1.109910897004678,
  "mse_ratio_ci95": 0.01605697263301065,
  "mse_ratio_median": 1.1130260527612998,
  "clean_rel_l2_mean": 0.37801617849618196,
  "clean_rel_l2_ci95": 0.017136446990600494,
  "clean_rel_l2_median": 0.3699776232242584,
  "adv_rel_l2_mean": 0.39745006524026394,
  "adv_rel_l2_ci95": 0.015942079039995543,
  "adv_rel_l2_median": 0.39080387353897095,
  "rel_l2_ratio_mean": 1.0533009225818377,
  "rel_l2_ratio_ci95": 0.007616145044785363,
  "rel_l2_ratio_median": 1.0550001026424054,
  "clean_psnr_mean": 22.15662156025285,
  "clean_psnr_ci95": 1.094149873006265,
  "clean_psnr_median": 23.17661671494563,
  "adv_psnr_mean": 21.707403672010937,
  "adv_psnr_ci95": 1.0447788147706352,
  "adv_psnr_median": 22.668096147016453,
  "clean_ssim_mean": 0.1871872604143917,
  "clean_ssim_ci95": 0.026923190699355948,
  "clean_ssim_median": 0.1945951936611393,
  "adv_ssim_mean": 0.18291285085246248,
  "adv_ssim_ci95": 0.02648572495692592,
  "adv_ssim_median": 0.1896330112819225,
  "pred_shift_rel_l2_mean": 0.04678591899573803,
  "pred_shift_rel_l2_ci95": 0.005423581352242124,
  "pred_shift_rel_l2_median": 0.04715772159397602,
  "init_shift_rel_l2_mean": 0.01601543033029884,
  "init_shift_rel_l2_ci95": 0.0018927170009649162,
  "init_shift_rel_l2_median": 0.017122711054980755,
  "delta_l2_mean": 7.607430323958397,
  "delta_l2_ci95": 1.7421401645129363e-07,
  "delta_l2_median": 7.6074302196502686,
  "delta_linf_mean": 0.21396469976752996,
  "delta_linf_ci95": 0.012254061563047697,
  "delta_linf_median": 0.20549440383911133,
  "delta_mean_abs_mean": 0.028843874286394566,
  "delta_mean_abs_ci95": 6.532695780416274e-05,
  "delta_mean_abs_median": 0.028794920071959496,
  "delta_rel_l2_mean": 0.004336425168086204,
  "delta_rel_l2_ci95": 0.0005062462664824106,
  "delta_rel_l2_median": 0.004597568457875295,
  "success_rel_l2_mean": 0.0,
  "success_rel_l2_ci95": 0.0,
  "success_rel_l2_median": 0.0,
  "success_mse_mean": 0.0,
  "success_mse_ci95": 0.0,
  "success_mse_median": 0.0,
  "clean_e_ran_l2_mean": 9.360422417521477,
  "clean_e_ran_l2_ci95": 1.3674939951728344,
  "clean_e_ran_l2_median": 7.73125958442688,
  "clean_e_nul_l2_mean": 5.19507123529911,
  "clean_e_nul_l2_ci95": 0.7235019230252692,
  "clean_e_nul_l2_median": 4.366955757141113,
  "clean_e_ran_frac_mean": 0.8730258967363931,
  "clean_e_ran_frac_ci95": 0.0031097828048313736,
  "clean_e_ran_frac_median": 0.8706534348712411,
  "clean_e_nul_frac_mean": 0.4873220285625608,
  "clean_e_nul_frac_ci95": 0.005730643970381853,
  "clean_e_nul_frac_median": 0.49189644043054254,
  "adv_e_ran_l2_mean": 9.826859757304192,
  "adv_e_ran_l2_ci95": 1.3586016322702494,
  "adv_e_ran_l2_median": 8.200066566467285,
  "adv_e_nul_l2_mean": 5.372677370905876,
  "adv_e_nul_l2_ci95": 0.7163090749315338,
  "adv_e_nul_l2_median": 4.5765931606292725,
  "adv_e_ran_frac_mean": 0.8762093783747418,
  "adv_e_ran_frac_ci95": 0.004008588969945293,
  "adv_e_ran_frac_median": 0.8750055855774885,
  "adv_e_nul_frac_mean": 0.4813081378175663,
  "adv_e_nul_frac_ci95": 0.007631156813034104,
  "adv_e_nul_frac_median": 0.4841126559877074,
  "attack_runtime_total_sec": 12.624153930693865,
  "attack_runtime_per_example_sec": 0.3945048103341833,
  "model_name": "resnet",
  "attack_name": "adam",
  "norm": "l2",
  "eps": 0.005,
  "eps_actual": 7.6074305807495115,
  "attack_init_mode": "exact",
  "eval_init_mode": "exact"
}