{
  "num_examples": 32,
  "gt_norm_mean": 19.554032936692238,
  "gt_norm_ci95": 3.175656556464896,
  "gt_norm_median": 19.43148136138916,
  "gt_norm_q25": 13.664082050323486,
  "gt_norm_q75": 22.861806869506836,
  "clean_mse_mean": 0.0011342021898599342,
  "clean_mse_ci95": 0.0005445552811869841,
  "clean_mse_median": 0.0007189511088654399,
  "clean_mse_q25": 0.0003874075337080285,
  "clean_mse_q75": 0.0010221929696854204,
  "adv_mse_mean": 0.014147074577749663,
  "adv_mse_ci95": 0.025944679378308872,
  "adv_mse_median": 0.0007189620228018612,
  "adv_mse_q25": 0.0003874140966217965,
  "adv_mse_q75": 0.0010341084562242031,
  "mse_ratio_mean": 2.5806480607352107,
  "mse_ratio_ci95": 3.0929293927288963,
  "mse_ratio_median": 1.0000184060803403,
  "mse_ratio_q25": 1.0000163738466576,
  "mse_ratio_q75": 1.000021358726828,
  "clean_rel_l2_mean": 0.18589467136189342,
  "clean_rel_l2_ci95": 0.007185605500314222,
  "clean_rel_l2_median": 0.17879388481378555,
  "clean_rel_l2_q25": 0.1720423772931099,
  "clean_rel_l2_q75": 0.193845447152853,
  "adv_rel_l2_mean": 0.23461763933300972,
  "adv_rel_l2_ci95": 0.0993251376889688,
  "adv_rel_l2_median": 0.17879551649093628,
  "adv_rel_l2_q25": 0.1726413033902645,
  "adv_rel_l2_q75": 0.19384735822677612,
  "rel_l2_ratio_mean": 1.1942732426702176,
  "rel_l2_ratio_ci95": 0.37822112945119163,
  "rel_l2_ratio_median": 1.0000090796949896,
  "rel_l2_ratio_q25": 1.0000082447601353,
  "rel_l2_ratio_q75": 1.0000106928079688,
  "clean_psnr_mean": 27.55817465843262,
  "clean_psnr_ci95": 1.1035217157889887,
  "clean_psnr_median": 28.227475017396607,
  "clean_psnr_q25": 26.055675139984363,
  "clean_psnr_q75": 29.978643347734035,
  "adv_psnr_mean": 27.012322796631487,
  "adv_psnr_ci95": 1.8770551937026883,
  "adv_psnr_median": 28.193751115164574,
  "adv_psnr_q25": 26.05558794980821,
  "adv_psnr_q75": 29.978568685283925,
  "clean_ssim_mean": 0.4317298656773858,
  "clean_ssim_ci95": 0.04553041731059458,
  "clean_ssim_median": 0.4432430366818557,
  "clean_ssim_q25": 0.3377199835764448,
  "clean_ssim_q75": 0.5265224321816168,
  "adv_ssim_mean": 0.4264851495982048,
  "adv_ssim_ci95": 0.04961855419107554,
  "adv_ssim_median": 0.4414313161323682,
  "adv_ssim_q25": 0.3377165017507868,
  "adv_ssim_q75": 0.526518979611151,
  "pred_shift_rel_l2_mean": 0.05274337512074112,
  "pred_shift_rel_l2_ci95": 0.1020829473881312,
  "pred_shift_rel_l2_median": 1.130913415181567e-05,
  "pred_shift_rel_l2_q25": 1.0052793186332565e-05,
  "pred_shift_rel_l2_q75": 1.339453683613101e-05,
  "init_shift_rel_l2_mean": 0.0405499348720042,
  "init_shift_rel_l2_ci95": 0.07790552805929428,
  "init_shift_rel_l2_median": 6.481980562966783e-06,
  "init_shift_rel_l2_q25": 5.140318990015658e-06,
  "init_shift_rel_l2_q75": 1.066668573912466e-05,
  "delta_l2_mean": 1.2727834578809052,
  "delta_l2_ci95": 2.426351299595432,
  "delta_l2_median": 0.0001803164923330769,
  "delta_l2_q25": 0.00017516652224003337,
  "delta_l2_q75": 0.00019176507339579985,
  "delta_linf_mean": 0.036776577413547784,
  "delta_linf_ci95": 0.06313686048685253,
  "delta_linf_median": 7.135793566703796e-06,
  "delta_linf_q25": 6.517861038446426e-06,
  "delta_linf_q75": 8.736737072467804e-06,
  "delta_mean_abs_mean": 0.004143522389226106,
  "delta_mean_abs_ci95": 0.00800082752073719,
  "delta_mean_abs_median": 5.736455648275296e-07,
  "delta_mean_abs_q25": 5.693004681006641e-07,
  "delta_mean_abs_q75": 5.836476617560038e-07,
  "delta_rel_l2_mean": 0.00033369597699452327,
  "delta_rel_l2_ci95": 0.0006114885905075071,
  "delta_rel_l2_median": 2.147788624440384e-07,
  "delta_rel_l2_q25": 1.5727457957109396e-07,
  "delta_rel_l2_q75": 4.122108162378274e-07,
  "success_rel_l2_mean": 0.03125,
  "success_rel_l2_ci95": 0.06124999999999999,
  "success_rel_l2_median": 0.0,
  "success_rel_l2_q25": 0.0,
  "success_rel_l2_q75": 0.0,
  "success_mse_mean": 0.03125,
  "success_mse_ci95": 0.06124999999999999,
  "success_mse_median": 0.0,
  "success_mse_q25": 0.0,
  "success_mse_q75": 0.0,
  "clean_e_ran_l2_mean": 3.2822710014879704,
  "clean_e_ran_l2_ci95": 0.7058654150374748,
  "clean_e_ran_l2_median": 2.9622809886932373,
  "clean_e_ran_l2_q25": 2.20460706949234,
  "clean_e_ran_l2_q75": 3.700905740261078,
  "clean_e_nul_l2_mean": 1.771011283621192,
  "clean_e_nul_l2_ci95": 0.2843276675042319,
  "clean_e_nul_l2_median": 1.7230495810508728,
  "clean_e_nul_l2_q25": 1.189131885766983,
  "clean_e_nul_l2_q75": 2.071072518825531,
  "clean_e_ran_frac_mean": 0.8620818088959625,
  "clean_e_ran_frac_ci95": 0.015679448433123966,
  "clean_e_ran_frac_median": 0.8657160777740261,
  "clean_e_ran_frac_q25": 0.8405338092256226,
  "clean_e_ran_frac_q75": 0.8940694001673287,
  "clean_e_nul_frac_mean": 0.4999121047017087,
  "clean_e_nul_frac_ci95": 0.024689564344172937,
  "clean_e_nul_frac_median": 0.500529639073731,
  "clean_e_nul_frac_q25": 0.44792627526120193,
  "clean_e_nul_frac_q75": 0.5417474810787155,
  "adv_e_ran_l2_mean": 4.8095639534294605,
  "adv_e_ran_l2_ci95": 3.488879741706956,
  "adv_e_ran_l2_median": 2.962308645248413,
  "adv_e_ran_l2_q25": 2.2046282291412354,
  "adv_e_ran_l2_q75": 3.700945496559143,
  "adv_e_nul_l2_mean": 3.4623247142881155,
  "adv_e_nul_l2_ci95": 3.4927184783465464,
  "adv_e_nul_l2_median": 1.7230516076087952,
  "adv_e_nul_l2_q25": 1.1891383528709412,
  "adv_e_nul_l2_q75": 2.0765187740325928,
  "adv_e_ran_frac_mean": 0.8557379768334533,
  "adv_e_ran_frac_ci95": 0.01773881974817293,
  "adv_e_ran_frac_median": 0.8623881779888249,
  "adv_e_ran_frac_q25": 0.8365890748749041,
  "adv_e_ran_frac_q75": 0.893045692699111,
  "adv_e_nul_frac_mean": 0.5093628628762855,
  "adv_e_nul_frac_ci95": 0.02663043951057509,
  "adv_e_nul_frac_median": 0.5062300095195496,
  "adv_e_nul_frac_q25": 0.4499652538403778,
  "adv_e_nul_frac_q75": 0.547827610988382,
  "attack_runtime_total_sec": 284.6640373468399,
  "attack_runtime_per_example_sec": 8.895751167088747,
  "model_name": "nsn",
  "attack_name": "adam",
  "norm": "l2",
  "eps": 0.01,
  "eps_actual": 12.769250320068359,
  "eps_budget_mode": "per_sample_l2",
  "attack_init_mode": "exact",
  "eval_init_mode": "exact"
}