{
  "num_examples": 32,
  "gt_norm_mean": 19.554032936692238,
  "gt_norm_ci95": 3.175656556464896,
  "gt_norm_median": 19.43148136138916,
  "gt_norm_q25": 13.664082050323486,
  "gt_norm_q75": 22.861806869506836,
  "clean_mse_mean": 0.00026445050684742455,
  "clean_mse_ci95": 6.356442169143319e-05,
  "clean_mse_median": 0.00025715997617226094,
  "clean_mse_q25": 0.00010551254672463983,
  "clean_mse_q75": 0.00033409633761039004,
  "adv_mse_mean": 0.0010948322990316228,
  "adv_mse_ci95": 0.0008125415122459792,
  "adv_mse_median": 0.00040830226498655975,
  "adv_mse_q25": 0.0002893813689297531,
  "adv_mse_q75": 0.0007017858879407868,
  "mse_ratio_mean": 2.9240733172882436,
  "mse_ratio_ci95": 1.0312138488668179,
  "mse_ratio_median": 1.9600581800676142,
  "mse_ratio_q25": 1.3827336824895644,
  "mse_ratio_q75": 3.0940506356524766,
  "clean_rel_l2_mean": 0.10566540830768645,
  "clean_rel_l2_ci95": 0.00612752949188252,
  "clean_rel_l2_median": 0.10447508096694946,
  "clean_rel_l2_q25": 0.09630278125405312,
  "clean_rel_l2_q75": 0.1120400670915842,
  "adv_rel_l2_mean": 0.1619736677967012,
  "adv_rel_l2_ci95": 0.014248310455226456,
  "adv_rel_l2_median": 0.14920677989721298,
  "adv_rel_l2_q25": 0.13308190554380417,
  "adv_rel_l2_q75": 0.18136419728398323,
  "rel_l2_ratio_mean": 1.5959880216939724,
  "rel_l2_ratio_ci95": 0.21611541014077687,
  "rel_l2_ratio_median": 1.3998692087888156,
  "rel_l2_ratio_q25": 1.175888871890124,
  "rel_l2_ratio_q75": 1.7587423403352611,
  "clean_psnr_mean": 32.52383930250875,
  "clean_psnr_ci95": 0.518211344130933,
  "clean_psnr_median": 32.62140900813701,
  "clean_psnr_q25": 31.648503717073737,
  "clean_psnr_q75": 33.824843651096444,
  "adv_psnr_mean": 28.93147646909385,
  "adv_psnr_ci95": 1.2840418886749938,
  "adv_psnr_median": 30.068756332003787,
  "adv_psnr_q25": 26.864950046595272,
  "adv_psnr_q75": 31.790728152825945,
  "clean_ssim_mean": 0.896095197126876,
  "clean_ssim_ci95": 0.01929196796449886,
  "clean_ssim_median": 0.9055180053315002,
  "clean_ssim_q25": 0.886603267546872,
  "clean_ssim_q75": 0.9361248314119407,
  "adv_ssim_mean": 0.8150795557908515,
  "adv_ssim_ci95": 0.04555393807288973,
  "adv_ssim_median": 0.8550100814502559,
  "adv_ssim_q25": 0.7334276499626247,
  "adv_ssim_q75": 0.9122688876461772,
  "pred_shift_rel_l2_mean": 0.1084531907690689,
  "pred_shift_rel_l2_ci95": 0.02163913021560854,
  "pred_shift_rel_l2_median": 0.10129931196570396,
  "pred_shift_rel_l2_q25": 0.058233548887073994,
  "pred_shift_rel_l2_q75": 0.1447107531130314,
  "init_shift_rel_l2_mean": 0.020891290303552523,
  "init_shift_rel_l2_ci95": 0.0012189182758503417,
  "init_shift_rel_l2_median": 0.0202052379027009,
  "init_shift_rel_l2_q25": 0.018314612563699484,
  "init_shift_rel_l2_q75": 0.02296066377311945,
  "delta_l2_mean": 5.791922863572836,
  "delta_l2_ci95": 1.290547682460301,
  "delta_l2_median": 5.269058465957642,
  "delta_l2_q25": 3.792558789253235,
  "delta_l2_q75": 6.462363004684448,
  "delta_linf_mean": 0.1268851786153391,
  "delta_linf_ci95": 0.02617924683551046,
  "delta_linf_median": 0.11661505699157715,
  "delta_linf_q25": 0.07819153368473053,
  "delta_linf_q75": 0.14215898513793945,
  "delta_mean_abs_mean": 0.020384101968375035,
  "delta_mean_abs_ci95": 0.00476279005019313,
  "delta_mean_abs_median": 0.018284832127392292,
  "delta_mean_abs_q25": 0.012460210127756,
  "delta_mean_abs_q75": 0.022674016188830137,
  "delta_rel_l2_mean": 0.005000002698540531,
  "delta_rel_l2_ci95": 3.2055929375647994e-10,
  "delta_rel_l2_median": 0.005000002408548143,
  "delta_rel_l2_q25": 0.005000002146042724,
  "delta_rel_l2_q75": 0.005000003069912096,
  "success_rel_l2_mean": 0.40625,
  "success_rel_l2_ci95": 0.17289153205070137,
  "success_rel_l2_median": 0.0,
  "success_rel_l2_q25": 0.0,
  "success_rel_l2_q75": 1.0,
  "success_mse_mean": 0.5,
  "success_mse_ci95": 0.17601319598623938,
  "success_mse_median": 0.5,
  "success_mse_q25": 0.0,
  "success_mse_q75": 1.0,
  "clean_e_ran_l2_mean": 1.4460620451718569,
  "clean_e_ran_l2_ci95": 0.19823760088211823,
  "clean_e_ran_l2_median": 1.503426432609558,
  "clean_e_ran_l2_q25": 0.948512464761734,
  "clean_e_ran_l2_q75": 1.6380369067192078,
  "clean_e_nul_l2_mean": 1.3163206223398447,
  "clean_e_nul_l2_ci95": 0.15418718969184525,
  "clean_e_nul_l2_median": 1.3473610281944275,
  "clean_e_nul_l2_q25": 0.9407127499580383,
  "clean_e_nul_l2_q75": 1.594138503074646,
  "clean_e_ran_frac_mean": 0.7313071603672179,
  "clean_e_ran_frac_ci95": 0.018661179919279715,
  "clean_e_ran_frac_median": 0.7299274171969863,
  "clean_e_ran_frac_q25": 0.7030144301159762,
  "clean_e_ran_frac_q75": 0.7613703229057314,
  "clean_e_nul_frac_mean": 0.6776525043292396,
  "clean_e_nul_frac_ci95": 0.01980999050623247,
  "clean_e_nul_frac_median": 0.6835176667898522,
  "clean_e_nul_frac_q25": 0.6483171812554095,
  "clean_e_nul_frac_q75": 0.7111753636163098,
  "adv_e_ran_l2_mean": 1.9887911602854729,
  "adv_e_ran_l2_ci95": 0.5960757666936131,
  "adv_e_ran_l2_median": 1.652923345565796,
  "adv_e_ran_l2_q25": 1.2161642014980316,
  "adv_e_ran_l2_q75": 1.8900495767593384,
  "adv_e_nul_l2_mean": 2.654862854629755,
  "adv_e_nul_l2_ci95": 0.709923152722395,
  "adv_e_nul_l2_median": 2.001195013523102,
  "adv_e_nul_l2_q25": 1.6501117050647736,
  "adv_e_nul_l2_q75": 2.875922441482544,
  "adv_e_ran_frac_mean": 0.6031870037716277,
  "adv_e_ran_frac_ci95": 0.03720586835847316,
  "adv_e_ran_frac_median": 0.6181529094846161,
  "adv_e_ran_frac_q25": 0.5480400184671624,
  "adv_e_ran_frac_q75": 0.6667707901236947,
  "adv_e_nul_frac_mean": 0.7860584056203539,
  "adv_e_nul_frac_ci95": 0.02967718402720592,
  "adv_e_nul_frac_median": 0.7860577687641146,
  "adv_e_nul_frac_q25": 0.7451700236861338,
  "adv_e_nul_frac_q75": 0.8364222158122645,
  "attack_runtime_total_sec": 3992.1775738075376,
  "attack_runtime_per_example_sec": 124.75554918148555,
  "model_name": "nsn",
  "attack_name": "adam",
  "norm": "l2",
  "eps": 0.005,
  "eps_actual": 6.3846251600341795,
  "eps_budget_mode": "per_sample_l2",
  "attack_init_mode": "exact",
  "eval_init_mode": "exact"
}