{
  "num_examples": 32,
  "gt_norm_mean": 19.554032936692238,
  "gt_norm_ci95": 3.175656556464896,
  "gt_norm_median": 19.43148136138916,
  "gt_norm_q25": 13.664082050323486,
  "gt_norm_q75": 22.861806869506836,
  "clean_mse_mean": 0.00614151487025083,
  "clean_mse_ci95": 0.002302202533300484,
  "clean_mse_median": 0.00471172365359962,
  "clean_mse_q25": 0.0024037493858486414,
  "clean_mse_q75": 0.007504416280426085,
  "adv_mse_mean": 0.006713088104788767,
  "adv_mse_ci95": 0.002623488628079635,
  "adv_mse_median": 0.004893944598734379,
  "adv_mse_q25": 0.0026243224856443703,
  "adv_mse_q75": 0.007819151156581938,
  "mse_ratio_mean": 1.069910500214221,
  "mse_ratio_ci95": 0.02402525673878343,
  "mse_ratio_median": 1.0436232619003505,
  "mse_ratio_q25": 1.0272427621397378,
  "mse_ratio_q75": 1.0776531806134324,
  "clean_rel_l2_mean": 0.4487072783522308,
  "clean_rel_l2_ci95": 0.0333620242090129,
  "clean_rel_l2_median": 0.47253550589084625,
  "clean_rel_l2_q25": 0.393066868185997,
  "clean_rel_l2_q75": 0.501271203160286,
  "adv_rel_l2_mean": 0.46314152237027884,
  "adv_rel_l2_ci95": 0.03366137659669303,
  "adv_rel_l2_median": 0.4814039617776871,
  "adv_rel_l2_q25": 0.42857448756694794,
  "adv_rel_l2_q75": 0.5190625637769699,
  "rel_l2_ratio_mean": 1.0338640356554483,
  "rel_l2_ratio_ci95": 0.011328777327048793,
  "rel_l2_ratio_median": 1.0215787430121996,
  "rel_l2_ratio_q25": 1.0135298914337938,
  "rel_l2_ratio_q75": 1.0380969541613752,
  "clean_psnr_mean": 20.08274867731494,
  "clean_psnr_ci95": 1.0883253521376384,
  "clean_psnr_median": 20.28936131704193,
  "clean_psnr_q25": 18.338172457488653,
  "clean_psnr_q75": 22.00765373543176,
  "adv_psnr_mean": 19.797554113991573,
  "adv_psnr_ci95": 1.1271801132655799,
  "adv_psnr_median": 20.156990965703372,
  "adv_psnr_q25": 17.96953396656835,
  "adv_psnr_q75": 21.915671692836366,
  "clean_ssim_mean": 0.18738438523835738,
  "clean_ssim_ci95": 0.018575628031040712,
  "clean_ssim_median": 0.1796151387174037,
  "clean_ssim_q25": 0.16287905462104268,
  "clean_ssim_q75": 0.21127825510098017,
  "adv_ssim_mean": 0.18150819601764576,
  "adv_ssim_ci95": 0.019369496973649963,
  "adv_ssim_median": 0.17261221308647196,
  "adv_ssim_q25": 0.15344891100424113,
  "adv_ssim_q75": 0.21008959672474967,
  "pred_shift_rel_l2_mean": 0.12073014711495489,
  "pred_shift_rel_l2_ci95": 0.024076570614088983,
  "pred_shift_rel_l2_median": 0.11103109642863274,
  "pred_shift_rel_l2_q25": 0.07215908169746399,
  "pred_shift_rel_l2_q75": 0.18265899270772934,
  "init_shift_rel_l2_mean": 0.02073756739264354,
  "init_shift_rel_l2_ci95": 0.0012636540988636626,
  "init_shift_rel_l2_median": 0.01996308285742998,
  "init_shift_rel_l2_q25": 0.01819510944187641,
  "init_shift_rel_l2_q75": 0.022849433589726686,
  "delta_l2_mean": 5.791922822594643,
  "delta_l2_ci95": 1.2905475992585342,
  "delta_l2_median": 5.2690589427948,
  "delta_l2_q25": 3.792558789253235,
  "delta_l2_q75": 6.462362885475159,
  "delta_linf_mean": 0.12494697526562959,
  "delta_linf_ci95": 0.025154354502834403,
  "delta_linf_median": 0.10554900392889977,
  "delta_linf_q25": 0.09379597008228302,
  "delta_linf_q75": 0.13688423857092857,
  "delta_mean_abs_mean": 0.020462545508053154,
  "delta_mean_abs_ci95": 0.004795926330904708,
  "delta_mean_abs_median": 0.018683654256165028,
  "delta_mean_abs_q25": 0.01216321880929172,
  "delta_mean_abs_q75": 0.023535219952464104,
  "delta_rel_l2_mean": 0.005000002683711917,
  "delta_rel_l2_ci95": 2.559607011494923e-10,
  "delta_rel_l2_median": 0.005000002525389305,
  "delta_rel_l2_q25": 0.0050000022105181705,
  "delta_rel_l2_q75": 0.005000003058587402,
  "success_rel_l2_mean": 0.0,
  "success_rel_l2_ci95": 0.0,
  "success_rel_l2_median": 0.0,
  "success_rel_l2_q25": 0.0,
  "success_rel_l2_q75": 0.0,
  "success_mse_mean": 0.0,
  "success_mse_ci95": 0.0,
  "success_mse_median": 0.0,
  "success_mse_q25": 0.0,
  "success_mse_q75": 0.0,
  "clean_e_ran_l2_mean": 8.92330402508378,
  "clean_e_ran_l2_ci95": 1.612269287309876,
  "clean_e_ran_l2_median": 8.782703876495361,
  "clean_e_ran_l2_q25": 6.272414684295654,
  "clean_e_ran_l2_q75": 11.083015203475952,
  "clean_e_nul_l2_mean": 0.13234482961706817,
  "clean_e_nul_l2_ci95": 0.02115468058208829,
  "clean_e_nul_l2_median": 0.12297752499580383,
  "clean_e_nul_l2_q25": 0.0893249437212944,
  "clean_e_nul_l2_q75": 0.17174392938613892,
  "clean_e_ran_frac_mean": 0.9998502677998627,
  "clean_e_ran_frac_ci95": 4.875362585469841e-05,
  "clean_e_ran_frac_median": 0.9998984770169486,
  "clean_e_ran_frac_q25": 0.9998508700597566,
  "clean_e_ran_frac_q75": 0.9999231813362067,
  "clean_e_nul_frac_mean": 0.016198124799551357,
  "clean_e_nul_frac_ci95": 0.002143372094560393,
  "clean_e_nul_frac_median": 0.014252564859380205,
  "clean_e_nul_frac_q25": 0.012405127993525545,
  "clean_e_nul_frac_q75": 0.01726100847272909,
  "adv_e_ran_l2_mean": 8.944707725197077,
  "adv_e_ran_l2_ci95": 1.6129318201254303,
  "adv_e_ran_l2_median": 8.794998168945312,
  "adv_e_ran_l2_q25": 6.2959898710250854,
  "adv_e_ran_l2_q75": 11.0983726978302,
  "adv_e_nul_l2_mean": 2.1809235692489892,
  "adv_e_nul_l2_ci95": 0.7239830489421775,
  "adv_e_nul_l2_median": 1.7564424276351929,
  "adv_e_nul_l2_q25": 0.952054888010025,
  "adv_e_nul_l2_q75": 2.7687370777130127,
  "adv_e_ran_frac_mean": 0.9714240056662751,
  "adv_e_ran_frac_ci95": 0.010256947467582203,
  "adv_e_ran_frac_median": 0.9825945857333235,
  "adv_e_ran_frac_q25": 0.9644451085684544,
  "adv_e_ran_frac_q75": 0.9918079627980266,
  "adv_e_nul_frac_mean": 0.20629913867504102,
  "adv_e_nul_frac_ci95": 0.04002449749900946,
  "adv_e_nul_frac_median": 0.1856073342501376,
  "adv_e_nul_frac_q25": 0.12771218701633041,
  "adv_e_nul_frac_q75": 0.26412470597668397,
  "attack_runtime_total_sec": 1134.3117882944643,
  "attack_runtime_per_example_sec": 35.44724338420201,
  "model_name": "nsn",
  "attack_name": "adam",
  "norm": "l2",
  "eps": 0.005,
  "eps_actual": 6.3846251600341795,
  "eps_budget_mode": "per_sample_l2",
  "attack_init_mode": "exact",
  "eval_init_mode": "exact"
}