{
  "num_examples": 32,
  "gt_norm_mean": 19.554032936692238,
  "gt_norm_ci95": 3.175656556464896,
  "gt_norm_median": 19.43148136138916,
  "gt_norm_q25": 13.664082050323486,
  "gt_norm_q75": 22.861806869506836,
  "clean_mse_mean": 9.142003378315167e-06,
  "clean_mse_ci95": 2.5528174298543775e-06,
  "clean_mse_median": 6.865635896247113e-06,
  "clean_mse_q25": 4.33554919254675e-06,
  "clean_mse_q75": 1.1853206842715736e-05,
  "adv_mse_mean": 0.2483935944037512,
  "adv_mse_ci95": 0.10560750623597352,
  "adv_mse_median": 0.18510129302740097,
  "adv_mse_q25": 0.07391611114144325,
  "adv_mse_q75": 0.26064693182706833,
  "mse_ratio_mean": 27205.42173934079,
  "mse_ratio_ci95": 6530.893055366068,
  "mse_ratio_median": 22781.040088920698,
  "mse_ratio_q25": 15440.007627819477,
  "mse_ratio_q75": 33734.94200962013,
  "clean_rel_l2_mean": 0.019411705958191305,
  "clean_rel_l2_ci95": 0.001877143722838397,
  "clean_rel_l2_median": 0.018151484429836273,
  "clean_rel_l2_q25": 0.015882522333413363,
  "clean_rel_l2_q75": 0.020816242322325706,
  "adv_rel_l2_mean": 2.806165188550949,
  "adv_rel_l2_ci95": 0.18057340475573672,
  "adv_rel_l2_median": 2.779881715774536,
  "adv_rel_l2_q25": 2.388466775417328,
  "adv_rel_l2_q75": 3.165311813354492,
  "rel_l2_ratio_mean": 156.08189059666617,
  "rel_l2_ratio_ci95": 18.77276828462579,
  "rel_l2_ratio_median": 150.924542323075,
  "rel_l2_ratio_q25": 124.25058181808723,
  "rel_l2_ratio_q75": 183.65009821649556,
  "clean_psnr_mean": 47.41716506966145,
  "clean_psnr_ci95": 0.8242574843526868,
  "clean_psnr_median": 48.24702502811121,
  "clean_psnr_q25": 45.344993989811,
  "clean_psnr_q75": 49.073431291758716,
  "adv_psnr_mean": 4.075105752236694,
  "adv_psnr_ci95": 1.1896880875085332,
  "adv_psnr_median": 4.749709521927988,
  "adv_psnr_q25": 1.7663856616889295,
  "adv_psnr_q75": 6.5927855909536515,
  "clean_ssim_mean": 0.9906714820205786,
  "clean_ssim_ci95": 0.0016415516546320666,
  "clean_ssim_median": 0.9917016074029357,
  "clean_ssim_q25": 0.989259551102293,
  "clean_ssim_q75": 0.9940804794582908,
  "adv_ssim_mean": 0.6886387654950665,
  "adv_ssim_ci95": 0.03432452711341993,
  "adv_ssim_median": 0.7172244877938788,
  "adv_ssim_q25": 0.654645790168561,
  "adv_ssim_q75": 0.7511491056314984,
  "pred_shift_rel_l2_mean": 2.795088741928339,
  "pred_shift_rel_l2_ci95": 0.18047618271332377,
  "pred_shift_rel_l2_median": 2.7703256607055664,
  "pred_shift_rel_l2_q25": 2.376699149608612,
  "pred_shift_rel_l2_q75": 3.1259700655937195,
  "init_shift_rel_l2_mean": 0.20420583756640553,
  "init_shift_rel_l2_ci95": 0.012525034519663542,
  "init_shift_rel_l2_median": 0.1948200687766075,
  "init_shift_rel_l2_q25": 0.18161700293421745,
  "init_shift_rel_l2_q75": 0.22660235688090324,
  "delta_l2_mean": 57.91922926902771,
  "delta_l2_ci95": 12.905476047850186,
  "delta_l2_median": 52.69058799743652,
  "delta_l2_q25": 37.92558765411377,
  "delta_l2_q75": 64.62363243103027,
  "delta_linf_mean": 1.1320872735232115,
  "delta_linf_ci95": 0.24173113406359314,
  "delta_linf_median": 0.972243070602417,
  "delta_linf_q25": 0.7232033610343933,
  "delta_linf_q75": 1.3788607716560364,
  "delta_mean_abs_mean": 0.21455800184048712,
  "delta_mean_abs_ci95": 0.04777509520225569,
  "delta_mean_abs_median": 0.19447733461856842,
  "delta_mean_abs_q25": 0.13932590186595917,
  "delta_mean_abs_q75": 0.23733966052532196,
  "delta_rel_l2_mean": 0.050000027818867615,
  "delta_rel_l2_ci95": 2.5627593522408055e-09,
  "delta_rel_l2_median": 0.05000002775647859,
  "delta_rel_l2_q25": 0.05000002505601493,
  "delta_rel_l2_q75": 0.050000030308770135,
  "success_rel_l2_mean": 1.0,
  "success_rel_l2_ci95": 0.0,
  "success_rel_l2_median": 1.0,
  "success_rel_l2_q25": 1.0,
  "success_rel_l2_q75": 1.0,
  "success_mse_mean": 1.0,
  "success_mse_ci95": 0.0,
  "success_mse_median": 1.0,
  "success_mse_q25": 1.0,
  "success_mse_q75": 1.0,
  "clean_e_ran_l2_mean": 0.27798344218172133,
  "clean_e_ran_l2_ci95": 0.04226609194439555,
  "clean_e_ran_l2_median": 0.2603345811367035,
  "clean_e_ran_l2_q25": 0.1800968460738659,
  "clean_e_ran_l2_q75": 0.334165059030056,
  "clean_e_nul_l2_mean": 0.22604267485439777,
  "clean_e_nul_l2_ci95": 0.02944604056691479,
  "clean_e_nul_l2_median": 0.21390778571367264,
  "clean_e_nul_l2_q25": 0.17324862629175186,
  "clean_e_nul_l2_q75": 0.282314732670784,
  "clean_e_ran_frac_mean": 0.7672518466975085,
  "clean_e_ran_frac_ci95": 0.01642934795271839,
  "clean_e_ran_frac_median": 0.766944670556619,
  "clean_e_ran_frac_q25": 0.7443410885489925,
  "clean_e_ran_frac_q75": 0.8041779446525601,
  "clean_e_nul_frac_mean": 0.6374899324735304,
  "clean_e_nul_frac_ci95": 0.018470706952165617,
  "clean_e_nul_frac_median": 0.6417086235619245,
  "clean_e_nul_frac_q25": 0.5943866200630952,
  "clean_e_nul_frac_q75": 0.667797378301997,
  "adv_e_ran_l2_mean": 42.47953179478645,
  "adv_e_ran_l2_ci95": 8.064607996125764,
  "adv_e_ran_l2_median": 39.75347709655762,
  "adv_e_ran_l2_q25": 28.1988263130188,
  "adv_e_ran_l2_q75": 56.2486572265625,
  "adv_e_nul_l2_mean": 35.98348018527031,
  "adv_e_nul_l2_ci95": 7.430444523318311,
  "adv_e_nul_l2_median": 33.64923858642578,
  "adv_e_nul_l2_q25": 22.04786729812622,
  "adv_e_nul_l2_q75": 40.01735782623291,
  "adv_e_ran_frac_mean": 0.7560527478545851,
  "adv_e_ran_frac_ci95": 0.027282175523842597,
  "adv_e_ran_frac_median": 0.7595582775679093,
  "adv_e_ran_frac_q25": 0.7071969104692164,
  "adv_e_ran_frac_q75": 0.8128757501081287,
  "adv_e_nul_frac_mean": 0.6439804256364574,
  "adv_e_nul_frac_ci95": 0.030825544821266468,
  "adv_e_nul_frac_median": 0.6504160546735847,
  "adv_e_nul_frac_q25": 0.5824238651049332,
  "adv_e_nul_frac_q75": 0.7070117146597482,
  "attack_runtime_total_sec": 1129.2655525542796,
  "attack_runtime_per_example_sec": 35.289548517321236,
  "model_name": "resnet",
  "attack_name": "adam",
  "norm": "l2",
  "eps": 0.05,
  "eps_actual": 63.846251600341795,
  "eps_budget_mode": "per_sample_l2",
  "attack_init_mode": "exact",
  "eval_init_mode": "exact"
}