{
  "num_examples": 32,
  "gt_norm_mean": 18.47541281580925,
  "gt_norm_ci95": 3.0632711958288747,
  "gt_norm_median": 16.971742630004883,
  "clean_mse_mean": 0.0057974550927610835,
  "clean_mse_ci95": 0.001854761012418376,
  "clean_mse_median": 0.0032310602255165577,
  "adv_mse_mean": 0.017687347579339985,
  "adv_mse_ci95": 0.004475428120570788,
  "adv_mse_median": 0.0193618256598711,
  "mse_ratio_mean": 5.378633360629278,
  "mse_ratio_ci95": 2.1530685356509083,
  "mse_ratio_median": 2.331849864223849,
  "clean_rel_l2_mean": 0.46798570454120636,
  "clean_rel_l2_ci95": 0.032592189333675206,
  "clean_rel_l2_median": 0.4595159441232681,
  "adv_rel_l2_mean": 0.9645890947431326,
  "adv_rel_l2_ci95": 0.20059206726885814,
  "adv_rel_l2_median": 0.7153939306735992,
  "rel_l2_ratio_mean": 2.03437370644403,
  "rel_l2_ratio_ci95": 0.3919931487233973,
  "rel_l2_ratio_median": 1.5261119420767733,
  "clean_psnr_mean": 19.880227310731637,
  "clean_psnr_ci95": 1.144228015005111,
  "clean_psnr_median": 20.386304182964405,
  "adv_psnr_mean": 14.802567084968176,
  "adv_psnr_ci95": 1.8056455389696044,
  "adv_psnr_median": 14.697036117204274,
  "clean_ssim_mean": 0.16186880858275396,
  "clean_ssim_ci95": 0.016079815219009634,
  "clean_ssim_median": 0.14680790652661146,
  "adv_ssim_mean": 0.0781618561461323,
  "adv_ssim_ci95": 0.010442070544558752,
  "adv_ssim_median": 0.07993004713341981,
  "pred_shift_rel_l2_mean": 0.9475643741898239,
  "pred_shift_rel_l2_ci95": 0.2798407918495571,
  "pred_shift_rel_l2_median": 0.6443929672241211,
  "init_shift_rel_l2_mean": 0.1952377373818308,
  "init_shift_rel_l2_ci95": 0.03735341948963204,
  "init_shift_rel_l2_median": 0.1643579602241516,
  "delta_l2_mean": 38.705013394355774,
  "delta_l2_ci95": 1.103418363097705,
  "delta_l2_median": 38.65455627441406,
  "delta_linf_mean": 0.7143445741385221,
  "delta_linf_ci95": 0.021390048390164475,
  "delta_linf_median": 0.6964925825595856,
  "delta_mean_abs_mean": 0.14440126856788993,
  "delta_mean_abs_ci95": 0.00526996124916444,
  "delta_mean_abs_median": 0.14357119798660278,
  "success_rel_l2_mean": 0.5,
  "success_rel_l2_ci95": 0.17601319598623938,
  "success_rel_l2_median": 0.5,
  "success_mse_mean": 0.53125,
  "success_mse_ci95": 0.1756690838369946,
  "success_mse_median": 1.0,
  "clean_e_ran_l2_mean": 8.730922862887383,
  "clean_e_ran_l2_ci95": 1.5203958581211603,
  "clean_e_ran_l2_median": 7.269888162612915,
  "clean_e_nul_l2_mean": 0.2612307610688731,
  "clean_e_nul_l2_ci95": 0.0655169918358878,
  "clean_e_nul_l2_median": 0.14848089218139648,
  "clean_e_ran_frac_mean": 0.9992870291529885,
  "clean_e_ran_frac_ci95": 0.0004581326148134306,
  "clean_e_ran_frac_median": 0.9997417139622711,
  "clean_e_nul_frac_mean": 0.03062036631815032,
  "clean_e_nul_frac_ci95": 0.007761661965601581,
  "clean_e_nul_frac_median": 0.022727103722175027,
  "adv_e_ran_l2_mean": 9.32107987999916,
  "adv_e_ran_l2_ci95": 1.4547266379319035,
  "adv_e_ran_l2_median": 7.964023113250732,
  "adv_e_nul_l2_mean": 11.094613647088408,
  "adv_e_nul_l2_ci95": 2.7883397867853548,
  "adv_e_nul_l2_median": 10.286243438720703,
  "adv_e_ran_frac_mean": 0.6786952175709431,
  "adv_e_ran_frac_ci95": 0.09535265169106143,
  "adv_e_ran_frac_median": 0.709788805630024,
  "adv_e_nul_frac_mean": 0.6152678848325709,
  "adv_e_nul_frac_ci95": 0.1041003526206177,
  "adv_e_nul_frac_median": 0.6983251020891583,
  "attack_runtime_total_sec": 56.42197137326002,
  "attack_runtime_per_example_sec": 1.7631866054143757,
  "model_name": "nsn",
  "attack_name": "adam",
  "norm": "l2",
  "eps": 1.0,
  "attack_init_mode": "exact",
  "eval_init_mode": "exact"
}