{
  "num_examples": 32,
  "gt_norm_mean": 18.47541281580925,
  "gt_norm_ci95": 3.0632711958288747,
  "gt_norm_median": 16.971742630004883,
  "clean_mse_mean": 0.005797102448923397,
  "clean_mse_ci95": 0.0018545772540518673,
  "clean_mse_median": 0.0032310383394360542,
  "adv_mse_mean": 0.01768257607909618,
  "adv_mse_ci95": 0.004474236860712473,
  "adv_mse_median": 0.019339286722242832,
  "mse_ratio_mean": 5.375483914142352,
  "mse_ratio_ci95": 2.1496228142485614,
  "mse_ratio_median": 2.3307040649604667,
  "clean_rel_l2_mean": 0.46797557175159454,
  "clean_rel_l2_ci95": 0.032592756838648686,
  "clean_rel_l2_median": 0.459497794508934,
  "adv_rel_l2_mean": 0.9644125588238239,
  "adv_rel_l2_ci95": 0.20046510017437744,
  "adv_rel_l2_median": 0.7152664065361023,
  "rel_l2_ratio_mean": 2.034053258669871,
  "rel_l2_ratio_ci95": 0.3917012737259249,
  "rel_l2_ratio_median": 1.525744204975392,
  "clean_psnr_mean": 19.880430080755833,
  "clean_psnr_ci95": 1.1442148699558605,
  "clean_psnr_median": 20.386724527070932,
  "adv_psnr_mean": 14.803324208057472,
  "adv_psnr_ci95": 1.8052607610191382,
  "adv_psnr_median": 14.695104276806381,
  "clean_ssim_mean": 0.16186115805490575,
  "clean_ssim_ci95": 0.01607981848946065,
  "clean_ssim_median": 0.14673081033455462,
  "adv_ssim_mean": 0.07817381123985033,
  "adv_ssim_ci95": 0.010437860326600417,
  "adv_ssim_median": 0.0799178399961013,
  "pred_shift_rel_l2_mean": 0.947344955522567,
  "pred_shift_rel_l2_ci95": 0.27970812831327335,
  "pred_shift_rel_l2_median": 0.6441685259342194,
  "init_shift_rel_l2_mean": 0.1951914612436667,
  "init_shift_rel_l2_ci95": 0.03734686152522551,
  "init_shift_rel_l2_median": 0.16431884467601776,
  "delta_l2_mean": 38.70276165008545,
  "delta_l2_ci95": 1.1038670723084996,
  "delta_l2_median": 38.65321731567383,
  "delta_linf_mean": 0.714387308806181,
  "delta_linf_ci95": 0.021361368865150825,
  "delta_linf_median": 0.6970654726028442,
  "delta_mean_abs_mean": 0.14439221820794046,
  "delta_mean_abs_ci95": 0.005271790360340079,
  "delta_mean_abs_median": 0.14357906579971313,
  "success_rel_l2_mean": 0.5,
  "success_rel_l2_ci95": 0.17601319598623938,
  "success_rel_l2_median": 0.5,
  "success_mse_mean": 0.53125,
  "success_mse_ci95": 0.1756690838369946,
  "success_mse_median": 1.0,
  "clean_e_ran_l2_mean": 8.730701826512814,
  "clean_e_ran_l2_ci95": 1.5203216010110137,
  "clean_e_ran_l2_median": 7.2698655128479,
  "clean_e_nul_l2_mean": 0.260608357260935,
  "clean_e_nul_l2_ci95": 0.06573148520948054,
  "clean_e_nul_l2_median": 0.14791294932365417,
  "clean_e_ran_frac_mean": 0.9992885599752078,
  "clean_e_ran_frac_ci95": 0.0004585799966364189,
  "clean_e_ran_frac_median": 0.9997463932925359,
  "clean_e_nul_frac_mean": 0.030529148999561093,
  "clean_e_nul_frac_ci95": 0.007781375861716613,
  "clean_e_nul_frac_median": 0.02251881083200518,
  "adv_e_ran_l2_mean": 9.321050867438316,
  "adv_e_ran_l2_ci95": 1.4547294155830075,
  "adv_e_ran_l2_median": 7.964047431945801,
  "adv_e_nul_l2_mean": 11.092693317681551,
  "adv_e_nul_l2_ci95": 2.7875600291253293,
  "adv_e_nul_l2_median": 10.289604187011719,
  "adv_e_ran_frac_mean": 0.678718982892556,
  "adv_e_ran_frac_ci95": 0.09534085265791295,
  "adv_e_ran_frac_median": 0.7099904819892262,
  "adv_e_nul_frac_mean": 0.6152693249521981,
  "adv_e_nul_frac_ci95": 0.1040908981990934,
  "adv_e_nul_frac_median": 0.6981235518721861,
  "attack_runtime_total_sec": 56.100423380732536,
  "attack_runtime_per_example_sec": 1.7531382306478918,
  "model_name": "nsn",
  "attack_name": "adam",
  "norm": "l2",
  "eps": 1.0,
  "attack_init_mode": "exact",
  "eval_init_mode": "exact"
}