{
  "num_examples": 32,
  "gt_norm_mean": 18.47541281580925,
  "gt_norm_ci95": 3.0632711958288747,
  "gt_norm_median": 16.971742630004883,
  "clean_mse_mean": 0.0057974550927610835,
  "clean_mse_ci95": 0.001854761012418376,
  "clean_mse_median": 0.0032310602255165577,
  "adv_mse_mean": 0.017681925237411633,
  "adv_mse_ci95": 0.004474333838409446,
  "adv_mse_median": 0.01935056783258915,
  "mse_ratio_mean": 5.375552738026194,
  "mse_ratio_ci95": 2.1502217219235207,
  "mse_ratio_median": 2.3300486470149533,
  "clean_rel_l2_mean": 0.46798570454120636,
  "clean_rel_l2_ci95": 0.032592189333675206,
  "clean_rel_l2_median": 0.4595159441232681,
  "adv_rel_l2_mean": 0.9644058682024479,
  "adv_rel_l2_ci95": 0.20048687729935652,
  "adv_rel_l2_median": 0.7152676284313202,
  "rel_l2_ratio_mean": 2.033995196166793,
  "rel_l2_ratio_ci95": 0.39174957151364853,
  "rel_l2_ratio_median": 1.525541556727449,
  "clean_psnr_mean": 19.880227310731637,
  "clean_psnr_ci95": 1.144228015005111,
  "clean_psnr_median": 20.386304182964405,
  "adv_psnr_mean": 14.803532447222537,
  "adv_psnr_ci95": 1.805298741559797,
  "adv_psnr_median": 14.69697219079769,
  "clean_ssim_mean": 0.16186880858275396,
  "clean_ssim_ci95": 0.016079815219009634,
  "clean_ssim_median": 0.14680790652661146,
  "adv_ssim_mean": 0.07816763648689157,
  "adv_ssim_ci95": 0.010439581721201891,
  "adv_ssim_median": 0.07992159071289198,
  "pred_shift_rel_l2_mean": 0.9473235551267862,
  "pred_shift_rel_l2_ci95": 0.27972319302852455,
  "pred_shift_rel_l2_median": 0.6441779732704163,
  "init_shift_rel_l2_mean": 0.19520267937332392,
  "init_shift_rel_l2_ci95": 0.03732994867774563,
  "init_shift_rel_l2_median": 0.16433320939540863,
  "delta_l2_mean": 38.70088970661163,
  "delta_l2_ci95": 1.1047180351115213,
  "delta_l2_median": 38.65686225891113,
  "delta_linf_mean": 0.7142646387219429,
  "delta_linf_ci95": 0.02141593424939529,
  "delta_linf_median": 0.696689635515213,
  "delta_mean_abs_mean": 0.14438329194672406,
  "delta_mean_abs_ci95": 0.005275783875878266,
  "delta_mean_abs_median": 0.1436084359884262,
  "success_rel_l2_mean": 0.5,
  "success_rel_l2_ci95": 0.17601319598623938,
  "success_rel_l2_median": 0.5,
  "success_mse_mean": 0.53125,
  "success_mse_ci95": 0.1756690838369946,
  "success_mse_median": 1.0,
  "clean_e_ran_l2_mean": 8.730922862887383,
  "clean_e_ran_l2_ci95": 1.5203958581211603,
  "clean_e_ran_l2_median": 7.269888162612915,
  "clean_e_nul_l2_mean": 0.2612307610688731,
  "clean_e_nul_l2_ci95": 0.0655169918358878,
  "clean_e_nul_l2_median": 0.14848089218139648,
  "clean_e_ran_frac_mean": 0.9992870291529885,
  "clean_e_ran_frac_ci95": 0.0004581326148134306,
  "clean_e_ran_frac_median": 0.9997417139622711,
  "clean_e_nul_frac_mean": 0.03062036631815032,
  "clean_e_nul_frac_ci95": 0.007761661965601581,
  "clean_e_nul_frac_median": 0.022727103722175027,
  "adv_e_ran_l2_mean": 9.321037769317627,
  "adv_e_ran_l2_ci95": 1.4547314226070762,
  "adv_e_ran_l2_median": 7.964035987854004,
  "adv_e_nul_l2_mean": 11.092165388166904,
  "adv_e_nul_l2_ci95": 2.7875875727543784,
  "adv_e_nul_l2_median": 10.28701639175415,
  "adv_e_ran_frac_mean": 0.6787376433843157,
  "adv_e_ran_frac_ci95": 0.09534125354716443,
  "adv_e_ran_frac_median": 0.7100584837196928,
  "adv_e_nul_frac_mean": 0.6152478342604317,
  "adv_e_nul_frac_ci95": 0.10409117608207621,
  "adv_e_nul_frac_median": 0.6980834739906566,
  "attack_runtime_total_sec": 56.6163567379117,
  "attack_runtime_per_example_sec": 1.7692611480597407,
  "model_name": "nsn",
  "attack_name": "adam",
  "norm": "l2",
  "eps": 1.0,
  "attack_init_mode": "exact",
  "eval_init_mode": "exact"
}