{
  "num_examples": 32,
  "gt_norm_mean": 18.47541281580925,
  "gt_norm_ci95": 3.0632711958288747,
  "gt_norm_median": 16.971742630004883,
  "clean_mse_mean": 0.005797102448923397,
  "clean_mse_ci95": 0.0018545772540518673,
  "clean_mse_median": 0.0032310383394360542,
  "adv_mse_mean": 0.01768012512184214,
  "adv_mse_ci95": 0.004474104184753876,
  "adv_mse_median": 0.0193482656031847,
  "mse_ratio_mean": 5.375558073134048,
  "mse_ratio_ci95": 2.1505857970577598,
  "mse_ratio_median": 2.3282534875923258,
  "clean_rel_l2_mean": 0.46797557175159454,
  "clean_rel_l2_ci95": 0.032592756838648686,
  "clean_rel_l2_median": 0.459497794508934,
  "adv_rel_l2_mean": 0.9643531227484345,
  "adv_rel_l2_ci95": 0.2004725129301704,
  "adv_rel_l2_median": 0.7153134942054749,
  "rel_l2_ratio_mean": 2.0339599150426366,
  "rel_l2_ratio_ci95": 0.39177308922863757,
  "rel_l2_ratio_median": 1.52496756203944,
  "clean_psnr_mean": 19.880430080755833,
  "clean_psnr_ci95": 1.1442148699558605,
  "clean_psnr_median": 20.386724527070932,
  "adv_psnr_mean": 14.80395236466909,
  "adv_psnr_ci95": 1.8052728696289755,
  "adv_psnr_median": 14.697215525679187,
  "clean_ssim_mean": 0.16186115805490575,
  "clean_ssim_ci95": 0.01607981848946065,
  "clean_ssim_median": 0.14673081033455462,
  "adv_ssim_mean": 0.07818416695235411,
  "adv_ssim_ci95": 0.010435185141241112,
  "adv_ssim_median": 0.07992316505481957,
  "pred_shift_rel_l2_mean": 0.947233619634062,
  "pred_shift_rel_l2_ci95": 0.279707810381593,
  "pred_shift_rel_l2_median": 0.6442357897758484,
  "init_shift_rel_l2_mean": 0.19518625841010362,
  "init_shift_rel_l2_ci95": 0.037341070386516656,
  "init_shift_rel_l2_median": 0.16426581144332886,
  "delta_l2_mean": 38.7030588388443,
  "delta_l2_ci95": 1.1048792976464135,
  "delta_l2_median": 38.65524673461914,
  "delta_linf_mean": 0.7142681740224361,
  "delta_linf_ci95": 0.021401995427329124,
  "delta_linf_median": 0.6968616545200348,
  "delta_mean_abs_mean": 0.14439460029825568,
  "delta_mean_abs_ci95": 0.00527600477857989,
  "delta_mean_abs_median": 0.14359313994646072,
  "success_rel_l2_mean": 0.5,
  "success_rel_l2_ci95": 0.17601319598623938,
  "success_rel_l2_median": 0.5,
  "success_mse_mean": 0.53125,
  "success_mse_ci95": 0.1756690838369946,
  "success_mse_median": 1.0,
  "clean_e_ran_l2_mean": 8.730701826512814,
  "clean_e_ran_l2_ci95": 1.5203216010110137,
  "clean_e_ran_l2_median": 7.2698655128479,
  "clean_e_nul_l2_mean": 0.260608357260935,
  "clean_e_nul_l2_ci95": 0.06573148520948054,
  "clean_e_nul_l2_median": 0.14791294932365417,
  "clean_e_ran_frac_mean": 0.9992885599752078,
  "clean_e_ran_frac_ci95": 0.0004585799966364189,
  "clean_e_ran_frac_median": 0.9997463932925359,
  "clean_e_nul_frac_mean": 0.030529148999561093,
  "clean_e_nul_frac_ci95": 0.007781375861716613,
  "clean_e_nul_frac_median": 0.02251881083200518,
  "adv_e_ran_l2_mean": 9.321062311530113,
  "adv_e_ran_l2_ci95": 1.454735049347219,
  "adv_e_ran_l2_median": 7.9640374183654785,
  "adv_e_nul_l2_mean": 11.090988198295236,
  "adv_e_nul_l2_ci95": 2.7875002769655826,
  "adv_e_nul_l2_median": 10.288020133972168,
  "adv_e_ran_frac_mean": 0.678768980608727,
  "adv_e_ran_frac_ci95": 0.09534082598349378,
  "adv_e_ran_frac_median": 0.7103391366186973,
  "adv_e_nul_frac_mean": 0.6152110830095849,
  "adv_e_nul_frac_ci95": 0.10409316045791163,
  "adv_e_nul_frac_median": 0.6978220086135182,
  "attack_runtime_total_sec": 56.61405102163553,
  "attack_runtime_per_example_sec": 1.7691890944261104,
  "model_name": "nsn",
  "attack_name": "adam",
  "norm": "l2",
  "eps": 1.0,
  "attack_init_mode": "exact",
  "eval_init_mode": "exact"
}