{
  "num_examples": 32,
  "gt_norm_mean": 19.554032936692238,
  "gt_norm_ci95": 3.175656556464896,
  "gt_norm_median": 19.43148136138916,
  "gt_norm_q25": 13.664082050323486,
  "gt_norm_q75": 22.861806869506836,
  "clean_mse_mean": 0.0010473749416632927,
  "clean_mse_ci95": 0.000298399623242184,
  "clean_mse_median": 0.0009859981655608863,
  "clean_mse_q25": 0.00040942976193036884,
  "clean_mse_q75": 0.0013247384340502322,
  "adv_mse_mean": 0.049817724619060755,
  "adv_mse_ci95": 0.0256285089164817,
  "adv_mse_median": 0.029208693653345108,
  "adv_mse_q25": 0.01540076988749206,
  "adv_mse_q75": 0.04706474952399731,
  "mse_ratio_mean": 45.779048095965955,
  "mse_ratio_ci95": 11.105739195024038,
  "mse_ratio_median": 35.43220673844618,
  "mse_ratio_q25": 22.506902192218277,
  "mse_ratio_q75": 71.05759741688644,
  "clean_rel_l2_mean": 0.19651426142081618,
  "clean_rel_l2_ci95": 0.009461751545814934,
  "clean_rel_l2_median": 0.2037706971168518,
  "clean_rel_l2_q25": 0.18412325903773308,
  "clean_rel_l2_q75": 0.21153900027275085,
  "adv_rel_l2_mean": 1.2143481876701117,
  "adv_rel_l2_ci95": 0.1074290917087021,
  "adv_rel_l2_median": 1.1682283282279968,
  "adv_rel_l2_q25": 1.0033271461725235,
  "adv_rel_l2_q75": 1.4157340824604034,
  "rel_l2_ratio_mean": 6.399110029746715,
  "rel_l2_ratio_ci95": 0.7736925798800484,
  "rel_l2_ratio_median": 5.95232325331396,
  "rel_l2_ratio_q25": 4.7438667587465435,
  "rel_l2_ratio_q75": 8.428372575245065,
  "clean_psnr_mean": 27.11650159966115,
  "clean_psnr_ci95": 0.62559645573846,
  "clean_psnr_median": 27.185794698910463,
  "clean_psnr_q25": 26.167428607357007,
  "clean_psnr_q75": 28.41095740100944,
  "adv_psnr_mean": 11.49468456231124,
  "adv_psnr_ci95": 1.4610384462107617,
  "adv_psnr_median": 11.531792939942918,
  "adv_psnr_q25": 8.425904025846444,
  "adv_psnr_q75": 14.68423982035651,
  "clean_ssim_mean": 0.5808751430833394,
  "clean_ssim_ci95": 0.035447806276140366,
  "clean_ssim_median": 0.5748355816036563,
  "clean_ssim_q25": 0.5349292381303041,
  "clean_ssim_q75": 0.6400110125218205,
  "adv_ssim_mean": 0.17493500582503485,
  "adv_ssim_ci95": 0.026592134155734574,
  "adv_ssim_median": 0.15466314568982742,
  "adv_ssim_q25": 0.1279855062144099,
  "adv_ssim_q75": 0.216623918361681,
  "pred_shift_rel_l2_mean": 1.3169943038374186,
  "pred_shift_rel_l2_ci95": 0.11658147979110442,
  "pred_shift_rel_l2_median": 1.2707062363624573,
  "pred_shift_rel_l2_q25": 1.0962755680084229,
  "pred_shift_rel_l2_q75": 1.5429686605930328,
  "init_shift_rel_l2_mean": 0.14936972386203706,
  "init_shift_rel_l2_ci95": 0.011767209232569636,
  "init_shift_rel_l2_median": 0.1451648250222206,
  "init_shift_rel_l2_q25": 0.12468654848635197,
  "init_shift_rel_l2_q75": 0.16617312654852867,
  "delta_l2_mean": 57.91922926902771,
  "delta_l2_ci95": 12.905476403039213,
  "delta_l2_median": 52.69058799743652,
  "delta_l2_q25": 37.92558765411377,
  "delta_l2_q75": 64.6236343383789,
  "delta_linf_mean": 1.220322374254465,
  "delta_linf_ci95": 0.35817351565366706,
  "delta_linf_median": 0.9867649376392365,
  "delta_linf_q25": 0.7538504302501678,
  "delta_linf_q75": 1.2191739976406097,
  "delta_mean_abs_mean": 0.21350359276402742,
  "delta_mean_abs_ci95": 0.04720567952155905,
  "delta_mean_abs_median": 0.1934863105416298,
  "delta_mean_abs_q25": 0.13733939826488495,
  "delta_mean_abs_q75": 0.23825382813811302,
  "delta_rel_l2_mean": 0.0500000274590747,
  "delta_rel_l2_ci95": 2.5578739316246405e-09,
  "delta_rel_l2_median": 0.05000002697647203,
  "delta_rel_l2_q25": 0.050000022616507406,
  "delta_rel_l2_q75": 0.050000030308770135,
  "success_rel_l2_mean": 1.0,
  "success_rel_l2_ci95": 0.0,
  "success_rel_l2_median": 1.0,
  "success_rel_l2_q25": 1.0,
  "success_rel_l2_q75": 1.0,
  "success_mse_mean": 1.0,
  "success_mse_ci95": 0.0,
  "success_mse_median": 1.0,
  "success_mse_q25": 1.0,
  "success_mse_q75": 1.0,
  "clean_e_ran_l2_mean": 3.581054288893938,
  "clean_e_ran_l2_ci95": 0.5597162650436259,
  "clean_e_ran_l2_median": 3.7805742025375366,
  "clean_e_ran_l2_q25": 2.448037326335907,
  "clean_e_ran_l2_q75": 4.389663934707642,
  "clean_e_nul_l2_mean": 1.2661130167543888,
  "clean_e_nul_l2_ci95": 0.15944514679865482,
  "clean_e_nul_l2_median": 1.3051055073738098,
  "clean_e_nul_l2_q25": 0.8412877023220062,
  "clean_e_nul_l2_q75": 1.5810065269470215,
  "clean_e_ran_frac_mean": 0.9334280076694154,
  "clean_e_ran_frac_ci95": 0.011186896218214375,
  "clean_e_ran_frac_median": 0.9430181291629689,
  "clean_e_ran_frac_q25": 0.9303964967360996,
  "clean_e_ran_frac_q75": 0.9519808260731213,
  "clean_e_nul_frac_mean": 0.3506647956885295,
  "clean_e_nul_frac_ci95": 0.024227145567034886,
  "clean_e_nul_frac_median": 0.3327406824531412,
  "clean_e_nul_frac_q25": 0.30615528481501153,
  "clean_e_nul_frac_q75": 0.366551534370289,
  "adv_e_ran_l2_mean": 14.279280178248882,
  "adv_e_ran_l2_ci95": 2.8229628415622434,
  "adv_e_ran_l2_median": 13.955724716186523,
  "adv_e_ran_l2_q25": 9.013913631439209,
  "adv_e_ran_l2_q75": 18.265719890594482,
  "adv_e_nul_l2_mean": 19.666102416813374,
  "adv_e_nul_l2_ci95": 4.470221435716038,
  "adv_e_nul_l2_median": 16.629711151123047,
  "adv_e_nul_l2_q25": 13.87782096862793,
  "adv_e_nul_l2_q75": 21.732162475585938,
  "adv_e_ran_frac_mean": 0.6026799526020803,
  "adv_e_ran_frac_ci95": 0.03729466708075173,
  "adv_e_ran_frac_median": 0.6322642326028381,
  "adv_e_ran_frac_q25": 0.5496550731411985,
  "adv_e_ran_frac_q75": 0.6726607491696559,
  "adv_e_nul_frac_mean": 0.7874101075733205,
  "adv_e_nul_frac_ci95": 0.026197829529324573,
  "adv_e_nul_frac_median": 0.7747525063162135,
  "adv_e_nul_frac_q25": 0.7399381388731554,
  "adv_e_nul_frac_q75": 0.8352347770285662,
  "attack_runtime_total_sec": 4081.689732566476,
  "attack_runtime_per_example_sec": 127.55280414270237,
  "model_name": "nsn",
  "attack_name": "adam",
  "norm": "l2",
  "eps": 0.05,
  "eps_actual": 63.846251600341795,
  "eps_budget_mode": "per_sample_l2",
  "attack_init_mode": "exact",
  "eval_init_mode": "exact"
}