{
  "num_examples": 32,
  "gt_norm_mean": 19.554032936692238,
  "gt_norm_ci95": 3.175656556464896,
  "gt_norm_median": 19.43148136138916,
  "gt_norm_q25": 13.664082050323486,
  "gt_norm_q75": 22.861806869506836,
  "clean_mse_mean": 0.004425591992458067,
  "clean_mse_ci95": 0.0017414532584351804,
  "clean_mse_median": 0.003380082780495286,
  "clean_mse_q25": 0.0013714352389797568,
  "clean_mse_q75": 0.005243642604909837,
  "adv_mse_mean": 0.10939260531813488,
  "adv_mse_ci95": 0.0591355733192856,
  "adv_mse_median": 0.053290072828531265,
  "adv_mse_q25": 0.02508326293900609,
  "adv_mse_q75": 0.09579949639737606,
  "mse_ratio_mean": 26.933725786513214,
  "mse_ratio_ci95": 8.804418304525017,
  "mse_ratio_median": 19.472029793059136,
  "mse_ratio_q25": 9.055532925636905,
  "mse_ratio_q75": 35.300479334448504,
  "clean_rel_l2_mean": 0.37961317179724574,
  "clean_rel_l2_ci95": 0.03657718364024567,
  "clean_rel_l2_median": 0.4016140550374985,
  "clean_rel_l2_q25": 0.3002694621682167,
  "clean_rel_l2_q75": 0.45102618634700775,
  "adv_rel_l2_mean": 1.6647863518446684,
  "adv_rel_l2_ci95": 0.17505602618371544,
  "adv_rel_l2_median": 1.733904242515564,
  "adv_rel_l2_q25": 1.4122255444526672,
  "adv_rel_l2_q75": 1.9826869368553162,
  "rel_l2_ratio_mean": 4.731275789102453,
  "rel_l2_ratio_ci95": 0.7507952452810708,
  "rel_l2_ratio_median": 4.412711898524445,
  "rel_l2_ratio_q25": 3.0092286863452022,
  "rel_l2_ratio_q75": 5.9356326039420075,
  "clean_psnr_mean": 21.688448652112008,
  "clean_psnr_ci95": 1.2053979653016604,
  "clean_psnr_median": 21.578648783706555,
  "clean_psnr_q25": 19.59434238106761,
  "clean_psnr_q75": 23.928276335184133,
  "adv_psnr_mean": 9.028325576176094,
  "adv_psnr_ci95": 1.8698923430794214,
  "adv_psnr_median": 9.06787949631894,
  "adv_psnr_q25": 5.485902776581343,
  "adv_psnr_q75": 11.710837484919129,
  "clean_ssim_mean": 0.3520402489172675,
  "clean_ssim_ci95": 0.039280215711078856,
  "clean_ssim_median": 0.3361743261744746,
  "clean_ssim_q25": 0.2781724790252206,
  "clean_ssim_q75": 0.40145310447783134,
  "adv_ssim_mean": 0.09502149830371937,
  "adv_ssim_ci95": 0.03617627410471654,
  "adv_ssim_median": 0.07150270637753336,
  "adv_ssim_q25": 0.038896463451816694,
  "adv_ssim_q75": 0.10422294936258472,
  "pred_shift_rel_l2_mean": 2.118166023865342,
  "pred_shift_rel_l2_ci95": 0.2528385571659964,
  "pred_shift_rel_l2_median": 2.2025415897369385,
  "pred_shift_rel_l2_q25": 1.7605423331260681,
  "pred_shift_rel_l2_q75": 2.5752413272857666,
  "init_shift_rel_l2_mean": 0.14785734238103032,
  "init_shift_rel_l2_ci95": 0.011409759195266957,
  "init_shift_rel_l2_median": 0.143497034907341,
  "init_shift_rel_l2_q25": 0.12553610280156136,
  "init_shift_rel_l2_q75": 0.16712744161486626,
  "delta_l2_mean": 57.919230818748474,
  "delta_l2_ci95": 12.905477106658303,
  "delta_l2_median": 52.69058609008789,
  "delta_l2_q25": 37.92558765411377,
  "delta_l2_q75": 64.6236343383789,
  "delta_linf_mean": 1.0422173086553812,
  "delta_linf_ci95": 0.22805981413156154,
  "delta_linf_median": 0.9460433125495911,
  "delta_linf_q25": 0.673186868429184,
  "delta_linf_q75": 1.1108102798461914,
  "delta_mean_abs_mean": 0.2140920243691653,
  "delta_mean_abs_ci95": 0.04740575874617564,
  "delta_mean_abs_median": 0.19633889943361282,
  "delta_mean_abs_q25": 0.14052657410502434,
  "delta_mean_abs_q75": 0.2404620237648487,
  "delta_rel_l2_mean": 0.05000002872019887,
  "delta_rel_l2_ci95": 2.5282588182735022e-09,
  "delta_rel_l2_median": 0.050000027265305017,
  "delta_rel_l2_q25": 0.050000024834195085,
  "delta_rel_l2_q75": 0.050000031304206306,
  "success_rel_l2_mean": 1.0,
  "success_rel_l2_ci95": 0.0,
  "success_rel_l2_median": 1.0,
  "success_rel_l2_q25": 1.0,
  "success_rel_l2_q75": 1.0,
  "success_mse_mean": 1.0,
  "success_mse_ci95": 0.0,
  "success_mse_median": 1.0,
  "success_mse_q25": 1.0,
  "success_mse_q75": 1.0,
  "clean_e_ran_l2_mean": 7.515092272311449,
  "clean_e_ran_l2_ci95": 1.4072167057795213,
  "clean_e_ran_l2_median": 7.439270257949829,
  "clean_e_ran_l2_q25": 4.736125588417053,
  "clean_e_ran_l2_q75": 9.266783714294434,
  "clean_e_nul_l2_mean": 0.2027483331039548,
  "clean_e_nul_l2_ci95": 0.037540781351380045,
  "clean_e_nul_l2_median": 0.18099884688854218,
  "clean_e_nul_l2_q25": 0.1229282096028328,
  "clean_e_nul_l2_q75": 0.2611691877245903,
  "clean_e_ran_frac_mean": 0.9992727209051805,
  "clean_e_ran_frac_ci95": 0.0005262327862103289,
  "clean_e_ran_frac_median": 0.9996562713212742,
  "clean_e_ran_frac_q25": 0.9994236757751616,
  "clean_e_ran_frac_q75": 0.9997892758626767,
  "clean_e_nul_frac_mean": 0.031627473744633164,
  "clean_e_nul_frac_ci95": 0.007479947395248228,
  "clean_e_nul_frac_median": 0.026203907717068917,
  "clean_e_nul_frac_q25": 0.02052193806385316,
  "clean_e_nul_frac_q75": 0.03394053279602599,
  "adv_e_ran_l2_mean": 7.887227438390255,
  "adv_e_ran_l2_ci95": 1.472811473671626,
  "adv_e_ran_l2_median": 7.797145843505859,
  "adv_e_ran_l2_q25": 5.406647443771362,
  "adv_e_ran_l2_q75": 9.687877178192139,
  "adv_e_nul_l2_mean": 33.917923498898745,
  "adv_e_nul_l2_ci95": 8.34644236731104,
  "adv_e_nul_l2_median": 28.721336364746094,
  "adv_e_nul_l2_q25": 19.135167598724365,
  "adv_e_nul_l2_q75": 38.06994438171387,
  "adv_e_ran_frac_mean": 0.2692328355908639,
  "adv_e_ran_frac_ci95": 0.04453691809346661,
  "adv_e_ran_frac_median": 0.23302535222728865,
  "adv_e_ran_frac_q25": 0.1792768490716252,
  "adv_e_ran_frac_q75": 0.33541108658893026,
  "adv_e_nul_frac_mean": 0.9527952121958501,
  "adv_e_nul_frac_ci95": 0.021380154484637485,
  "adv_e_nul_frac_median": 0.972469386506648,
  "adv_e_nul_frac_q25": 0.9420685848866348,
  "adv_e_nul_frac_q75": 0.9837640794021041,
  "attack_runtime_total_sec": 1222.3601272068918,
  "attack_runtime_per_example_sec": 38.19875397521537,
  "model_name": "nsn",
  "attack_name": "adam",
  "norm": "l2",
  "eps": 0.05,
  "eps_actual": 63.846251600341795,
  "eps_budget_mode": "per_sample_l2",
  "attack_init_mode": "exact",
  "eval_init_mode": "exact"
}