{
  "num_examples": 32,
  "gt_norm_mean": 22.48570889234543,
  "gt_norm_ci95": 3.7267142366218637,
  "gt_norm_median": 20.150904655456543,
  "gt_norm_q25": 16.28321075439453,
  "gt_norm_q75": 23.551395893096924,
  "clean_mse_mean": 0.07503052800893784,
  "clean_mse_ci95": 0.04452974944610082,
  "clean_mse_median": 0.032751645892858505,
  "clean_mse_q25": 0.02012743568047881,
  "clean_mse_q75": 0.06278177816420794,
  "adv_mse_mean": 0.19939113786676899,
  "adv_mse_ci95": 0.12403874572728675,
  "adv_mse_median": 0.07370266690850258,
  "adv_mse_q25": 0.05295208562165499,
  "adv_mse_q75": 0.16588548943400383,
  "mse_ratio_mean": 2.511028646441164,
  "mse_ratio_ci95": 0.11086421801251733,
  "mse_ratio_median": 2.5535286915229998,
  "mse_ratio_q25": 2.3216344138816725,
  "mse_ratio_q75": 2.7333736652833043,
  "clean_rel_l2_mean": 1.2561786845326424,
  "clean_rel_l2_ci95": 0.0640374882603003,
  "clean_rel_l2_median": 1.225469172000885,
  "clean_rel_l2_q25": 1.1104506850242615,
  "clean_rel_l2_q75": 1.3366803526878357,
  "adv_rel_l2_mean": 1.991550050675869,
  "adv_rel_l2_ci95": 0.12292689580460688,
  "adv_rel_l2_median": 1.9863237142562866,
  "adv_rel_l2_q25": 1.7099039256572723,
  "adv_rel_l2_q75": 2.1260140538215637,
  "rel_l2_ratio_mean": 1.5812853435418197,
  "rel_l2_ratio_ci95": 0.03618372080451812,
  "rel_l2_ratio_median": 1.5979758415766332,
  "rel_l2_ratio_q25": 1.523687995054863,
  "rel_l2_ratio_q75": 1.653288615048519,
  "clean_psnr_mean": 10.117933035592303,
  "clean_psnr_ci95": 1.2892230908580953,
  "clean_psnr_median": 10.279858860575006,
  "clean_psnr_q25": 7.8088903407529555,
  "clean_psnr_q75": 13.257571736939362,
  "adv_psnr_mean": 6.157097950636466,
  "adv_psnr_ci95": 1.3744478545190257,
  "adv_psnr_median": 6.238528236809858,
  "adv_psnr_q25": 3.9687297113707407,
  "adv_psnr_q75": 9.628957041028055,
  "clean_ssim_mean": 0.05790533329115139,
  "clean_ssim_ci95": 0.002717853425959544,
  "clean_ssim_median": 0.05736918270219406,
  "clean_ssim_q25": 0.05401710889742473,
  "clean_ssim_q75": 0.06294109070401308,
  "adv_ssim_mean": 0.01730238529336949,
  "adv_ssim_ci95": 0.003492011008156016,
  "adv_ssim_median": 0.014064612099725447,
  "adv_ssim_q25": 0.010139278044944137,
  "adv_ssim_q75": 0.026806804587200035,
  "clean_mae_mean": 0.17822798434644938,
  "clean_mae_ci95": 0.040403309387756235,
  "clean_mae_median": 0.14010406285524368,
  "clean_mae_q25": 0.1092972420156002,
  "clean_mae_q75": 0.19400688633322716,
  "adv_mae_mean": 0.27660988783463836,
  "adv_mae_ci95": 0.06451685725464038,
  "adv_mae_median": 0.20755565911531448,
  "adv_mae_q25": 0.17176653444766998,
  "adv_mae_q75": 0.3052421808242798,
  "clean_nrmse_mean": 0.3428332367782697,
  "clean_nrmse_ci95": 0.056964340478248,
  "clean_nrmse_median": 0.30678963326641207,
  "clean_nrmse_q25": 0.21733336954794127,
  "clean_nrmse_q75": 0.4069671668277296,
  "adv_nrmse_mean": 0.5479004341804002,
  "adv_nrmse_ci95": 0.09702436526497851,
  "adv_nrmse_median": 0.48776654296954336,
  "adv_nrmse_q25": 0.3300379225785325,
  "adv_nrmse_q75": 0.6337117110079256,
  "clean_max_err_mean": 1.070324175991118,
  "clean_max_err_ci95": 0.2362914710135724,
  "clean_max_err_median": 0.8442934155464172,
  "clean_max_err_q25": 0.6868633329868317,
  "clean_max_err_q75": 1.166927456855774,
  "adv_max_err_mean": 2.256086554378271,
  "adv_max_err_ci95": 0.5778073835911194,
  "adv_max_err_median": 1.6838093996047974,
  "adv_max_err_q25": 1.4031454920768738,
  "adv_max_err_q75": 2.3824466466903687,
  "clean_init_rel_l2_mean": 1.2768600173294544,
  "clean_init_rel_l2_ci95": 0.06145374216922123,
  "clean_init_rel_l2_median": 1.2511871457099915,
  "clean_init_rel_l2_q25": 1.1422662138938904,
  "clean_init_rel_l2_q75": 1.357904314994812,
  "adv_init_rel_l2_mean": 1.7824672125279903,
  "adv_init_rel_l2_ci95": 0.07077839232945085,
  "adv_init_rel_l2_median": 1.7748485803604126,
  "adv_init_rel_l2_q25": 1.62127286195755,
  "adv_init_rel_l2_q75": 1.8862566947937012,
  "init_rel_l2_ratio_mean": 1.4022545007601626,
  "init_rel_l2_ratio_ci95": 0.029647491752437485,
  "init_rel_l2_ratio_median": 1.4168392111969856,
  "init_rel_l2_ratio_q25": 1.3389287423362637,
  "init_rel_l2_ratio_q75": 1.4566424907120752,
  "clean_init_psnr_mean": 9.966758356110383,
  "clean_init_psnr_ci95": 1.2678164241493421,
  "clean_init_psnr_median": 10.044764355147933,
  "clean_init_psnr_q25": 7.77267796280662,
  "clean_init_psnr_q75": 12.971222698647555,
  "adv_init_psnr_mean": 7.0461093835154625,
  "adv_init_psnr_ci95": 1.1703952498978936,
  "adv_init_psnr_median": 7.157777969722229,
  "adv_init_psnr_q25": 4.637263652786887,
  "adv_init_psnr_q75": 9.97706587580123,
  "clean_init_ssim_mean": 0.045894530813646195,
  "clean_init_ssim_ci95": 0.0029810721766441116,
  "clean_init_ssim_median": 0.04412002243173,
  "clean_init_ssim_q25": 0.0400464820982077,
  "clean_init_ssim_q75": 0.05181353231477137,
  "adv_init_ssim_mean": 0.03237612385784387,
  "adv_init_ssim_ci95": 0.002205724627815768,
  "adv_init_ssim_median": 0.031464687725481694,
  "adv_init_ssim_q25": 0.02953156808053202,
  "adv_init_ssim_q75": 0.03484283512516943,
  "clean_init_mae_mean": 0.18155068787746131,
  "clean_init_mae_ci95": 0.040424957000169584,
  "clean_init_mae_median": 0.1451817750930786,
  "clean_init_mae_q25": 0.11259804293513298,
  "clean_init_mae_q75": 0.19700151309370995,
  "adv_init_mae_mean": 0.25095676351338625,
  "adv_init_mae_ci95": 0.053646364161331055,
  "adv_init_mae_median": 0.19766616821289062,
  "adv_init_mae_q25": 0.16445910558104515,
  "adv_init_mae_q75": 0.2667396366596222,
  "pred_shift_rel_l2_mean": 1.0034291483461857,
  "pred_shift_rel_l2_ci95": 0.041436101187575694,
  "pred_shift_rel_l2_median": 1.006493866443634,
  "pred_shift_rel_l2_q25": 0.9148221611976624,
  "pred_shift_rel_l2_q75": 1.07799431681633,
  "init_shift_rel_l2_mean": 0.8449928238987923,
  "init_shift_rel_l2_ci95": 0.0175173767865931,
  "init_shift_rel_l2_median": 0.8382230401039124,
  "init_shift_rel_l2_q25": 0.808002695441246,
  "init_shift_rel_l2_q75": 0.8896151185035706,
  "delta_l2_mean": 28.716727793216705,
  "delta_l2_ci95": 6.539035701567012,
  "delta_l2_median": 22.329673767089844,
  "delta_l2_q25": 17.614023685455322,
  "delta_l2_q75": 31.02492618560791,
  "delta_linf_mean": 1.0136365722864866,
  "delta_linf_ci95": 0.21854246904452237,
  "delta_linf_median": 0.824975460767746,
  "delta_linf_q25": 0.6198329925537109,
  "delta_linf_q75": 1.1700449287891388,
  "delta_mean_abs_mean": 0.1049471024889499,
  "delta_mean_abs_ci95": 0.023933513849372992,
  "delta_mean_abs_median": 0.0813000276684761,
  "delta_mean_abs_q25": 0.0640234062448144,
  "delta_mean_abs_q75": 0.11524319835007191,
  "delta_rel_l2_mean": 0.020000002792349945,
  "delta_rel_l2_ci95": 5.939241174029204e-10,
  "delta_rel_l2_median": 0.020000002405178217,
  "delta_rel_l2_q25": 0.020000001922139927,
  "delta_rel_l2_q75": 0.02000000386565096,
  "success_rel_l2_mean": 0.8125,
  "success_rel_l2_ci95": 0.13740025707822126,
  "success_rel_l2_median": 1.0,
  "success_rel_l2_q25": 1.0,
  "success_rel_l2_q75": 1.0,
  "success_mse_mean": 0.96875,
  "success_mse_ci95": 0.06124999999999999,
  "success_mse_median": 1.0,
  "success_mse_q25": 1.0,
  "success_mse_q75": 1.0,
  "clean_e_ran_l2_mean": 29.473533749580383,
  "clean_e_ran_l2_ci95": 6.680372437436268,
  "clean_e_ran_l2_median": 23.156664848327637,
  "clean_e_ran_l2_q25": 18.157376766204834,
  "clean_e_ran_l2_q75": 32.05737113952637,
  "clean_e_nul_l2_mean": 0.39166899328120053,
  "clean_e_nul_l2_ci95": 0.20359174983594364,
  "clean_e_nul_l2_median": 0.22786159068346024,
  "clean_e_nul_l2_q25": 0.15035904571413994,
  "clean_e_nul_l2_q75": 0.39371372759342194,
  "clean_e_ran_frac_mean": 0.999921482436053,
  "clean_e_ran_frac_ci95": 3.55785716482393e-05,
  "clean_e_ran_frac_median": 0.9999636818282296,
  "clean_e_ran_frac_q25": 0.999920868281627,
  "clean_e_ran_frac_q75": 0.9999725439696822,
  "clean_e_nul_frac_mean": 0.011028568462356713,
  "clean_e_nul_frac_ci95": 0.002094095715502086,