{
  "num_examples": 32,
  "gt_norm_mean": 20.02930760383606,
  "gt_norm_ci95": 3.672134509144562,
  "gt_norm_median": 17.90650749206543,
  "clean_mse_mean": 1.3530322355848057e-05,
  "clean_mse_ci95": 7.389557179544853e-06,
  "clean_mse_median": 6.203444627317367e-06,
  "adv_mse_mean": 1.3530418161877833e-05,
  "adv_mse_ci95": 7.389482857417004e-06,
  "adv_mse_median": 6.201868245625519e-06,
  "mse_ratio_mean": 1.0000043740073328,
  "mse_ratio_ci95": 3.914548304308627e-05,
  "mse_ratio_median": 1.000003135268516,
  "clean_rel_l2_mean": 0.02064355101902038,
  "clean_rel_l2_ci95": 0.002991091061811932,
  "clean_rel_l2_median": 0.018268772400915623,
  "adv_rel_l2_mean": 0.02064359135692939,
  "adv_rel_l2_ci95": 0.00299113747728678,
  "adv_rel_l2_median": 0.0182685861364007,
  "rel_l2_ratio_mean": 1.000002189123705,
  "rel_l2_ratio_ci95": 1.95680679796631e-05,
  "rel_l2_ratio_median": 1.0000015873548924,
  "clean_psnr_mean": 46.8484464410794,
  "clean_psnr_ci95": 1.0631469005506553,
  "clean_psnr_median": 47.44658527368712,
  "adv_psnr_mean": 46.84842740402327,
  "adv_psnr_ci95": 1.063132233307027,
  "adv_psnr_median": 47.44636277247215,
  "clean_ssim_mean": 0.9939131628828888,
  "clean_ssim_ci95": 0.0008667201967269886,
  "clean_ssim_median": 0.9947495756070641,
  "adv_ssim_mean": 0.9939132170370377,
  "adv_ssim_ci95": 0.0008667307451193251,
  "adv_ssim_median": 0.9947497270925252,
  "pred_shift_rel_l2_mean": 6.053250267257226e-06,
  "pred_shift_rel_l2_ci95": 9.370539203993783e-07,
  "pred_shift_rel_l2_median": 5.254951474853442e-06,
  "init_shift_rel_l2_mean": 6.268879781945458e-08,
  "init_shift_rel_l2_ci95": 2.5052268008198777e-09,
  "init_shift_rel_l2_median": 6.233602789507131e-08,
  "delta_l2_mean": 5.313352502867019e-06,
  "delta_l2_ci95": 1.3709361618418134e-06,
  "delta_l2_median": 3.906206984538585e-06,
  "delta_linf_mean": 1.6689300537109375e-06,
  "delta_linf_ci95": 5.190761078980976e-07,
  "delta_linf_median": 9.5367431640625e-07,
  "delta_mean_abs_mean": 9.66531898266565e-09,
  "delta_mean_abs_ci95": 2.1995029072384563e-09,
  "delta_mean_abs_median": 7.207686669730151e-09,
  "success_rel_l2_mean": 0.0,
  "success_rel_l2_ci95": 0.0,
  "success_rel_l2_median": 0.0,
  "success_mse_mean": 0.0,
  "success_mse_ci95": 0.0,
  "success_mse_median": 0.0,
  "clean_e_ran_l2_mean": 0.3056862992234528,
  "clean_e_ran_l2_ci95": 0.07116927897497327,
  "clean_e_ran_l2_median": 0.24505462497472763,
  "clean_e_nul_l2_mean": 0.24999503302387893,
  "clean_e_nul_l2_ci95": 0.055511258840869715,
  "clean_e_nul_l2_median": 0.19982906430959702,
  "clean_e_ran_frac_mean": 0.7689754231202548,
  "clean_e_ran_frac_ci95": 0.018648472777874417,
  "clean_e_ran_frac_median": 0.7728511382549408,
  "clean_e_nul_frac_mean": 0.6339895507663504,
  "clean_e_nul_frac_ci95": 0.0220622756391393,
  "clean_e_nul_frac_median": 0.6345854223518492,
  "adv_e_ran_l2_mean": 0.3056879350915551,
  "adv_e_ran_l2_ci95": 0.07116892048979415,
  "adv_e_ran_l2_median": 0.24502094089984894,
  "adv_e_nul_l2_mean": 0.24999530357308686,
  "adv_e_nul_l2_ci95": 0.055512199632109904,
  "adv_e_nul_l2_median": 0.19983111321926117,
  "adv_e_ran_frac_mean": 0.7689778605472456,
  "adv_e_ran_frac_ci95": 0.01864831336651756,
  "adv_e_ran_frac_median": 0.7728460992486212,
  "adv_e_nul_frac_mean": 0.6339866689765364,
  "adv_e_nul_frac_ci95": 0.022062086698944095,
  "adv_e_nul_frac_median": 0.6345917050205994,
  "attack_runtime_total_sec": 39.378559559583664,
  "attack_runtime_per_example_sec": 1.2305799862369895,
  "model_name": "resnet",
  "attack_name": "adam",
  "norm": "l2",
  "eps": 1.0,
  "attack_init_mode": "exact",
  "eval_init_mode": "exact"
}