{
  "num_examples": 32,
  "gt_norm_mean": 20.02930760383606,
  "gt_norm_ci95": 3.672134509144562,
  "gt_norm_median": 17.90650749206543,
  "clean_mse_mean": 1.352804586218781e-05,
  "clean_mse_ci95": 7.388660810628071e-06,
  "clean_mse_median": 6.200540383360931e-06,
  "adv_mse_mean": 2.988418028593287e-05,
  "adv_mse_ci95": 1.3397418941972815e-05,
  "adv_mse_median": 1.4192880371410865e-05,
  "mse_ratio_mean": 2.83491630508843,
  "mse_ratio_ci95": 0.7601843415350676,
  "mse_ratio_median": 1.9478649475453649,
  "clean_rel_l2_mean": 0.02064002605038695,
  "clean_rel_l2_ci95": 0.0029888036149194742,
  "clean_rel_l2_median": 0.018266964703798294,
  "adv_rel_l2_mean": 0.03438042686320841,
  "adv_rel_l2_ci95": 0.008500817300738038,
  "adv_rel_l2_median": 0.025196682661771774,
  "rel_l2_ratio_mean": 1.5989241681128132,
  "rel_l2_ratio_ci95": 0.18572767492108536,
  "rel_l2_ratio_median": 1.3956342314544425,
  "clean_psnr_mean": 46.849554414478305,
  "clean_psnr_ci95": 1.0630427372014108,
  "clean_psnr_median": 47.44786237302907,
  "adv_psnr_mean": 43.15127305894405,
  "adv_psnr_ci95": 1.497691956865894,
  "adv_psnr_median": 43.65226650783866,
  "clean_ssim_mean": 0.9939143372051622,
  "clean_ssim_ci95": 0.0008664683454292485,
  "clean_ssim_median": 0.994750140173257,
  "adv_ssim_mean": 0.9931606431451814,
  "adv_ssim_ci95": 0.0009833832577167726,
  "adv_ssim_median": 0.9940650064139773,
  "pred_shift_rel_l2_mean": 0.020983292270102538,
  "pred_shift_rel_l2_ci95": 0.00749703836959344,
  "pred_shift_rel_l2_median": 0.013666239567101002,
  "init_shift_rel_l2_mean": 0.0050294130596739706,
  "init_shift_rel_l2_ci95": 0.0009711642924872104,
  "init_shift_rel_l2_median": 0.00469807512126863,
  "delta_l2_mean": 1.0000001154839993,
  "delta_l2_ci95": 2.9664041704033594e-07,
  "delta_l2_median": 1.0,
  "delta_linf_mean": 0.024563961778767407,
  "delta_linf_ci95": 0.00235810161990964,
  "delta_linf_median": 0.02228689193725586,
  "delta_mean_abs_mean": 0.0030612448972533457,
  "delta_mean_abs_ci95": 0.0001521919745881313,
  "delta_mean_abs_median": 0.0031052667181938887,
  "success_rel_l2_mean": 0.375,
  "success_rel_l2_ci95": 0.17042404419186183,
  "success_rel_l2_median": 0.0,
  "success_mse_mean": 0.46875,
  "success_mse_ci95": 0.1756690838369946,
  "success_mse_median": 0.0,
  "clean_e_ran_l2_mean": 0.3056681798771024,
  "clean_e_ran_l2_ci95": 0.07116732641124648,
  "clean_e_ran_l2_median": 0.24504189938306808,
  "clean_e_nul_l2_mean": 0.24994939169846475,
  "clean_e_nul_l2_ci95": 0.055509975881921254,
  "clean_e_nul_l2_median": 0.1998135969042778,
  "clean_e_ran_frac_mean": 0.7690133769621539,
  "clean_e_ran_frac_ci95": 0.01863824090856351,
  "clean_e_ran_frac_median": 0.7729616069992928,
  "clean_e_nul_frac_mean": 0.6339471270494743,
  "clean_e_nul_frac_ci95": 0.02205793752234019,
  "clean_e_nul_frac_median": 0.6344510518436106,
  "adv_e_ran_l2_mean": 0.4063160954974592,
  "adv_e_ran_l2_ci95": 0.08448531174300108,
  "adv_e_ran_l2_median": 0.3313981145620346,
  "adv_e_nul_l2_mean": 0.4354815329425037,
  "adv_e_nul_l2_ci95": 0.09786514071873197,
  "adv_e_nul_l2_median": 0.31220322847366333,
  "adv_e_ran_frac_mean": 0.6920436059540107,
  "adv_e_ran_frac_ci95": 0.04094920882563379,
  "adv_e_ran_frac_median": 0.7167083466244248,
  "adv_e_nul_frac_mean": 0.7046257362121398,
  "adv_e_nul_frac_ci95": 0.036999684725330766,
  "adv_e_nul_frac_median": 0.6973434934113162,
  "attack_runtime_total_sec": 39.59084723889828,
  "attack_runtime_per_example_sec": 1.2372139762155712,
  "model_name": "resnet",
  "attack_name": "adam",
  "norm": "l2",
  "eps": 1.0,
  "attack_init_mode": "exact",
  "eval_init_mode": "exact"
}