{
  "num_examples": 32,
  "gt_norm_mean": 0.0,
  "gt_norm_ci95": 0.0,
  "gt_norm_median": 0.0,
  "clean_mse_mean": 7.191994937962021e-13,
  "clean_mse_ci95": 0.0,
  "clean_mse_median": 7.191994937962021e-13,
  "adv_mse_mean": 1.3717036978500019e-08,
  "adv_mse_ci95": 1.2251535114096364e-10,
  "adv_mse_median": 1.3730372394604728e-08,
  "mse_ratio_mean": 13717.036978500018,
  "mse_ratio_ci95": 122.51535114096362,
  "mse_ratio_median": 13730.372394604728,
  "clean_rel_l2_mean": 0.0008480577662339783,
  "clean_rel_l2_ci95": 0.0,
  "clean_rel_l2_median": 0.0008480577662339783,
  "adv_rel_l2_mean": 0.11711025058502855,
  "adv_rel_l2_ci95": 0.0005250669189179726,
  "adv_rel_l2_median": 0.11717661982402205,
  "rel_l2_ratio_mean": 138.09230367064163,
  "rel_l2_ratio_ci95": 0.6191405112055862,
  "rel_l2_ratio_median": 138.1705639515282,
  "clean_psnr_mean": 121.43150561479585,
  "clean_psnr_ci95": 0.0,
  "clean_psnr_median": 121.43150561479585,
  "adv_psnr_mean": 78.62880959242861,
  "adv_psnr_ci95": 0.03909987604718064,
  "adv_psnr_median": 78.62318301094969,
  "clean_ssim_mean": 1.0,
  "clean_ssim_ci95": 0.0,
  "clean_ssim_median": 1.0,
  "adv_ssim_mean": 0.9999913405543166,
  "adv_ssim_ci95": 1.1888020239417015e-07,
  "adv_ssim_median": 0.9999912964483961,
  "pred_shift_rel_l2_mean": 0.11713763751686201,
  "pred_shift_rel_l2_ci95": 0.000525159311390176,
  "pred_shift_rel_l2_median": 0.11720415568561293,
  "init_shift_rel_l2_mean": 0.07639520481461659,
  "init_shift_rel_l2_ci95": 0.00040370263441029093,
  "init_shift_rel_l2_median": 0.07652075510122813,
  "delta_l2_mean": 0.11773569113574922,
  "delta_l2_ci95": 0.0004405432375452687,
  "delta_l2_median": 0.1178429014980793,
  "delta_linf_mean": 0.02896310784853995,
  "delta_linf_ci95": 3.726168649128411e-05,
  "delta_linf_median": 0.028969626873731613,
  "delta_mean_abs_mean": 0.00023491688625654206,
  "delta_mean_abs_ci95": 7.481801369521222e-07,
  "delta_mean_abs_median": 0.00023492777108913288,
  "success_rel_l2_mean": 1.0,
  "success_rel_l2_ci95": 0.0,
  "success_rel_l2_median": 1.0,
  "success_mse_mean": 1.0,
  "success_mse_ci95": 0.0,
  "success_mse_median": 1.0,
  "clean_e_ran_l2_mean": 0.00010855121217900887,
  "clean_e_ran_l2_ci95": 0.0,
  "clean_e_ran_l2_median": 0.00010855121217900887,
  "clean_e_nul_l2_mean": 4.2601366878614044e-09,
  "clean_e_nul_l2_ci95": 0.0,
  "clean_e_nul_l2_median": 4.2601366878614044e-09,
  "clean_e_ran_frac_mean": 0.9999983243058101,
  "clean_e_ran_frac_ci95": 0.0,
  "clean_e_ran_frac_median": 0.9999983243058101,
  "clean_e_nul_frac_mean": 3.9245342946054294e-05,
  "clean_e_nul_frac_ci95": 0.0,
  "clean_e_nul_frac_median": 3.9245342946054294e-05,
  "adv_e_ran_l2_mean": 0.013695113331777975,
  "adv_e_ran_l2_ci95": 5.5514917980662084e-05,
  "adv_e_ran_l2_median": 0.013699551112949848,
  "adv_e_nul_l2_mean": 0.006094696669606492,
  "adv_e_nul_l2_ci95": 4.104468395501175e-05,
  "adv_e_nul_l2_median": 0.00612039165571332,
  "adv_e_ran_frac_mean": 0.9136242777042156,
  "adv_e_ran_frac_ci95": 0.00042952487086723746,
  "adv_e_ran_frac_median": 0.9132361912125917,
  "adv_e_nul_frac_mean": 0.40654847458934273,
  "adv_e_nul_frac_ci95": 0.0009689707481118663,
  "adv_e_nul_frac_median": 0.4074307618566083,
  "attack_runtime_total_sec": 14.510499082505703,
  "attack_runtime_per_example_sec": 0.4534530963283032,
  "model_name": "resnet",
  "attack_name": "adam",
  "norm": "l2",
  "eps": 1.0,
  "attack_init_mode": "exact",
  "eval_init_mode": "exact"
}