{
  "num_examples": 32,
  "gt_norm_mean": 30.61010318994522,
  "gt_norm_ci95": 2.4647273220789683,
  "gt_norm_median": 29.563007354736328,
  "clean_mse_mean": 3.7490176936216812e-06,
  "clean_mse_ci95": 1.5619521500974747e-06,
  "clean_mse_median": 2.506992586859269e-06,
  "adv_mse_mean": 8.081375983692851e-05,
  "adv_mse_ci95": 1.2961635372729353e-05,
  "adv_mse_median": 6.916581696714275e-05,
  "mse_ratio_mean": 26.13478590423911,
  "mse_ratio_ci95": 1.9037632837329688,
  "mse_ratio_median": 26.512548239053764,
  "clean_rel_l2_mean": 0.00777481566183269,
  "clean_rel_l2_ci95": 0.0011671742209129591,
  "clean_rel_l2_median": 0.006894485792145133,
  "adv_rel_l2_mean": 0.038328277005348355,
  "adv_rel_l2_ci95": 0.0032582242965871117,
  "adv_rel_l2_median": 0.03607971966266632,
  "rel_l2_ratio_mean": 5.080312524096173,
  "rel_l2_ratio_ci95": 0.20075075514313961,
  "rel_l2_ratio_median": 5.148944076581764,
  "clean_psnr_mean": 55.23122625638424,
  "clean_psnr_ci95": 0.8013834366694362,
  "clean_psnr_median": 56.00884453554706,
  "adv_psnr_mean": 41.175946971851936,
  "adv_psnr_ci95": 0.45918612920956836,
  "adv_psnr_median": 41.602152436626824,
  "clean_ssim_mean": 0.9980785291950055,
  "clean_ssim_ci95": 0.0002373540186147079,
  "clean_ssim_median": 0.9983186574772429,
  "adv_ssim_mean": 0.9737622983881618,
  "adv_ssim_ci95": 0.0019888856477404517,
  "adv_ssim_median": 0.9742338539698621,
  "pred_shift_rel_l2_mean": 0.03339149971725419,
  "pred_shift_rel_l2_ci95": 0.0024230125405939997,
  "pred_shift_rel_l2_median": 0.03209896385669708,
  "init_shift_rel_l2_mean": 0.039682346978224814,
  "init_shift_rel_l2_ci95": 0.0030130141855236846,
  "init_shift_rel_l2_median": 0.03993507660925388,
  "delta_l2_mean": 17.491412431001663,
  "delta_l2_ci95": 0.7448531671354865,
  "delta_l2_median": 16.876683235168457,
  "delta_linf_mean": 0.5147091560065746,
  "delta_linf_ci95": 0.016324230366597883,
  "delta_linf_median": 0.5021438598632812,
  "delta_mean_abs_mean": 0.05092945147771388,
  "delta_mean_abs_ci95": 0.0031806585914359773,
  "delta_mean_abs_median": 0.048847541213035583,
  "success_rel_l2_mean": 1.0,
  "success_rel_l2_ci95": 0.0,
  "success_rel_l2_median": 1.0,
  "success_mse_mean": 1.0,
  "success_mse_ci95": 0.0,
  "success_mse_median": 1.0,
  "clean_e_ran_l2_mean": 0.18960471637547016,
  "clean_e_ran_l2_ci95": 0.02994962694742943,
  "clean_e_ran_l2_median": 0.16158760339021683,
  "clean_e_nul_l2_mean": 0.13056754926219583,
  "clean_e_nul_l2_ci95": 0.012132614439097989,
  "clean_e_nul_l2_median": 0.12301093339920044,
  "clean_e_ran_frac_mean": 0.8087787093818244,
  "clean_e_ran_frac_ci95": 0.019303454556560826,
  "clean_e_ran_frac_median": 0.8027008235199635,
  "clean_e_nul_frac_mean": 0.5801457970165734,
  "clean_e_nul_frac_ci95": 0.02794335641169608,
  "clean_e_nul_frac_median": 0.5963195088259867,
  "adv_e_ran_l2_mean": 1.0748227909207344,
  "adv_e_ran_l2_ci95": 0.07137257854992927,
  "adv_e_ran_l2_median": 1.0190238952636719,
  "adv_e_nul_l2_mean": 0.35170501936227083,
  "adv_e_nul_l2_ci95": 0.022279409829716948,
  "adv_e_nul_l2_median": 0.34311164915561676,
  "adv_e_ran_frac_mean": 0.9484283663643974,
  "adv_e_ran_frac_ci95": 0.005636974300897425,
  "adv_e_ran_frac_median": 0.9523826123554703,
  "adv_e_nul_frac_mean": 0.3133066660174342,
  "adv_e_nul_frac_ci95": 0.01600141762850395,
  "adv_e_nul_frac_median": 0.30490338653896043,
  "attack_runtime_total_sec": 14.515639431774616,
  "attack_runtime_per_example_sec": 0.45361373224295676,
  "model_name": "resnet",
  "attack_name": "adam",
  "norm": "l2",
  "eps": 1.0,
  "attack_init_mode": "exact",
  "eval_init_mode": "exact"
}