{
  "num_examples": 32,
  "gt_norm_mean": 19.554032936692238,
  "gt_norm_ci95": 3.175656556464896,
  "gt_norm_median": 19.43148136138916,
  "gt_norm_q25": 13.664082050323486,
  "gt_norm_q75": 22.861806869506836,
  "clean_mse_mean": 0.0010473749416632927,
  "clean_mse_ci95": 0.000298399623242184,
  "clean_mse_median": 0.0009859981655608863,
  "clean_mse_q25": 0.00040942976193036884,
  "clean_mse_q75": 0.0013247384340502322,
  "adv_mse_mean": 0.0010473425691088778,
  "adv_mse_ci95": 0.0002983680610514837,
  "adv_mse_median": 0.0009860399295575917,
  "adv_mse_q25": 0.0004094492906006053,
  "adv_mse_q75": 0.0013248132599983364,
  "mse_ratio_mean": 0.9999983795452264,
  "mse_ratio_ci95": 2.0264378428635197e-05,
  "mse_ratio_median": 1.000004868966093,
  "mse_ratio_q25": 0.9999793162978865,
  "mse_ratio_q75": 1.0000281257610033,
  "clean_rel_l2_mean": 0.19651426142081618,
  "clean_rel_l2_ci95": 0.009461751545814934,
  "clean_rel_l2_median": 0.2037706971168518,
  "clean_rel_l2_q25": 0.18412325903773308,
  "clean_rel_l2_q75": 0.21153900027275085,
  "adv_rel_l2_mean": 0.19651414104737341,
  "adv_rel_l2_ci95": 0.009461927573058785,
  "adv_rel_l2_median": 0.20377471297979355,
  "adv_rel_l2_q25": 0.18412040919065475,
  "adv_rel_l2_q75": 0.21153762191534042,
  "rel_l2_ratio_mean": 0.9999991818540616,
  "rel_l2_ratio_ci95": 1.0132608704947279e-05,
  "rel_l2_ratio_median": 1.0000024637289169,
  "rel_l2_ratio_q25": 0.9999896705300287,
  "rel_l2_ratio_q75": 1.0000140323095494,
  "clean_psnr_mean": 27.11650159966115,
  "clean_psnr_ci95": 0.62559645573846,
  "clean_psnr_median": 27.185794698910463,
  "clean_psnr_q25": 26.167428607357007,
  "clean_psnr_q75": 28.41095740100944,
  "adv_psnr_mean": 27.11650862492322,
  "adv_psnr_ci95": 0.6255503981271429,
  "adv_psnr_median": 27.1857118122542,
  "adv_psnr_q25": 26.167391424570624,
  "adv_psnr_q75": 28.411020738477614,
  "clean_ssim_mean": 0.5808751430833394,
  "clean_ssim_ci95": 0.035447806276140366,
  "clean_ssim_median": 0.5748355816036563,
  "clean_ssim_q25": 0.5349292381303041,
  "clean_ssim_q75": 0.6400110125218205,
  "adv_ssim_mean": 0.5808566276518987,
  "adv_ssim_ci95": 0.035457137332407226,
  "adv_ssim_median": 0.5747951446623918,
  "adv_ssim_q25": 0.5349454272028223,
  "adv_ssim_q75": 0.6400191088841294,
  "pred_shift_rel_l2_mean": 0.0004685647836595308,
  "pred_shift_rel_l2_ci95": 3.37356501675132e-05,
  "pred_shift_rel_l2_median": 0.0004696643736679107,
  "pred_shift_rel_l2_q25": 0.00040989992703543976,
  "pred_shift_rel_l2_q75": 0.0005427968571893871,
  "init_shift_rel_l2_mean": 0.0005415819732661475,
  "init_shift_rel_l2_ci95": 6.933575135025476e-05,
  "init_shift_rel_l2_median": 0.0005229297385085374,
  "init_shift_rel_l2_q25": 0.0004148079242440872,
  "init_shift_rel_l2_q75": 0.0006094794807722792,
  "delta_l2_mean": 0.00017623885742068524,
  "delta_l2_ci95": 8.568401222003316e-07,
  "delta_l2_median": 0.00017558670515427366,
  "delta_l2_q25": 0.00017439039584132843,
  "delta_l2_q75": 0.00017792588914744556,
  "delta_linf_mean": 6.298419066297356e-06,
  "delta_linf_ci95": 1.9855326911154753e-07,
  "delta_linf_median": 6.198883056640625e-06,
  "delta_linf_q25": 5.876878276467323e-06,
  "delta_linf_q75": 6.67572021484375e-06,
  "delta_mean_abs_mean": 5.573993764329543e-07,
  "delta_mean_abs_ci95": 6.910305566517822e-09,
  "delta_mean_abs_median": 5.620865408673126e-07,
  "delta_mean_abs_q25": 5.582972875117775e-07,
  "delta_mean_abs_q75": 5.65188031487196e-07,
  "delta_rel_l2_mean": 2.1107814426613315e-07,
  "delta_rel_l2_ci95": 4.470629821000818e-08,
  "delta_rel_l2_median": 1.6676807139444672e-07,
  "delta_rel_l2_q25": 1.382307240292799e-07,
  "delta_rel_l2_q75": 2.3192744126489425e-07,
  "success_rel_l2_mean": 0.0,
  "success_rel_l2_ci95": 0.0,
  "success_rel_l2_median": 0.0,
  "success_rel_l2_q25": 0.0,
  "success_rel_l2_q75": 0.0,
  "success_mse_mean": 0.0,
  "success_mse_ci95": 0.0,
  "success_mse_median": 0.0,
  "success_mse_q25": 0.0,
  "success_mse_q75": 0.0,
  "clean_e_ran_l2_mean": 3.581054288893938,
  "clean_e_ran_l2_ci95": 0.5597162650436259,
  "clean_e_ran_l2_median": 3.7805742025375366,
  "clean_e_ran_l2_q25": 2.448037326335907,
  "clean_e_ran_l2_q75": 4.389663934707642,
  "clean_e_nul_l2_mean": 1.2661130167543888,
  "clean_e_nul_l2_ci95": 0.15944514679865482,
  "clean_e_nul_l2_median": 1.3051055073738098,
  "clean_e_nul_l2_q25": 0.8412877023220062,
  "clean_e_nul_l2_q75": 1.5810065269470215,
  "clean_e_ran_frac_mean": 0.9334280076694154,
  "clean_e_ran_frac_ci95": 0.011186896218214375,
  "clean_e_ran_frac_median": 0.9430181291629689,
  "clean_e_ran_frac_q25": 0.9303964967360996,
  "clean_e_ran_frac_q75": 0.9519808260731213,
  "clean_e_nul_frac_mean": 0.3506647956885295,
  "clean_e_nul_frac_ci95": 0.024227145567034886,
  "clean_e_nul_frac_median": 0.3327406824531412,
  "clean_e_nul_frac_q25": 0.30615528481501153,
  "clean_e_nul_frac_q75": 0.366551534370289,
  "adv_e_ran_l2_mean": 3.5810140632092953,
  "adv_e_ran_l2_ci95": 0.5596866951082443,
  "adv_e_ran_l2_median": 3.780621290206909,
  "adv_e_ran_l2_q25": 2.448087453842163,
  "adv_e_ran_l2_q75": 4.389629244804382,
  "adv_e_nul_l2_mean": 1.2661279439926147,
  "adv_e_nul_l2_ci95": 0.15944006911580885,
  "adv_e_nul_l2_median": 1.3051193952560425,
  "adv_e_nul_l2_q25": 0.8413377702236176,
  "adv_e_nul_l2_q75": 1.5809625685214996,
  "adv_e_ran_frac_mean": 0.9334239000834668,
  "adv_e_ran_frac_ci95": 0.011189592056525952,
  "adv_e_ran_frac_median": 0.9430157870824653,
  "adv_e_ran_frac_q25": 0.9304045915483401,
  "adv_e_ran_frac_q75": 0.9519794676730191,
  "adv_e_nul_frac_mean": 0.3506728395024593,
  "adv_e_nul_frac_ci95": 0.02423114607066669,
  "adv_e_nul_frac_median": 0.33274744492309805,
  "adv_e_nul_frac_q25": 0.3061594642360537,
  "adv_e_nul_frac_q75": 0.36653099369798137,
  "attack_runtime_total_sec": 4069.7216656133533,
  "attack_runtime_per_example_sec": 127.17880205041729,
  "model_name": "nsn",
  "attack_name": "adam",
  "norm": "l2",
  "eps": 0.01,
  "eps_actual": 12.769250320068359,
  "eps_budget_mode": "per_sample_l2",
  "attack_init_mode": "exact",
  "eval_init_mode": "exact"
}