{
  "num_examples": 32,
  "gt_norm_mean": 19.554032936692238,
  "gt_norm_ci95": 3.175656556464896,
  "gt_norm_median": 19.43148136138916,
  "gt_norm_q25": 13.664082050323486,
  "gt_norm_q75": 22.861806869506836,
  "clean_mse_mean": 0.0010473749416632927,
  "clean_mse_ci95": 0.000298399623242184,
  "clean_mse_median": 0.0009859981655608863,
  "clean_mse_q25": 0.00040942976193036884,
  "clean_mse_q75": 0.0013247384340502322,
  "adv_mse_mean": 0.0010473449651726696,
  "adv_mse_ci95": 0.0002983699586544336,
  "adv_mse_median": 0.0009860350110102445,
  "adv_mse_q25": 0.0004094514952157624,
  "adv_mse_q75": 0.0013248137547634542,
  "mse_ratio_mean": 0.9999991387201987,
  "mse_ratio_ci95": 2.0008454229328398e-05,
  "mse_ratio_median": 1.0000011975673226,
  "mse_ratio_q25": 0.9999755038292483,
  "mse_ratio_q75": 1.0000307909679447,
  "clean_rel_l2_mean": 0.19651426142081618,
  "clean_rel_l2_ci95": 0.009461751545814934,
  "clean_rel_l2_median": 0.2037706971168518,
  "clean_rel_l2_q25": 0.18412325903773308,
  "clean_rel_l2_q75": 0.21153900027275085,
  "adv_rel_l2_mean": 0.1965141932014376,
  "adv_rel_l2_ci95": 0.00946189711234949,
  "adv_rel_l2_median": 0.2037750408053398,
  "adv_rel_l2_q25": 0.18412035331130028,
  "adv_rel_l2_q75": 0.21153712272644043,
  "rel_l2_ratio_mean": 0.9999995372652125,
  "rel_l2_ratio_ci95": 1.0005183803368206e-05,
  "rel_l2_ratio_median": 1.0000005720021745,
  "rel_l2_ratio_q25": 0.9999876672407711,
  "rel_l2_ratio_q75": 1.000015413536189,
  "clean_psnr_mean": 27.11650159966115,
  "clean_psnr_ci95": 0.62559645573846,
  "clean_psnr_median": 27.185794698910463,
  "clean_psnr_q25": 26.167428607357007,
  "clean_psnr_q75": 28.41095740100944,
  "adv_psnr_mean": 27.116505278714307,
  "adv_psnr_ci95": 0.6255532226562639,
  "adv_psnr_median": 27.18571086667871,
  "adv_psnr_q25": 26.167435294648456,
  "adv_psnr_q75": 28.41105543601809,
  "clean_ssim_mean": 0.5808751430833394,
  "clean_ssim_ci95": 0.035447806276140366,
  "clean_ssim_median": 0.5748355816036563,
  "clean_ssim_q25": 0.5349292381303041,
  "clean_ssim_q75": 0.6400110125218205,
  "adv_ssim_mean": 0.5808528144564791,
  "adv_ssim_ci95": 0.03545576108142357,
  "adv_ssim_median": 0.5747658085964826,
  "adv_ssim_q25": 0.5349284683045918,
  "adv_ssim_q75": 0.6400390496034694,
  "pred_shift_rel_l2_mean": 0.0004684706364059821,
  "pred_shift_rel_l2_ci95": 3.422862139598576e-05,
  "pred_shift_rel_l2_median": 0.0004676296521211043,
  "pred_shift_rel_l2_q25": 0.0004090035508852452,
  "pred_shift_rel_l2_q75": 0.0005426142015494406,
  "init_shift_rel_l2_mean": 0.000541580602657632,
  "init_shift_rel_l2_ci95": 6.933463515401906e-05,
  "init_shift_rel_l2_median": 0.0005229341040831059,
  "init_shift_rel_l2_q25": 0.0004147989384364337,
  "init_shift_rel_l2_q75": 0.000609483162406832,
  "delta_l2_mean": 0.0001764030262165761,
  "delta_l2_ci95": 7.269544849622329e-07,
  "delta_l2_median": 0.0001764024782460183,
  "delta_l2_q25": 0.00017483660849393345,
  "delta_l2_q75": 0.00017766954260878265,
  "delta_linf_mean": 6.263553586904891e-06,
  "delta_linf_ci95": 2.1156904755542893e-07,
  "delta_linf_median": 6.100162863731384e-06,
  "delta_linf_q25": 5.827285349369049e-06,
  "delta_linf_q75": 6.360933184623718e-06,
  "delta_mean_abs_mean": 5.580464179644196e-07,
  "delta_mean_abs_ci95": 7.262182757191409e-09,
  "delta_mean_abs_median": 5.626772576761141e-07,
  "delta_mean_abs_q25": 5.60020041007192e-07,
  "delta_mean_abs_q75": 5.666703941642481e-07,
  "delta_rel_l2_mean": 2.1139078750672765e-07,
  "delta_rel_l2_ci95": 4.4674386886484404e-08,
  "delta_rel_l2_median": 1.6686962255091594e-07,
  "delta_rel_l2_q25": 1.3757882304994793e-07,
  "delta_rel_l2_q75": 2.2995459902074603e-07,
  "success_rel_l2_mean": 0.0,
  "success_rel_l2_ci95": 0.0,
  "success_rel_l2_median": 0.0,
  "success_rel_l2_q25": 0.0,
  "success_rel_l2_q75": 0.0,
  "success_mse_mean": 0.0,
  "success_mse_ci95": 0.0,
  "success_mse_median": 0.0,
  "success_mse_q25": 0.0,
  "success_mse_q75": 0.0,
  "clean_e_ran_l2_mean": 3.581054288893938,
  "clean_e_ran_l2_ci95": 0.5597162650436259,
  "clean_e_ran_l2_median": 3.7805742025375366,
  "clean_e_ran_l2_q25": 2.448037326335907,
  "clean_e_ran_l2_q75": 4.389663934707642,
  "clean_e_nul_l2_mean": 1.2661130167543888,
  "clean_e_nul_l2_ci95": 0.15944514679865482,
  "clean_e_nul_l2_median": 1.3051055073738098,
  "clean_e_nul_l2_q25": 0.8412877023220062,
  "clean_e_nul_l2_q75": 1.5810065269470215,
  "clean_e_ran_frac_mean": 0.9334280076694154,
  "clean_e_ran_frac_ci95": 0.011186896218214375,
  "clean_e_ran_frac_median": 0.9430181291629689,
  "clean_e_ran_frac_q25": 0.9303964967360996,
  "clean_e_ran_frac_q75": 0.9519808260731213,
  "clean_e_nul_frac_mean": 0.3506647956885295,
  "clean_e_nul_frac_ci95": 0.024227145567034886,
  "clean_e_nul_frac_median": 0.3327406824531412,
  "clean_e_nul_frac_q25": 0.30615528481501153,
  "clean_e_nul_frac_q75": 0.366551534370289,
  "adv_e_ran_l2_mean": 3.5810184702277184,
  "adv_e_ran_l2_ci95": 0.5596889386208863,
  "adv_e_ran_l2_median": 3.780612826347351,
  "adv_e_ran_l2_q25": 2.448097348213196,
  "adv_e_ran_l2_q75": 4.389628291130066,
  "adv_e_nul_l2_mean": 1.2661238964647055,
  "adv_e_nul_l2_ci95": 0.15943938847788575,
  "adv_e_nul_l2_median": 1.3051076531410217,
  "adv_e_nul_l2_q25": 0.8413474857807159,
  "adv_e_nul_l2_q75": 1.5809563994407654,
  "adv_e_ran_frac_mean": 0.9334243796633691,
  "adv_e_ran_frac_ci95": 0.011189405709160914,
  "adv_e_ran_frac_median": 0.9430150618538822,
  "adv_e_ran_frac_q25": 0.9304042926519137,
  "adv_e_ran_frac_q75": 0.9519791101132982,
  "adv_e_nul_frac_mean": 0.35067175126336014,
  "adv_e_nul_frac_ci95": 0.02423108939954876,
  "adv_e_nul_frac_median": 0.332749527370663,
  "adv_e_nul_frac_q25": 0.30616067435464006,
  "adv_e_nul_frac_q75": 0.3665320354346331,
  "attack_runtime_total_sec": 4069.007063701749,
  "attack_runtime_per_example_sec": 127.15647074067965,
  "model_name": "nsn",
  "attack_name": "adam",
  "norm": "l2",
  "eps": 0.1,
  "eps_actual": 127.69250320068359,
  "eps_budget_mode": "per_sample_l2",
  "attack_init_mode": "exact",
  "eval_init_mode": "exact"
}