{
  "num_examples": 32,
  "gt_norm_mean": 20.065786242485046,
  "gt_norm_ci95": 2.6439993761407936,
  "gt_norm_median": 18.550631523132324,
  "clean_mse_mean": 0.006183219678860041,
  "clean_mse_ci95": 0.002363341799444001,
  "clean_mse_median": 0.004231042927131057,
  "adv_mse_mean": 0.009191194214508869,
  "adv_mse_ci95": 0.0024384429059390754,
  "adv_mse_median": 0.007068559527397156,
  "mse_ratio_mean": 1.9431010526223758,
  "mse_ratio_ci95": 0.3931846110390729,
  "mse_ratio_median": 1.563905996444963,
  "clean_rel_l2_mean": 0.4488188084214926,
  "clean_rel_l2_ci95": 0.021548765821428773,
  "clean_rel_l2_median": 0.4298713803291321,
  "adv_rel_l2_mean": 0.6041923435404897,
  "adv_rel_l2_ci95": 0.05355628675158221,
  "adv_rel_l2_median": 0.5534163117408752,
  "rel_l2_ratio_mean": 1.3554799910091893,
  "rel_l2_ratio_ci95": 0.11448979423088171,
  "rel_l2_ratio_median": 1.2505453353216929,
  "clean_psnr_mean": 19.963957320865624,
  "clean_psnr_ci95": 1.1801890290791668,
  "clean_psnr_median": 21.27207421809475,
  "adv_psnr_mean": 17.52089532286272,
  "adv_psnr_ci95": 1.0732687858661485,
  "adv_psnr_median": 18.72346750110886,
  "clean_ssim_mean": 0.1325875817914598,
  "clean_ssim_ci95": 0.020139036700641256,
  "clean_ssim_median": 0.11027060768567143,
  "adv_ssim_mean": 0.11108558609878705,
  "adv_ssim_ci95": 0.01887028879084728,
  "adv_ssim_median": 0.0926723726895418,
  "pred_shift_rel_l2_mean": 0.3023336138576269,
  "pred_shift_rel_l2_ci95": 0.06819014034154908,
  "pred_shift_rel_l2_median": 0.2507118508219719,
  "init_shift_rel_l2_mean": 0.07518632797291502,
  "init_shift_rel_l2_ci95": 0.012348425228617477,
  "init_shift_rel_l2_median": 0.07239587977528572,
  "delta_l2_mean": 25.640163898468018,
  "delta_l2_ci95": 3.357185287213123e-07,
  "delta_l2_median": 25.64016342163086,
  "delta_linf_mean": 0.6970757972449064,
  "delta_linf_ci95": 0.04650330802252783,
  "delta_linf_median": 0.6642671823501587,
  "delta_mean_abs_mean": 0.09639395144768059,
  "delta_mean_abs_ci95": 0.00033609385095251704,
  "delta_mean_abs_median": 0.09639815986156464,
  "delta_rel_l2_mean": 0.02084921415870164,
  "delta_rel_l2_ci95": 0.0033924607096385132,
  "delta_rel_l2_median": 0.020142291384755796,
  "success_rel_l2_mean": 0.21875,
  "success_rel_l2_ci95": 0.14552723251414426,
  "success_rel_l2_median": 0.0,
  "success_mse_mean": 0.25,
  "success_mse_ci95": 0.1524318991253725,
  "success_mse_median": 0.0,
  "clean_e_ran_l2_mean": 7.712452948093414,
  "clean_e_ran_l2_ci95": 1.2999072415063377,
  "clean_e_ran_l2_median": 6.773916482925415,
  "clean_e_nul_l2_mean": 4.8605454452335835,
  "clean_e_nul_l2_ci95": 0.7520058510399594,
  "clean_e_nul_l2_median": 4.363865852355957,
  "clean_e_ran_frac_mean": 0.8410908043603228,
  "clean_e_ran_frac_ci95": 0.01631977274951405,
  "clean_e_ran_frac_median": 0.856352453737071,
  "clean_e_nul_frac_mean": 0.5352241547032565,
  "clean_e_nul_frac_ci95": 0.022130510644111645,
  "clean_e_nul_frac_median": 0.5163912562266719,
  "adv_e_ran_l2_mean": 9.092404454946518,
  "adv_e_ran_l2_ci95": 1.2482247492321779,
  "adv_e_ran_l2_median": 8.301103115081787,
  "adv_e_nul_l2_mean": 6.924487069249153,
  "adv_e_nul_l2_ci95": 0.9573108141673705,
  "adv_e_nul_l2_median": 6.258999347686768,
  "adv_e_ran_frac_mean": 0.7850592805178851,
  "adv_e_ran_frac_ci95": 0.04643984796677644,
  "adv_e_ran_frac_median": 0.8310851783619476,
  "adv_e_nul_frac_mean": 0.5910603844660671,
  "adv_e_nul_frac_ci95": 0.045798993370529534,
  "adv_e_nul_frac_median": 0.5561356157879234,
  "attack_runtime_total_sec": 57.91431825608015,
  "attack_runtime_per_example_sec": 1.8098224455025047,
  "model_name": "resnet",
  "attack_name": "adam",
  "norm": "l2",
  "eps": 0.02,
  "eps_actual": 25.640163162719727,
  "attack_init_mode": "exact",
  "eval_init_mode": "exact"
}