{
  "num_examples": 32,
  "gt_norm_mean": 19.10678167641163,
  "gt_norm_ci95": 3.4833903043152117,
  "gt_norm_median": 16.756710529327393,
  "clean_mse_mean": 6.416605716097479e-06,
  "clean_mse_ci95": 2.6674439557957226e-06,
  "clean_mse_median": 4.135314611630747e-06,
  "adv_mse_mean": 0.11671572085469961,
  "adv_mse_ci95": 0.0207008968947528,
  "adv_mse_median": 0.09829432144761086,
  "mse_ratio_mean": 44554.260479963705,
  "mse_ratio_ci95": 16061.37296953057,
  "mse_ratio_median": 33166.62549608142,
  "clean_rel_l2_mean": 0.01678586457273923,
  "clean_rel_l2_ci95": 0.003438985048320894,
  "clean_rel_l2_median": 0.012342006899416447,
  "adv_rel_l2_mean": 2.6248770020902157,
  "adv_rel_l2_ci95": 0.34774167636904,
  "adv_rel_l2_median": 2.420489549636841,
  "rel_l2_ratio_mean": 189.88690432380685,
  "rel_l2_ratio_ci95": 32.449915972540886,
  "rel_l2_ratio_median": 182.11704670924343,
  "clean_psnr_mean": 49.75496066424722,
  "clean_psnr_ci95": 1.1658724608332747,
  "clean_psnr_median": 50.89056074239741,
  "adv_psnr_mean": 5.2135255456494844,
  "adv_psnr_ci95": 0.9156292420372171,
  "adv_psnr_median": 6.144996227550459,
  "clean_ssim_mean": 0.996245467109399,
  "clean_ssim_ci95": 0.0006774410548380454,
  "clean_ssim_median": 0.9969707590614683,
  "adv_ssim_mean": 0.43876254567792566,
  "adv_ssim_ci95": 0.0414044958822762,
  "adv_ssim_median": 0.48409052326901925,
  "pred_shift_rel_l2_mean": 2.621685180813074,
  "pred_shift_rel_l2_ci95": 0.3455323661410378,
  "pred_shift_rel_l2_median": 2.4331955909729004,
  "init_shift_rel_l2_mean": 2.394963961094618,
  "init_shift_rel_l2_ci95": 0.41897052069909013,
  "init_shift_rel_l2_median": 2.3195011615753174,
  "delta_l2_mean": 25.730920612812042,
  "delta_l2_ci95": 3.076624955769217e-07,
  "delta_l2_median": 25.730920791625977,
  "delta_linf_mean": 0.7169171813875437,
  "delta_linf_ci95": 0.032301491303190114,
  "delta_linf_median": 0.6957620680332184,
  "delta_mean_abs_mean": 0.09218612522818148,
  "delta_mean_abs_ci95": 0.0002940635012408596,
  "delta_mean_abs_median": 0.09228246286511421,
  "delta_rel_l2_mean": 0.03373750371228782,
  "delta_rel_l2_ci95": 0.0071618900528444855,
  "delta_rel_l2_median": 0.030690658188728563,
  "success_rel_l2_mean": 1.0,
  "success_rel_l2_ci95": 0.0,
  "success_rel_l2_median": 1.0,
  "success_mse_mean": 1.0,
  "success_mse_ci95": 0.0,
  "success_mse_median": 1.0,
  "clean_e_ran_l2_mean": 0.2011636367533356,
  "clean_e_ran_l2_ci95": 0.033401052826784836,
  "clean_e_ran_l2_median": 0.1907423883676529,
  "clean_e_nul_l2_mean": 0.19930626754648983,
  "clean_e_nul_l2_ci95": 0.044440778916197306,
  "clean_e_nul_l2_median": 0.1675281673669815,
  "clean_e_ran_frac_mean": 0.7256512746736496,
  "clean_e_ran_frac_ci95": 0.020474987463070193,
  "clean_e_ran_frac_median": 0.7420922912572887,
  "clean_e_nul_frac_mean": 0.6832951501736647,
  "clean_e_nul_frac_ci95": 0.019773096779135742,
  "clean_e_nul_frac_median": 0.6702851347961667,
  "adv_e_ran_l2_mean": 22.284736216068268,
  "adv_e_ran_l2_ci95": 1.201212602497825,
  "adv_e_ran_l2_median": 21.366077423095703,
  "adv_e_nul_l2_mean": 36.23960089683533,
  "adv_e_nul_l2_ci95": 3.352736914847896,
  "adv_e_nul_l2_median": 33.18685531616211,
  "adv_e_ran_frac_mean": 0.5326232737424839,
  "adv_e_ran_frac_ci95": 0.023094589714506508,
  "adv_e_ran_frac_median": 0.537979887153136,
  "adv_e_nul_frac_mean": 0.8427772880590244,
  "adv_e_nul_frac_ci95": 0.01466342676428143,
  "adv_e_nul_frac_median": 0.8428990602428053,
  "attack_runtime_total_sec": 57.99137731641531,
  "attack_runtime_per_example_sec": 1.8122305411379784,
  "model_name": "resnet",
  "attack_name": "adam",
  "norm": "l2",
  "eps": 0.02,
  "eps_actual": 25.73092107702637,
  "attack_init_mode": "exact",
  "eval_init_mode": "exact"
}