{
  "num_examples": 32,
  "gt_norm_mean": 20.065786242485046,
  "gt_norm_ci95": 2.6439993761407936,
  "gt_norm_median": 18.550631523132324,
  "clean_mse_mean": 19.504284624010324,
  "clean_mse_ci95": 8.901575561772624,
  "clean_mse_median": 9.643728256225586,
  "adv_mse_mean": 19.96180707961321,
  "adv_mse_ci95": 8.987621725771161,
  "adv_mse_median": 10.011059284210205,
  "mse_ratio_mean": 1.0393061077741628,
  "mse_ratio_ci95": 0.00658955606179728,
  "mse_ratio_median": 1.0379795158593645,
  "clean_rel_l2_mean": 23.404385089874268,
  "clean_rel_l2_ci95": 1.4466901634052205,
  "clean_rel_l2_median": 21.632630348205566,
  "adv_rel_l2_mean": 23.83037495613098,
  "adv_rel_l2_ci95": 1.4123139118086034,
  "adv_rel_l2_median": 22.02016830444336,
  "rel_l2_ratio_mean": 1.0194226669107755,
  "rel_l2_ratio_ci95": 0.003217343862719098,
  "rel_l2_ratio_median": 1.0188127719846225,
  "clean_psnr_mean": -14.326258762420618,
  "clean_psnr_ci95": 1.3685778043143835,
  "clean_psnr_median": -13.07460149136302,
  "adv_psnr_mean": -14.492997531635144,
  "adv_psnr_ci95": 1.34881996272904,
  "adv_psnr_median": -13.242250909358809,
  "clean_ssim_mean": 0.0022781784367303585,
  "clean_ssim_ci95": 0.0006170280755123265,
  "clean_ssim_median": 0.002341633265503162,
  "adv_ssim_mean": 0.002193314563131517,
  "adv_ssim_ci95": 0.0005965763605250748,
  "adv_ssim_median": 0.0022243067028751076,
  "pred_shift_rel_l2_mean": 0.023351437906967476,
  "pred_shift_rel_l2_ci95": 0.0038561591915234647,
  "pred_shift_rel_l2_median": 0.022723877802491188,
  "init_shift_rel_l2_mean": 0.02335311433125753,
  "init_shift_rel_l2_ci95": 0.0038565812069541023,
  "init_shift_rel_l2_median": 0.022724585607647896,
  "delta_l2_mean": 6.410040870308876,
  "delta_l2_ci95": 1.6513235115052215e-07,
  "delta_l2_median": 6.410040855407715,
  "delta_linf_mean": 0.13964162208139896,
  "delta_linf_ci95": 0.004860440696257185,
  "delta_linf_median": 0.13538646697998047,
  "delta_mean_abs_mean": 0.024885773367714137,
  "delta_mean_abs_ci95": 1.2598303194312425e-05,
  "delta_mean_abs_median": 0.02488844096660614,
  "delta_rel_l2_mean": 0.005212303485025318,
  "delta_rel_l2_ci95": 0.0008481151689812758,
  "delta_rel_l2_median": 0.005035572846188949,
  "success_rel_l2_mean": 0.0,
  "success_rel_l2_ci95": 0.0,
  "success_rel_l2_median": 0.0,
  "success_mse_mean": 0.0,
  "success_mse_ci95": 0.0,
  "success_mse_median": 0.0,
  "clean_e_ran_l2_mean": 493.140832901001,
  "clean_e_ran_l2_ci95": 97.2786357590227,
  "clean_e_ran_l2_median": 397.4880676269531,
  "clean_e_nul_l2_mean": 2.4533347710967064,
  "clean_e_nul_l2_ci95": 0.35688617646202564,
  "clean_e_nul_l2_median": 2.0915669202804565,
  "clean_e_ran_frac_mean": 0.999977346152342,
  "clean_e_ran_frac_ci95": 1.3561015216512225e-05,
  "clean_e_ran_frac_median": 0.9999866445867445,
  "clean_e_nul_frac_mean": 0.00583750710101698,
  "clean_e_nul_frac_ci95": 0.0011794662072690998,
  "clean_e_nul_frac_median": 0.005167597762708311,
  "adv_e_ran_l2_mean": 500.6925392150879,
  "adv_e_ran_l2_ci95": 97.27282072693153,
  "adv_e_ran_l2_median": 404.98780822753906,
  "adv_e_nul_l2_mean": 2.4575126580893993,
  "adv_e_nul_l2_ci95": 0.3594790764941231,
  "adv_e_nul_l2_median": 2.0991379022598267,
  "adv_e_ran_frac_mean": 0.999978291954884,
  "adv_e_ran_frac_ci95": 1.3038729377475083e-05,
  "adv_e_ran_frac_median": 0.9999869874403201,
  "adv_e_nul_frac_mean": 0.005721735311227291,
  "adv_e_nul_frac_ci95": 0.0011522512989128682,
  "adv_e_nul_frac_median": 0.005096006227186728,
  "attack_runtime_total_sec": 64.57965656369925,
  "attack_runtime_per_example_sec": 2.0181142676156014,
  "model_name": "nsn",
  "attack_name": "adam",
  "norm": "l2",
  "eps": 0.005,
  "eps_actual": 6.410040790679932,
  "attack_init_mode": "exact",
  "eval_init_mode": "exact"
}