{
  "num_examples": 32,
  "gt_norm_mean": 19.10678167641163,
  "gt_norm_ci95": 3.4833903043152117,
  "gt_norm_median": 16.756710529327393,
  "clean_mse_mean": 1.957722669754247e-06,
  "clean_mse_ci95": 9.89738328026982e-07,
  "clean_mse_median": 8.055008038354572e-07,
  "adv_mse_mean": 0.023604153626365587,
  "adv_mse_ci95": 0.0031980129810924665,
  "adv_mse_median": 0.02321709133684635,
  "mse_ratio_mean": 35346.35076810095,
  "mse_ratio_ci95": 13402.213911594517,
  "mse_ratio_median": 21852.337170824336,
  "clean_rel_l2_mean": 0.009064431542356033,
  "clean_rel_l2_ci95": 0.002387528005385162,
  "clean_rel_l2_median": 0.0064170153345912695,
  "adv_rel_l2_mean": 1.263397939503193,
  "adv_rel_l2_ci95": 0.2351995058764312,
  "adv_rel_l2_median": 1.0850802063941956,
  "rel_l2_ratio_mean": 166.87474796813927,
  "rel_l2_ratio_ci95": 30.484692866451365,
  "rel_l2_ratio_median": 147.52894453725688,
  "clean_psnr_mean": 55.35154978236515,
  "clean_psnr_ci95": 1.302505239813912,
  "clean_psnr_median": 56.10053265120885,
  "adv_psnr_mean": 12.120945546981051,
  "adv_psnr_ci95": 1.3171096235470805,
  "adv_psnr_median": 12.924527338124372,
  "clean_ssim_mean": 0.9957795228653752,
  "clean_ssim_ci95": 0.001261959707525621,
  "clean_ssim_median": 0.9970786727642507,
  "adv_ssim_mean": 0.0632101390924357,
  "adv_ssim_ci95": 0.01286507177871038,
  "adv_ssim_median": 0.05730470671687765,
  "pred_shift_rel_l2_mean": 1.263894585892558,
  "pred_shift_rel_l2_ci95": 0.23576569353281102,
  "pred_shift_rel_l2_median": 1.0869992971420288,
  "init_shift_rel_l2_mean": 0.7099653426557779,
  "init_shift_rel_l2_ci95": 0.12729033880696797,
  "init_shift_rel_l2_median": 0.6321206092834473,
  "delta_l2_mean": 6.432730108499527,
  "delta_l2_ci95": 1.0647409201202802e-07,
  "delta_l2_median": 6.432730197906494,
  "delta_linf_mean": 0.16222411626949906,
  "delta_linf_ci95": 0.006095906653527901,
  "delta_linf_median": 0.16015871614217758,
  "delta_mean_abs_mean": 0.022945726581383497,
  "delta_mean_abs_ci95": 7.554574582280535e-05,
  "delta_mean_abs_median": 0.02302183024585247,
  "delta_rel_l2_mean": 0.008434375783575487,
  "delta_rel_l2_ci95": 0.0017904724466614858,
  "delta_rel_l2_median": 0.0076726642724178895,
  "success_rel_l2_mean": 1.0,
  "success_rel_l2_ci95": 0.0,
  "success_rel_l2_median": 1.0,
  "success_mse_mean": 1.0,
  "success_mse_ci95": 0.0,
  "success_mse_median": 1.0,
  "clean_e_ran_l2_mean": 1.0879851458867051e-05,
  "clean_e_ran_l2_ci95": 2.7357687887222925e-06,
  "clean_e_ran_l2_median": 7.997972033990663e-06,
  "clean_e_nul_l2_mean": 0.15207682619802654,
  "clean_e_nul_l2_ci95": 0.033299477824608494,
  "clean_e_nul_l2_median": 0.1148621253669262,
  "clean_e_ran_frac_mean": 8.252142791887493e-05,
  "clean_e_ran_frac_ci95": 1.6217378508151025e-05,
  "clean_e_ran_frac_median": 7.863959840546429e-05,
  "clean_e_nul_frac_mean": 0.9999999933895116,
  "clean_e_nul_frac_ci95": 2.127406843147796e-08,
  "clean_e_nul_frac_median": 1.0,
  "adv_e_ran_l2_mean": 10.037529289722443,
  "adv_e_ran_l2_ci95": 0.29920102344280775,
  "adv_e_ran_l2_median": 9.929882526397705,
  "adv_e_nul_l2_mean": 15.86853764206171,
  "adv_e_nul_l2_ci95": 2.035843998388707,
  "adv_e_nul_l2_median": 16.668368339538574,
  "adv_e_ran_frac_mean": 0.554799879018546,
  "adv_e_ran_frac_ci95": 0.06259429976493262,
  "adv_e_ran_frac_median": 0.5027083172043767,
  "adv_e_nul_frac_mean": 0.7903447064257108,
  "adv_e_nul_frac_ci95": 0.06673238584753773,
  "adv_e_nul_frac_median": 0.8644348631964641,
  "attack_runtime_total_sec": 64.63982973247766,
  "attack_runtime_per_example_sec": 2.019994679139927,
  "model_name": "nsn",
  "attack_name": "adam",
  "norm": "l2",
  "eps": 0.005,
  "eps_actual": 6.432730269256592,
  "attack_init_mode": "exact",
  "eval_init_mode": "exact"
}