{
  "num_examples": 32,
  "gt_norm_mean": 19.10678167641163,
  "gt_norm_ci95": 3.4833903043152117,
  "gt_norm_median": 16.756710529327393,
  "clean_mse_mean": 0.00013262900853305837,
  "clean_mse_ci95": 3.2522637756062395e-05,
  "clean_mse_median": 0.00011535870362422429,
  "adv_mse_mean": 0.1406642448855564,
  "adv_mse_ci95": 0.019348792422902248,
  "adv_mse_median": 0.13107246160507202,
  "mse_ratio_mean": 1668.8635489936114,
  "mse_ratio_ci95": 462.9006022851612,
  "mse_ratio_median": 1195.6056797347378,
  "clean_rel_l2_mean": 0.07849633332807571,
  "clean_rel_l2_ci95": 0.007879544108547624,
  "clean_rel_l2_median": 0.07557433098554611,
  "adv_rel_l2_mean": 2.915440008044243,
  "adv_rel_l2_ci95": 0.38854599528030065,
  "adv_rel_l2_median": 2.778658628463745,
  "rel_l2_ratio_mean": 38.38391324787739,
  "rel_l2_ratio_ci95": 4.922566656166818,
  "rel_l2_ratio_median": 34.57650466880524,
  "clean_psnr_mean": 35.50508335103929,
  "clean_psnr_ci95": 0.5100320234437955,
  "clean_psnr_median": 35.68560227573899,
  "adv_psnr_mean": 4.3315973824951755,
  "adv_psnr_ci95": 0.9514439154704925,
  "adv_psnr_median": 5.0613067629202995,
  "clean_ssim_mean": 0.8870374882576997,
  "clean_ssim_ci95": 0.010990359347556482,
  "clean_ssim_median": 0.8914903551740565,
  "adv_ssim_mean": 0.013764687181246411,
  "adv_ssim_ci95": 0.00402785654898185,
  "adv_ssim_median": 0.011083936235194478,
  "pred_shift_rel_l2_mean": 2.9294160790741444,
  "pred_shift_rel_l2_ci95": 0.3938576145440346,
  "pred_shift_rel_l2_median": 2.789196252822876,
  "init_shift_rel_l2_mean": 1.999048450961709,
  "init_shift_rel_l2_ci95": 0.40556447727485617,
  "init_shift_rel_l2_median": 1.5983461737632751,
  "delta_l2_mean": 19.298191368579865,
  "delta_l2_ci95": 3.7942784991365027e-07,
  "delta_l2_median": 19.29819107055664,
  "delta_linf_mean": 0.4634628677740693,
  "delta_linf_ci95": 0.011573998221348948,
  "delta_linf_median": 0.4614873677492142,
  "delta_mean_abs_mean": 0.06951953587122262,
  "delta_mean_abs_ci95": 0.00017256169653893973,
  "delta_mean_abs_median": 0.06959017366170883,
  "delta_rel_l2_mean": 0.025303128808976526,
  "delta_rel_l2_ci95": 0.005371417595593784,
  "delta_rel_l2_median": 0.02301799530935285,
  "success_rel_l2_mean": 1.0,
  "success_rel_l2_ci95": 0.0,
  "success_rel_l2_median": 1.0,
  "success_mse_mean": 1.0,
  "success_mse_ci95": 0.0,
  "success_mse_median": 1.0,
  "clean_e_ran_l2_mean": 0.47194874472916126,
  "clean_e_ran_l2_ci95": 0.07856286195501386,
  "clean_e_ran_l2_median": 0.4195670187473297,
  "clean_e_nul_l2_mean": 1.2913936451077461,
  "clean_e_nul_l2_ci95": 0.16983371067378006,
  "clean_e_nul_l2_median": 1.2792801260948181,
  "clean_e_ran_frac_mean": 0.34016146555690685,
  "clean_e_ran_frac_ci95": 0.026948651439128734,
  "clean_e_ran_frac_median": 0.3290711687903702,
  "clean_e_nul_frac_mean": 0.9367748594213503,
  "clean_e_nul_frac_ci95": 0.010458710944562143,
  "clean_e_nul_frac_median": 0.9442996848256342,
  "adv_e_ran_l2_mean": 25.110187888145447,
  "adv_e_ran_l2_ci95": 0.7054547056898585,
  "adv_e_ran_l2_median": 25.02312660217285,
  "adv_e_nul_l2_mean": 38.893133372068405,
  "adv_e_nul_l2_ci95": 4.416909021804793,
  "adv_e_nul_l2_median": 40.19099807739258,
  "adv_e_ran_frac_mean": 0.5572286377009339,
  "adv_e_ran_frac_ci95": 0.05143496310496169,
  "adv_e_ran_frac_median": 0.5268275603182575,
  "adv_e_nul_frac_mean": 0.801424632985426,
  "adv_e_nul_frac_ci95": 0.056616470023553425,
  "adv_e_nul_frac_median": 0.8499659426332788,
  "attack_runtime_total_sec": 116.54838240519166,
  "attack_runtime_per_example_sec": 3.6421369501622394,
  "model_name": "dpnsn",
  "attack_name": "adam",
  "norm": "l2",
  "eps": 0.015,
  "eps_actual": 19.298190807769775,
  "attack_init_mode": "exact",
  "eval_init_mode": "exact"
}