{
  "num_examples": 32,
  "gt_norm_mean": 20.065786242485046,
  "gt_norm_ci95": 2.6439993761407936,
  "gt_norm_median": 18.550631523132324,
  "clean_mse_mean": 9.639423973858356,
  "clean_mse_ci95": 4.439303482592667,
  "clean_mse_median": 4.855641841888428,
  "adv_mse_mean": 10.470574237406254,
  "adv_mse_ci95": 4.587725505145096,
  "adv_mse_median": 5.538775444030762,
  "mse_ratio_mean": 1.1467629395914005,
  "mse_ratio_ci95": 0.02488110070487131,
  "mse_ratio_median": 1.1400144920003792,
  "clean_rel_l2_mean": 16.44574084877968,
  "clean_rel_l2_ci95": 1.007078038996911,
  "clean_rel_l2_median": 15.256311416625977,
  "adv_rel_l2_mean": 17.53140291571617,
  "adv_rel_l2_ci95": 0.9231805448846401,
  "adv_rel_l2_median": 16.385009765625,
  "rel_l2_ratio_mean": 1.0703744762916965,
  "rel_l2_ratio_ci95": 0.01146888233132934,
  "rel_l2_ratio_median": 1.0677144562720757,
  "clean_psnr_mean": -11.263836214371953,
  "clean_psnr_ci95": 1.3597054225712226,
  "clean_psnr_median": -9.990405852075192,
  "adv_psnr_mean": -11.850591888324203,
  "adv_psnr_ci95": 1.292563881338644,
  "adv_psnr_median": -10.560009433091524,
  "clean_ssim_mean": 0.003995435876704161,
  "clean_ssim_ci95": 0.000808119772480811,
  "clean_ssim_median": 0.004264916469006661,
  "adv_ssim_mean": 0.00360644021948397,
  "adv_ssim_ci95": 0.0007467367524284841,
  "adv_ssim_median": 0.003696047820297179,
  "pred_shift_rel_l2_mean": 0.08615251089213416,
  "pred_shift_rel_l2_ci95": 0.01455030706245874,
  "pred_shift_rel_l2_median": 0.08240809291601181,
  "init_shift_rel_l2_mean": 0.06954434607177973,
  "init_shift_rel_l2_ci95": 0.011659041093820542,
  "init_shift_rel_l2_median": 0.06738252565264702,
  "delta_l2_mean": 19.230121791362762,
  "delta_l2_ci95": 2.5783614671515456e-07,
  "delta_l2_median": 19.230121612548828,
  "delta_linf_mean": 0.4212878942489624,
  "delta_linf_ci95": 0.009973394398562952,
  "delta_linf_median": 0.4180487394332886,
  "delta_mean_abs_mean": 0.073630231898278,
  "delta_mean_abs_ci95": 5.2297840896269504e-05,
  "delta_mean_abs_median": 0.07361379638314247,
  "delta_rel_l2_mean": 0.01563690971404023,
  "delta_rel_l2_ci95": 0.0025443453928753927,
  "delta_rel_l2_median": 0.015106717789383401,
  "success_rel_l2_mean": 0.0,
  "success_rel_l2_ci95": 0.0,
  "success_rel_l2_median": 0.0,
  "success_mse_mean": 0.0,
  "success_mse_ci95": 0.0,
  "success_mse_median": 0.0,
  "clean_e_ran_l2_mean": 323.76527309417725,
  "clean_e_ran_l2_ci95": 64.00753844413146,
  "clean_e_ran_l2_median": 264.1322021484375,
  "clean_e_nul_l2_mean": 123.37530064582825,
  "clean_e_nul_l2_ci95": 24.455615584552184,
  "clean_e_nul_l2_median": 99.11756896972656,
  "clean_e_ran_frac_mean": 0.9345447859958261,
  "clean_e_ran_frac_ci95": 0.0009621966897816927,
  "clean_e_ran_frac_median": 0.9348092094820519,
  "clean_e_nul_frac_mean": 0.3557626749830798,
  "clean_e_nul_frac_ci95": 0.0025260092126172078,
  "clean_e_nul_frac_median": 0.35515014955746316,
  "adv_e_ran_l2_mean": 342.1111283302307,
  "adv_e_ran_l2_ci95": 63.93169569230902,
  "adv_e_ran_l2_median": 282.45729064941406,
  "adv_e_nul_l2_mean": 129.22467708587646,
  "adv_e_nul_l2_ci95": 24.46133272504381,
  "adv_e_nul_l2_median": 105.06051635742188,
  "adv_e_ran_frac_mean": 0.935837726883827,
  "adv_e_ran_frac_ci95": 0.0009762128844700342,
  "adv_e_ran_frac_median": 0.9363417648553746,
  "adv_e_nul_frac_mean": 0.3523437973936338,
  "adv_e_nul_frac_ci95": 0.002584418937950309,
  "adv_e_nul_frac_median": 0.35108972685309664,
  "attack_runtime_total_sec": 116.4498918429017,
  "attack_runtime_per_example_sec": 3.6390591200906783,
  "model_name": "dpnsn",
  "attack_name": "adam",
  "norm": "l2",
  "eps": 0.015,
  "eps_actual": 19.230122372039794,
  "attack_init_mode": "exact",
  "eval_init_mode": "exact"
}