{
  "num_examples": 32,
  "gt_norm_mean": 27.580802619457245,
  "gt_norm_ci95": 2.1336641054187684,
  "gt_norm_median": 26.626888275146484,
  "clean_mse_mean": 0.0027865669635502854,
  "clean_mse_ci95": 0.0007161234140830824,
  "clean_mse_median": 0.00198779022321105,
  "adv_mse_mean": 1.1231064274907112,
  "adv_mse_ci95": 0.00515216673134788,
  "adv_mse_median": 1.121598720550537,
  "mse_ratio_mean": 605.4537627237953,
  "mse_ratio_ci95": 120.6705241726315,
  "mse_ratio_median": 562.4609328334311,
  "clean_rel_l2_mean": 0.22601599199697375,
  "clean_rel_l2_ci95": 0.009560788977181005,
  "clean_rel_l2_median": 0.2178731933236122,
  "adv_rel_l2_mean": 5.140158869326115,
  "adv_rel_l2_ci95": 0.36410673526058734,
  "adv_rel_l2_median": 5.0827271938323975,
  "rel_l2_ratio_mean": 23.554151386015178,
  "rel_l2_ratio_ci95": 2.5054718377275664,
  "rel_l2_ratio_median": 23.715695252748034,
  "clean_psnr_mean": 26.510726791390294,
  "clean_psnr_ci95": 0.9954974718156355,
  "clean_psnr_median": 27.016421069071733,
  "adv_psnr_mean": -0.5038422589509207,
  "adv_psnr_ci95": 0.01984791234729592,
  "adv_psnr_median": -0.49837468884971425,
  "clean_ssim_mean": 0.3432713319762301,
  "clean_ssim_ci95": 0.03860172798208318,
  "clean_ssim_median": 0.3443001187987149,
  "adv_ssim_mean": 0.018327328554689243,
  "adv_ssim_ci95": 0.0018627077403165603,
  "adv_ssim_median": 0.018426292342767603,
  "pred_shift_rel_l2_mean": 4.9250472486019135,
  "pred_shift_rel_l2_ci95": 0.36931793266285307,
  "pred_shift_rel_l2_median": 4.894066572189331,
  "init_shift_rel_l2_mean": 5.07415384799242,
  "init_shift_rel_l2_ci95": 0.401318845757481,
  "init_shift_rel_l2_median": 5.077083349227905,
  "delta_l2_mean": 76.91867065429688,
  "delta_l2_ci95": 6.714370574426246e-07,
  "delta_l2_median": 76.91867065429688,
  "delta_linf_mean": 1.61347571387887,
  "delta_linf_ci95": 0.06267514816462594,
  "delta_linf_median": 1.5561631917953491,
  "delta_mean_abs_mean": 0.2953475369140506,
  "delta_mean_abs_ci95": 0.0001935109272632103,
  "delta_mean_abs_median": 0.29539522528648376,
  "delta_rel_l2_mean": 0.055032425033900344,
  "delta_rel_l2_ci95": 0.005965762138875598,
  "delta_rel_l2_median": 0.053832920495249334,
  "success_rel_l2_mean": 1.0,
  "success_rel_l2_ci95": 0.0,
  "success_rel_l2_median": 1.0,
  "success_mse_mean": 1.0,
  "success_mse_ci95": 0.0,
  "success_mse_median": 1.0,
  "clean_e_ran_l2_mean": 6.38833761960268,
  "clean_e_ran_l2_ci95": 0.7746328407655684,
  "clean_e_ran_l2_median": 5.7066850662231445,
  "clean_e_nul_l2_mean": 0.040588701667729765,
  "clean_e_nul_l2_ci95": 0.007243109474321901,
  "clean_e_nul_l2_median": 0.03725036419928074,
  "clean_e_ran_frac_mean": 0.9999760273035279,
  "clean_e_ran_frac_ci95": 8.148847246243692e-06,
  "clean_e_ran_frac_median": 0.9999835546175612,
  "clean_e_nul_frac_mean": 0.0065213386275739995,
  "clean_e_nul_frac_ci95": 0.0008188765853026245,
  "clean_e_nul_frac_median": 0.005735572440919436,
  "adv_e_ran_l2_mean": 135.5083875656128,
  "adv_e_ran_l2_ci95": 0.31191922032729064,
  "adv_e_ran_l2_median": 135.37291717529297,
  "adv_e_nul_l2_mean": 6.043788202106953,
  "adv_e_nul_l2_ci95": 0.37587609576370185,
  "adv_e_nul_l2_median": 6.234534978866577,
  "adv_e_ran_frac_mean": 0.9989755527159878,
  "adv_e_ran_frac_ci95": 0.00011401212440476689,
  "adv_e_ran_frac_median": 0.9989497952964508,
  "adv_e_nul_frac_mean": 0.04455913191966694,
  "adv_e_nul_frac_ci95": 0.0027768964805602136,
  "adv_e_nul_frac_median": 0.04581826127675831,
  "attack_runtime_total_sec": 64.67455625906587,
  "attack_runtime_per_example_sec": 2.0210798830958083,
  "model_name": "nsn",
  "attack_name": "adam",
  "norm": "l2",
  "eps": 0.05,
  "eps_actual": 76.91867002807618,
  "attack_init_mode": "exact",
  "eval_init_mode": "exact"
}