{
  "num_examples": 32,
  "gt_norm_mean": 19.554032936692238,
  "gt_norm_ci95": 3.175656556464896,
  "gt_norm_median": 19.43148136138916,
  "gt_norm_q25": 13.664082050323486,
  "gt_norm_q75": 22.861806869506836,
  "clean_mse_mean": 7.191598022870949e-06,
  "clean_mse_ci95": 3.43137081539001e-06,
  "clean_mse_median": 4.195616156721371e-06,
  "clean_mse_q25": 2.0121538568673714e-06,
  "clean_mse_q75": 8.473303978462354e-06,
  "adv_mse_mean": 0.019881006800687828,
  "adv_mse_ci95": 0.01678029069594174,
  "adv_mse_median": 0.005163062829524279,
  "adv_mse_q25": 0.002304589084815234,
  "adv_mse_q75": 0.014660732820630074,
  "mse_ratio_mean": 1917.327491783311,
  "mse_ratio_ci95": 573.1958059140901,
  "mse_ratio_median": 1617.0004603680125,
  "mse_ratio_q25": 670.698444227141,
  "mse_ratio_q75": 2555.4861252525843,
  "clean_rel_l2_mean": 0.01546810319996439,
  "clean_rel_l2_ci95": 0.0012916999011928542,
  "clean_rel_l2_median": 0.014353456906974316,
  "clean_rel_l2_q25": 0.013100125128403306,
  "clean_rel_l2_q75": 0.01639317302033305,
  "adv_rel_l2_mean": 0.5965972277335823,
  "adv_rel_l2_ci95": 0.10309181298802059,
  "adv_rel_l2_median": 0.5716743469238281,
  "adv_rel_l2_q25": 0.3641165792942047,
  "adv_rel_l2_q75": 0.772264152765274,
  "rel_l2_ratio_mean": 39.67316683467756,
  "rel_l2_ratio_ci95": 6.523106987854922,
  "rel_l2_ratio_median": 40.157530273867465,
  "rel_l2_ratio_q25": 25.863560162086962,
  "rel_l2_ratio_q75": 50.551800015868054,
  "clean_psnr_mean": 49.30840352172508,
  "clean_psnr_ci95": 0.9636945649148527,
  "clean_psnr_median": 49.77035961716621,
  "clean_psnr_q25": 47.91948529778359,
  "clean_psnr_q75": 51.39359590515772,
  "adv_psnr_mean": 18.418370523689774,
  "adv_psnr_ci95": 2.242322247620678,
  "adv_psnr_median": 17.998679769653727,
  "adv_psnr_q25": 14.692957640871164,
  "adv_psnr_q75": 22.942347930439396,
  "clean_ssim_mean": 0.9929406654512176,
  "clean_ssim_ci95": 0.0018159517272946272,
  "clean_ssim_median": 0.994650856449347,
  "clean_ssim_q25": 0.9920080197813352,
  "clean_ssim_q75": 0.9959100601412265,
  "adv_ssim_mean": 0.875456958912632,
  "adv_ssim_ci95": 0.03406189384432416,
  "adv_ssim_median": 0.9121450847327695,
  "adv_ssim_q25": 0.8596896358522679,
  "adv_ssim_q75": 0.9320783420551213,
  "pred_shift_rel_l2_mean": 0.5952597842551768,
  "pred_shift_rel_l2_ci95": 0.10306712206135606,
  "pred_shift_rel_l2_median": 0.5698018074035645,
  "pred_shift_rel_l2_q25": 0.3624945431947708,
  "pred_shift_rel_l2_q75": 0.771908164024353,
  "init_shift_rel_l2_mean": 0.7208743738010526,
  "init_shift_rel_l2_ci95": 0.053830052812244386,
  "init_shift_rel_l2_median": 0.7353490889072418,
  "init_shift_rel_l2_q25": 0.6141795367002487,
  "init_shift_rel_l2_q75": 0.7901806533336639,
  "delta_l2_mean": 11.583845846354961,
  "delta_l2_ci95": 2.5810954008806677,
  "delta_l2_median": 10.538117408752441,
  "delta_l2_q25": 7.585118293762207,
  "delta_l2_q75": 12.924726963043213,
  "delta_linf_mean": 0.33964732056483626,
  "delta_linf_ci95": 0.07073719161843887,
  "delta_linf_median": 0.30510298907756805,
  "delta_linf_q25": 0.21129561215639114,
  "delta_linf_q75": 0.4048740416765213,
  "delta_mean_abs_mean": 0.042209589475532994,
  "delta_mean_abs_ci95": 0.009485549602444915,
  "delta_mean_abs_median": 0.038193054497241974,
  "delta_mean_abs_q25": 0.027616799343377352,
  "delta_mean_abs_q75": 0.047072866931557655,
  "delta_rel_l2_mean": 0.010000005419018874,
  "delta_rel_l2_ci95": 5.86586908871632e-10,
  "delta_rel_l2_median": 0.0100000050305832,
  "delta_rel_l2_q25": 0.01000000463322281,
  "delta_rel_l2_q75": 0.010000005927767067,
  "success_rel_l2_mean": 1.0,
  "success_rel_l2_ci95": 0.0,
  "success_rel_l2_median": 1.0,
  "success_rel_l2_q25": 1.0,
  "success_rel_l2_q75": 1.0,
  "success_mse_mean": 1.0,
  "success_mse_ci95": 0.0,
  "success_mse_median": 1.0,
  "success_mse_q25": 1.0,
  "success_mse_q75": 1.0,
  "clean_e_ran_l2_mean": 0.22781610931269825,
  "clean_e_ran_l2_ci95": 0.04345087102637813,
  "clean_e_ran_l2_median": 0.2057250514626503,
  "clean_e_ran_l2_q25": 0.13784443959593773,
  "clean_e_ran_l2_q75": 0.28285597264766693,
  "clean_e_nul_l2_mean": 0.19627415668219328,
  "clean_e_nul_l2_ci95": 0.03883200126939826,
  "clean_e_nul_l2_median": 0.17059458792209625,
  "clean_e_nul_l2_q25": 0.11817777343094349,
  "clean_e_nul_l2_q75": 0.24256322532892227,
  "clean_e_ran_frac_mean": 0.7586892362601407,
  "clean_e_ran_frac_ci95": 0.013541515378694694,
  "clean_e_ran_frac_median": 0.758601967469555,
  "clean_e_ran_frac_q25": 0.7366559241694648,
  "clean_e_ran_frac_q75": 0.7876159707980743,
  "clean_e_nul_frac_mean": 0.6487765674923522,
  "clean_e_nul_frac_ci95": 0.0157427903740656,
  "clean_e_nul_frac_median": 0.6515537664846485,
  "clean_e_nul_frac_q25": 0.6161299064924595,
  "clean_e_nul_frac_q75": 0.676259892837742,
  "adv_e_ran_l2_mean": 5.449704200029373,
  "adv_e_ran_l2_ci95": 1.772125061307045,
  "adv_e_ran_l2_median": 3.6263681650161743,
  "adv_e_ran_l2_q25": 2.8764156103134155,
  "adv_e_ran_l2_q75": 5.355491280555725,
  "adv_e_nul_l2_mean": 11.76099919527769,
  "adv_e_nul_l2_ci95": 4.050111716974836,
  "adv_e_nul_l2_median": 8.374399185180664,
  "adv_e_nul_l2_q25": 5.401275634765625,
  "adv_e_nul_l2_q75": 14.352385997772217,
  "adv_e_ran_frac_mean": 0.44754334554973424,
  "adv_e_ran_frac_ci95": 0.034972396884639136,
  "adv_e_ran_frac_median": 0.4410579915926604,
  "adv_e_ran_frac_q25": 0.3817040020009802,
  "adv_e_ran_frac_q75": 0.5018652046071569,
  "adv_e_nul_frac_mean": 0.8869391628916874,
  "adv_e_nul_frac_ci95": 0.01983391185505208,
  "adv_e_nul_frac_median": 0.8974605986421349,
  "adv_e_nul_frac_q25": 0.8649278150670716,
  "adv_e_nul_frac_q75": 0.9242805191978136,
  "attack_runtime_total_sec": 58.026586681604385,
  "attack_runtime_per_example_sec": 1.813330833800137,
  "model_name": "resnet",
  "attack_name": "adam",
  "norm": "l2",
  "eps": 0.01,
  "eps_actual": 12.769250320068359,
  "eps_budget_mode": "per_sample_l2",
  "attack_init_mode": "exact",
  "eval_init_mode": "exact"
}