{
  "num_examples": 32,
  "gt_norm_mean": 18.962945640087128,
  "gt_norm_ci95": 3.1842410261083094,
  "gt_norm_median": 18.453072547912598,
  "gt_norm_q25": 13.642317533493042,
  "gt_norm_q75": 22.224339485168457,
  "clean_mse_mean": 1.2046327505288446e-05,
  "clean_mse_ci95": 4.556193657437981e-06,
  "clean_mse_median": 7.10743483978149e-06,
  "clean_mse_q25": 4.452055236470187e-06,
  "clean_mse_q75": 1.6316855635523098e-05,
  "adv_mse_mean": 0.017610973839509825,
  "adv_mse_ci95": 0.013176782837235718,
  "adv_mse_median": 0.0028893802082166076,
  "adv_mse_q25": 0.0011574862583074719,
  "adv_mse_q75": 0.015738641377538443,
  "mse_ratio_mean": 892.7659059451694,
  "mse_ratio_ci95": 325.73600337601755,
  "mse_ratio_median": 359.8705583917732,
  "mse_ratio_q25": 227.29448215225028,
  "mse_ratio_q75": 1353.1546779990474,
  "clean_rel_l2_mean": 0.022310083237243816,
  "clean_rel_l2_ci95": 0.0032693073358041227,
  "clean_rel_l2_median": 0.020269861444830894,
  "clean_rel_l2_q25": 0.01719676749780774,
  "clean_rel_l2_q75": 0.023987979628145695,
  "adv_rel_l2_mean": 0.5563460336998105,
  "adv_rel_l2_ci95": 0.10488561892134575,
  "adv_rel_l2_median": 0.4800094962120056,
  "adv_rel_l2_q25": 0.3328271433711052,
  "adv_rel_l2_q75": 0.7251413315534592,
  "rel_l2_ratio_mean": 26.222767267996293,
  "rel_l2_ratio_ci95": 5.041875681716361,
  "rel_l2_ratio_median": 18.96844514362985,
  "rel_l2_ratio_q25": 15.074915765507095,
  "rel_l2_ratio_q75": 36.743713775779014,
  "clean_psnr_mean": 46.88170894108812,
  "clean_psnr_ci95": 1.1927812285873893,
  "clean_psnr_median": 47.38997339156315,
  "clean_psnr_q25": 45.46946309759357,
  "clean_psnr_q75": 49.23253299310217,
  "adv_psnr_mean": 19.75070804193556,
  "adv_psnr_ci95": 2.4305314382802368,
  "adv_psnr_median": 20.473746404312323,
  "adv_psnr_q25": 15.285291722197378,
  "adv_psnr_q75": 25.062535250709736,
  "clean_ssim_mean": 0.987784053474936,
  "clean_ssim_ci95": 0.003326027356998738,
  "clean_ssim_median": 0.991249724767063,
  "clean_ssim_q25": 0.9861570068461597,
  "clean_ssim_q75": 0.9936219731471417,
  "adv_ssim_mean": 0.858055333931269,
  "adv_ssim_ci95": 0.0399773609298938,
  "adv_ssim_median": 0.8938116379132066,
  "adv_ssim_q25": 0.8430443731908378,
  "adv_ssim_q75": 0.9350300870332113,
  "clean_mae_mean": 0.0015417755257658428,
  "clean_mae_ci95": 0.00030194841025794525,
  "clean_mae_median": 0.0013601952232420444,
  "clean_mae_q25": 0.001031710155075416,
  "clean_mae_q75": 0.0017881063977256417,
  "adv_mae_mean": 0.027879701112397015,
  "adv_mae_ci95": 0.013900172616822883,
  "adv_mae_median": 0.010502338409423828,
  "adv_mae_q25": 0.006249561323784292,
  "adv_mae_q75": 0.03172810934484005,
  "clean_nrmse_mean": 0.004927553102686206,
  "clean_nrmse_ci95": 0.0008079724537519378,
  "clean_nrmse_median": 0.004270898067825163,
  "clean_nrmse_q25": 0.0034556119406619276,
  "clean_nrmse_q75": 0.005330308430673119,
  "adv_nrmse_mean": 0.14332466912585384,
  "adv_nrmse_ci95": 0.045073943285837526,
  "adv_nrmse_median": 0.09469849596303775,
  "adv_nrmse_q25": 0.05584599443205736,
  "adv_nrmse_q75": 0.17246741820909595,
  "clean_max_err_mean": 0.10405532293953001,
  "clean_max_err_ci95": 0.022218331800011322,
  "clean_max_err_median": 0.08371558040380478,
  "clean_max_err_q25": 0.05745486356317997,
  "clean_max_err_q75": 0.13738107681274414,
  "adv_max_err_mean": 0.8380567627027631,
  "adv_max_err_ci95": 0.164083769513284,
  "adv_max_err_median": 0.761165201663971,
  "adv_max_err_q25": 0.5461413711309433,
  "adv_max_err_q75": 0.975036084651947,
  "clean_init_rel_l2_mean": 0.39753908617421985,
  "clean_init_rel_l2_ci95": 0.04121848494603188,
  "clean_init_rel_l2_median": 0.3709826171398163,
  "clean_init_rel_l2_q25": 0.32952964305877686,
  "clean_init_rel_l2_q75": 0.4193584769964218,
  "adv_init_rel_l2_mean": 0.7860560212284327,
  "adv_init_rel_l2_ci95": 0.046638183696921645,
  "adv_init_rel_l2_median": 0.7906109988689423,
  "adv_init_rel_l2_q25": 0.7097513526678085,
  "adv_init_rel_l2_q75": 0.8550718873739243,
  "init_rel_l2_ratio_mean": 2.1028133726869322,
  "init_rel_l2_ratio_ci95": 0.2042364296148949,
  "init_rel_l2_ratio_median": 2.0347399915156843,
  "init_rel_l2_ratio_q25": 1.5765721664697419,
  "init_rel_l2_ratio_q75": 2.6204362361285156,
  "clean_init_psnr_mean": 21.698537767199944,
  "clean_init_psnr_ci95": 1.083186815462182,
  "clean_init_psnr_median": 22.00748904767884,
  "clean_init_psnr_q25": 19.519989653119378,
  "clean_init_psnr_q75": 24.309417690733056,
  "adv_init_psnr_mean": 15.588347936602991,
  "adv_init_psnr_ci95": 1.3124303262263073,
  "adv_init_psnr_median": 16.30554185778746,
  "adv_init_psnr_q25": 13.290440247223074,
  "adv_init_psnr_q75": 17.96289092075878,
  "clean_init_ssim_mean": 0.17883288480143522,
  "clean_init_ssim_ci95": 0.02331136386370477,
  "clean_init_ssim_median": 0.17859585642545006,
  "clean_init_ssim_q25": 0.12395969327153626,
  "clean_init_ssim_q75": 0.21307047433718118,
  "adv_init_ssim_mean": 0.06131395659522731,
  "adv_init_ssim_ci95": 0.006627284300339915,
  "adv_init_ssim_median": 0.056330546490086744,
  "adv_init_ssim_q25": 0.046119178596430624,
  "adv_init_ssim_q75": 0.07076080665075954,
  "clean_init_mae_mean": 0.0396823255578056,
  "clean_init_mae_ci95": 0.006930328375269642,
  "clean_init_mae_median": 0.03658239543437958,
  "clean_init_mae_q25": 0.02452543145045638,
  "clean_init_mae_q75": 0.048932939767837524,
  "adv_init_mae_mean": 0.09103180811507627,
  "adv_init_mae_ci95": 0.021511486334830868,
  "adv_init_mae_median": 0.07009860873222351,
  "adv_init_mae_q25": 0.055016390047967434,
  "adv_init_mae_q75": 0.11817578040063381,
  "pred_shift_rel_l2_mean": 0.5545925148762763,
  "pred_shift_rel_l2_ci95": 0.10492463603580089,
  "pred_shift_rel_l2_median": 0.4803190678358078,
  "pred_shift_rel_l2_q25": 0.328495129942894,
  "pred_shift_rel_l2_q75": 0.7256536334753036,
  "init_shift_rel_l2_mean": 0.6831382801756263,
  "init_shift_rel_l2_ci95": 0.04674391341755103,
  "init_shift_rel_l2_median": 0.691646933555603,
  "init_shift_rel_l2_q25": 0.6124675422906876,
  "init_shift_rel_l2_q75": 0.7585025578737259,
  "delta_l2_mean": 11.050805032253265,
  "delta_l2_ci95": 2.7371048800241096,
  "delta_l2_median": 9.105642795562744,
  "delta_l2_q25": 6.489448308944702,
  "delta_l2_q75": 13.385436773300171,
  "delta_linf_mean": 0.3504359731450677,
  "delta_linf_ci95": 0.09920642195127626,
  "delta_linf_median": 0.25124311447143555,
  "delta_linf_q25": 0.20435863733291626,
  "delta_linf_q75": 0.4413360506296158,
  "delta_mean_abs_mean": 0.04027109136222862,
  "delta_mean_abs_ci95": 0.01012937948294268,
  "delta_mean_abs_median": 0.033001162111759186,
  "delta_mean_abs_q25": 0.022821384482085705,
  "delta_mean_abs_q75": 0.04907892178744078,
  "delta_rel_l2_mean": 0.010000004887978363,
  "delta_rel_l2_ci95": 7.206175988174115e-10,
  "delta_rel_l2_median": 0.010000004740098992,
  "delta_rel_l2_q25": 0.01000000319420688,
  "delta_rel_l2_q75": 0.010000005454320296,
  "success_rel_l2_mean": 1.0,
  "success_rel_l2_ci95": 0.0,
  "success_rel_l2_median": 1.0,
  "success_rel_l2_q25": 1.0,
  "success_rel_l2_q75": 1.0,
  "success_mse_mean": 1.0,
  "success_mse_ci95": 0.0,
  "success_mse_median": 1.0,
  "success_mse_q25": 1.0,
  "success_mse_q75": 1.0,
  "clean_e_ran_l2_mean": 0.29393004695884883,
  "clean_e_ran_l2_ci95": 0.052868375023119855,
  "clean_e_ran_l2_median": 0.2549663782119751,
  "clean_e_ran_l2_q25": 0.20825975388288498,
  "clean_e_ran_l2_q75": 0.35066526383161545,
  "clean_e_nul_l2_mean": 0.26725820964202285,
  "clean_e_nul_l2_ci95": 0.045885495865807,
  "clean_e_nul_l2_median": 0.21939051896333694,
  "clean_e_nul_l2_q25": 0.16686101630330086,
  "clean_e_nul_l2_q75": 0.3649747520685196,
  "clean_e_ran_frac_mean": 0.7388032325019915,
  "clean_e_ran_frac_ci95": 0.025847869579881205,
  "clean_e_ran_frac_median": 0.7545005148856903,
  "clean_e_ran_frac_q25": 0.7076860490325514,
  "clean_e_ran_frac_q75": 0.7903512405715287,
  "clean_e_nul_frac_mean": 0.6658503963192606,