{
  "num_examples": 32,
  "gt_norm_mean": 19.806160181760788,
  "gt_norm_ci95": 2.9469057162341947,
  "gt_norm_median": 18.65426254272461,
  "gt_norm_q25": 12.793537616729736,
  "gt_norm_q75": 26.20080327987671,
  "clean_mse_mean": 1.7656718863889864e-05,
  "clean_mse_ci95": 1.1367461449100967e-05,
  "clean_mse_median": 7.679949248995399e-06,
  "clean_mse_q25": 3.6738778135259054e-06,
  "clean_mse_q75": 1.555162748445582e-05,
  "adv_mse_mean": 0.015614906105383852,
  "adv_mse_ci95": 0.010753617438424757,
  "adv_mse_median": 0.0035300549352541566,
  "adv_mse_q25": 0.0020718586747534573,
  "adv_mse_q75": 0.013760672416538,
  "mse_ratio_mean": 967.4383530085574,
  "mse_ratio_ci95": 318.06949988269,
  "mse_ratio_median": 604.842689025997,
  "mse_ratio_q25": 290.461453110283,
  "mse_ratio_q75": 1461.224656757316,
  "clean_rel_l2_mean": 0.02235429544816725,
  "clean_rel_l2_ci95": 0.005255791497411031,
  "clean_rel_l2_median": 0.017155254259705544,
  "clean_rel_l2_q25": 0.014801344368606806,
  "clean_rel_l2_q75": 0.020705293398350477,
  "adv_rel_l2_mean": 0.5242381128482521,
  "adv_rel_l2_ci95": 0.0913607410471159,
  "adv_rel_l2_median": 0.4617834836244583,
  "adv_rel_l2_q25": 0.34370071440935135,
  "adv_rel_l2_q75": 0.6330691277980804,
  "rel_l2_ratio_mean": 27.644395267898297,
  "rel_l2_ratio_ci95": 5.018389936146148,
  "rel_l2_ratio_median": 24.58716707381597,
  "rel_l2_ratio_q25": 17.039285318082108,
  "rel_l2_ratio_q75": 38.21973713962876,
  "clean_psnr_mean": 46.83043612748834,
  "clean_psnr_ci95": 1.3669835645131427,
  "clean_psnr_median": 47.7757525421688,
  "clean_psnr_q25": 44.576114130045234,
  "clean_psnr_q75": 50.04028786943823,
  "adv_psnr_mean": 19.454675439394677,
  "adv_psnr_ci95": 2.311668560661559,
  "adv_psnr_median": 19.703272665117478,
  "adv_psnr_q25": 15.517753924379699,
  "adv_psnr_q75": 23.834432867864376,
  "clean_ssim_mean": 0.9849938851655122,
  "clean_ssim_ci95": 0.003885203648873142,
  "clean_ssim_median": 0.988859148529373,
  "clean_ssim_q25": 0.9830180642582868,
  "clean_ssim_q75": 0.9922626057929551,
  "adv_ssim_mean": 0.8627068509856455,
  "adv_ssim_ci95": 0.04198110249445298,
  "adv_ssim_median": 0.9038877435049016,
  "adv_ssim_q25": 0.8541782076815084,
  "adv_ssim_q75": 0.9284334827269329,
  "clean_mae_mean": 0.001649874518989236,
  "clean_mae_ci95": 0.0003274790243502632,
  "clean_mae_median": 0.0013162544928491116,
  "clean_mae_q25": 0.0010123130632564425,
  "clean_mae_q75": 0.0019313973607495427,
  "adv_mae_mean": 0.02651589037850499,
  "adv_mae_ci95": 0.012763387336893852,
  "adv_mae_median": 0.011628123000264168,
  "adv_mae_q25": 0.007867507636547089,
  "adv_mae_q75": 0.024298256263136864,
  "clean_nrmse_mean": 0.005091610481484312,
  "clean_nrmse_ci95": 0.0009646927203221447,
  "clean_nrmse_median": 0.004086237897492051,
  "clean_nrmse_q25": 0.0031482121547158,
  "clean_nrmse_q75": 0.00590473430636609,
  "adv_nrmse_mean": 0.1431451002058657,
  "adv_nrmse_ci95": 0.044086735732711595,
  "adv_nrmse_median": 0.10348609014141974,
  "adv_nrmse_q25": 0.0643483335912122,
  "adv_nrmse_q75": 0.16823861365453335,
  "clean_max_err_mean": 0.10796475363895297,
  "clean_max_err_ci95": 0.028863895288489393,
  "clean_max_err_median": 0.08599047362804413,
  "clean_max_err_q25": 0.04314509034156799,
  "clean_max_err_q75": 0.1622677594423294,
  "adv_max_err_mean": 0.8875659238547087,
  "adv_max_err_ci95": 0.1516496750670266,
  "adv_max_err_median": 0.7671582698822021,
  "adv_max_err_q25": 0.5221102237701416,
  "adv_max_err_q75": 1.1133334338665009,
  "clean_init_rel_l2_mean": 0.3665603967383504,
  "clean_init_rel_l2_ci95": 0.038403306013622636,
  "clean_init_rel_l2_median": 0.35208597779273987,
  "clean_init_rel_l2_q25": 0.3001028299331665,
  "clean_init_rel_l2_q75": 0.37695785611867905,
  "adv_init_rel_l2_mean": 0.8212013673037291,
  "adv_init_rel_l2_ci95": 0.04507137056631229,
  "adv_init_rel_l2_median": 0.8044710159301758,
  "adv_init_rel_l2_q25": 0.7651403397321701,
  "adv_init_rel_l2_q75": 0.8673482239246368,
  "init_rel_l2_ratio_mean": 2.3840602518897662,
  "init_rel_l2_ratio_ci95": 0.21272555159548714,
  "init_rel_l2_ratio_median": 2.478148408333639,
  "init_rel_l2_ratio_q25": 2.0303255190108875,
  "init_rel_l2_ratio_q75": 2.8538677723297767,
  "clean_init_psnr_mean": 21.770101520711616,
  "clean_init_psnr_ci95": 1.150549673679535,
  "clean_init_psnr_median": 21.902652531932308,
  "clean_init_psnr_q25": 20.421128931234048,
  "clean_init_psnr_q75": 23.885292476453795,
  "adv_init_psnr_mean": 14.559979599963118,
  "adv_init_psnr_ci95": 1.2880407109157497,
  "adv_init_psnr_median": 15.181151258958732,
  "adv_init_psnr_q25": 12.736533924762325,
  "adv_init_psnr_q75": 16.89928838507964,
  "clean_init_ssim_mean": 0.18507351933738528,
  "clean_init_ssim_ci95": 0.030001286716356445,
  "clean_init_ssim_median": 0.16158426217636884,
  "clean_init_ssim_q25": 0.13307457795689728,
  "clean_init_ssim_q75": 0.21259884043133606,
  "adv_init_ssim_mean": 0.06302108358536881,
  "adv_init_ssim_ci95": 0.0087932711303777,
  "adv_init_ssim_median": 0.05383834595815674,
  "adv_init_ssim_q25": 0.04689386792030871,
  "adv_init_ssim_q75": 0.06553973266055675,
  "clean_init_mae_mean": 0.040868057461921126,
  "clean_init_mae_ci95": 0.007575174640980243,
  "clean_init_mae_median": 0.035782722756266594,
  "clean_init_mae_q25": 0.02316789049655199,
  "clean_init_mae_q75": 0.04952391982078552,
  "adv_init_mae_mean": 0.09742554160766304,
  "adv_init_mae_ci95": 0.019169570896118943,
  "adv_init_mae_median": 0.08081930875778198,
  "adv_init_mae_q25": 0.05671687610447407,
  "adv_init_mae_q75": 0.11898870766162872,
  "pred_shift_rel_l2_mean": 0.5225525354035199,
  "pred_shift_rel_l2_ci95": 0.09231807789662959,
  "pred_shift_rel_l2_median": 0.4504481106996536,
  "pred_shift_rel_l2_q25": 0.3420775905251503,
  "pred_shift_rel_l2_q75": 0.6367141157388687,
  "init_shift_rel_l2_mean": 0.7249426282942295,
  "init_shift_rel_l2_ci95": 0.04586601227986057,
  "init_shift_rel_l2_median": 0.7367267608642578,
  "init_shift_rel_l2_q25": 0.6547059118747711,
  "init_shift_rel_l2_q75": 0.7891888618469238,
  "delta_l2_mean": 11.742955148220062,
  "delta_l2_ci95": 2.4639822529268547,
  "delta_l2_median": 9.294705390930176,
  "delta_l2_q25": 6.6226770877838135,
  "delta_l2_q75": 14.643105030059814,
  "delta_linf_mean": 0.3521846001967788,
  "delta_linf_ci95": 0.0750276762497674,
  "delta_linf_median": 0.2784262150526047,
  "delta_linf_q25": 0.20756101608276367,
  "delta_linf_q75": 0.4198216050863266,
  "delta_mean_abs_mean": 0.04276390001177788,
  "delta_mean_abs_ci95": 0.00908410239104601,
  "delta_mean_abs_median": 0.03394228778779507,
  "delta_mean_abs_q25": 0.024150903802365065,
  "delta_mean_abs_q75": 0.05347451288253069,
  "delta_rel_l2_mean": 0.010000004910653778,
  "delta_rel_l2_ci95": 4.694201696404292e-10,
  "delta_rel_l2_median": 0.010000004735551075,
  "delta_rel_l2_q25": 0.01000000423400307,
  "delta_rel_l2_q75": 0.010000005747424535,
  "success_rel_l2_mean": 1.0,
  "success_rel_l2_ci95": 0.0,
  "success_rel_l2_median": 1.0,
  "success_rel_l2_q25": 1.0,
  "success_rel_l2_q75": 1.0,
  "success_mse_mean": 1.0,
  "success_mse_ci95": 0.0,
  "success_mse_median": 1.0,
  "success_mse_q25": 1.0,
  "success_mse_q75": 1.0,
  "clean_e_ran_l2_mean": 0.3242219735402614,
  "clean_e_ran_l2_ci95": 0.07613292854729811,
  "clean_e_ran_l2_median": 0.2785230726003647,
  "clean_e_ran_l2_q25": 0.18413691967725754,
  "clean_e_ran_l2_q75": 0.38782361149787903,
  "clean_e_nul_l2_mean": 0.2878236058168113,
  "clean_e_nul_l2_ci95": 0.08222089938590736,
  "clean_e_nul_l2_median": 0.22620338946580887,
  "clean_e_nul_l2_q25": 0.15773506835103035,
  "clean_e_nul_l2_q75": 0.31930628418922424,
  "clean_e_ran_frac_mean": 0.7575629867436204,
  "clean_e_ran_frac_ci95": 0.01591387461567894,
  "clean_e_ran_frac_median": 0.7664994633537143,
  "clean_e_ran_frac_q25": 0.7200112445595844,
  "clean_e_ran_frac_q75": 0.7884891497265671,
  "clean_e_nul_frac_mean": 0.6490140792712816,