{
  "num_examples": 32,
  "gt_norm_mean": 19.246901780366898,
  "gt_norm_ci95": 3.3146818493907912,
  "gt_norm_median": 15.661028385162354,
  "clean_mse_mean": 3.933885684759275e-05,
  "clean_mse_ci95": 4.3927084058883086e-05,
  "clean_mse_median": 3.1640017823519884e-06,
  "adv_mse_mean": 0.022563890597666614,
  "adv_mse_ci95": 0.00727184134668718,
  "adv_mse_median": 0.014690384734421968,
  "mse_ratio_mean": 4865.050274865107,
  "mse_ratio_ci95": 1659.5498216487988,
  "mse_ratio_median": 3002.381605096705,
  "clean_rel_l2_mean": 0.024667877180036157,
  "clean_rel_l2_ci95": 0.010194335083669105,
  "clean_rel_l2_median": 0.014764487743377686,
  "adv_rel_l2_mean": 1.06568671669811,
  "adv_rel_l2_ci95": 0.1666748681472211,
  "adv_rel_l2_median": 1.1203449368476868,
  "rel_l2_ratio_mean": 60.80991227404738,
  "rel_l2_ratio_ci95": 12.026755320836386,
  "rel_l2_ratio_median": 54.78394264782454,
  "clean_psnr_mean": 47.1319127269045,
  "clean_psnr_ci95": 2.0283044819018206,
  "clean_psnr_median": 49.327588281691995,
  "adv_psnr_mean": 13.24625997336884,
  "adv_psnr_ci95": 1.7719940017469897,
  "adv_psnr_median": 11.705853414669239,
  "clean_ssim_mean": 0.9906381179233497,
  "clean_ssim_ci95": 0.0028023495946297348,
  "clean_ssim_median": 0.9930798454018441,
  "adv_ssim_mean": 0.8232740416025829,
  "adv_ssim_ci95": 0.02920261717272354,
  "adv_ssim_median": 0.8390517559108137,
  "pred_shift_rel_l2_mean": 1.062565430533141,
  "pred_shift_rel_l2_ci95": 0.16555299930207992,
  "pred_shift_rel_l2_median": 1.1194195747375488,
  "init_shift_rel_l2_mean": 1.1562133049592376,
  "init_shift_rel_l2_ci95": 0.17454446107232674,
  "init_shift_rel_l2_median": 1.2145095467567444,
  "delta_l2_mean": 12.805586636066437,
  "delta_l2_ci95": 1.957108732830603e-07,
  "delta_l2_median": 12.805586814880371,
  "delta_linf_mean": 0.3725310452282429,
  "delta_linf_ci95": 0.017646907341907183,
  "delta_linf_median": 0.36832965910434723,
  "delta_mean_abs_mean": 0.04607219330500811,
  "delta_mean_abs_ci95": 0.00015900953961862522,
  "delta_mean_abs_median": 0.04601679928600788,
  "delta_rel_l2_mean": 0.015453809559216077,
  "delta_rel_l2_ci95": 0.002609186307953271,
  "delta_rel_l2_median": 0.015840913072243515,
  "success_rel_l2_mean": 1.0,
  "success_rel_l2_ci95": 0.0,
  "success_rel_l2_median": 1.0,
  "success_mse_mean": 1.0,
  "success_mse_ci95": 0.0,
  "success_mse_median": 1.0,
  "clean_e_ran_l2_mean": 0.33419539453461766,
  "clean_e_ran_l2_ci95": 0.11959582308209402,
  "clean_e_ran_l2_median": 0.17974556982517242,
  "clean_e_nul_l2_mean": 0.35835759923793375,
  "clean_e_nul_l2_ci95": 0.18924519666797135,
  "clean_e_nul_l2_median": 0.13826829940080643,
  "clean_e_ran_frac_mean": 0.7534704359547861,
  "clean_e_ran_frac_ci95": 0.029563594853286156,
  "clean_e_ran_frac_median": 0.7836358928377829,
  "clean_e_nul_frac_mean": 0.6476754787368632,
  "clean_e_nul_frac_ci95": 0.026684294721857675,
  "clean_e_nul_frac_median": 0.6212197610367185,
  "adv_e_ran_l2_mean": 6.813822612166405,
  "adv_e_ran_l2_ci95": 0.6823414973913824,
  "adv_e_ran_l2_median": 6.55707573890686,
  "adv_e_nul_l2_mean": 15.978154137730598,
  "adv_e_nul_l2_ci95": 2.8206100481842906,
  "adv_e_nul_l2_median": 13.923458099365234,
  "adv_e_ran_frac_mean": 0.4340163100016609,
  "adv_e_ran_frac_ci95": 0.04783155396265048,
  "adv_e_ran_frac_median": 0.4168422750849219,
  "adv_e_nul_frac_mean": 0.8873983314605676,
  "adv_e_nul_frac_ci95": 0.02655952910815185,
  "adv_e_nul_frac_median": 0.9089775157908919,
  "attack_runtime_total_sec": 57.961488634347916,
  "attack_runtime_per_example_sec": 1.8112965198233724,
  "model_name": "resnet",
  "attack_name": "adam",
  "norm": "l2",
  "eps": 0.01,
  "eps_actual": 12.805586398406984,
  "attack_init_mode": "exact",
  "eval_init_mode": "exact"
}