{
  "num_examples": 32,
  "gt_norm_mean": 18.962945640087128,
  "gt_norm_ci95": 3.1842410261083094,
  "gt_norm_median": 18.453072547912598,
  "gt_norm_q25": 13.642317533493042,
  "gt_norm_q75": 22.224339485168457,
  "clean_mse_mean": 1.2054970509822738e-05,
  "clean_mse_ci95": 4.559047774744401e-06,
  "clean_mse_median": 7.110305659807636e-06,
  "clean_mse_q25": 4.456223337001575e-06,
  "clean_mse_q75": 1.634791351534659e-05,
  "adv_mse_mean": 0.017594182338143582,
  "adv_mse_ci95": 0.013171210486001938,
  "adv_mse_median": 0.002948372275568545,
  "adv_mse_q25": 0.0011627058265730739,
  "adv_mse_q75": 0.01571951201185584,
  "mse_ratio_mean": 889.7266013308551,
  "mse_ratio_ci95": 325.0752814607645,
  "mse_ratio_median": 358.417743250528,
  "mse_ratio_q25": 226.19635993044315,
  "mse_ratio_q75": 1352.1806406906671,
  "clean_rel_l2_mean": 0.022317378810839728,
  "clean_rel_l2_ci95": 0.0032688806599551934,
  "clean_rel_l2_median": 0.02027374878525734,
  "clean_rel_l2_q25": 0.017204868141561747,
  "clean_rel_l2_q75": 0.023995449300855398,
  "adv_rel_l2_mean": 0.5563666243106127,
  "adv_rel_l2_ci95": 0.10512063860205202,
  "adv_rel_l2_median": 0.4714072644710541,
  "adv_rel_l2_q25": 0.3325982093811035,
  "adv_rel_l2_q75": 0.724902793765068,
  "rel_l2_ratio_mean": 26.183282496742798,
  "rel_l2_ratio_ci95": 5.0299400930104,
  "rel_l2_ratio_median": 18.930460979289084,
  "rel_l2_ratio_q25": 15.038107581378508,
  "rel_l2_ratio_q75": 36.730043298494344,
  "clean_psnr_mean": 46.87864067051268,
  "clean_psnr_ci95": 1.1926580044018238,
  "clean_psnr_median": 47.38521132022052,
  "clean_psnr_q25": 45.46858279031761,
  "clean_psnr_q75": 49.22853632706565,
  "adv_psnr_mean": 19.754570432690095,
  "adv_psnr_ci95": 2.430829354131297,
  "adv_psnr_median": 20.48870288483871,
  "adv_psnr_q25": 15.12298725954017,
  "adv_psnr_q75": 25.029927158544353,
  "clean_ssim_mean": 0.9877036363722391,
  "clean_ssim_ci95": 0.003347457885104059,
  "clean_ssim_median": 0.9911958225906392,
  "clean_ssim_q25": 0.9860615760004872,
  "clean_ssim_q75": 0.9935802861585616,
  "adv_ssim_mean": 0.8573736543292071,
  "adv_ssim_ci95": 0.04014427826414554,
  "adv_ssim_median": 0.893895335512197,
  "adv_ssim_q25": 0.8372774406566995,
  "adv_ssim_q75": 0.9348270002301308,
  "clean_mae_mean": 0.0015428636343131075,
  "clean_mae_ci95": 0.0003021428376587996,
  "clean_mae_median": 0.001361069967970252,
  "clean_mae_q25": 0.001032354950439185,
  "clean_mae_q75": 0.0017895153432618827,
  "adv_mae_mean": 0.02790859433298465,
  "adv_mae_ci95": 0.013893207661289946,
  "adv_mae_median": 0.011144720949232578,
  "adv_mae_q25": 0.006253922008909285,
  "adv_mae_q75": 0.03172814007848501,
  "clean_nrmse_mean": 0.0049291550292964,
  "clean_nrmse_ci95": 0.0008079801450511384,
  "clean_nrmse_median": 0.004273238831179924,
  "clean_nrmse_q25": 0.0034571928382119603,
  "clean_nrmse_q75": 0.005330859828316502,
  "adv_nrmse_mean": 0.1432837967501155,
  "adv_nrmse_ci95": 0.04506880268875492,
  "adv_nrmse_median": 0.09453726463758752,
  "adv_nrmse_q25": 0.05604874871735731,
  "adv_nrmse_q75": 0.17560690519096872,
  "clean_max_err_mean": 0.10405884147621691,
  "clean_max_err_ci95": 0.022222219496336276,
  "clean_max_err_median": 0.0837152972817421,
  "clean_max_err_q25": 0.057383328676223755,
  "clean_max_err_q75": 0.13748493790626526,
  "adv_max_err_mean": 0.8370631197467446,
  "adv_max_err_ci95": 0.16583084295253875,
  "adv_max_err_median": 0.7598958611488342,
  "adv_max_err_q25": 0.5523255988955498,
  "adv_max_err_q75": 0.9720277488231659,
  "clean_init_rel_l2_mean": 0.39753908617421985,
  "clean_init_rel_l2_ci95": 0.04121848494603188,
  "clean_init_rel_l2_median": 0.3709826171398163,
  "clean_init_rel_l2_q25": 0.32952964305877686,
  "clean_init_rel_l2_q75": 0.4193584769964218,
  "adv_init_rel_l2_mean": 0.7850632518529892,
  "adv_init_rel_l2_ci95": 0.046325760982100804,
  "adv_init_rel_l2_median": 0.7888709306716919,
  "adv_init_rel_l2_q25": 0.7092818468809128,
  "adv_init_rel_l2_q75": 0.8532526046037674,
  "init_rel_l2_ratio_mean": 2.1005167994625413,
  "init_rel_l2_ratio_ci95": 0.2038970001509275,
  "init_rel_l2_ratio_median": 2.0388349538969184,
  "init_rel_l2_ratio_q25": 1.587991461014284,
  "init_rel_l2_ratio_q75": 2.6019955272907542,
  "clean_init_psnr_mean": 21.698537767199944,
  "clean_init_psnr_ci95": 1.083186815462182,
  "clean_init_psnr_median": 22.00748904767884,
  "clean_init_psnr_q25": 19.519989653119378,
  "clean_init_psnr_q75": 24.309417690733056,
  "adv_init_psnr_mean": 15.596629879485128,
  "adv_init_psnr_ci95": 1.3084031545344539,
  "adv_init_psnr_median": 16.291210164622854,
  "adv_init_psnr_q25": 13.309526980556377,
  "adv_init_psnr_q75": 17.97567084170871,
  "clean_init_ssim_mean": 0.17883288480143522,
  "clean_init_ssim_ci95": 0.02331136386370477,
  "clean_init_ssim_median": 0.17859585642545006,
  "clean_init_ssim_q25": 0.12395969327153626,
  "clean_init_ssim_q75": 0.21307047433718118,
  "adv_init_ssim_mean": 0.06159640609400606,
  "adv_init_ssim_ci95": 0.006493999646706444,
  "adv_init_ssim_median": 0.056325152134347765,
  "adv_init_ssim_q25": 0.04666240968914772,
  "adv_init_ssim_q75": 0.07406814819876623,
  "clean_init_mae_mean": 0.0396823255578056,
  "clean_init_mae_ci95": 0.006930328375269642,
  "clean_init_mae_median": 0.03658239543437958,
  "clean_init_mae_q25": 0.02452543145045638,
  "clean_init_mae_q75": 0.048932939767837524,
  "adv_init_mae_mean": 0.09091523825190961,
  "adv_init_mae_ci95": 0.02152144402598838,
  "adv_init_mae_median": 0.06957009434700012,
  "adv_init_mae_q25": 0.055104659870266914,
  "adv_init_mae_q75": 0.11799689382314682,
  "pred_shift_rel_l2_mean": 0.5548892701044679,
  "pred_shift_rel_l2_ci95": 0.10523680126957949,
  "pred_shift_rel_l2_median": 0.4715619683265686,
  "pred_shift_rel_l2_q25": 0.32831572741270065,
  "pred_shift_rel_l2_q75": 0.7254121154546738,
  "init_shift_rel_l2_mean": 0.6815125243738294,
  "init_shift_rel_l2_ci95": 0.046751739510794414,
  "init_shift_rel_l2_median": 0.6882786750793457,
  "init_shift_rel_l2_q25": 0.614670604467392,
  "init_shift_rel_l2_q75": 0.7582391053438187,
  "delta_l2_mean": 11.050805389881134,
  "delta_l2_ci95": 2.737104982446421,
  "delta_l2_median": 9.105642795562744,
  "delta_l2_q25": 6.489448189735413,
  "delta_l2_q75": 13.385437488555908,
  "delta_linf_mean": 0.35001694643869996,
  "delta_linf_ci95": 0.09896041641754959,
  "delta_linf_median": 0.2510828673839569,
  "delta_linf_q25": 0.20628881454467773,
  "delta_linf_q75": 0.43503178656101227,
  "delta_mean_abs_mean": 0.04026661554235034,
  "delta_mean_abs_ci95": 0.010132094739551225,
  "delta_mean_abs_median": 0.03300841338932514,
  "delta_mean_abs_q25": 0.022770285606384277,
  "delta_mean_abs_q75": 0.04900594428181648,
  "delta_rel_l2_mean": 0.010000005168020621,
  "delta_rel_l2_ci95": 7.290282428008351e-10,
  "delta_rel_l2_median": 0.010000004740796603,
  "delta_rel_l2_q25": 0.010000003852892271,
  "delta_rel_l2_q75": 0.010000006425940889,
  "success_rel_l2_mean": 1.0,
  "success_rel_l2_ci95": 0.0,
  "success_rel_l2_median": 1.0,
  "success_rel_l2_q25": 1.0,
  "success_rel_l2_q75": 1.0,
  "success_mse_mean": 1.0,
  "success_mse_ci95": 0.0,
  "success_mse_median": 1.0,
  "success_mse_q25": 1.0,
  "success_mse_q75": 1.0,
  "clean_e_ran_l2_mean": 0.2941473617684096,
  "clean_e_ran_l2_ci95": 0.052896774397480466,
  "clean_e_ran_l2_median": 0.2551824748516083,
  "clean_e_ran_l2_q25": 0.20842509344220161,
  "clean_e_ran_l2_q75": 0.3510078936815262,
  "clean_e_nul_l2_mean": 0.26722570532001555,
  "clean_e_nul_l2_ci95": 0.045894860763757706,
  "clean_e_nul_l2_median": 0.2191857472062111,
  "clean_e_nul_l2_q25": 0.16678132116794586,
  "clean_e_nul_l2_q75": 0.3651582598686218,
  "clean_e_ran_frac_mean": 0.7391068608136826,
  "clean_e_ran_frac_ci95": 0.02586460965868957,
  "clean_e_ran_frac_median": 0.7548163719638066,
  "clean_e_ran_frac_q25": 0.7079804255935631,
  "clean_e_ran_frac_q75": 0.790668533311685,
  "clean_e_nul_frac_mean": 0.6654973221254546,