{
  "num_examples": 32,
  "gt_norm_mean": 19.246901780366898,
  "gt_norm_ci95": 3.3146818493907912,
  "gt_norm_median": 15.661028385162354,
  "gt_norm_q25": 12.43287444114685,
  "gt_norm_q75": 25.732792377471924,
  "clean_mse_mean": 3.933885684759275e-05,
  "clean_mse_ci95": 4.3927084058883086e-05,
  "clean_mse_median": 3.1640017823519884e-06,
  "clean_mse_q25": 1.9023428308173607e-06,
  "clean_mse_q75": 1.7775422747945413e-05,
  "adv_mse_mean": 0.031149091903898807,
  "adv_mse_ci95": 0.017955234608059978,
  "adv_mse_median": 0.007287400076165795,
  "adv_mse_q25": 0.0021616588928736746,
  "adv_mse_q75": 0.047758547589182854,
  "mse_ratio_mean": 2049.613460060943,
  "mse_ratio_ci95": 589.8431627514731,
  "mse_ratio_median": 1366.9465428426497,
  "mse_ratio_q25": 964.5852458966538,
  "mse_ratio_q75": 2911.8597544885856,
  "clean_rel_l2_mean": 0.024667877180036157,
  "clean_rel_l2_ci95": 0.010194335083669105,
  "clean_rel_l2_median": 0.014764487743377686,
  "clean_rel_l2_q25": 0.013575217686593533,
  "clean_rel_l2_q75": 0.019180952571332455,
  "adv_rel_l2_mean": 0.7878602864220738,
  "adv_rel_l2_ci95": 0.13975925649335752,
  "adv_rel_l2_median": 0.6838039755821228,
  "adv_rel_l2_q25": 0.4814560040831566,
  "adv_rel_l2_q75": 1.0321628749370575,
  "rel_l2_ratio_mean": 41.40847901215922,
  "rel_l2_ratio_ci95": 6.442668425237842,
  "rel_l2_ratio_median": 36.971001329461714,
  "rel_l2_ratio_q25": 31.049880609701216,
  "rel_l2_ratio_q75": 53.91579819773444,
  "clean_psnr_mean": 47.1319127269045,
  "clean_psnr_ci95": 2.0283044819018206,
  "clean_psnr_median": 49.327588281691995,
  "clean_psnr_q25": 44.581067068234006,
  "clean_psnr_q75": 51.06945811261156,
  "adv_psnr_mean": 15.790489347811917,
  "adv_psnr_ci95": 2.2303129180488437,
  "adv_psnr_median": 16.35354105570037,
  "adv_psnr_q25": 11.534051750617497,
  "adv_psnr_q75": 19.84762733234759,
  "clean_ssim_mean": 0.9906381179233497,
  "clean_ssim_ci95": 0.0028023495946297348,
  "clean_ssim_median": 0.9930798454018441,
  "clean_ssim_q25": 0.9895514022359697,
  "clean_ssim_q75": 0.9955441134270241,
  "adv_ssim_mean": 0.8623635626687451,
  "adv_ssim_ci95": 0.036332787457239966,
  "adv_ssim_median": 0.8915369235552999,
  "adv_ssim_q25": 0.8300835227988693,
  "adv_ssim_q75": 0.9290252434962807,
  "pred_shift_rel_l2_mean": 0.7863062312826514,
  "pred_shift_rel_l2_ci95": 0.13943675583987458,
  "pred_shift_rel_l2_median": 0.6816366016864777,
  "pred_shift_rel_l2_q25": 0.48237344622612,
  "pred_shift_rel_l2_q75": 1.0289273858070374,
  "init_shift_rel_l2_mean": 0.7934432551264763,
  "init_shift_rel_l2_ci95": 0.03281323785030062,
  "init_shift_rel_l2_median": 0.7827567756175995,
  "init_shift_rel_l2_q25": 0.7303599119186401,
  "init_shift_rel_l2_q75": 0.851243406534195,
  "delta_l2_mean": 11.208733655512333,
  "delta_l2_ci95": 2.444514350420209,
  "delta_l2_median": 8.08491039276123,
  "delta_l2_q25": 6.307934045791626,
  "delta_l2_q75": 16.099734783172607,
  "delta_linf_mean": 0.3152628825046122,
  "delta_linf_ci95": 0.07058558578620672,
  "delta_linf_median": 0.22051604092121124,
  "delta_linf_q25": 0.17781279981136322,
  "delta_linf_q75": 0.4339729845523834,
  "delta_mean_abs_mean": 0.040391353191807866,
  "delta_mean_abs_ci95": 0.008946420932667759,
  "delta_mean_abs_median": 0.028723182156682014,
  "delta_mean_abs_q25": 0.022571968846023083,
  "delta_mean_abs_q75": 0.058067972771823406,
  "delta_rel_l2_mean": 0.010000004534009569,
  "delta_rel_l2_ci95": 5.057855388764114e-10,
  "delta_rel_l2_median": 0.010000005109519726,
  "delta_rel_l2_q25": 0.010000003322184202,
  "delta_rel_l2_q75": 0.01000000562374791,
  "success_rel_l2_mean": 1.0,
  "success_rel_l2_ci95": 0.0,
  "success_rel_l2_median": 1.0,
  "success_rel_l2_q25": 1.0,
  "success_rel_l2_q75": 1.0,
  "success_mse_mean": 1.0,
  "success_mse_ci95": 0.0,
  "success_mse_median": 1.0,
  "success_mse_q25": 1.0,
  "success_mse_q75": 1.0,
  "clean_e_ran_l2_mean": 0.33419539453461766,
  "clean_e_ran_l2_ci95": 0.11959582308209402,
  "clean_e_ran_l2_median": 0.17974556982517242,
  "clean_e_ran_l2_q25": 0.13826953992247581,
  "clean_e_ran_l2_q75": 0.43325770646333694,
  "clean_e_nul_l2_mean": 0.35835759923793375,
  "clean_e_nul_l2_ci95": 0.18924519666797135,
  "clean_e_nul_l2_median": 0.13826829940080643,
  "clean_e_nul_l2_q25": 0.11053434759378433,
  "clean_e_nul_l2_q75": 0.3268044665455818,
  "clean_e_ran_frac_mean": 0.7534704359547861,
  "clean_e_ran_frac_ci95": 0.029563594853286156,
  "clean_e_ran_frac_median": 0.7836358928377829,
  "clean_e_ran_frac_q25": 0.7650061766215868,
  "clean_e_ran_frac_q75": 0.7977870131069958,
  "clean_e_nul_frac_mean": 0.6476754787368632,
  "clean_e_nul_frac_ci95": 0.026684294721857675,
  "clean_e_nul_frac_median": 0.6212197610367185,
  "clean_e_nul_frac_q25": 0.6029391995079499,
  "clean_e_nul_frac_q75": 0.6440229795556593,
  "adv_e_ran_l2_mean": 6.366844691336155,
  "adv_e_ran_l2_ci95": 1.756919937007402,
  "adv_e_ran_l2_median": 3.8004746437072754,
  "adv_e_ran_l2_q25": 3.0653560757637024,
  "adv_e_ran_l2_q75": 9.103970289230347,
  "adv_e_nul_l2_mean": 15.622158285230398,
  "adv_e_nul_l2_ci95": 4.988964614983077,
  "adv_e_nul_l2_median": 9.306617736816406,
  "adv_e_nul_l2_q25": 5.390715837478638,
  "adv_e_nul_l2_q75": 24.51381778717041,
  "adv_e_ran_frac_mean": 0.4374812904771623,
  "adv_e_ran_frac_ci95": 0.049022190892492566,
  "adv_e_ran_frac_median": 0.4687304747155286,
  "adv_e_ran_frac_q25": 0.31038068262517504,
  "adv_e_ran_frac_q75": 0.5361286527623881,
  "adv_e_nul_frac_mean": 0.8853083143408919,
  "adv_e_nul_frac_ci95": 0.025980779724611033,
  "adv_e_nul_frac_median": 0.8833403067504354,
  "adv_e_nul_frac_q25": 0.8441209196493648,
  "adv_e_nul_frac_q75": 0.9506123589113854,
  "attack_runtime_total_sec": 57.83710506185889,
  "attack_runtime_per_example_sec": 1.8074095331830904,
  "model_name": "resnet",
  "attack_name": "adam",
  "norm": "l2",
  "eps": 0.01,
  "eps_actual": 12.805586398406984,
  "eps_budget_mode": "per_sample_l2",
  "attack_init_mode": "exact",
  "eval_init_mode": "exact"
}