{
  "num_examples": 32,
  "gt_norm_mean": 22.48570889234543,
  "gt_norm_ci95": 3.7267142366218637,
  "gt_norm_median": 20.150904655456543,
  "gt_norm_q25": 16.28321075439453,
  "gt_norm_q75": 23.551395893096924,
  "clean_mse_mean": 0.07503052800893784,
  "clean_mse_ci95": 0.04452974944610082,
  "clean_mse_median": 0.032751645892858505,
  "clean_mse_q25": 0.02012743568047881,
  "clean_mse_q75": 0.06278177816420794,
  "adv_mse_mean": 0.0814082192373462,
  "adv_mse_ci95": 0.04985463692475685,
  "adv_mse_median": 0.034488942474126816,
  "adv_mse_q25": 0.02152925357222557,
  "adv_mse_q75": 0.06481375358998775,
  "mse_ratio_mean": 1.0771221860957105,
  "mse_ratio_ci95": 0.0126629348075597,
  "mse_ratio_median": 1.0718105759071128,
  "mse_ratio_q25": 1.0551099041874232,
  "mse_ratio_q75": 1.0961320914869543,
  "clean_rel_l2_mean": 1.2561786845326424,
  "clean_rel_l2_ci95": 0.0640374882603003,
  "clean_rel_l2_median": 1.225469172000885,
  "clean_rel_l2_q25": 1.1104506850242615,
  "clean_rel_l2_q75": 1.3366803526878357,
  "adv_rel_l2_mean": 1.3031532689929008,
  "adv_rel_l2_ci95": 0.06613751105501225,
  "adv_rel_l2_median": 1.2644383907318115,
  "adv_rel_l2_q25": 1.152519941329956,
  "adv_rel_l2_q75": 1.3764096796512604,
  "rel_l2_ratio_mean": 1.0377005914817237,
  "rel_l2_ratio_ci95": 0.006093988903267524,
  "rel_l2_ratio_median": 1.0352817183274536,
  "rel_l2_ratio_q25": 1.0271854801277405,
  "rel_l2_ratio_q75": 1.0469629906309947,
  "clean_psnr_mean": 10.117933035592303,
  "clean_psnr_ci95": 1.2892230908580953,
  "clean_psnr_median": 10.279858860575006,
  "clean_psnr_q25": 7.8088903407529555,
  "clean_psnr_q75": 13.257571736939362,
  "adv_psnr_mean": 9.797699010785148,
  "adv_psnr_ci95": 1.2835867397875254,
  "adv_psnr_median": 10.126736406581447,
  "adv_psnr_q25": 7.461331957991057,
  "adv_psnr_q75": 12.792997251408133,
  "clean_ssim_mean": 0.05790533329115139,
  "clean_ssim_ci95": 0.002717853425959544,
  "clean_ssim_median": 0.05736918270219406,
  "clean_ssim_q25": 0.05401710889742473,
  "clean_ssim_q75": 0.06294109070401308,
  "adv_ssim_mean": 0.04805741447879384,
  "adv_ssim_ci95": 0.003055840765339642,
  "adv_ssim_median": 0.04690749999114944,
  "adv_ssim_q25": 0.04306830060054707,
  "adv_ssim_q75": 0.05384780420776726,
  "clean_mae_mean": 0.17822798434644938,
  "clean_mae_ci95": 0.040403309387756235,
  "clean_mae_median": 0.14010406285524368,
  "clean_mae_q25": 0.1092972420156002,
  "clean_mae_q75": 0.19400688633322716,
  "adv_mae_mean": 0.18535115593113005,
  "adv_mae_ci95": 0.04252295234241036,
  "adv_mae_median": 0.14396148920059204,
  "adv_mae_q25": 0.11315321549773216,
  "adv_mae_q75": 0.198627520352602,
  "clean_nrmse_mean": 0.3428332367782697,
  "clean_nrmse_ci95": 0.056964340478248,
  "clean_nrmse_median": 0.30678963326641207,
  "clean_nrmse_q25": 0.21733336954794127,
  "clean_nrmse_q75": 0.4069671668277296,
  "adv_nrmse_mean": 0.3555704584085847,
  "adv_nrmse_ci95": 0.0593423796237785,
  "adv_nrmse_median": 0.31214924245048425,
  "adv_nrmse_q25": 0.22929132129228982,
  "adv_nrmse_q75": 0.4236183083390258,
  "clean_max_err_mean": 1.070324175991118,
  "clean_max_err_ci95": 0.2362914710135724,
  "clean_max_err_median": 0.8442934155464172,
  "clean_max_err_q25": 0.6868633329868317,
  "clean_max_err_q75": 1.166927456855774,
  "adv_max_err_mean": 1.1387222819030285,
  "adv_max_err_ci95": 0.23978871456186274,
  "adv_max_err_median": 0.9131747484207153,
  "adv_max_err_q25": 0.7462831288576126,
  "adv_max_err_q75": 1.2157824039459229,
  "clean_init_rel_l2_mean": 1.2768600173294544,
  "clean_init_rel_l2_ci95": 0.06145374216922123,
  "clean_init_rel_l2_median": 1.2511871457099915,
  "clean_init_rel_l2_q25": 1.1422662138938904,
  "clean_init_rel_l2_q75": 1.357904314994812,
  "adv_init_rel_l2_mean": 1.3130647838115692,
  "adv_init_rel_l2_ci95": 0.06062514167387843,
  "adv_init_rel_l2_median": 1.280148446559906,
  "adv_init_rel_l2_q25": 1.166225641965866,
  "adv_init_rel_l2_q75": 1.3837994635105133,
  "init_rel_l2_ratio_mean": 1.0291843113751853,
  "init_rel_l2_ratio_ci95": 0.005963509200130793,
  "init_rel_l2_ratio_median": 1.0267874954038438,
  "init_rel_l2_ratio_q25": 1.0176693972399584,
  "init_rel_l2_ratio_q75": 1.040674621617108,
  "clean_init_psnr_mean": 9.966758356110383,
  "clean_init_psnr_ci95": 1.2678164241493421,
  "clean_init_psnr_median": 10.044764355147933,
  "clean_init_psnr_q25": 7.77267796280662,
  "clean_init_psnr_q75": 12.971222698647555,
  "adv_init_psnr_mean": 9.71806742425463,
  "adv_init_psnr_ci95": 1.2488297929932268,
  "adv_init_psnr_median": 9.972858406334852,
  "adv_init_psnr_q25": 7.435463245342564,
  "adv_init_psnr_q75": 12.679137090409288,
  "clean_init_ssim_mean": 0.045894530813646195,
  "clean_init_ssim_ci95": 0.0029810721766441116,
  "clean_init_ssim_median": 0.04412002243173,
  "clean_init_ssim_q25": 0.0400464820982077,
  "clean_init_ssim_q75": 0.05181353231477137,
  "adv_init_ssim_mean": 0.042996733278513735,
  "adv_init_ssim_ci95": 0.0027894773993740224,
  "adv_init_ssim_median": 0.040457150663643554,
  "adv_init_ssim_q25": 0.038559321490875716,
  "adv_init_ssim_q75": 0.04867496694692526,
  "clean_init_mae_mean": 0.18155068787746131,
  "clean_init_mae_ci95": 0.040424957000169584,
  "clean_init_mae_median": 0.1451817750930786,
  "clean_init_mae_q25": 0.11259804293513298,
  "clean_init_mae_q75": 0.19700151309370995,
  "adv_init_mae_mean": 0.1865012648049742,
  "adv_init_mae_ci95": 0.04111671505086697,
  "adv_init_mae_median": 0.14759352058172226,
  "adv_init_mae_q25": 0.11584283225238323,
  "adv_init_mae_q75": 0.19848421961069107,
  "pred_shift_rel_l2_mean": 0.2428942178376019,
  "pred_shift_rel_l2_ci95": 0.009939534680925032,
  "pred_shift_rel_l2_median": 0.2395615577697754,
  "pred_shift_rel_l2_q25": 0.23250219598412514,
  "pred_shift_rel_l2_q75": 0.2446610927581787,
  "init_shift_rel_l2_mean": 0.22578443959355354,
  "init_shift_rel_l2_ci95": 0.004697589240125424,
  "init_shift_rel_l2_median": 0.2295176312327385,
  "init_shift_rel_l2_q25": 0.2200312688946724,
  "init_shift_rel_l2_q75": 0.2334374040365219,
  "delta_l2_mean": 7.179181776940823,
  "delta_l2_ci95": 1.6347588616358972,
  "delta_l2_median": 5.582418441772461,
  "delta_l2_q25": 4.403505921363831,
  "delta_l2_q75": 7.75623095035553,
  "delta_linf_mean": 0.2427402213215828,
  "delta_linf_ci95": 0.05342759919176539,
  "delta_linf_median": 0.1962433084845543,
  "delta_linf_q25": 0.1542949378490448,
  "delta_linf_q75": 0.2410278432071209,
  "delta_mean_abs_mean": 0.026290932582924142,
  "delta_mean_abs_ci95": 0.0060499620224327005,
  "delta_mean_abs_median": 0.020695483312010765,
  "delta_mean_abs_q25": 0.016109072603285313,
  "delta_mean_abs_q75": 0.028710649348795414,
  "delta_rel_l2_mean": 0.005000000613016764,
  "delta_rel_l2_ci95": 1.6614103953979063e-10,
  "delta_rel_l2_median": 0.005000000540027529,
  "delta_rel_l2_q25": 0.005000000281289253,
  "delta_rel_l2_q75": 0.005000000847602743,
  "success_rel_l2_mean": 0.0,
  "success_rel_l2_ci95": 0.0,
  "success_rel_l2_median": 0.0,
  "success_rel_l2_q25": 0.0,
  "success_rel_l2_q75": 0.0,
  "success_mse_mean": 0.0,
  "success_mse_ci95": 0.0,
  "success_mse_median": 0.0,
  "success_mse_q25": 0.0,
  "success_mse_q75": 0.0,
  "clean_e_ran_l2_mean": 29.473533749580383,
  "clean_e_ran_l2_ci95": 6.680372437436268,
  "clean_e_ran_l2_median": 23.156664848327637,
  "clean_e_ran_l2_q25": 18.157376766204834,
  "clean_e_ran_l2_q75": 32.05737113952637,
  "clean_e_nul_l2_mean": 0.39166899328120053,
  "clean_e_nul_l2_ci95": 0.20359174983594364,
  "clean_e_nul_l2_median": 0.22786159068346024,
  "clean_e_nul_l2_q25": 0.15035904571413994,
  "clean_e_nul_l2_q75": 0.39371372759342194,
  "clean_e_ran_frac_mean": 0.999921482436053,
  "clean_e_ran_frac_ci95": 3.55785716482393e-05,
  "clean_e_ran_frac_median": 0.9999636818282296,
  "clean_e_ran_frac_q25": 0.999920868281627,
  "clean_e_ran_frac_q75": 0.9999725439696822,
  "clean_e_nul_frac_mean": 0.011028568462356713,
  "clean_e_nul_frac_ci95": 0.002094095715502086,