{
  "num_examples": 32,
  "gt_norm_mean": 19.554032936692238,
  "gt_norm_ci95": 3.175656556464896,
  "gt_norm_median": 19.43148136138916,
  "gt_norm_q25": 13.664082050323486,
  "gt_norm_q75": 22.861806869506836,
  "clean_mse_mean": 0.0010473749416632927,
  "clean_mse_ci95": 0.000298399623242184,
  "clean_mse_median": 0.0009859981655608863,
  "clean_mse_q25": 0.00040942976193036884,
  "clean_mse_q75": 0.0013247384340502322,
  "adv_mse_mean": 0.0010473429476860474,
  "adv_mse_ci95": 0.0002983685301966921,
  "adv_mse_median": 0.0009860335267148912,
  "adv_mse_q25": 0.00040945279761217535,
  "adv_mse_q75": 0.0013248079048935324,
  "mse_ratio_mean": 0.9999988120514334,
  "mse_ratio_ci95": 2.0193475639930634e-05,
  "mse_ratio_median": 1.00000507120934,
  "mse_ratio_q25": 0.9999754625288777,
  "mse_ratio_q75": 1.0000306697476113,
  "clean_rel_l2_mean": 0.19651426142081618,
  "clean_rel_l2_ci95": 0.009461751545814934,
  "clean_rel_l2_median": 0.2037706971168518,
  "clean_rel_l2_q25": 0.18412325903773308,
  "clean_rel_l2_q75": 0.21153900027275085,
  "adv_rel_l2_mean": 0.19651417015120387,
  "adv_rel_l2_ci95": 0.00946189690713428,
  "adv_rel_l2_median": 0.20377469807863235,
  "adv_rel_l2_q25": 0.18412117660045624,
  "adv_rel_l2_q75": 0.21153758466243744,
  "rel_l2_ratio_mean": 0.9999993963183798,
  "rel_l2_ratio_ci95": 1.0100407931005776e-05,
  "rel_l2_ratio_median": 1.000002483775104,
  "rel_l2_ratio_q25": 0.9999876729156063,
  "rel_l2_ratio_q75": 1.0000152548776473,
  "clean_psnr_mean": 27.11650159966115,
  "clean_psnr_ci95": 0.62559645573846,
  "clean_psnr_median": 27.185794698910463,
  "clean_psnr_q25": 26.167428607357007,
  "clean_psnr_q75": 28.41095740100944,
  "adv_psnr_mean": 27.116506744462605,
  "adv_psnr_ci95": 0.6255519787352598,
  "adv_psnr_median": 27.185704963921864,
  "adv_psnr_q25": 26.167389106318353,
  "adv_psnr_q75": 28.411037300770992,
  "clean_ssim_mean": 0.5808751430833394,
  "clean_ssim_ci95": 0.035447806276140366,
  "clean_ssim_median": 0.5748355816036563,
  "clean_ssim_q25": 0.5349292381303041,
  "clean_ssim_q75": 0.6400110125218205,
  "adv_ssim_mean": 0.580854436311412,
  "adv_ssim_ci95": 0.03545816830585904,
  "adv_ssim_median": 0.5747938055025028,
  "adv_ssim_q25": 0.534965823913742,
  "adv_ssim_q75": 0.6400458930033541,
  "pred_shift_rel_l2_mean": 0.00046853280309733236,
  "pred_shift_rel_l2_ci95": 3.395907104542588e-05,
  "pred_shift_rel_l2_median": 0.0004686981119448319,
  "pred_shift_rel_l2_q25": 0.0004138528020121157,
  "pred_shift_rel_l2_q75": 0.0005415509076556191,
  "init_shift_rel_l2_mean": 0.0005415815894593834,
  "init_shift_rel_l2_ci95": 6.933454027282826e-05,
  "init_shift_rel_l2_median": 0.0005229346279520541,
  "init_shift_rel_l2_q25": 0.000414808135246858,
  "init_shift_rel_l2_q75": 0.0006094776326790452,
  "delta_l2_mean": 0.00017589238041182398,
  "delta_l2_ci95": 9.012437561385806e-07,
  "delta_l2_median": 0.00017534858488943428,
  "delta_l2_q25": 0.00017408103667548858,
  "delta_l2_q75": 0.00017698058218229562,
  "delta_linf_mean": 6.112328264862299e-06,
  "delta_linf_ci95": 1.6815259915698682e-07,
  "delta_linf_median": 5.8724544942379e-06,
  "delta_linf_q25": 5.7220458984375e-06,
  "delta_linf_q75": 6.313435733318329e-06,
  "delta_mean_abs_mean": 5.565021838904727e-07,
  "delta_mean_abs_ci95": 6.885068081204834e-09,
  "delta_mean_abs_median": 5.616890916826378e-07,
  "delta_mean_abs_q25": 5.559079738759465e-07,
  "delta_mean_abs_q75": 5.647722929325028e-07,
  "delta_rel_l2_mean": 2.103159433168891e-07,
  "delta_rel_l2_ci95": 4.4058157473529346e-08,
  "delta_rel_l2_median": 1.6622471552825958e-07,
  "delta_rel_l2_q25": 1.3577994166822393e-07,
  "delta_rel_l2_q75": 2.3173841706370758e-07,
  "success_rel_l2_mean": 0.0,
  "success_rel_l2_ci95": 0.0,
  "success_rel_l2_median": 0.0,
  "success_rel_l2_q25": 0.0,
  "success_rel_l2_q75": 0.0,
  "success_mse_mean": 0.0,
  "success_mse_ci95": 0.0,
  "success_mse_median": 0.0,
  "success_mse_q25": 0.0,
  "success_mse_q75": 0.0,
  "clean_e_ran_l2_mean": 3.581054288893938,
  "clean_e_ran_l2_ci95": 0.5597162650436259,
  "clean_e_ran_l2_median": 3.7805742025375366,
  "clean_e_ran_l2_q25": 2.448037326335907,
  "clean_e_ran_l2_q75": 4.389663934707642,
  "clean_e_nul_l2_mean": 1.2661130167543888,
  "clean_e_nul_l2_ci95": 0.15944514679865482,
  "clean_e_nul_l2_median": 1.3051055073738098,
  "clean_e_nul_l2_q25": 0.8412877023220062,
  "clean_e_nul_l2_q75": 1.5810065269470215,
  "clean_e_ran_frac_mean": 0.9334280076694154,
  "clean_e_ran_frac_ci95": 0.011186896218214375,
  "clean_e_ran_frac_median": 0.9430181291629689,
  "clean_e_ran_frac_q25": 0.9303964967360996,
  "clean_e_ran_frac_q75": 0.9519808260731213,
  "clean_e_nul_frac_mean": 0.3506647956885295,
  "clean_e_nul_frac_ci95": 0.024227145567034886,
  "clean_e_nul_frac_median": 0.3327406824531412,
  "clean_e_nul_frac_q25": 0.30615528481501153,
  "clean_e_nul_frac_q75": 0.366551534370289,
  "adv_e_ran_l2_mean": 3.581015180796385,
  "adv_e_ran_l2_ci95": 0.5596870775075866,
  "adv_e_ran_l2_median": 3.780612587928772,
  "adv_e_ran_l2_q25": 2.448096454143524,
  "adv_e_ran_l2_q75": 4.389609456062317,
  "adv_e_nul_l2_mean": 1.2661268338561058,
  "adv_e_nul_l2_ci95": 0.1594391223086646,
  "adv_e_nul_l2_median": 1.3050959706306458,
  "adv_e_nul_l2_q25": 0.8413411527872086,
  "adv_e_nul_l2_q75": 1.5809774696826935,
  "adv_e_ran_frac_mean": 0.9334240065259346,
  "adv_e_ran_frac_ci95": 0.011189498870381641,
  "adv_e_ran_frac_median": 0.9430154260072229,
  "adv_e_ran_frac_q25": 0.9304048687095562,
  "adv_e_ran_frac_q75": 0.9519795040087362,
  "adv_e_nul_frac_mean": 0.35067267428607013,
  "adv_e_nul_frac_ci95": 0.02423095803083111,
  "adv_e_nul_frac_median": 0.3327485444256635,
  "adv_e_nul_frac_q25": 0.3061595508423218,
  "adv_e_nul_frac_q75": 0.3665304161501678,
  "attack_runtime_total_sec": 4069.387288071215,
  "attack_runtime_per_example_sec": 127.16835275222547,
  "model_name": "nsn",
  "attack_name": "adam",
  "norm": "l2",
  "eps": 0.2,
  "eps_actual": 255.38500640136718,
  "eps_budget_mode": "per_sample_l2",
  "attack_init_mode": "exact",
  "eval_init_mode": "exact"
}