{
  "num_examples": 32,
  "gt_norm_mean": 19.554032936692238,
  "gt_norm_ci95": 3.175656556464896,
  "gt_norm_median": 19.43148136138916,
  "gt_norm_q25": 13.664082050323486,
  "gt_norm_q75": 22.861806869506836,
  "clean_mse_mean": 0.0010473749416632927,
  "clean_mse_ci95": 0.000298399623242184,
  "clean_mse_median": 0.0009859981655608863,
  "clean_mse_q25": 0.00040942976193036884,
  "clean_mse_q75": 0.0013247384340502322,
  "adv_mse_mean": 0.0010473421418737416,
  "adv_mse_ci95": 0.000298367411762162,
  "adv_mse_median": 0.000986031285719946,
  "adv_mse_q25": 0.00040945268847281113,
  "adv_mse_q75": 0.0013248046743683517,
  "mse_ratio_mean": 0.9999997337280264,
  "mse_ratio_ci95": 2.0756838650780575e-05,
  "mse_ratio_median": 1.0000080848335036,
  "mse_ratio_q25": 0.9999747522325568,
  "mse_ratio_q75": 1.000032949553748,
  "clean_rel_l2_mean": 0.19651426142081618,
  "clean_rel_l2_ci95": 0.009461751545814934,
  "clean_rel_l2_median": 0.2037706971168518,
  "clean_rel_l2_q25": 0.18412325903773308,
  "clean_rel_l2_q75": 0.21153900027275085,
  "adv_rel_l2_mean": 0.1965142311528325,
  "adv_rel_l2_ci95": 0.009461838501467723,
  "adv_rel_l2_median": 0.20377428829669952,
  "adv_rel_l2_q25": 0.18412122502923012,
  "adv_rel_l2_q75": 0.21153782308101654,
  "rel_l2_ratio_mean": 0.9999998595390679,
  "rel_l2_ratio_ci95": 1.0381333112819536e-05,
  "rel_l2_ratio_median": 1.0000040647060306,
  "rel_l2_ratio_q25": 0.9999874321240914,
  "rel_l2_ratio_q75": 1.0000165135054544,
  "clean_psnr_mean": 27.11650159966115,
  "clean_psnr_ci95": 0.62559645573846,
  "clean_psnr_median": 27.185794698910463,
  "clean_psnr_q25": 26.167428607357007,
  "clean_psnr_q75": 28.41095740100944,
  "adv_psnr_mean": 27.116502721766253,
  "adv_psnr_ci95": 0.6255513976769476,
  "adv_psnr_median": 27.185702430609293,
  "adv_psnr_q25": 26.16733063910895,
  "adv_psnr_q75": 28.411031980730158,
  "clean_ssim_mean": 0.5808751430833394,
  "clean_ssim_ci95": 0.035447806276140366,
  "clean_ssim_median": 0.5748355816036563,
  "clean_ssim_q25": 0.5349292381303041,
  "clean_ssim_q75": 0.6400110125218205,
  "adv_ssim_mean": 0.5808527881697259,
  "adv_ssim_ci95": 0.03545746657523621,
  "adv_ssim_median": 0.57479796441442,
  "adv_ssim_q25": 0.5349361122953907,
  "adv_ssim_q75": 0.6400389248072078,
  "pred_shift_rel_l2_mean": 0.0004691015719799907,
  "pred_shift_rel_l2_ci95": 3.4071447340012194e-05,
  "pred_shift_rel_l2_median": 0.00046582055801991373,
  "pred_shift_rel_l2_q25": 0.0004113371032872237,
  "pred_shift_rel_l2_q75": 0.0005461491091409698,
  "init_shift_rel_l2_mean": 0.0005415821260612574,
  "init_shift_rel_l2_ci95": 6.933474368401577e-05,
  "init_shift_rel_l2_median": 0.000522932066814974,
  "init_shift_rel_l2_q25": 0.0004148059742874466,
  "init_shift_rel_l2_q75": 0.0006094815180404112,
  "delta_l2_mean": 0.00017629610738367774,
  "delta_l2_ci95": 8.739637059440762e-07,
  "delta_l2_median": 0.00017586381727596745,
  "delta_l2_q25": 0.00017464037227910012,
  "delta_l2_q75": 0.00017749557810020633,
  "delta_linf_mean": 6.492351531051099e-06,
  "delta_linf_ci95": 2.458094356520104e-07,
  "delta_linf_median": 6.470829248428345e-06,
  "delta_linf_q25": 5.8372970670461655e-06,
  "delta_linf_q75": 6.824033334851265e-06,
  "delta_mean_abs_mean": 5.573938999248185e-07,
  "delta_mean_abs_ci95": 6.561222258138912e-09,
  "delta_mean_abs_median": 5.626303334338445e-07,
  "delta_mean_abs_q25": 5.576282120500764e-07,
  "delta_mean_abs_q75": 5.654841572777514e-07,
  "delta_rel_l2_mean": 2.1082996504109102e-07,
  "delta_rel_l2_ci95": 4.4180136275174005e-08,
  "delta_rel_l2_median": 1.6599040743937506e-07,
  "delta_rel_l2_q25": 1.3687919502627436e-07,
  "delta_rel_l2_q75": 2.3202158425202672e-07,
  "success_rel_l2_mean": 0.0,
  "success_rel_l2_ci95": 0.0,
  "success_rel_l2_median": 0.0,
  "success_rel_l2_q25": 0.0,
  "success_rel_l2_q75": 0.0,
  "success_mse_mean": 0.0,
  "success_mse_ci95": 0.0,
  "success_mse_median": 0.0,
  "success_mse_q25": 0.0,
  "success_mse_q75": 0.0,
  "clean_e_ran_l2_mean": 3.581054288893938,
  "clean_e_ran_l2_ci95": 0.5597162650436259,
  "clean_e_ran_l2_median": 3.7805742025375366,
  "clean_e_ran_l2_q25": 2.448037326335907,
  "clean_e_ran_l2_q75": 4.389663934707642,
  "clean_e_nul_l2_mean": 1.2661130167543888,
  "clean_e_nul_l2_ci95": 0.15944514679865482,
  "clean_e_nul_l2_median": 1.3051055073738098,
  "clean_e_nul_l2_q25": 0.8412877023220062,
  "clean_e_nul_l2_q75": 1.5810065269470215,
  "clean_e_ran_frac_mean": 0.9334280076694154,
  "clean_e_ran_frac_ci95": 0.011186896218214375,
  "clean_e_ran_frac_median": 0.9430181291629689,
  "clean_e_ran_frac_q25": 0.9303964967360996,
  "clean_e_ran_frac_q75": 0.9519808260731213,
  "clean_e_nul_frac_mean": 0.3506647956885295,
  "clean_e_nul_frac_ci95": 0.024227145567034886,
  "clean_e_nul_frac_median": 0.3327406824531412,
  "clean_e_nul_frac_q25": 0.30615528481501153,
  "clean_e_nul_frac_q75": 0.366551534370289,
  "adv_e_ran_l2_mean": 3.5810157768428326,
  "adv_e_ran_l2_ci95": 0.5596858358784625,
  "adv_e_ran_l2_median": 3.7806090116500854,
  "adv_e_ran_l2_q25": 2.448098838329315,
  "adv_e_ran_l2_q75": 4.389623761177063,
  "adv_e_nul_l2_mean": 1.2661248873919249,
  "adv_e_nul_l2_ci95": 0.1594388324398794,
  "adv_e_nul_l2_median": 1.3050944209098816,
  "adv_e_nul_l2_q25": 0.84134741127491,
  "adv_e_nul_l2_q75": 1.580942988395691,
  "adv_e_ran_frac_mean": 0.9334242260277725,
  "adv_e_ran_frac_ci95": 0.01118959397961357,
  "adv_e_ran_frac_median": 0.9430151353575245,
  "adv_e_ran_frac_q25": 0.9304032215087639,
  "adv_e_ran_frac_q75": 0.9519794368123891,
  "adv_e_nul_frac_mean": 0.35067198299554075,
  "adv_e_nul_frac_ci95": 0.024231146325604993,
  "adv_e_nul_frac_median": 0.3327493264274136,
  "adv_e_nul_frac_q25": 0.3061594442581886,
  "adv_e_nul_frac_q75": 0.36653473271867115,
  "attack_runtime_total_sec": 4069.325031131506,
  "attack_runtime_per_example_sec": 127.16640722285956,
  "model_name": "nsn",
  "attack_name": "adam",
  "norm": "l2",
  "eps": 0.05,
  "eps_actual": 63.846251600341795,
  "eps_budget_mode": "per_sample_l2",
  "attack_init_mode": "exact",
  "eval_init_mode": "exact"
}