{
  "num_examples": 32,
  "gt_norm_mean": 19.554032936692238,
  "gt_norm_ci95": 3.175656556464896,
  "gt_norm_median": 19.43148136138916,
  "gt_norm_q25": 13.664082050323486,
  "gt_norm_q75": 22.861806869506836,
  "clean_mse_mean": 9.142003378315167e-06,
  "clean_mse_ci95": 2.5528174298543775e-06,
  "clean_mse_median": 6.865635896247113e-06,
  "clean_mse_q25": 4.33554919254675e-06,
  "clean_mse_q75": 1.1853206842715736e-05,
  "adv_mse_mean": 0.0013719277931159013,
  "adv_mse_ci95": 0.0011246526695831587,
  "adv_mse_median": 0.0002661307080416009,
  "adv_mse_q25": 9.704268268251326e-05,
  "adv_mse_q75": 0.0008855876221787184,
  "mse_ratio_mean": 106.19157968689807,
  "mse_ratio_ci95": 55.313943977293555,
  "mse_ratio_median": 43.62264115821182,
  "mse_ratio_q25": 20.867417883232992,
  "mse_ratio_q75": 115.02396294444034,
  "clean_rel_l2_mean": 0.019411705958191305,
  "clean_rel_l2_ci95": 0.001877143722838397,
  "clean_rel_l2_median": 0.018151484429836273,
  "clean_rel_l2_q25": 0.015882522333413363,
  "clean_rel_l2_q75": 0.020816242322325706,
  "adv_rel_l2_mean": 0.1465505490778014,
  "adv_rel_l2_ci95": 0.028508270706682576,
  "adv_rel_l2_median": 0.1266525387763977,
  "adv_rel_l2_q25": 0.08849015645682812,
  "adv_rel_l2_q75": 0.19243576377630234,
  "rel_l2_ratio_mean": 8.409344154160006,
  "rel_l2_ratio_ci95": 2.096685620540668,
  "rel_l2_ratio_median": 6.603697227782315,
  "rel_l2_ratio_q25": 4.528529332572825,
  "rel_l2_ratio_q75": 10.724491748775685,
  "clean_psnr_mean": 47.41716506966145,
  "clean_psnr_ci95": 0.8242574843526868,
  "clean_psnr_median": 48.24702502811121,
  "clean_psnr_q25": 45.344993989811,
  "clean_psnr_q75": 49.073431291758716,
  "adv_psnr_mean": 30.868487812289988,
  "adv_psnr_ci95": 2.3684844010503903,
  "adv_psnr_median": 31.267812109713823,
  "adv_psnr_q25": 25.201836764231082,
  "adv_psnr_q75": 34.67506852186154,
  "clean_ssim_mean": 0.9906714820205786,
  "clean_ssim_ci95": 0.0016415516546320666,
  "clean_ssim_median": 0.9917016074029357,
  "clean_ssim_q25": 0.989259551102293,
  "clean_ssim_q75": 0.9940804794582908,
  "adv_ssim_mean": 0.9686719167184488,
  "adv_ssim_ci95": 0.013331507856012316,
  "adv_ssim_median": 0.9852061152066185,
  "adv_ssim_q25": 0.9650060479392881,
  "adv_ssim_q75": 0.9911110704350247,
  "pred_shift_rel_l2_mean": 0.1418022345751524,
  "pred_shift_rel_l2_ci95": 0.029338613958081627,
  "pred_shift_rel_l2_median": 0.12326909601688385,
  "pred_shift_rel_l2_q25": 0.08363551646471024,
  "pred_shift_rel_l2_q75": 0.1886364258825779,
  "init_shift_rel_l2_mean": 0.020728253584820777,
  "init_shift_rel_l2_ci95": 0.0012633373560031063,
  "init_shift_rel_l2_median": 0.01986372470855713,
  "init_shift_rel_l2_q25": 0.018420156091451645,
  "init_shift_rel_l2_q75": 0.022752792108803988,
  "delta_l2_mean": 5.79192278906703,
  "delta_l2_ci95": 1.290547658645054,
  "delta_l2_median": 5.269058704376221,
  "delta_l2_q25": 3.7925589084625244,
  "delta_l2_q75": 6.462363123893738,
  "delta_linf_mean": 0.12906127702444792,
  "delta_linf_ci95": 0.026680519103528266,
  "delta_linf_median": 0.11211872100830078,
  "delta_linf_q25": 0.08872273564338684,
  "delta_linf_q75": 0.14207887649536133,
  "delta_mean_abs_mean": 0.019640121980046388,
  "delta_mean_abs_ci95": 0.00470611079825527,
  "delta_mean_abs_median": 0.017201830632984638,
  "delta_mean_abs_q25": 0.01212182966992259,
  "delta_mean_abs_q75": 0.02189684472978115,
  "delta_rel_l2_mean": 0.005000002636543727,
  "delta_rel_l2_ci95": 2.624515310221483e-10,
  "delta_rel_l2_median": 0.00500000263331879,
  "delta_rel_l2_q25": 0.005000002201690034,
  "delta_rel_l2_q75": 0.005000003025511962,
  "success_rel_l2_mean": 1.0,
  "success_rel_l2_ci95": 0.0,
  "success_rel_l2_median": 1.0,
  "success_rel_l2_q25": 1.0,
  "success_rel_l2_q75": 1.0,
  "success_mse_mean": 1.0,
  "success_mse_ci95": 0.0,
  "success_mse_median": 1.0,
  "success_mse_q25": 1.0,
  "success_mse_q75": 1.0,
  "clean_e_ran_l2_mean": 0.27798344218172133,
  "clean_e_ran_l2_ci95": 0.04226609194439555,
  "clean_e_ran_l2_median": 0.2603345811367035,
  "clean_e_ran_l2_q25": 0.1800968460738659,
  "clean_e_ran_l2_q75": 0.334165059030056,
  "clean_e_nul_l2_mean": 0.22604267485439777,
  "clean_e_nul_l2_ci95": 0.02944604056691479,
  "clean_e_nul_l2_median": 0.21390778571367264,
  "clean_e_nul_l2_q25": 0.17324862629175186,
  "clean_e_nul_l2_q75": 0.282314732670784,
  "clean_e_ran_frac_mean": 0.7672518466975085,
  "clean_e_ran_frac_ci95": 0.01642934795271839,
  "clean_e_ran_frac_median": 0.766944670556619,
  "clean_e_ran_frac_q25": 0.7443410885489925,
  "clean_e_ran_frac_q75": 0.8041779446525601,
  "clean_e_nul_frac_mean": 0.6374899324735304,
  "clean_e_nul_frac_ci95": 0.018470706952165617,
  "clean_e_nul_frac_median": 0.6417086235619245,
  "clean_e_nul_frac_q25": 0.5943866200630952,
  "clean_e_nul_frac_q75": 0.667797378301997,
  "adv_e_ran_l2_mean": 1.9672181638889015,
  "adv_e_ran_l2_ci95": 0.9110866696630076,
  "adv_e_ran_l2_median": 1.0295770764350891,
  "adv_e_ran_l2_q25": 0.6525007039308548,
  "adv_e_ran_l2_q75": 1.755864292383194,
  "adv_e_nul_l2_mean": 2.5825437866151333,
  "adv_e_nul_l2_ci95": 0.8058112993462755,
  "adv_e_nul_l2_median": 1.8743287324905396,
  "adv_e_nul_l2_q25": 1.0754757523536682,
  "adv_e_nul_l2_q75": 3.372438371181488,
  "adv_e_ran_frac_mean": 0.5417751419091557,
  "adv_e_ran_frac_ci95": 0.04245083858984169,
  "adv_e_ran_frac_median": 0.514352195835118,
  "adv_e_ran_frac_q25": 0.4494797580282506,
  "adv_e_ran_frac_q75": 0.6048526269138763,
  "adv_e_nul_frac_mean": 0.8267676882642239,
  "adv_e_nul_frac_ci95": 0.032250438970224865,
  "adv_e_nul_frac_median": 0.8575650406702247,
  "adv_e_nul_frac_q25": 0.7962572988274302,
  "adv_e_nul_frac_q75": 0.8932848785053467,
  "attack_runtime_total_sec": 1130.1555652320385,
  "attack_runtime_per_example_sec": 35.3173614135012,
  "model_name": "resnet",
  "attack_name": "adam",
  "norm": "l2",
  "eps": 0.005,
  "eps_actual": 6.3846251600341795,
  "eps_budget_mode": "per_sample_l2",
  "attack_init_mode": "exact",
  "eval_init_mode": "exact"
}