{
  "num_examples": 32,
  "gt_norm_mean": 21.939702212810516,
  "gt_norm_ci95": 3.9247519621992337,
  "gt_norm_median": 20.571069717407227,
  "gt_norm_q25": 14.864426374435425,
  "gt_norm_q75": 25.995609283447266,
  "clean_mse_mean": 0.012489894186728634,
  "clean_mse_ci95": 0.008646799125557776,
  "clean_mse_median": 0.005611394997686148,
  "clean_mse_q25": 0.002593012584839016,
  "clean_mse_q75": 0.012176325311884284,
  "adv_mse_mean": 0.023750323787680827,
  "adv_mse_ci95": 0.018718244370369737,
  "adv_mse_median": 0.009406039491295815,
  "adv_mse_q25": 0.004270391073077917,
  "adv_mse_q75": 0.02187852654606104,
  "mse_ratio_mean": 1.7224215749973004,
  "mse_ratio_ci95": 0.056172333982366984,
  "mse_ratio_median": 1.682649070119034,
  "mse_ratio_q25": 1.6114326075912575,
  "mse_ratio_q75": 1.7688619349258523,
  "clean_rel_l2_mean": 0.49675575736910105,
  "clean_rel_l2_ci95": 0.029992169105078247,
  "clean_rel_l2_median": 0.4736618548631668,
  "clean_rel_l2_q25": 0.4383295252919197,
  "clean_rel_l2_q75": 0.545915350317955,
  "adv_rel_l2_mean": 0.654182312078774,
  "adv_rel_l2_ci95": 0.048686326341414385,
  "adv_rel_l2_median": 0.6158671081066132,
  "adv_rel_l2_q25": 0.5668705701828003,
  "adv_rel_l2_q75": 0.7176718264818192,
  "rel_l2_ratio_mean": 1.311087253280859,
  "rel_l2_ratio_ci95": 0.020741779565515105,
  "rel_l2_ratio_median": 1.2971685600906546,
  "rel_l2_ratio_q25": 1.269421980825016,
  "rel_l2_ratio_q75": 1.3299855720680418,
  "clean_psnr_mean": 18.317877293833536,
  "clean_psnr_ci95": 1.4130127544769702,
  "clean_psnr_median": 18.943971967933134,
  "clean_psnr_q25": 15.254707800149957,
  "clean_psnr_q75": 21.06507564402597,
  "adv_psnr_mean": 15.973678766793888,
  "adv_psnr_ci95": 1.4905990377330818,
  "adv_psnr_median": 16.729525398641997,
  "adv_psnr_q25": 12.961619586397896,
  "adv_psnr_q75": 18.83176692980206,
  "clean_ssim_mean": 0.13311747625100523,
  "clean_ssim_ci95": 0.014336500698712597,
  "clean_ssim_median": 0.130721432340678,
  "clean_ssim_q25": 0.09961181380443576,
  "clean_ssim_q75": 0.15195746509134372,
  "adv_ssim_mean": 0.07873539375460274,
  "adv_ssim_ci95": 0.008889273282957499,
  "adv_ssim_median": 0.07806900859208113,
  "adv_ssim_q25": 0.05861906999291954,
  "adv_ssim_q75": 0.09033274553735252,
  "clean_mae_mean": 0.07004449452506378,
  "clean_mae_ci95": 0.017880978263907606,
  "clean_mae_median": 0.058120282366871834,
  "clean_mae_q25": 0.03941717278212309,
  "clean_mae_q75": 0.08488917723298073,
  "adv_mae_mean": 0.09289996477309614,
  "adv_mae_ci95": 0.02623360380237543,
  "adv_mae_median": 0.07440638542175293,
  "adv_mae_q25": 0.05017981957644224,
  "adv_mae_q75": 0.11152754910290241,
  "clean_nrmse_mean": 0.13703168557385273,
  "clean_nrmse_ci95": 0.028060961518899957,
  "clean_nrmse_median": 0.1129295861754557,
  "clean_nrmse_q25": 0.08847313323804548,
  "clean_nrmse_q75": 0.1726907136835969,
  "adv_nrmse_mean": 0.18287005841363263,
  "adv_nrmse_ci95": 0.04195443988850646,
  "adv_nrmse_median": 0.14573444985620093,
  "adv_nrmse_q25": 0.1144114362055583,
  "adv_nrmse_q75": 0.22490326082365011,
  "clean_max_err_mean": 0.4223327918443829,
  "clean_max_err_ci95": 0.10558955125708926,
  "clean_max_err_median": 0.3407019376754761,
  "clean_max_err_q25": 0.24020782485604286,
  "clean_max_err_q75": 0.5068585127592087,
  "adv_max_err_mean": 0.8313050288707018,
  "adv_max_err_ci95": 0.14537112806762278,
  "adv_max_err_median": 0.8350374400615692,
  "adv_max_err_q25": 0.5437943190336227,
  "adv_max_err_q75": 0.952333390712738,
  "clean_init_rel_l2_mean": 0.5536772310733795,
  "clean_init_rel_l2_ci95": 0.02506772902256389,
  "clean_init_rel_l2_median": 0.5395685136318207,
  "clean_init_rel_l2_q25": 0.5074928402900696,
  "clean_init_rel_l2_q75": 0.5876893401145935,
  "adv_init_rel_l2_mean": 0.6624694149941206,
  "adv_init_rel_l2_ci95": 0.02535038850248571,
  "adv_init_rel_l2_median": 0.6448513269424438,
  "adv_init_rel_l2_q25": 0.6204047352075577,
  "adv_init_rel_l2_q75": 0.704455241560936,
  "init_rel_l2_ratio_mean": 1.2004199493593242,
  "init_rel_l2_ratio_ci95": 0.01908483531234635,
  "init_rel_l2_ratio_median": 1.1962017450189568,
  "init_rel_l2_ratio_q25": 1.1668241046909582,
  "init_rel_l2_ratio_q75": 1.226053978169023,
  "clean_init_psnr_mean": 17.32811655528948,
  "clean_init_psnr_ci95": 1.277972040417629,
  "clean_init_psnr_median": 18.486651408331085,
  "clean_init_psnr_q25": 14.726242622631924,
  "clean_init_psnr_q75": 19.917953138892184,
  "adv_init_psnr_mean": 15.750326756488203,
  "adv_init_psnr_ci95": 1.2366494486909638,
  "adv_init_psnr_median": 16.606993606390482,
  "adv_init_psnr_q25": 13.084791702800505,
  "adv_init_psnr_q75": 18.26912308883123,
  "clean_init_ssim_mean": 0.089813785677639,
  "clean_init_ssim_ci95": 0.011960331601667429,
  "clean_init_ssim_median": 0.0773485782316394,
  "clean_init_ssim_q25": 0.06890477600312231,
  "clean_init_ssim_q75": 0.09774976727847494,
  "adv_init_ssim_mean": 0.06929364985985201,
  "adv_init_ssim_ci95": 0.007597141029044363,
  "adv_init_ssim_median": 0.06219758128923095,
  "adv_init_ssim_q25": 0.05621819089732809,
  "adv_init_ssim_q75": 0.07414651276660761,
  "clean_init_mae_mean": 0.07636199059197679,
  "clean_init_mae_ci95": 0.018004814122315953,
  "clean_init_mae_median": 0.06415321677923203,
  "clean_init_mae_q25": 0.04510226845741272,
  "clean_init_mae_q75": 0.09492911025881767,
  "adv_init_mae_mean": 0.0914476778707467,
  "adv_init_mae_ci95": 0.020953341081819416,
  "adv_init_mae_median": 0.07748892903327942,
  "adv_init_mae_q25": 0.05425820220261812,
  "adv_init_mae_q75": 0.11334490776062012,
  "pred_shift_rel_l2_mean": 0.38282193522900343,
  "pred_shift_rel_l2_ci95": 0.03101793828564902,
  "pred_shift_rel_l2_median": 0.35599085688591003,
  "pred_shift_rel_l2_q25": 0.33247771114110947,
  "pred_shift_rel_l2_q75": 0.41691654175519943,
  "init_shift_rel_l2_mean": 0.33891743421554565,
  "init_shift_rel_l2_ci95": 0.011029803028470916,
  "init_shift_rel_l2_median": 0.3404015153646469,
  "init_shift_rel_l2_q25": 0.3169880136847496,
  "init_shift_rel_l2_q75": 0.36717669665813446,
  "delta_l2_mean": 7.039358176290989,
  "delta_l2_ci95": 1.7856026999153825,
  "delta_l2_median": 5.9031267166137695,
  "delta_l2_q25": 3.9941447377204895,
  "delta_l2_q75": 8.413660764694214,
  "delta_linf_mean": 0.2290657612029463,
  "delta_linf_ci95": 0.05533177092713833,
  "delta_linf_median": 0.19086313247680664,
  "delta_linf_q25": 0.13704774901270866,
  "delta_linf_q75": 0.2759534940123558,
  "delta_mean_abs_mean": 0.025699444304336794,
  "delta_mean_abs_ci95": 0.006686750535360376,
  "delta_mean_abs_median": 0.02118540368974209,
  "delta_mean_abs_q25": 0.014623433584347367,
  "delta_mean_abs_q75": 0.030499344691634178,
  "delta_rel_l2_mean": 0.0050000015655760136,
  "delta_rel_l2_ci95": 2.8331420096591955e-10,
  "delta_rel_l2_median": 0.005000001502999805,
  "delta_rel_l2_q25": 0.005000000934916186,
  "delta_rel_l2_q75": 0.005000001962136831,
  "success_rel_l2_mean": 0.0,
  "success_rel_l2_ci95": 0.0,
  "success_rel_l2_median": 0.0,
  "success_rel_l2_q25": 0.0,
  "success_rel_l2_q75": 0.0,
  "success_mse_mean": 0.0625,
  "success_mse_ci95": 0.08521202209593091,
  "success_mse_median": 0.0,
  "success_mse_q25": 0.0,
  "success_mse_q75": 0.0,
  "clean_e_ran_l2_mean": 11.585059136152267,
  "clean_e_ran_l2_ci95": 2.9522027683146335,
  "clean_e_ran_l2_median": 9.58735990524292,
  "clean_e_ran_l2_q25": 6.517334222793579,
  "clean_e_ran_l2_q75": 14.115809202194214,
  "clean_e_nul_l2_mean": 0.1760684965411201,
  "clean_e_nul_l2_ci95": 0.08595035851411344,
  "clean_e_nul_l2_median": 0.12069869413971901,
  "clean_e_nul_l2_q25": 0.06746348924934864,
  "clean_e_nul_l2_q75": 0.158787090331316,
  "clean_e_ran_frac_mean": 0.9998980434856173,
  "clean_e_ran_frac_ci95": 3.5726665437752443e-05,
  "clean_e_ran_frac_median": 0.9999294756912683,
  "clean_e_ran_frac_q25": 0.9999068523086194,
  "clean_e_ran_frac_q75": 0.9999487736014766,
  "clean_e_nul_frac_mean": 0.013215718040903053,