{
  "num_examples": 32,
  "gt_norm_mean": 20.065786242485046,
  "gt_norm_ci95": 2.6439993761407936,
  "gt_norm_median": 18.550631523132324,
  "clean_mse_mean": 19.504284624010324,
  "clean_mse_ci95": 8.901575561772624,
  "clean_mse_median": 9.643728256225586,
  "adv_mse_mean": 22.393653392791748,
  "adv_mse_ci95": 9.418644160510677,
  "adv_mse_median": 11.991917133331299,
  "mse_ratio_mean": 1.2547325563274152,
  "mse_ratio_ci95": 0.04580144241878776,
  "mse_ratio_median": 1.2427550792326985,
  "clean_rel_l2_mean": 23.404385089874268,
  "clean_rel_l2_ci95": 1.4466901634052205,
  "clean_rel_l2_median": 21.632630348205566,
  "adv_rel_l2_mean": 26.006347179412842,
  "adv_rel_l2_ci95": 1.256169134474923,
  "adv_rel_l2_median": 24.682910919189453,
  "rel_l2_ratio_mean": 1.1187158626894227,
  "rel_l2_ratio_ci95": 0.01993647118539277,
  "rel_l2_ratio_median": 1.1147891155914904,
  "clean_psnr_mean": -14.326258762420618,
  "clean_psnr_ci95": 1.3685778043143835,
  "clean_psnr_median": -13.07460149136302,
  "adv_psnr_mean": -15.289859356121115,
  "adv_psnr_ci95": 1.2607662989590587,
  "adv_psnr_median": -14.049458139271671,
  "clean_ssim_mean": 0.0022781784367303585,
  "clean_ssim_ci95": 0.0006170280755123265,
  "clean_ssim_median": 0.002341633265503162,
  "adv_ssim_mean": 0.0018194783348149768,
  "adv_ssim_ci95": 0.0005087471738513586,
  "adv_ssim_median": 0.0017253088219283009,
  "pred_shift_rel_l2_mean": 0.14482552802655846,
  "pred_shift_rel_l2_ci95": 0.024747307331421643,
  "pred_shift_rel_l2_median": 0.1403350755572319,
  "init_shift_rel_l2_mean": 0.14483592950273305,
  "init_shift_rel_l2_ci95": 0.02474994051619983,
  "init_shift_rel_l2_median": 0.14033935219049454,
  "delta_l2_mean": 38.46024298667908,
  "delta_l2_ci95": 4.6730041503906244e-07,
  "delta_l2_median": 38.460243225097656,
  "delta_linf_mean": 0.832605142146349,
  "delta_linf_ci95": 0.028729777149071902,
  "delta_linf_median": 0.8183574676513672,
  "delta_mean_abs_mean": 0.14937485614791512,
  "delta_mean_abs_ci95": 8.755154855586613e-05,
  "delta_mean_abs_median": 0.14938219636678696,
  "delta_rel_l2_mean": 0.031273818990448156,
  "delta_rel_l2_ci95": 0.005088690792808108,
  "delta_rel_l2_median": 0.030213435578766802,
  "success_rel_l2_mean": 0.0,
  "success_rel_l2_ci95": 0.0,
  "success_rel_l2_median": 0.0,
  "success_mse_mean": 0.0,
  "success_mse_ci95": 0.0,
  "success_mse_median": 0.0,
  "clean_e_ran_l2_mean": 493.140832901001,
  "clean_e_ran_l2_ci95": 97.2786357590227,
  "clean_e_ran_l2_median": 397.4880676269531,
  "clean_e_nul_l2_mean": 2.4533347710967064,
  "clean_e_nul_l2_ci95": 0.35688617646202564,
  "clean_e_nul_l2_median": 2.0915669202804565,
  "clean_e_ran_frac_mean": 0.999977346152342,
  "clean_e_ran_frac_ci95": 1.3561015216512225e-05,
  "clean_e_ran_frac_median": 0.9999866445867445,
  "clean_e_nul_frac_mean": 0.00583750710101698,
  "clean_e_nul_frac_ci95": 0.0011794662072690998,
  "clean_e_nul_frac_median": 0.005167597762708311,
  "adv_e_ran_l2_mean": 539.1755137443542,
  "adv_e_ran_l2_ci95": 97.16188431495887,
  "adv_e_ran_l2_median": 443.24864196777344,
  "adv_e_nul_l2_mean": 2.486139688640833,
  "adv_e_nul_l2_ci95": 0.37320363292103614,
  "adv_e_nul_l2_median": 2.142677664756775,
  "adv_e_ran_frac_mean": 0.9999818790154451,
  "adv_e_ran_frac_ci95": 1.1017155165620527e-05,
  "adv_e_ran_frac_median": 0.999989287201341,
  "adv_e_nul_frac_mean": 0.00523540642277346,
  "adv_e_nul_frac_ci95": 0.0010480435920012597,
  "adv_e_nul_frac_median": 0.004634666533089657,
  "attack_runtime_total_sec": 64.58210475742817,
  "attack_runtime_per_example_sec": 2.0181907736696303,
  "model_name": "nsn",
  "attack_name": "adam",
  "norm": "l2",
  "eps": 0.03,
  "eps_actual": 38.46024474407959,
  "attack_init_mode": "exact",
  "eval_init_mode": "exact"
}