{
  "num_examples": 32,
  "gt_norm_mean": 19.10678167641163,
  "gt_norm_ci95": 3.4833903043152117,
  "gt_norm_median": 16.756710529327393,
  "clean_mse_mean": 1.957722669754247e-06,
  "clean_mse_ci95": 9.89738328026982e-07,
  "clean_mse_median": 8.055008038354572e-07,
  "adv_mse_mean": 0.42823772598057985,
  "adv_mse_ci95": 0.10000219355460148,
  "adv_mse_median": 0.28621453046798706,
  "mse_ratio_mean": 583861.3837332488,
  "mse_ratio_ci95": 202634.52007822678,
  "mse_ratio_median": 407002.5643648004,
  "clean_rel_l2_mean": 0.009064431542356033,
  "clean_rel_l2_ci95": 0.002387528005385162,
  "clean_rel_l2_median": 0.0064170153345912695,
  "adv_rel_l2_mean": 5.128680780529976,
  "adv_rel_l2_ci95": 0.9425507239091759,
  "adv_rel_l2_median": 4.609815835952759,
  "rel_l2_ratio_mean": 685.4732838064973,
  "rel_l2_ratio_ci95": 118.8514182067557,
  "rel_l2_ratio_median": 637.9227905283062,
  "clean_psnr_mean": 55.35154978236515,
  "clean_psnr_ci95": 1.302505239813912,
  "clean_psnr_median": 56.10053265120885,
  "adv_psnr_mean": -0.2160927513105384,
  "adv_psnr_ci95": 1.1604402498626432,
  "adv_psnr_median": 0.5297363102512338,
  "clean_ssim_mean": 0.9957795228653752,
  "clean_ssim_ci95": 0.001261959707525621,
  "clean_ssim_median": 0.9970786727642507,
  "adv_ssim_mean": 0.01597038339914709,
  "adv_ssim_ci95": 0.004109704139292704,
  "adv_ssim_median": 0.015682976333496485,
  "pred_shift_rel_l2_mean": 5.134605213999748,
  "pred_shift_rel_l2_ci95": 0.9451344247661077,
  "pred_shift_rel_l2_median": 4.613838195800781,
  "init_shift_rel_l2_mean": 4.687612816691399,
  "init_shift_rel_l2_ci95": 0.8481267102610717,
  "init_shift_rel_l2_median": 4.52624773979187,
  "delta_l2_mean": 38.59638166427612,
  "delta_l2_ci95": 7.316815700851788e-07,
  "delta_l2_median": 38.59638214111328,
  "delta_linf_mean": 0.868206849321723,
  "delta_linf_ci95": 0.04049152351856783,
  "delta_linf_median": 0.8528685867786407,
  "delta_mean_abs_mean": 0.1427639639005065,
  "delta_mean_abs_ci95": 0.0004830025789515208,
  "delta_mean_abs_median": 0.1434253379702568,
  "delta_rel_l2_mean": 0.050606256131225186,
  "delta_rel_l2_ci95": 0.010742834731853224,
  "delta_rel_l2_median": 0.046035986222477676,
  "success_rel_l2_mean": 1.0,
  "success_rel_l2_ci95": 0.0,
  "success_rel_l2_median": 1.0,
  "success_mse_mean": 1.0,
  "success_mse_ci95": 0.0,
  "success_mse_median": 1.0,
  "clean_e_ran_l2_mean": 1.0879851458867051e-05,
  "clean_e_ran_l2_ci95": 2.7357687887222925e-06,
  "clean_e_ran_l2_median": 7.997972033990663e-06,
  "clean_e_nul_l2_mean": 0.15207682619802654,
  "clean_e_nul_l2_ci95": 0.033299477824608494,
  "clean_e_nul_l2_median": 0.1148621253669262,
  "clean_e_ran_frac_mean": 8.252142791887493e-05,
  "clean_e_ran_frac_ci95": 1.6217378508151025e-05,
  "clean_e_ran_frac_median": 7.863959840546429e-05,
  "clean_e_nul_frac_mean": 0.9999999933895116,
  "clean_e_nul_frac_ci95": 2.127406843147796e-08,
  "clean_e_nul_frac_median": 1.0,
  "adv_e_ran_l2_mean": 65.23189640045166,
  "adv_e_ran_l2_ci95": 1.8493088221307938,
  "adv_e_ran_l2_median": 68.13376998901367,
  "adv_e_nul_l2_mean": 29.295816600322723,
  "adv_e_nul_l2_ci95": 15.244019828460866,
  "adv_e_nul_l2_median": 4.9601640701293945,
  "adv_e_ran_frac_mean": 0.8706078072034713,
  "adv_e_ran_frac_ci95": 0.07747744572377462,
  "adv_e_ran_frac_median": 0.9973603242655806,
  "adv_e_nul_frac_mean": 0.2723700675123629,
  "adv_e_nul_frac_ci95": 0.12164895577182393,
  "adv_e_nul_frac_median": 0.07251711566385315,
  "attack_runtime_total_sec": 64.6496954113245,
  "attack_runtime_per_example_sec": 2.0203029816038907,
  "model_name": "nsn",
  "attack_name": "adam",
  "norm": "l2",
  "eps": 0.03,
  "eps_actual": 38.59638161553955,
  "attack_init_mode": "exact",
  "eval_init_mode": "exact"
}