{
  "num_examples": 32,
  "gt_norm_mean": 26.229215562343597,
  "gt_norm_ci95": 1.7699003430208013,
  "gt_norm_median": 25.09980010986328,
  "clean_mse_mean": 4.9583440357992e-06,
  "clean_mse_ci95": 4.519650097408396e-07,
  "clean_mse_median": 4.840518158744089e-06,
  "adv_mse_mean": 0.6208539288491011,
  "adv_mse_ci95": 0.020988126836279233,
  "adv_mse_median": 0.6144118905067444,
  "mse_ratio_mean": 133850.2431090725,
  "mse_ratio_ci95": 13065.3461672511,
  "mse_ratio_median": 128358.84296069569,
  "clean_rel_l2_mean": 0.011041214864235371,
  "clean_rel_l2_ci95": 0.0007037167521178696,
  "clean_rel_l2_median": 0.011030352208763361,
  "adv_rel_l2_mean": 3.97734684497118,
  "adv_rel_l2_ci95": 0.26282774212987114,
  "adv_rel_l2_median": 3.9919803142547607,
  "rel_l2_ratio_mean": 362.51644695444725,
  "rel_l2_ratio_ci95": 17.360559218529513,
  "rel_l2_ratio_median": 358.2110745863122,
  "clean_psnr_mean": 53.19743909233761,
  "clean_psnr_ci95": 0.40751740505288303,
  "clean_psnr_median": 53.151087710041026,
  "adv_psnr_mean": 2.0891991675030375,
  "adv_psnr_ci95": 0.14179626423253908,
  "adv_psnr_median": 2.115705161557103,
  "clean_ssim_mean": 0.9904999783016327,
  "clean_ssim_ci95": 0.001189331999779911,
  "clean_ssim_median": 0.9907526185886734,
  "adv_ssim_mean": 0.022860366482871493,
  "adv_ssim_ci95": 0.0025686527527804927,
  "adv_ssim_median": 0.022651911841021312,
  "pred_shift_rel_l2_mean": 3.983983501791954,
  "pred_shift_rel_l2_ci95": 0.2633028514670366,
  "pred_shift_rel_l2_median": 3.9968358278274536,
  "init_shift_rel_l2_mean": 3.3362772800028324,
  "init_shift_rel_l2_ci95": 0.21653216318570526,
  "init_shift_rel_l2_median": 3.3217175006866455,
  "delta_l2_mean": 49.638895750045776,
  "delta_l2_ci95": 0.2842470453007595,
  "delta_l2_median": 49.64243507385254,
  "delta_linf_mean": 1.2065244652330875,
  "delta_linf_ci95": 0.042508485384414034,
  "delta_linf_median": 1.206109642982483,
  "delta_mean_abs_mean": 0.18654929986223578,
  "delta_mean_abs_ci95": 0.0015238681230983812,
  "delta_mean_abs_median": 0.1868927702307701,
  "delta_rel_l2_mean": 0.03774876533867191,
  "delta_rel_l2_ci95": 0.0033659603646001655,
  "delta_rel_l2_median": 0.0367546119986257,
  "success_rel_l2_mean": 1.0,
  "success_rel_l2_ci95": 0.0,
  "success_rel_l2_median": 1.0,
  "success_mse_mean": 1.0,
  "success_mse_ci95": 0.0,
  "success_mse_median": 1.0,
  "clean_e_ran_l2_mean": 0.23237067321315408,
  "clean_e_ran_l2_ci95": 0.011164406895551813,
  "clean_e_ran_l2_median": 0.23025696724653244,
  "clean_e_nul_l2_mean": 0.16039481130428612,
  "clean_e_nul_l2_ci95": 0.007942556404711965,
  "clean_e_nul_l2_median": 0.16060858964920044,
  "clean_e_ran_frac_mean": 0.8220851473302472,
  "clean_e_ran_frac_ci95": 0.008368842599784983,
  "clean_e_ran_frac_median": 0.8270322448874858,
  "clean_e_nul_frac_mean": 0.5678645933270593,
  "clean_e_nul_frac_ci95": 0.011889239334128027,
  "clean_e_nul_frac_median": 0.5621543530695601,
  "adv_e_ran_l2_mean": 99.9397349357605,
  "adv_e_ran_l2_ci95": 1.698998504579755,
  "adv_e_ran_l2_median": 99.51749801635742,
  "adv_e_nul_l2_mean": 12.645567327737808,
  "adv_e_nul_l2_ci95": 0.3370056496162725,
  "adv_e_nul_l2_median": 12.72618818283081,
  "adv_e_ran_frac_mean": 0.9919605371896039,
  "adv_e_ran_frac_ci95": 0.0005408192883316977,
  "adv_e_ran_frac_median": 0.9921351894496631,
  "adv_e_nul_frac_mean": 0.1259301750959506,
  "adv_e_nul_frac_ci95": 0.004361895145314774,
  "adv_e_nul_frac_median": 0.12517132676553683,
  "attack_runtime_total_sec": 23.331698268651962,
  "attack_runtime_per_example_sec": 0.7291155708953738,
  "model_name": "dpnsn_res",
  "attack_name": "adam",
  "norm": "l2",
  "eps": 0.5,
  "eps_actual": 765.9952872680664,
  "attack_init_mode": "exact",
  "eval_init_mode": "exact"
}