{
  "num_examples": 8,
  "clean_mse_mean": 0.004697108979598852,
  "clean_mse_ci95": 0.006167400839518477,
  "clean_mse_median": 0.0014183102175593376,
  "adv_mse_mean": 11.17851710319519,
  "adv_mse_ci95": 4.58638746558381,
  "adv_mse_median": 13.477738380432129,
  "mse_ratio_mean": 14110.887866844176,
  "mse_ratio_ci95": 8089.500566429939,
  "mse_ratio_median": 11131.209860128034,
  "clean_rel_l2_mean": 0.347827895637456,
  "clean_rel_l2_ci95": 0.08926701619496828,
  "clean_rel_l2_median": 0.299991091210119,
  "adv_rel_l2_mean": 30.267751839688223,
  "adv_rel_l2_ci95": 11.10842737245104,
  "adv_rel_l2_median": 29.852405667263636,
  "rel_l2_ratio_mean": 103.91476978513207,
  "rel_l2_ratio_ci95": 42.63753937718704,
  "rel_l2_ratio_median": 105.49955381333695,
  "clean_psnr_mean": 28.301519078448777,
  "clean_psnr_ci95": 4.623493375482119,
  "clean_psnr_median": 28.48379353184565,
  "adv_psnr_mean": -9.375096601428812,
  "adv_psnr_ci95": 2.6443049394593943,
  "adv_psnr_median": -11.255883235749916,
  "clean_ssim_mean": 0.46776805680491945,
  "clean_ssim_ci95": 0.19172645087994977,
  "clean_ssim_median": 0.4037303337474418,
  "adv_ssim_mean": 0.002190022429085287,
  "adv_ssim_ci95": 0.005740877845848719,
  "adv_ssim_median": 0.0005346468263507736,
  "pred_shift_rel_l2_mean": 30.50669350330955,
  "pred_shift_rel_l2_ci95": 11.48477339638335,
  "pred_shift_rel_l2_median": 29.53903738591901,
  "init_shift_rel_l2_mean": 4.602862492672235,
  "init_shift_rel_l2_ci95": 2.3523023228590727,
  "init_shift_rel_l2_median": 2.8533650269799167,
  "delta_l2_mean": 797.2230072021484,
  "delta_l2_ci95": 44.06016737390903,
  "delta_l2_median": 825.2093505859375,
  "delta_linf_mean": 9.903695464134216,
  "delta_linf_ci95": 0.4690737974386779,
  "delta_linf_median": 10.112805366516113,
  "delta_mean_abs_mean": 2.8614041805267334,
  "delta_mean_abs_ci95": 0.19453237297991674,
  "delta_mean_abs_median": 2.976586699485779,
  "success_rel_l2_mean": 1.0,
  "success_rel_l2_ci95": 0.0,
  "success_rel_l2_median": 1.0,
  "success_mse_mean": 1.0,
  "success_mse_ci95": 0.0,
  "success_mse_median": 1.0,
  "attack_runtime_total_sec": 2110.6007710322738,
  "attack_runtime_per_example_sec": 263.8250963790342,
  "model_name": "nsn",
  "attack_name": "adam",
  "norm": "l2",
  "eps": 5.0,
  "attack_init_mode": "surrogate",
  "eval_init_mode": "exact"
}