{
  "num_examples": 32,
  "gt_norm_mean": 19.246901780366898,
  "gt_norm_ci95": 3.3146818493907912,
  "gt_norm_median": 15.661028385162354,
  "clean_mse_mean": 0.0018032488128483237,
  "clean_mse_ci95": 0.0007991373618706786,
  "clean_mse_median": 0.000680547789670527,
  "adv_mse_mean": 0.04180960147641599,
  "adv_mse_ci95": 0.004352674043385449,
  "adv_mse_median": 0.035594429820775986,
  "mse_ratio_mean": 63.41235748808323,
  "mse_ratio_ci95": 17.820390227128083,
  "mse_ratio_median": 50.89856063040971,
  "clean_rel_l2_mean": 0.2324072839692235,
  "clean_rel_l2_ci95": 0.013910097559146871,
  "clean_rel_l2_median": 0.22967718541622162,
  "adv_rel_l2_mean": 1.6173209268599749,
  "adv_rel_l2_ci95": 0.2176774244064028,
  "adv_rel_l2_median": 1.594269335269928,
  "rel_l2_ratio_mean": 7.298773275816526,
  "rel_l2_ratio_ci95": 1.1209854573689404,
  "rel_l2_ratio_median": 7.133832782312653,
  "clean_psnr_mean": 25.40477201258683,
  "clean_psnr_ci95": 1.27647347981304,
  "clean_psnr_median": 25.518454069438,
  "adv_psnr_mean": 9.08957684397648,
  "adv_psnr_ci95": 1.0051373089836828,
  "adv_psnr_median": 9.17869237427973,
  "clean_ssim_mean": 0.32125235960678483,
  "clean_ssim_ci95": 0.0423519261597885,
  "clean_ssim_median": 0.29293252418375354,
  "adv_ssim_mean": 0.040083815819782646,
  "adv_ssim_ci95": 0.00791571958865044,
  "adv_ssim_median": 0.035474486646298604,
  "pred_shift_rel_l2_mean": 1.5190981235355139,
  "pred_shift_rel_l2_ci95": 0.2234918482654117,
  "pred_shift_rel_l2_median": 1.5354374647140503,
  "init_shift_rel_l2_mean": 1.5165403531864285,
  "init_shift_rel_l2_ci95": 0.24809884513488056,
  "init_shift_rel_l2_median": 1.559527337551117,
  "delta_l2_mean": 12.805586695671082,
  "delta_l2_ci95": 1.3918154936734322e-07,
  "delta_l2_median": 12.805586814880371,
  "delta_linf_mean": 0.2837457787245512,
  "delta_linf_ci95": 0.00762053229939204,
  "delta_linf_median": 0.27974286675453186,
  "delta_mean_abs_mean": 0.04678731434978545,
  "delta_mean_abs_ci95": 8.978717988029152e-05,
  "delta_mean_abs_median": 0.046729180961847305,
  "delta_rel_l2_mean": 0.015453809569123317,
  "delta_rel_l2_ci95": 0.002609186309869187,
  "delta_rel_l2_median": 0.015840913655423144,
  "success_rel_l2_mean": 1.0,
  "success_rel_l2_ci95": 0.0,
  "success_rel_l2_median": 1.0,
  "success_mse_mean": 1.0,
  "success_mse_ci95": 0.0,
  "success_mse_median": 1.0,
  "clean_e_ran_l2_mean": 4.6121383756399155,
  "clean_e_ran_l2_ci95": 1.0028494325831814,
  "clean_e_ran_l2_median": 3.3379909992218018,
  "clean_e_nul_l2_mean": 0.2216303343884647,
  "clean_e_nul_l2_ci95": 0.1156233264114206,
  "clean_e_nul_l2_median": 0.09233365952968597,
  "clean_e_ran_frac_mean": 0.9938446596790343,
  "clean_e_ran_frac_ci95": 0.009056837722061636,
  "clean_e_ran_frac_median": 0.9997248250598978,
  "clean_e_nul_frac_mean": 0.05435843749283506,
  "clean_e_nul_frac_ci95": 0.03275178588459226,
  "clean_e_nul_frac_median": 0.023457721835694847,
  "adv_e_ran_l2_mean": 23.80685442686081,
  "adv_e_ran_l2_ci95": 0.7408947354610437,
  "adv_e_ran_l2_median": 23.64269733428955,
  "adv_e_nul_l2_mean": 6.543686022050679,
  "adv_e_nul_l2_ci95": 2.9660762364701974,
  "adv_e_nul_l2_median": 2.4168381690979004,
  "adv_e_ran_frac_mean": 0.9326957029842873,
  "adv_e_ran_frac_ci95": 0.04552621918612641,
  "adv_e_ran_frac_median": 0.9953882281832436,
  "adv_e_nul_frac_mean": 0.2253164085168731,
  "adv_e_nul_frac_ci95": 0.08806710533280371,
  "adv_e_nul_frac_median": 0.09578040708594873,
  "attack_runtime_total_sec": 64.619409609586,
  "attack_runtime_per_example_sec": 2.0193565502995625,
  "model_name": "nsn",
  "attack_name": "adam",
  "norm": "l2",
  "eps": 0.01,
  "eps_actual": 12.805586398406984,
  "attack_init_mode": "exact",
  "eval_init_mode": "exact"
}