{
  "num_examples": 32,
  "gt_norm_mean": 19.806160181760788,
  "gt_norm_ci95": 2.9469057162341947,
  "gt_norm_median": 18.65426254272461,
  "gt_norm_q25": 12.793537616729736,
  "gt_norm_q75": 26.20080327987671,
  "clean_mse_mean": 0.0019420533199081547,
  "clean_mse_ci95": 0.0008983731969482081,
  "clean_mse_median": 0.0008530683990102261,
  "clean_mse_q25": 0.00044820929906563833,
  "clean_mse_q75": 0.0022524550440721214,
  "adv_mse_mean": 0.03478566603735089,
  "adv_mse_ci95": 0.020710493352767048,
  "adv_mse_median": 0.012181470636278391,
  "adv_mse_q25": 0.0052422776352614164,
  "adv_mse_q75": 0.036104789935052395,
  "mse_ratio_mean": 14.605493775943877,
  "mse_ratio_ci95": 1.8292749360054108,
  "mse_ratio_median": 12.61375319390317,
  "mse_ratio_q25": 10.916224957969602,
  "mse_ratio_q75": 17.58630832128372,
  "clean_rel_l2_mean": 0.23370636440813541,
  "clean_rel_l2_ci95": 0.01650501422508375,
  "clean_rel_l2_median": 0.22983237355947495,
  "clean_rel_l2_q25": 0.21391825005412102,
  "clean_rel_l2_q75": 0.2575075700879097,
  "adv_rel_l2_mean": 0.8890591152012348,
  "adv_rel_l2_ci95": 0.10126185475110898,
  "adv_rel_l2_median": 0.801654189825058,
  "adv_rel_l2_q25": 0.6964766085147858,
  "adv_rel_l2_q75": 1.0103248804807663,
  "rel_l2_ratio_mean": 3.7622373617723213,
  "rel_l2_ratio_ci95": 0.23642550696899403,
  "rel_l2_ratio_median": 3.5515554143304238,
  "rel_l2_ratio_q25": 3.3039694723287045,
  "rel_l2_ratio_q75": 4.193317365682727,
  "clean_psnr_mean": 25.545081696450538,
  "clean_psnr_ci95": 1.4315386858258226,
  "clean_psnr_median": 26.065757856115205,
  "clean_psnr_q25": 23.562371514828442,
  "clean_psnr_q75": 28.12443849647007,
  "adv_psnr_mean": 14.175182540670548,
  "adv_psnr_ci95": 1.758354266420842,
  "adv_psnr_median": 15.128812234298238,
  "adv_psnr_q25": 11.584306806163447,
  "adv_psnr_q75": 17.79518984334364,
  "clean_ssim_mean": 0.32906953021365587,
  "clean_ssim_ci95": 0.04635015710944617,
  "clean_ssim_median": 0.3040999223995484,
  "clean_ssim_q25": 0.24034353269460454,
  "clean_ssim_q75": 0.4086474923376175,
  "adv_ssim_mean": 0.0627515091841304,
  "adv_ssim_ci95": 0.01247621031534687,
  "adv_ssim_median": 0.05368994910513273,
  "adv_ssim_q25": 0.03952407185907618,
  "adv_ssim_q75": 0.08477928774931527,
  "clean_mae_mean": 0.029284641379490495,
  "clean_mae_ci95": 0.006173307963410961,
  "clean_mae_median": 0.02257277723401785,
  "clean_mae_q25": 0.01639978727325797,
  "clean_mae_q75": 0.03682447597384453,
  "adv_mae_mean": 0.10397839662618935,
  "adv_mae_ci95": 0.026771300950704534,
  "adv_mae_median": 0.07514532655477524,
  "adv_mae_q25": 0.050838369876146317,
  "adv_mae_q75": 0.13442166149616241,
  "clean_nrmse_mean": 0.059615675947293695,
  "clean_nrmse_ci95": 0.011885005394474334,
  "clean_nrmse_median": 0.04979240148134893,
  "clean_nrmse_q25": 0.03924923971453061,
  "clean_nrmse_q75": 0.06643743687902681,
  "adv_nrmse_mean": 0.23561713899520267,
  "adv_nrmse_ci95": 0.05943679861291906,
  "adv_nrmse_median": 0.1752736737119447,
  "adv_nrmse_q25": 0.12891101826211213,
  "adv_nrmse_q75": 0.2636744128312063,
  "clean_max_err_mean": 0.18097286368720233,
  "clean_max_err_ci95": 0.03742511663210818,
  "clean_max_err_median": 0.13946020603179932,
  "clean_max_err_q25": 0.10989409685134888,
  "clean_max_err_q75": 0.2332305647432804,
  "adv_max_err_mean": 1.2420118637382984,
  "adv_max_err_ci95": 0.26235410451037894,
  "adv_max_err_median": 0.9926401674747467,
  "adv_max_err_q25": 0.6613051444292068,
  "adv_max_err_q75": 1.7060027420520782,
  "clean_init_rel_l2_mean": 0.3665603967383504,
  "clean_init_rel_l2_ci95": 0.038403306013622636,
  "clean_init_rel_l2_median": 0.35208597779273987,
  "clean_init_rel_l2_q25": 0.3001028299331665,
  "clean_init_rel_l2_q75": 0.37695785611867905,
  "adv_init_rel_l2_mean": 0.7699661944061518,
  "adv_init_rel_l2_ci95": 0.0452735999985238,
  "adv_init_rel_l2_median": 0.7797460854053497,
  "adv_init_rel_l2_q25": 0.6833842992782593,
  "adv_init_rel_l2_q75": 0.8520848751068115,
  "init_rel_l2_ratio_mean": 2.2323791918568885,
  "init_rel_l2_ratio_ci95": 0.20636759824771544,
  "init_rel_l2_ratio_median": 2.292310587411208,
  "init_rel_l2_ratio_q25": 1.8220810099121394,
  "init_rel_l2_ratio_q75": 2.8293262159325705,
  "clean_init_psnr_mean": 21.770101520711616,
  "clean_init_psnr_ci95": 1.150549673679535,
  "clean_init_psnr_median": 21.902652531932308,
  "clean_init_psnr_q25": 20.421128931234048,
  "clean_init_psnr_q75": 23.885292476453795,
  "adv_init_psnr_mean": 15.142072347257486,
  "adv_init_psnr_ci95": 1.3264103458977614,
  "adv_init_psnr_median": 15.388345447200168,
  "adv_init_psnr_q25": 13.233250382247267,
  "adv_init_psnr_q75": 18.04820959533109,
  "clean_init_ssim_mean": 0.18507351933738528,
  "clean_init_ssim_ci95": 0.030001286716356445,
  "clean_init_ssim_median": 0.16158426217636884,
  "clean_init_ssim_q25": 0.13307457795689728,
  "clean_init_ssim_q75": 0.21259884043133606,
  "adv_init_ssim_mean": 0.06649417193131701,
  "adv_init_ssim_ci95": 0.008688012150070137,
  "adv_init_ssim_median": 0.0564161377326269,
  "adv_init_ssim_q25": 0.049535997982221636,
  "adv_init_ssim_q75": 0.07431906931187902,
  "clean_init_mae_mean": 0.040868057461921126,
  "clean_init_mae_ci95": 0.007575174640980243,
  "clean_init_mae_median": 0.035782722756266594,
  "clean_init_mae_q25": 0.02316789049655199,
  "clean_init_mae_q75": 0.04952391982078552,
  "adv_init_mae_mean": 0.0939960750984028,
  "adv_init_mae_ci95": 0.018988052109320894,
  "adv_init_mae_median": 0.071953184902668,
  "adv_init_mae_q25": 0.053196885623037815,
  "adv_init_mae_q75": 0.12550805136561394,
  "pred_shift_rel_l2_mean": 0.8302773628383875,
  "pred_shift_rel_l2_ci95": 0.09270037692100427,
  "pred_shift_rel_l2_median": 0.7552325129508972,
  "pred_shift_rel_l2_q25": 0.6632288545370102,
  "pred_shift_rel_l2_q75": 0.9473641812801361,
  "init_shift_rel_l2_mean": 0.6678652437403798,
  "init_shift_rel_l2_ci95": 0.04639374484628356,
  "init_shift_rel_l2_median": 0.6778942346572876,
  "init_shift_rel_l2_q25": 0.5918464809656143,
  "init_shift_rel_l2_q75": 0.7603419721126556,
  "delta_l2_mean": 11.74295549094677,
  "delta_l2_ci95": 2.463982398290399,
  "delta_l2_median": 9.294704914093018,
  "delta_l2_q25": 6.622676610946655,
  "delta_l2_q75": 14.643103837966919,
  "delta_linf_mean": 0.3393175657838583,
  "delta_linf_ci95": 0.07296189572749313,
  "delta_linf_median": 0.26232604682445526,
  "delta_linf_q25": 0.19288021326065063,
  "delta_linf_q75": 0.4115467071533203,
  "delta_mean_abs_mean": 0.0430918748897966,
  "delta_mean_abs_ci95": 0.009160717780324582,
  "delta_mean_abs_median": 0.034226417541503906,
  "delta_mean_abs_q25": 0.02406074572354555,
  "delta_mean_abs_q75": 0.0541721535846591,
  "delta_rel_l2_mean": 0.010000005120457015,
  "delta_rel_l2_ci95": 4.851592392870098e-10,
  "delta_rel_l2_median": 0.010000005258880926,
  "delta_rel_l2_q25": 0.010000003984926625,
  "delta_rel_l2_q75": 0.01000000633766967,
  "success_rel_l2_mean": 1.0,
  "success_rel_l2_ci95": 0.0,
  "success_rel_l2_median": 1.0,
  "success_rel_l2_q25": 1.0,
  "success_rel_l2_q75": 1.0,
  "success_mse_mean": 1.0,
  "success_mse_ci95": 0.0,
  "success_mse_median": 1.0,
  "success_mse_q25": 1.0,
  "success_mse_q75": 1.0,
  "clean_e_ran_l2_mean": 4.836340058594942,
  "clean_e_ran_l2_ci95": 1.020222271605774,
  "clean_e_ran_l2_median": 3.7373595237731934,
  "clean_e_ran_l2_q25": 2.6929567456245422,
  "clean_e_ran_l2_q75": 6.069457411766052,
  "clean_e_nul_l2_mean": 0.13684015127364546,
  "clean_e_nul_l2_ci95": 0.03601493334112516,
  "clean_e_nul_l2_median": 0.09781578555703163,
  "clean_e_nul_l2_q25": 0.06715142913162708,
  "clean_e_nul_l2_q75": 0.1633656658232212,
  "clean_e_ran_frac_mean": 0.9987081618622339,
  "clean_e_ran_frac_ci95": 0.0010937059475922858,
  "clean_e_ran_frac_median": 0.9997635058877719,
  "clean_e_ran_frac_q25": 0.9995434394098679,
  "clean_e_ran_frac_q75": 0.999861416680399,
  "clean_e_nul_frac_mean": 0.035064668389665696,