{
  "num_examples": 32,
  "gt_norm_mean": 19.554032936692238,
  "gt_norm_ci95": 3.175656556464896,
  "gt_norm_median": 19.43148136138916,
  "gt_norm_q25": 13.664082050323486,
  "gt_norm_q75": 22.861806869506836,
  "clean_mse_mean": 0.0011342021898599342,
  "clean_mse_ci95": 0.0005445552811869841,
  "clean_mse_median": 0.0007189511088654399,
  "clean_mse_q25": 0.0003874075337080285,
  "clean_mse_q75": 0.0010221929696854204,
  "adv_mse_mean": 0.036283821529650595,
  "adv_mse_ci95": 0.02304159278519128,
  "adv_mse_median": 0.01828988455235958,
  "adv_mse_q25": 0.009893088834360242,
  "adv_mse_q75": 0.028592250775545835,
  "mse_ratio_mean": 27.199605261027322,
  "mse_ratio_ci95": 2.3952676231749646,
  "mse_ratio_median": 25.566848771699057,
  "mse_ratio_q25": 23.602702402282798,
  "mse_ratio_q75": 27.709749056388176,
  "clean_rel_l2_mean": 0.18589467136189342,
  "clean_rel_l2_ci95": 0.007185605500314222,
  "clean_rel_l2_median": 0.17879388481378555,
  "clean_rel_l2_q25": 0.1720423772931099,
  "clean_rel_l2_q75": 0.193845447152853,
  "adv_rel_l2_mean": 0.9680592529475689,
  "adv_rel_l2_ci95": 0.06714389528814532,
  "adv_rel_l2_median": 0.9288119971752167,
  "adv_rel_l2_q25": 0.8429212272167206,
  "adv_rel_l2_q75": 1.052488923072815,
  "rel_l2_ratio_mean": 5.179824186940994,
  "rel_l2_ratio_ci95": 0.21384769295712344,
  "rel_l2_ratio_median": 5.0562382611548715,
  "rel_l2_ratio_q25": 4.858237440670003,
  "rel_l2_ratio_q75": 5.264004576384384,
  "clean_psnr_mean": 27.55817465843262,
  "clean_psnr_ci95": 1.1035217157889887,
  "clean_psnr_median": 28.227475017396607,
  "clean_psnr_q25": 26.055675139984363,
  "clean_psnr_q75": 29.978643347734035,
  "adv_psnr_mean": 13.32694953182188,
  "adv_psnr_ci95": 1.3468853693018048,
  "adv_psnr_median": 13.603242413274032,
  "adv_psnr_q25": 11.214142497863744,
  "adv_psnr_q75": 16.203593432121444,
  "clean_ssim_mean": 0.4317298656773858,
  "clean_ssim_ci95": 0.04553041731059458,
  "clean_ssim_median": 0.4432430366818557,
  "clean_ssim_q25": 0.3377199835764448,
  "clean_ssim_q75": 0.5265224321816168,
  "adv_ssim_mean": 0.06984448361519391,
  "adv_ssim_ci95": 0.009218671171130222,
  "adv_ssim_median": 0.0696487764314564,
  "adv_ssim_q25": 0.05625103158826809,
  "adv_ssim_q75": 0.08620536521918547,
  "pred_shift_rel_l2_mean": 0.9086537230759859,
  "pred_shift_rel_l2_ci95": 0.06272223673285465,
  "pred_shift_rel_l2_median": 0.8721665740013123,
  "pred_shift_rel_l2_q25": 0.7868019342422485,
  "pred_shift_rel_l2_q75": 0.991780087351799,
  "init_shift_rel_l2_mean": 0.9604412894695997,
  "init_shift_rel_l2_ci95": 0.04089489906915066,
  "init_shift_rel_l2_median": 0.9457555711269379,
  "init_shift_rel_l2_q25": 0.8830924183130264,
  "init_shift_rel_l2_q75": 1.0188559591770172,
  "delta_l2_mean": 11.583845302462578,
  "delta_l2_ci95": 2.581095035144827,
  "delta_l2_median": 10.538117408752441,
  "delta_l2_q25": 7.5851171016693115,
  "delta_l2_q75": 12.924725770950317,
  "delta_linf_mean": 0.2729155384004116,
  "delta_linf_ci95": 0.05905309573284374,
  "delta_linf_median": 0.24620064347982407,
  "delta_linf_q25": 0.17030444741249084,
  "delta_linf_q75": 0.3037765175104141,
  "delta_mean_abs_mean": 0.04197195847518742,
  "delta_mean_abs_ci95": 0.009483043734082857,
  "delta_mean_abs_median": 0.03802553564310074,
  "delta_mean_abs_q25": 0.02714236732572317,
  "delta_mean_abs_q75": 0.046763768419623375,
  "delta_rel_l2_mean": 0.010000005122038818,
  "delta_rel_l2_ci95": 6.164061051763436e-10,
  "delta_rel_l2_median": 0.010000004735788432,
  "delta_rel_l2_q25": 0.010000003983183896,
  "delta_rel_l2_q75": 0.01000000572025474,
  "success_rel_l2_mean": 1.0,
  "success_rel_l2_ci95": 0.0,
  "success_rel_l2_median": 1.0,
  "success_rel_l2_q25": 1.0,
  "success_rel_l2_q75": 1.0,
  "success_mse_mean": 1.0,
  "success_mse_ci95": 0.0,
  "success_mse_median": 1.0,
  "success_mse_q25": 1.0,
  "success_mse_q75": 1.0,
  "clean_e_ran_l2_mean": 3.2822710014879704,
  "clean_e_ran_l2_ci95": 0.7058654150374748,
  "clean_e_ran_l2_median": 2.9622809886932373,
  "clean_e_ran_l2_q25": 2.20460706949234,
  "clean_e_ran_l2_q75": 3.700905740261078,
  "clean_e_nul_l2_mean": 1.771011283621192,
  "clean_e_nul_l2_ci95": 0.2843276675042319,
  "clean_e_nul_l2_median": 1.7230495810508728,
  "clean_e_nul_l2_q25": 1.189131885766983,
  "clean_e_nul_l2_q75": 2.071072518825531,
  "clean_e_ran_frac_mean": 0.8620818088959625,
  "clean_e_ran_frac_ci95": 0.015679448433123966,
  "clean_e_ran_frac_median": 0.8657160777740261,
  "clean_e_ran_frac_q25": 0.8405338092256226,
  "clean_e_ran_frac_q75": 0.8940694001673287,
  "clean_e_nul_frac_mean": 0.4999121047017087,
  "clean_e_nul_frac_ci95": 0.024689564344172937,
  "clean_e_nul_frac_median": 0.500529639073731,
  "clean_e_nul_frac_q25": 0.44792627526120193,
  "clean_e_nul_frac_q75": 0.5417474810787155,
  "adv_e_ran_l2_mean": 17.060294970870018,
  "adv_e_ran_l2_ci95": 3.5928751383789894,
  "adv_e_ran_l2_median": 15.446901321411133,
  "adv_e_ran_l2_q25": 11.50533127784729,
  "adv_e_ran_l2_q75": 19.746474266052246,
  "adv_e_nul_l2_mean": 9.61214055120945,
  "adv_e_nul_l2_ci95": 3.638995700663585,
  "adv_e_nul_l2_median": 6.848649024963379,
  "adv_e_nul_l2_q25": 4.846428394317627,
  "adv_e_nul_l2_q75": 10.437535524368286,
  "adv_e_ran_frac_mean": 0.8753655208473925,
  "adv_e_ran_frac_ci95": 0.041324996538274796,
  "adv_e_ran_frac_median": 0.9284376006972817,
  "adv_e_ran_frac_q25": 0.9120372337560738,
  "adv_e_ran_frac_q75": 0.9401164559723036,
  "adv_e_nul_frac_mean": 0.441173858454229,
  "adv_e_nul_frac_ci95": 0.05601536761427012,
  "adv_e_nul_frac_median": 0.371469072696898,
  "adv_e_nul_frac_q25": 0.34085325635595687,
  "adv_e_nul_frac_q75": 0.40997769349114155,
  "attack_runtime_total_sec": 284.85857532173395,
  "attack_runtime_per_example_sec": 8.901830478804186,
  "model_name": "nsn",
  "attack_name": "adam",
  "norm": "l2",
  "eps": 0.01,
  "eps_actual": 12.769250320068359,
  "eps_budget_mode": "per_sample_l2",
  "attack_init_mode": "exact",
  "eval_init_mode": "exact"
}