{
  "num_examples": 32,
  "gt_norm_mean": 18.962945640087128,
  "gt_norm_ci95": 3.1842410261083094,
  "gt_norm_median": 18.453072547912598,
  "gt_norm_q25": 13.642317533493042,
  "gt_norm_q75": 22.224339485168457,
  "clean_mse_mean": 0.0018862809715756157,
  "clean_mse_ci95": 0.0011713034884609649,
  "clean_mse_median": 0.0008728316752240062,
  "clean_mse_q25": 0.000425822741817683,
  "clean_mse_q75": 0.0018919073045253754,
  "adv_mse_mean": 0.03198806383807096,
  "adv_mse_ci95": 0.02214254111603425,
  "adv_mse_median": 0.009851004462689161,
  "adv_mse_q25": 0.00669898628257215,
  "adv_mse_q75": 0.02689396357163787,
  "mse_ratio_mean": 15.684205461499484,
  "mse_ratio_ci95": 1.826072827717103,
  "mse_ratio_median": 13.622912759828182,
  "mse_ratio_q25": 12.541201979864466,
  "mse_ratio_q75": 18.63210141915647,
  "clean_rel_l2_mean": 0.22305541392415762,
  "clean_rel_l2_ci95": 0.014956266223018247,
  "clean_rel_l2_median": 0.21765844523906708,
  "clean_rel_l2_q25": 0.20034131035208702,
  "clean_rel_l2_q75": 0.2455991879105568,
  "adv_rel_l2_mean": 0.8737732488662004,
  "adv_rel_l2_ci95": 0.08225454486281426,
  "adv_rel_l2_median": 0.8043646216392517,
  "adv_rel_l2_q25": 0.7207225561141968,
  "adv_rel_l2_q75": 0.9373530894517899,
  "rel_l2_ratio_mean": 3.9111097822155036,
  "rel_l2_ratio_ci95": 0.21911348134157552,
  "rel_l2_ratio_median": 3.690920193366143,
  "rel_l2_ratio_q25": 3.5413530949685814,
  "rel_l2_ratio_q75": 4.3160675587924535,
  "clean_psnr_mean": 26.548233204327275,
  "clean_psnr_ci95": 1.3958219159163316,
  "clean_psnr_median": 27.8540982456596,
  "clean_psnr_q25": 24.41458482837208,
  "clean_psnr_q75": 29.496955634810394,
  "adv_psnr_mean": 14.807517670835605,
  "adv_psnr_ci95": 1.5784391310410306,
  "adv_psnr_median": 15.70180136221482,
  "adv_psnr_q25": 13.155267269748414,
  "adv_psnr_q75": 18.188398607209937,
  "clean_ssim_mean": 0.3659204292752638,
  "clean_ssim_ci95": 0.047347848783194306,
  "clean_ssim_median": 0.3877292494083089,
  "clean_ssim_q25": 0.25673793935587014,
  "clean_ssim_q75": 0.46556335139405947,
  "adv_ssim_mean": 0.059364804919936405,
  "adv_ssim_ci95": 0.009881439251222984,
  "adv_ssim_median": 0.06303961644987666,
  "adv_ssim_q25": 0.03501880600952939,
  "adv_ssim_q75": 0.07721532188001333,
  "clean_mae_mean": 0.02749217087693978,
  "clean_mae_ci95": 0.006788916955841857,
  "clean_mae_median": 0.022850841283798218,
  "clean_mae_q25": 0.01598598062992096,
  "clean_mae_q75": 0.03366237226873636,
  "adv_mae_mean": 0.09812276565935463,
  "adv_mae_ci95": 0.02724293996390879,
  "adv_mae_median": 0.06932027637958527,
  "adv_mae_q25": 0.05714660882949829,
  "adv_mae_q75": 0.11574481800198555,
  "clean_nrmse_mean": 0.0529829881930979,
  "clean_nrmse_ci95": 0.010587858912725297,
  "clean_nrmse_median": 0.04066501725014884,
  "clean_nrmse_q25": 0.03350843886228061,
  "clean_nrmse_q75": 0.060172244188704024,
  "adv_nrmse_mean": 0.21268750653951196,
  "adv_nrmse_ci95": 0.050366383930843465,
  "adv_nrmse_median": 0.16402536460571113,
  "adv_nrmse_q25": 0.12319357861182959,
  "adv_nrmse_q75": 0.2199972258858445,
  "clean_max_err_mean": 0.16679519833996892,
  "clean_max_err_ci95": 0.0387068338493344,
  "clean_max_err_median": 0.13183291256427765,
  "clean_max_err_q25": 0.09978303499519825,
  "clean_max_err_q75": 0.20024261623620987,
  "adv_max_err_mean": 1.125573449768126,
  "adv_max_err_ci95": 0.2516966572407831,
  "adv_max_err_median": 0.9179090857505798,
  "adv_max_err_q25": 0.6848266422748566,
  "adv_max_err_q75": 1.4406865239143372,
  "clean_init_rel_l2_mean": 0.39753908617421985,
  "clean_init_rel_l2_ci95": 0.04121848494603188,
  "clean_init_rel_l2_median": 0.3709826171398163,
  "clean_init_rel_l2_q25": 0.32952964305877686,
  "clean_init_rel_l2_q75": 0.4193584769964218,
  "adv_init_rel_l2_mean": 0.7732680216431618,
  "adv_init_rel_l2_ci95": 0.03404761526837977,
  "adv_init_rel_l2_median": 0.7702876627445221,
  "adv_init_rel_l2_q25": 0.734555572271347,
  "adv_init_rel_l2_q75": 0.7935273051261902,
  "init_rel_l2_ratio_mean": 2.0699942705090324,
  "init_rel_l2_ratio_ci95": 0.18188090961784728,
  "init_rel_l2_ratio_median": 2.0662204939296736,
  "init_rel_l2_ratio_q25": 1.6443137653413076,
  "init_rel_l2_ratio_q75": 2.469556618171166,
  "clean_init_psnr_mean": 21.698537767199944,
  "clean_init_psnr_ci95": 1.083186815462182,
  "clean_init_psnr_median": 22.00748904767884,
  "clean_init_psnr_q25": 19.519989653119378,
  "clean_init_psnr_q75": 24.309417690733056,
  "adv_init_psnr_mean": 15.669853612554185,
  "adv_init_psnr_ci95": 1.1615180083517223,
  "adv_init_psnr_median": 16.03999377354436,
  "adv_init_psnr_q25": 14.335583918980225,
  "adv_init_psnr_q75": 18.00096028428525,
  "clean_init_ssim_mean": 0.17883288480143522,
  "clean_init_ssim_ci95": 0.02331136386370477,
  "clean_init_ssim_median": 0.17859585642545006,
  "clean_init_ssim_q25": 0.12395969327153626,
  "clean_init_ssim_q75": 0.21307047433718118,
  "adv_init_ssim_mean": 0.05949079866320656,
  "adv_init_ssim_ci95": 0.006552234062831868,
  "adv_init_ssim_median": 0.05549846717397605,
  "adv_init_ssim_q25": 0.04704860709672189,
  "adv_init_ssim_q75": 0.06976503016111624,
  "clean_init_mae_mean": 0.0396823255578056,
  "clean_init_mae_ci95": 0.006930328375269642,
  "clean_init_mae_median": 0.03658239543437958,
  "clean_init_mae_q25": 0.02452543145045638,
  "clean_init_mae_q75": 0.048932939767837524,
  "adv_init_mae_mean": 0.08989876951090991,
  "adv_init_mae_ci95": 0.020154009991076156,
  "adv_init_mae_median": 0.07322204858064651,
  "adv_init_mae_q25": 0.060424868017435074,
  "adv_init_mae_q75": 0.10618343763053417,
  "pred_shift_rel_l2_mean": 0.8208018820732832,
  "pred_shift_rel_l2_ci95": 0.07586369470493212,
  "pred_shift_rel_l2_median": 0.7634772956371307,
  "pred_shift_rel_l2_q25": 0.6731782555580139,
  "pred_shift_rel_l2_q75": 0.8749998956918716,
  "init_shift_rel_l2_mean": 0.669804347679019,
  "init_shift_rel_l2_ci95": 0.03447780467332979,
  "init_shift_rel_l2_median": 0.6604650914669037,
  "init_shift_rel_l2_q25": 0.6404164731502533,
  "init_shift_rel_l2_q75": 0.7026334851980209,
  "delta_l2_mean": 11.050805293023586,
  "delta_l2_ci95": 2.7371049506958576,
  "delta_l2_median": 9.105643272399902,
  "delta_l2_q25": 6.489447355270386,
  "delta_l2_q75": 13.385436534881592,
  "delta_linf_mean": 0.3150803877506405,
  "delta_linf_ci95": 0.07792406947911293,
  "delta_linf_median": 0.26646021008491516,
  "delta_linf_q25": 0.17208528518676758,
  "delta_linf_q75": 0.3604006990790367,
  "delta_mean_abs_mean": 0.040297104278579354,
  "delta_mean_abs_ci95": 0.010073011292573703,
  "delta_mean_abs_median": 0.032740676775574684,
  "delta_mean_abs_q25": 0.023010827600955963,
  "delta_mean_abs_q75": 0.048614658415317535,
  "delta_rel_l2_mean": 0.010000005110949796,
  "delta_rel_l2_ci95": 6.467632332566734e-10,
  "delta_rel_l2_median": 0.010000004829838139,
  "delta_rel_l2_q25": 0.010000003930077106,
  "delta_rel_l2_q75": 0.010000006232161766,
  "success_rel_l2_mean": 1.0,
  "success_rel_l2_ci95": 0.0,
  "success_rel_l2_median": 1.0,
  "success_rel_l2_q25": 1.0,
  "success_rel_l2_q75": 1.0,
  "success_mse_mean": 1.0,
  "success_mse_ci95": 0.0,
  "success_mse_median": 1.0,
  "success_mse_q25": 1.0,
  "success_mse_q75": 1.0,
  "clean_e_ran_l2_mean": 4.5435992032289505,
  "clean_e_ran_l2_ci95": 1.12629486279397,
  "clean_e_ran_l2_median": 3.7799288034439087,
  "clean_e_ran_l2_q25": 2.639865517616272,
  "clean_e_ran_l2_q75": 5.562926411628723,
  "clean_e_nul_l2_mean": 0.12790692824637517,
  "clean_e_nul_l2_ci95": 0.030726579785717387,
  "clean_e_nul_l2_median": 0.08995917811989784,
  "clean_e_nul_l2_q25": 0.06797459535300732,
  "clean_e_nul_l2_q75": 0.1556861326098442,
  "clean_e_ran_frac_mean": 0.9973889143663606,
  "clean_e_ran_frac_ci95": 0.004131044391490532,
  "clean_e_ran_frac_median": 0.9997092795719964,
  "clean_e_ran_frac_q25": 0.9991532796039926,
  "clean_e_ran_frac_q75": 0.9998136240878293,
  "clean_e_nul_frac_mean": 0.03912787772810147,