{
  "num_examples": 32,
  "gt_norm_mean": 19.246901780366898,
  "gt_norm_ci95": 3.3146818493907912,
  "gt_norm_median": 15.661028385162354,
  "gt_norm_q25": 12.43287444114685,
  "gt_norm_q75": 25.732792377471924,
  "clean_mse_mean": 0.0018032488128483237,
  "clean_mse_ci95": 0.0007991373618706786,
  "clean_mse_median": 0.000680547789670527,
  "clean_mse_q25": 0.0004057399128214456,
  "clean_mse_q75": 0.0026656558038666844,
  "adv_mse_mean": 0.04461257701041177,
  "adv_mse_ci95": 0.019413795798855247,
  "adv_mse_median": 0.01565091172233224,
  "adv_mse_q25": 0.009215670870617032,
  "adv_mse_q75": 0.0634598657488823,
  "mse_ratio_mean": 24.681723957299717,
  "mse_ratio_ci95": 1.787261092611632,
  "mse_ratio_median": 22.47657348011116,
  "mse_ratio_q25": 21.864397367769968,
  "mse_ratio_q75": 23.94395296270373,
  "clean_rel_l2_mean": 0.2324072839692235,
  "clean_rel_l2_ci95": 0.013910097559146871,
  "clean_rel_l2_median": 0.22967718541622162,
  "clean_rel_l2_q25": 0.21139682829380035,
  "clean_rel_l2_q75": 0.25372643768787384,
  "adv_rel_l2_mean": 1.1436896566301584,
  "adv_rel_l2_ci95": 0.0706091800405763,
  "adv_rel_l2_median": 1.092104732990265,
  "adv_rel_l2_q25": 0.9990819245576859,
  "adv_rel_l2_q75": 1.2440301179885864,
  "rel_l2_ratio_mean": 4.946057909171074,
  "rel_l2_ratio_ci95": 0.16445184989098063,
  "rel_l2_ratio_median": 4.740946524815848,
  "rel_l2_ratio_q25": 4.675938228256978,
  "rel_l2_ratio_q75": 4.892993895305149,
  "clean_psnr_mean": 25.40477201258683,
  "clean_psnr_ci95": 1.27647347981304,
  "clean_psnr_median": 25.518454069438,
  "clean_psnr_q25": 22.917255903936546,
  "clean_psnr_q75": 27.857067383029335,
  "adv_psnr_mean": 11.554220024158587,
  "adv_psnr_ci95": 1.2912543423797354,
  "adv_psnr_median": 11.910354407266023,
  "adv_psnr_q25": 9.22946268798483,
  "adv_psnr_q75": 14.337180054808822,
  "clean_ssim_mean": 0.32125235960678483,
  "clean_ssim_ci95": 0.0423519261597885,
  "clean_ssim_median": 0.29293252418375354,
  "clean_ssim_q25": 0.22839618869706763,
  "clean_ssim_q75": 0.38031350265960867,
  "adv_ssim_mean": 0.05260095635932183,
  "adv_ssim_ci95": 0.006252711555752998,
  "adv_ssim_median": 0.05514769408028243,
  "adv_ssim_q25": 0.04915650553128096,
  "adv_ssim_q75": 0.06273122170547898,
  "pred_shift_rel_l2_mean": 1.0423425659537315,
  "pred_shift_rel_l2_ci95": 0.06259466071017261,
  "pred_shift_rel_l2_median": 0.9893218874931335,
  "pred_shift_rel_l2_q25": 0.9193883389234543,
  "pred_shift_rel_l2_q75": 1.122395932674408,
  "init_shift_rel_l2_mean": 0.9945760648697615,
  "init_shift_rel_l2_ci95": 0.04939144822761867,
  "init_shift_rel_l2_median": 0.983495682477951,
  "init_shift_rel_l2_q25": 0.9309543967247009,
  "init_shift_rel_l2_q75": 1.0574621260166168,
  "delta_l2_mean": 11.208733528852463,
  "delta_l2_ci95": 2.4445142579216217,
  "delta_l2_median": 8.08491063117981,
  "delta_l2_q25": 6.3079341650009155,
  "delta_l2_q75": 16.099735498428345,
  "delta_linf_mean": 0.24811627552844584,
  "delta_linf_ci95": 0.053496745370073685,
  "delta_linf_median": 0.17295684665441513,
  "delta_linf_q25": 0.13530778884887695,
  "delta_linf_q75": 0.3332095518708229,
  "delta_mean_abs_mean": 0.04125746781937778,
  "delta_mean_abs_ci95": 0.009126539285454696,
  "delta_mean_abs_median": 0.02957175113260746,
  "delta_mean_abs_q25": 0.02288062684237957,
  "delta_mean_abs_q75": 0.06019983999431133,
  "delta_rel_l2_mean": 0.010000004387471811,
  "delta_rel_l2_ci95": 4.629631589541928e-10,
  "delta_rel_l2_median": 0.010000004812401257,
  "delta_rel_l2_q25": 0.010000003897339082,
  "delta_rel_l2_q75": 0.010000005263695193,
  "success_rel_l2_mean": 1.0,
  "success_rel_l2_ci95": 0.0,
  "success_rel_l2_median": 1.0,
  "success_rel_l2_q25": 1.0,
  "success_rel_l2_q75": 1.0,
  "success_mse_mean": 1.0,
  "success_mse_ci95": 0.0,
  "success_mse_median": 1.0,
  "success_mse_q25": 1.0,
  "success_mse_q75": 1.0,
  "clean_e_ran_l2_mean": 4.6121383756399155,
  "clean_e_ran_l2_ci95": 1.0028494325831814,
  "clean_e_ran_l2_median": 3.3379909992218018,
  "clean_e_ran_l2_q25": 2.5590142607688904,
  "clean_e_ran_l2_q75": 6.599800944328308,
  "clean_e_nul_l2_mean": 0.2216303343884647,
  "clean_e_nul_l2_ci95": 0.1156233264114206,
  "clean_e_nul_l2_median": 0.09233365952968597,
  "clean_e_nul_l2_q25": 0.06436594761908054,
  "clean_e_nul_l2_q75": 0.21196022257208824,
  "clean_e_ran_frac_mean": 0.9938446596790343,
  "clean_e_ran_frac_ci95": 0.009056837722061636,
  "clean_e_ran_frac_median": 0.9997248250598978,
  "clean_e_ran_frac_q25": 0.9993253517054499,
  "clean_e_ran_frac_q75": 0.9998211323287949,
  "clean_e_nul_frac_mean": 0.05435843749283506,
  "clean_e_nul_frac_ci95": 0.03275178588459226,
  "clean_e_nul_frac_median": 0.023457721835694847,
  "clean_e_nul_frac_q25": 0.018907446586850354,
  "clean_e_nul_frac_q75": 0.03670731919818575,
  "adv_e_ran_l2_mean": 20.691887319087982,
  "adv_e_ran_l2_ci95": 4.567682569450219,
  "adv_e_ran_l2_median": 15.561282634735107,
  "adv_e_ran_l2_q25": 11.787211894989014,
  "adv_e_ran_l2_q75": 29.076826095581055,
  "adv_e_nul_l2_mean": 6.4331877450458705,
  "adv_e_nul_l2_ci95": 3.395392542909561,
  "adv_e_nul_l2_median": 1.768288254737854,
  "adv_e_nul_l2_q25": 0.26548220217227936,
  "adv_e_nul_l2_q75": 9.01128363609314,
  "adv_e_ran_frac_mean": 0.9206388855640034,
  "adv_e_ran_frac_ci95": 0.051688182503715624,
  "adv_e_ran_frac_median": 0.9961303681807085,
  "adv_e_ran_frac_q25": 0.9430554885743754,
  "adv_e_ran_frac_q75": 0.9997439427460539,
  "adv_e_nul_frac_mean": 0.23112545555644678,
  "adv_e_nul_frac_ci95": 0.09796577178081216,
  "adv_e_nul_frac_median": 0.08788690065023771,
  "adv_e_nul_frac_q25": 0.022602397379923988,
  "adv_e_nul_frac_q75": 0.3320424461581983,
  "attack_runtime_total_sec": 64.66145147010684,
  "attack_runtime_per_example_sec": 2.0206703584408388,
  "model_name": "nsn",
  "attack_name": "adam",
  "norm": "l2",
  "eps": 0.01,
  "eps_actual": 12.805586398406984,
  "eps_budget_mode": "per_sample_l2",
  "attack_init_mode": "exact",
  "eval_init_mode": "exact"
}