{
  "num_examples": 32,
  "gt_norm_mean": 19.554032936692238,
  "gt_norm_ci95": 3.175656556464896,
  "gt_norm_median": 19.43148136138916,
  "gt_norm_q25": 13.664082050323486,
  "gt_norm_q75": 22.861806869506836,
  "clean_mse_mean": 0.001924151118601003,
  "clean_mse_ci95": 0.0010289406101084823,
  "clean_mse_median": 0.0011581165599636734,
  "clean_mse_q25": 0.0006059290026314557,
  "clean_mse_q75": 0.0016500898345839232,
  "adv_mse_mean": 0.044760133685485926,
  "adv_mse_ci95": 0.02535036912983255,
  "adv_mse_median": 0.025726601481437683,
  "adv_mse_q25": 0.013379624579101801,
  "adv_mse_q75": 0.03790842089802027,
  "mse_ratio_mean": 22.78242213522521,
  "mse_ratio_ci95": 0.6954264397688307,
  "mse_ratio_median": 22.42992841355531,
  "mse_ratio_q25": 21.763912086514203,
  "mse_ratio_q75": 22.965094174967312,
  "clean_rel_l2_mean": 0.23229862423613667,
  "clean_rel_l2_ci95": 0.013726037420157784,
  "clean_rel_l2_median": 0.2268487513065338,
  "clean_rel_l2_q25": 0.20449154451489449,
  "clean_rel_l2_q75": 0.2522178366780281,
  "adv_rel_l2_mean": 1.107667863368988,
  "adv_rel_l2_ci95": 0.0673032098186322,
  "adv_rel_l2_median": 1.074178695678711,
  "adv_rel_l2_q25": 0.9969343692064285,
  "adv_rel_l2_q75": 1.1798382699489594,
  "rel_l2_ratio_mean": 4.7691328334509056,
  "rel_l2_ratio_ci95": 0.06843699462992582,
  "rel_l2_ratio_median": 4.736024073737452,
  "rel_l2_ratio_q25": 4.665180760550585,
  "rel_l2_ratio_q75": 4.792190588861875,
  "clean_psnr_mean": 25.690754018858367,
  "clean_psnr_ci95": 1.2688538456663796,
  "clean_psnr_median": 26.244424927608996,
  "clean_psnr_q25": 23.984371270441493,
  "clean_psnr_q75": 28.310314242364985,
  "adv_psnr_mean": 12.128640555607372,
  "adv_psnr_ci95": 1.2940652761589528,
  "adv_psnr_median": 12.595161316440212,
  "adv_psnr_q25": 10.133498007384155,
  "adv_psnr_q75": 14.899757283898198,
  "clean_ssim_mean": 0.32515578796698613,
  "clean_ssim_ci95": 0.04017835787208558,
  "clean_ssim_median": 0.3166826353161236,
  "clean_ssim_q25": 0.2430872181378837,
  "clean_ssim_q75": 0.40743115362722515,
  "adv_ssim_mean": 0.05570911029448594,
  "adv_ssim_ci95": 0.005954535292485136,
  "adv_ssim_median": 0.056207499929351784,
  "adv_ssim_q25": 0.05024340522312116,
  "adv_ssim_q75": 0.06389204529943028,
  "pred_shift_rel_l2_mean": 1.0003176759928465,
  "pred_shift_rel_l2_ci95": 0.056163279415210335,
  "pred_shift_rel_l2_median": 0.9765619933605194,
  "pred_shift_rel_l2_q25": 0.9057489931583405,
  "pred_shift_rel_l2_q75": 1.0727927684783936,
  "init_shift_rel_l2_mean": 1.022983442991972,
  "init_shift_rel_l2_ci95": 0.04165027126750866,
  "init_shift_rel_l2_median": 0.9906847178936005,
  "init_shift_rel_l2_q25": 0.9396001845598221,
  "init_shift_rel_l2_q75": 1.0759202539920807,
  "delta_l2_mean": 11.58384558558464,
  "delta_l2_ci95": 2.5810953599687836,
  "delta_l2_median": 10.538117408752441,
  "delta_l2_q25": 7.585117220878601,
  "delta_l2_q75": 12.924726009368896,
  "delta_linf_mean": 0.2527153077535331,
  "delta_linf_ci95": 0.05690066020054182,
  "delta_linf_median": 0.22534509003162384,
  "delta_linf_q25": 0.16822529956698418,
  "delta_linf_q75": 0.2769259065389633,
  "delta_mean_abs_mean": 0.042785371391801164,
  "delta_mean_abs_ci95": 0.009647907002895474,
  "delta_mean_abs_median": 0.038826076313853264,
  "delta_mean_abs_q25": 0.02766419854015112,
  "delta_mean_abs_q75": 0.04801363032311201,
  "delta_rel_l2_mean": 0.01000000518147882,
  "delta_rel_l2_ci95": 4.6271057319755134e-10,
  "delta_rel_l2_median": 0.010000004845552943,
  "delta_rel_l2_q25": 0.010000004403380069,
  "delta_rel_l2_q75": 0.01000000579651742,
  "success_rel_l2_mean": 1.0,
  "success_rel_l2_ci95": 0.0,
  "success_rel_l2_median": 1.0,
  "success_rel_l2_q25": 1.0,
  "success_rel_l2_q75": 1.0,
  "success_mse_mean": 1.0,
  "success_mse_ci95": 0.0,
  "success_mse_median": 1.0,
  "success_mse_q25": 1.0,
  "success_mse_q75": 1.0,
  "clean_e_ran_l2_mean": 4.753224637359381,
  "clean_e_ran_l2_ci95": 1.0499606179863412,
  "clean_e_ran_l2_median": 4.352665901184082,
  "clean_e_ran_l2_q25": 3.148624002933502,
  "clean_e_ran_l2_q75": 5.197188854217529,
  "clean_e_nul_l2_mean": 0.15181693714112043,
  "clean_e_nul_l2_ci95": 0.04026530217036222,
  "clean_e_nul_l2_median": 0.14408285170793533,
  "clean_e_nul_l2_q25": 0.09085659310221672,
  "clean_e_nul_l2_q75": 0.16051903367042542,
  "clean_e_ran_frac_mean": 0.9992111618024778,
  "clean_e_ran_frac_ci95": 0.00035456890244417666,
  "clean_e_ran_frac_median": 0.9995149913284032,
  "clean_e_ran_frac_q25": 0.9991331034384834,
  "clean_e_ran_frac_q75": 0.9997124982968899,
  "clean_e_nul_frac_mean": 0.03524959981854558,
  "clean_e_nul_frac_ci95": 0.0064289168692697445,
  "clean_e_nul_frac_median": 0.03113417337072339,
  "clean_e_nul_frac_q25": 0.023940618420648128,
  "clean_e_nul_frac_q75": 0.041628640021455394,
  "adv_e_ran_l2_mean": 22.11025731265545,
  "adv_e_ran_l2_ci95": 4.824569810187999,
  "adv_e_ran_l2_median": 20.018757820129395,
  "adv_e_ran_l2_q25": 14.6708505153656,
  "adv_e_ran_l2_q75": 24.7540864944458,
  "adv_e_nul_l2_mean": 3.819381683366373,
  "adv_e_nul_l2_ci95": 2.283240038868257,
  "adv_e_nul_l2_median": 1.6690993309020996,
  "adv_e_nul_l2_q25": 0.39759449660778046,
  "adv_e_nul_l2_q75": 3.273618221282959,
  "adv_e_ran_frac_mean": 0.9775460166941676,
  "adv_e_ran_frac_ci95": 0.017193740198820414,
  "adv_e_ran_frac_median": 0.9953554138419687,
  "adv_e_ran_frac_q25": 0.9861592770680848,
  "adv_e_ran_frac_q75": 0.9998203567777146,
  "adv_e_nul_frac_mean": 0.13790521525718957,
  "adv_e_nul_frac_ci95": 0.053387850120419446,
  "adv_e_nul_frac_median": 0.09583925397186392,
  "adv_e_nul_frac_q25": 0.01895201181856829,
  "adv_e_nul_frac_q75": 0.1657068789600367,
  "attack_runtime_total_sec": 64.72858628258109,
  "attack_runtime_per_example_sec": 2.022768321330659,
  "model_name": "nsn",
  "attack_name": "adam",
  "norm": "l2",
  "eps": 0.01,
  "eps_actual": 12.769250320068359,
  "eps_budget_mode": "per_sample_l2",
  "attack_init_mode": "exact",
  "eval_init_mode": "exact"
}