{
  "num_examples": 32,
  "gt_norm_mean": 19.554032936692238,
  "gt_norm_ci95": 3.175656556464896,
  "gt_norm_median": 19.43148136138916,
  "gt_norm_q25": 13.664082050323486,
  "gt_norm_q75": 22.861806869506836,
  "clean_mse_mean": 0.0011342021898599342,
  "clean_mse_ci95": 0.0005445552811869841,
  "clean_mse_median": 0.0007189511088654399,
  "clean_mse_q25": 0.0003874075337080285,
  "clean_mse_q75": 0.0010221929696854204,
  "adv_mse_mean": 0.009880803327178,
  "adv_mse_ci95": 0.005385990975307749,
  "adv_mse_median": 0.005771390162408352,
  "adv_mse_q25": 0.0030035065137781203,
  "adv_mse_q75": 0.008692661998793483,
  "mse_ratio_mean": 8.022264748300694,
  "mse_ratio_ci95": 0.4713398284419891,
  "mse_ratio_median": 7.856233867793383,
  "mse_ratio_q25": 7.421311190986099,
  "mse_ratio_q75": 8.398919734181673,
  "clean_rel_l2_mean": 0.18589467136189342,
  "clean_rel_l2_ci95": 0.007185605500314222,
  "clean_rel_l2_median": 0.17879388481378555,
  "clean_rel_l2_q25": 0.1720423772931099,
  "clean_rel_l2_q75": 0.193845447152853,
  "adv_rel_l2_mean": 0.5269052907824516,
  "adv_rel_l2_ci95": 0.030414281918003376,
  "adv_rel_l2_median": 0.5072611272335052,
  "adv_rel_l2_q25": 0.47094209492206573,
  "adv_rel_l2_q75": 0.5566544383764267,
  "rel_l2_ratio_mean": 2.8232378742692026,
  "rel_l2_ratio_ci95": 0.07995950697706297,
  "rel_l2_ratio_median": 2.8028607114190915,
  "rel_l2_ratio_q25": 2.7241865719562757,
  "rel_l2_ratio_q75": 2.898085323890892,
  "clean_psnr_mean": 27.55817465843262,
  "clean_psnr_ci95": 1.1035217157889887,
  "clean_psnr_median": 28.227475017396607,
  "clean_psnr_q25": 26.055675139984363,
  "clean_psnr_q75": 29.978643347734035,
  "adv_psnr_mean": 18.57031225734688,
  "adv_psnr_ci95": 1.2758326510768987,
  "adv_psnr_median": 19.27646041634665,
  "adv_psnr_q25": 16.56096117924995,
  "adv_psnr_q75": 21.274365414317003,
  "clean_ssim_mean": 0.4317298656773858,
  "clean_ssim_ci95": 0.04553041731059458,
  "clean_ssim_median": 0.4432430366818557,
  "clean_ssim_q25": 0.3377199835764448,
  "clean_ssim_q75": 0.5265224321816168,
  "adv_ssim_mean": 0.14118863557746295,
  "adv_ssim_ci95": 0.016600696340496393,
  "adv_ssim_median": 0.1364510391337146,
  "adv_ssim_q25": 0.10811259211399883,
  "adv_ssim_q75": 0.16473522255596473,
  "pred_shift_rel_l2_mean": 0.43382731452584267,
  "pred_shift_rel_l2_ci95": 0.025656164826691877,
  "pred_shift_rel_l2_median": 0.4177987575531006,
  "pred_shift_rel_l2_q25": 0.38600242137908936,
  "pred_shift_rel_l2_q75": 0.4680740758776665,
  "init_shift_rel_l2_mean": 0.4791747694835067,
  "init_shift_rel_l2_ci95": 0.020773387801216677,
  "init_shift_rel_l2_median": 0.4666871875524521,
  "init_shift_rel_l2_q25": 0.44196581840515137,
  "init_shift_rel_l2_q75": 0.5038061290979385,
  "delta_l2_mean": 5.791922591626644,
  "delta_l2_ci95": 1.290547551369146,
  "delta_l2_median": 5.269058465957642,
  "delta_l2_q25": 3.792558789253235,
  "delta_l2_q75": 6.46236264705658,
  "delta_linf_mean": 0.13162225985433906,
  "delta_linf_ci95": 0.027851179610559048,
  "delta_linf_median": 0.11458797007799149,
  "delta_linf_q25": 0.0852307602763176,
  "delta_linf_q75": 0.14491315186023712,
  "delta_mean_abs_mean": 0.02148392249364406,
  "delta_mean_abs_ci95": 0.0048396427037138735,
  "delta_mean_abs_median": 0.019483979791402817,
  "delta_mean_abs_q25": 0.013919085497036576,
  "delta_mean_abs_q75": 0.02395675051957369,
  "delta_rel_l2_mean": 0.005000002491376743,
  "delta_rel_l2_ci95": 2.6976660685041535e-10,
  "delta_rel_l2_median": 0.005000002392189663,
  "delta_rel_l2_q25": 0.005000001910377968,
  "delta_rel_l2_q75": 0.005000002877377461,
  "success_rel_l2_mean": 1.0,
  "success_rel_l2_ci95": 0.0,
  "success_rel_l2_median": 1.0,
  "success_rel_l2_q25": 1.0,
  "success_rel_l2_q75": 1.0,
  "success_mse_mean": 1.0,
  "success_mse_ci95": 0.0,
  "success_mse_median": 1.0,
  "success_mse_q25": 1.0,
  "success_mse_q75": 1.0,
  "clean_e_ran_l2_mean": 3.2822710014879704,
  "clean_e_ran_l2_ci95": 0.7058654150374748,
  "clean_e_ran_l2_median": 2.9622809886932373,
  "clean_e_ran_l2_q25": 2.20460706949234,
  "clean_e_ran_l2_q75": 3.700905740261078,
  "clean_e_nul_l2_mean": 1.771011283621192,
  "clean_e_nul_l2_ci95": 0.2843276675042319,
  "clean_e_nul_l2_median": 1.7230495810508728,
  "clean_e_nul_l2_q25": 1.189131885766983,
  "clean_e_nul_l2_q75": 2.071072518825531,
  "clean_e_ran_frac_mean": 0.8620818088959625,
  "clean_e_ran_frac_ci95": 0.015679448433123966,
  "clean_e_ran_frac_median": 0.8657160777740261,
  "clean_e_ran_frac_q25": 0.8405338092256226,
  "clean_e_ran_frac_q75": 0.8940694001673287,
  "clean_e_nul_frac_mean": 0.4999121047017087,
  "clean_e_nul_frac_ci95": 0.024689564344172937,
  "clean_e_nul_frac_median": 0.500529639073731,
  "clean_e_nul_frac_q25": 0.44792627526120193,
  "clean_e_nul_frac_q75": 0.5417474810787155,
  "adv_e_ran_l2_mean": 9.823709681630135,
  "adv_e_ran_l2_ci95": 2.2035720690527127,
  "adv_e_ran_l2_median": 8.610904216766357,
  "adv_e_ran_l2_q25": 6.52339780330658,
  "adv_e_ran_l2_q75": 11.087260007858276,
  "adv_e_nul_l2_mean": 4.252300910651684,
  "adv_e_nul_l2_ci95": 1.0028837144404381,
  "adv_e_nul_l2_median": 3.574058175086975,
  "adv_e_nul_l2_q25": 2.572447657585144,
  "adv_e_nul_l2_q75": 4.821243047714233,
  "adv_e_ran_frac_mean": 0.9068612399841426,
  "adv_e_ran_frac_ci95": 0.02519300123091243,
  "adv_e_ran_frac_median": 0.9310130819280209,
  "adv_e_ran_frac_q25": 0.9214638008806928,
  "adv_e_ran_frac_q75": 0.9350936992871379,
  "adv_e_nul_frac_mean": 0.40174772385839436,
  "adv_e_nul_frac_ci95": 0.037054538063914136,
  "adv_e_nul_frac_median": 0.36498491640212327,
  "adv_e_nul_frac_q25": 0.3543995850078648,
  "adv_e_nul_frac_q75": 0.38845645545634805,
  "attack_runtime_total_sec": 285.3858092725277,
  "attack_runtime_per_example_sec": 8.91830653976649,
  "model_name": "nsn",
  "attack_name": "adam",
  "norm": "l2",
  "eps": 0.005,
  "eps_actual": 6.3846251600341795,
  "eps_budget_mode": "per_sample_l2",
  "attack_init_mode": "exact",
  "eval_init_mode": "exact"
}