{
  "num_examples": 32,
  "gt_norm_mean": 19.554032936692238,
  "gt_norm_ci95": 3.175656556464896,
  "gt_norm_median": 19.43148136138916,
  "gt_norm_q25": 13.664082050323486,
  "gt_norm_q75": 22.861806869506836,
  "clean_mse_mean": 0.001924151118601003,
  "clean_mse_ci95": 0.0010289406101084823,
  "clean_mse_median": 0.0011581165599636734,
  "clean_mse_q25": 0.0006059290026314557,
  "clean_mse_q75": 0.0016500898345839232,
  "adv_mse_mean": 0.014383693469426362,
  "adv_mse_ci95": 0.007866186606298274,
  "adv_mse_median": 0.008533932734280825,
  "adv_mse_q25": 0.0043681442039087415,
  "adv_mse_q75": 0.012352047488093376,
  "mse_ratio_mean": 7.417734444029411,
  "mse_ratio_ci95": 0.1706098725137922,
  "mse_ratio_median": 7.357510002330931,
  "mse_ratio_q25": 7.181363544740872,
  "mse_ratio_q75": 7.539911205401667,
  "clean_rel_l2_mean": 0.23229862423613667,
  "clean_rel_l2_ci95": 0.013726037420157784,
  "clean_rel_l2_median": 0.2268487513065338,
  "clean_rel_l2_q25": 0.20449154451489449,
  "clean_rel_l2_q75": 0.2522178366780281,
  "adv_rel_l2_mean": 0.6321209808811545,
  "adv_rel_l2_ci95": 0.037497500352424336,
  "adv_rel_l2_median": 0.6155950129032135,
  "adv_rel_l2_q25": 0.5700676590204239,
  "adv_rel_l2_q75": 0.6801141649484634,
  "rel_l2_ratio_mean": 2.72224460945947,
  "rel_l2_ratio_ci95": 0.029701249690714852,
  "rel_l2_ratio_median": 2.7124730141938267,
  "rel_l2_ratio_q25": 2.6798064033597337,
  "rel_l2_ratio_q75": 2.7458898919249917,
  "clean_psnr_mean": 25.690754018858367,
  "clean_psnr_ci95": 1.2688538456663796,
  "clean_psnr_median": 26.244424927608996,
  "clean_psnr_q25": 23.984371270441493,
  "clean_psnr_q75": 28.310314242364985,
  "adv_psnr_mean": 16.99611184858454,
  "adv_psnr_ci95": 1.2830884653701031,
  "adv_psnr_median": 17.56355871455995,
  "adv_psnr_q25": 15.106673972680875,
  "adv_psnr_q75": 19.763862649686068,
  "clean_ssim_mean": 0.32515578796698613,
  "clean_ssim_ci95": 0.04017835787208558,
  "clean_ssim_median": 0.3166826353161236,
  "clean_ssim_q25": 0.2430872181378837,
  "clean_ssim_q75": 0.40743115362722515,
  "adv_ssim_mean": 0.10055986280757219,
  "adv_ssim_ci95": 0.009692863401365352,
  "adv_ssim_median": 0.09375299652074381,
  "adv_ssim_q25": 0.08354227569722462,
  "adv_ssim_q75": 0.11064859572587224,
  "pred_shift_rel_l2_mean": 0.4848923161625862,
  "pred_shift_rel_l2_ci95": 0.02639780566380874,
  "pred_shift_rel_l2_median": 0.47456079721450806,
  "pred_shift_rel_l2_q25": 0.4393850043416023,
  "pred_shift_rel_l2_q75": 0.5153262913227081,
  "init_shift_rel_l2_mean": 0.4986467510461807,
  "init_shift_rel_l2_ci95": 0.021151027701771047,
  "init_shift_rel_l2_median": 0.48019589483737946,
  "init_shift_rel_l2_q25": 0.46083781123161316,
  "init_shift_rel_l2_q75": 0.52039735019207,
  "delta_l2_mean": 5.791922960430384,
  "delta_l2_ci95": 1.2905477192465298,
  "delta_l2_median": 5.2690589427948,
  "delta_l2_q25": 3.7925585508346558,
  "delta_l2_q75": 6.462363243103027,
  "delta_linf_mean": 0.12186044210102409,
  "delta_linf_ci95": 0.025806976873200122,
  "delta_linf_median": 0.10623671114444733,
  "delta_linf_q25": 0.08015601709485054,
  "delta_linf_q75": 0.1328354999423027,
  "delta_mean_abs_mean": 0.021926254019490443,
  "delta_mean_abs_ci95": 0.0049181907552379375,
  "delta_mean_abs_median": 0.01992381177842617,
  "delta_mean_abs_q25": 0.014279869385063648,
  "delta_mean_abs_q75": 0.024574093986302614,
  "delta_rel_l2_mean": 0.005000002720433659,
  "delta_rel_l2_ci95": 2.7783623845389686e-10,
  "delta_rel_l2_median": 0.00500000254199269,
  "delta_rel_l2_q25": 0.005000002359297161,
  "delta_rel_l2_q75": 0.005000002935893472,
  "success_rel_l2_mean": 1.0,
  "success_rel_l2_ci95": 0.0,
  "success_rel_l2_median": 1.0,
  "success_rel_l2_q25": 1.0,
  "success_rel_l2_q75": 1.0,
  "success_mse_mean": 1.0,
  "success_mse_ci95": 0.0,
  "success_mse_median": 1.0,
  "success_mse_q25": 1.0,
  "success_mse_q75": 1.0,
  "clean_e_ran_l2_mean": 4.753224637359381,
  "clean_e_ran_l2_ci95": 1.0499606179863412,
  "clean_e_ran_l2_median": 4.352665901184082,
  "clean_e_ran_l2_q25": 3.148624002933502,
  "clean_e_ran_l2_q75": 5.197188854217529,
  "clean_e_nul_l2_mean": 0.15181693714112043,
  "clean_e_nul_l2_ci95": 0.04026530217036222,
  "clean_e_nul_l2_median": 0.14408285170793533,
  "clean_e_nul_l2_q25": 0.09085659310221672,
  "clean_e_nul_l2_q75": 0.16051903367042542,
  "clean_e_ran_frac_mean": 0.9992111618024778,
  "clean_e_ran_frac_ci95": 0.00035456890244417666,
  "clean_e_ran_frac_median": 0.9995149913284032,
  "clean_e_ran_frac_q25": 0.9991331034384834,
  "clean_e_ran_frac_q75": 0.9997124982968899,
  "clean_e_nul_frac_mean": 0.03524959981854558,
  "clean_e_nul_frac_ci95": 0.0064289168692697445,
  "clean_e_nul_frac_median": 0.03113417337072339,
  "clean_e_nul_frac_q25": 0.023940618420648128,
  "clean_e_nul_frac_q75": 0.041628640021455394,
  "adv_e_ran_l2_mean": 12.780911847949028,
  "adv_e_ran_l2_ci95": 2.843129552393763,
  "adv_e_ran_l2_median": 11.679286003112793,
  "adv_e_ran_l2_q25": 8.434637784957886,
  "adv_e_ran_l2_q75": 14.179686784744263,
  "adv_e_nul_l2_mean": 1.4065575159620494,
  "adv_e_nul_l2_ci95": 0.7952210686473636,
  "adv_e_nul_l2_median": 0.3598572015762329,
  "adv_e_nul_l2_q25": 0.17049335315823555,
  "adv_e_nul_l2_q75": 1.3976940512657166,
  "adv_e_ran_frac_mean": 0.9854569011566909,
  "adv_e_ran_frac_ci95": 0.01363340185679093,
  "adv_e_ran_frac_median": 0.9996653266571289,
  "adv_e_ran_frac_q25": 0.9897770262507577,
  "adv_e_ran_frac_q75": 0.9998773307649873,
  "adv_e_nul_frac_mean": 0.10028399246850972,
  "adv_e_nul_frac_ci95": 0.04632585913308222,
  "adv_e_nul_frac_median": 0.025442860462790165,
  "adv_e_nul_frac_q25": 0.015660800838765476,
  "adv_e_nul_frac_q75": 0.14201549690184714,
  "attack_runtime_total_sec": 64.70503720641136,
  "attack_runtime_per_example_sec": 2.022032412700355,
  "model_name": "nsn",
  "attack_name": "adam",
  "norm": "l2",
  "eps": 0.005,
  "eps_actual": 6.3846251600341795,
  "eps_budget_mode": "per_sample_l2",
  "attack_init_mode": "exact",
  "eval_init_mode": "exact"
}