{
  "num_examples": 32,
  "gt_norm_mean": 19.554032936692238,
  "gt_norm_ci95": 3.175656556464896,
  "gt_norm_median": 19.43148136138916,
  "gt_norm_q25": 13.664082050323486,
  "gt_norm_q75": 22.861806869506836,
  "clean_mse_mean": 7.191598022870949e-06,
  "clean_mse_ci95": 3.43137081539001e-06,
  "clean_mse_median": 4.195616156721371e-06,
  "clean_mse_q25": 2.0121538568673714e-06,
  "clean_mse_q75": 8.473303978462354e-06,
  "adv_mse_mean": 0.9931868044659495,
  "adv_mse_ci95": 0.2135776853672084,
  "adv_mse_median": 0.9092663824558258,
  "adv_mse_q25": 0.5467602238059044,
  "adv_mse_q75": 1.4590297639369965,
  "mse_ratio_mean": 209747.49601983256,
  "mse_ratio_ci95": 38327.43351198439,
  "mse_ratio_median": 185028.80586123973,
  "mse_ratio_q25": 128829.46986809756,
  "mse_ratio_q75": 300525.73027468706,
  "clean_rel_l2_mean": 0.01546810319996439,
  "clean_rel_l2_ci95": 0.0012916999011928542,
  "clean_rel_l2_median": 0.014353456906974316,
  "clean_rel_l2_q25": 0.013100125128403306,
  "clean_rel_l2_q75": 0.01639317302033305,
  "adv_rel_l2_mean": 6.476162910461426,
  "adv_rel_l2_ci95": 0.4299091691217237,
  "adv_rel_l2_median": 6.442113876342773,
  "adv_rel_l2_q25": 5.712929725646973,
  "adv_rel_l2_q75": 7.231883406639099,
  "rel_l2_ratio_mean": 440.55545126887563,
  "rel_l2_ratio_ci95": 44.0502400990697,
  "rel_l2_ratio_median": 430.14587980203214,
  "rel_l2_ratio_q25": 358.9032122163779,
  "rel_l2_ratio_q75": 548.1812409831479,
  "clean_psnr_mean": 49.30840352172508,
  "clean_psnr_ci95": 0.9636945649148527,
  "clean_psnr_median": 49.77035961716621,
  "clean_psnr_q25": 47.91948529778359,
  "clean_psnr_q75": 51.39359590515772,
  "adv_psnr_mean": -3.170792432758164,
  "adv_psnr_ci95": 0.9632326512114241,
  "adv_psnr_median": -2.7039567254896046,
  "adv_psnr_q25": -5.143699979542007,
  "adv_psnr_q75": -1.0653171880950751,
  "clean_ssim_mean": 0.9929406654512176,
  "clean_ssim_ci95": 0.0018159517272946272,
  "clean_ssim_median": 0.994650856449347,
  "clean_ssim_q25": 0.9920080197813352,
  "clean_ssim_q75": 0.9959100601412265,
  "adv_ssim_mean": 0.12248101966167643,
  "adv_ssim_ci95": 0.022967589262724512,
  "adv_ssim_median": 0.10866908086733114,
  "adv_ssim_q25": 0.07628319362307537,
  "adv_ssim_q75": 0.15018355841334707,
  "pred_shift_rel_l2_mean": 6.47340227663517,
  "pred_shift_rel_l2_ci95": 0.4292556553148324,
  "pred_shift_rel_l2_median": 6.435748815536499,
  "pred_shift_rel_l2_q25": 5.704833984375,
  "pred_shift_rel_l2_q75": 7.232171058654785,
  "init_shift_rel_l2_mean": 10.739756122231483,
  "init_shift_rel_l2_ci95": 0.7126565614409929,
  "init_shift_rel_l2_median": 11.331154346466064,
  "init_shift_rel_l2_q25": 9.26070785522461,
  "init_shift_rel_l2_q75": 12.030118703842163,
  "delta_l2_mean": 183.1508309841156,
  "delta_l2_ci95": 20.751007789287463,
  "delta_l2_median": 204.93688201904297,
  "delta_l2_q25": 151.70235443115234,
  "delta_l2_q75": 231.7024917602539,
  "delta_linf_mean": 6.092418257147074,
  "delta_linf_ci95": 0.7852363629182288,
  "delta_linf_median": 6.487624168395996,
  "delta_linf_q25": 4.676971435546875,
  "delta_linf_q75": 7.547448754310608,
  "delta_mean_abs_mean": 0.6623697257600725,
  "delta_mean_abs_ci95": 0.07377784847938469,
  "delta_mean_abs_median": 0.7379203736782074,
  "delta_mean_abs_q25": 0.5587614476680756,
  "delta_mean_abs_q75": 0.8320337682962418,
  "delta_rel_l2_mean": 0.18014098140542772,
  "delta_rel_l2_ci95": 0.013264548610659694,
  "delta_rel_l2_median": 0.20000010723956646,
  "delta_rel_l2_q25": 0.17985920369367164,
  "delta_rel_l2_q75": 0.20000012365121517,
  "success_rel_l2_mean": 1.0,
  "success_rel_l2_ci95": 0.0,
  "success_rel_l2_median": 1.0,
  "success_rel_l2_q25": 1.0,
  "success_rel_l2_q75": 1.0,
  "success_mse_mean": 1.0,
  "success_mse_ci95": 0.0,
  "success_mse_median": 1.0,
  "success_mse_q25": 1.0,
  "success_mse_q75": 1.0,
  "clean_e_ran_l2_mean": 0.22781610931269825,
  "clean_e_ran_l2_ci95": 0.04345087102637813,
  "clean_e_ran_l2_median": 0.2057250514626503,
  "clean_e_ran_l2_q25": 0.13784443959593773,
  "clean_e_ran_l2_q75": 0.28285597264766693,
  "clean_e_nul_l2_mean": 0.19627415668219328,
  "clean_e_nul_l2_ci95": 0.03883200126939826,
  "clean_e_nul_l2_median": 0.17059458792209625,
  "clean_e_nul_l2_q25": 0.11817777343094349,
  "clean_e_nul_l2_q75": 0.24256322532892227,
  "clean_e_ran_frac_mean": 0.7586892362601407,
  "clean_e_ran_frac_ci95": 0.013541515378694694,
  "clean_e_ran_frac_median": 0.758601967469555,
  "clean_e_ran_frac_q25": 0.7366559241694648,
  "clean_e_ran_frac_q75": 0.7876159707980743,
  "clean_e_nul_frac_mean": 0.6487765674923522,
  "clean_e_nul_frac_ci95": 0.0157427903740656,
  "clean_e_nul_frac_median": 0.6515537664846485,
  "clean_e_nul_frac_q25": 0.6161299064924595,
  "clean_e_nul_frac_q75": 0.676259892837742,
  "adv_e_ran_l2_mean": 49.873669147491455,
  "adv_e_ran_l2_ci95": 6.00752737494589,
  "adv_e_ran_l2_median": 52.568702697753906,
  "adv_e_ran_l2_q25": 38.42855930328369,
  "adv_e_ran_l2_q75": 61.19029426574707,
  "adv_e_nul_l2_mean": 109.55300235748291,
  "adv_e_nul_l2_ci95": 13.597039329191249,
  "adv_e_nul_l2_median": 110.90199661254883,
  "adv_e_nul_l2_q25": 86.05515670776367,
  "adv_e_nul_l2_q75": 139.24099349975586,
  "adv_e_ran_frac_mean": 0.4167204744715081,
  "adv_e_ran_frac_ci95": 0.013808207293632533,
  "adv_e_ran_frac_median": 0.4053277158296794,
  "adv_e_ran_frac_q25": 0.3951120895957888,
  "adv_e_ran_frac_q75": 0.4359069943242212,
  "adv_e_nul_frac_mean": 0.9079985198224412,
  "adv_e_nul_frac_ci95": 0.006531528459864468,
  "adv_e_nul_frac_median": 0.9141711633661065,
  "adv_e_nul_frac_q25": 0.899991086435681,
  "adv_e_nul_frac_q75": 0.9186328114707547,
  "attack_runtime_total_sec": 57.995168294757605,
  "attack_runtime_per_example_sec": 1.8123490092111751,
  "model_name": "resnet",
  "attack_name": "adam",
  "norm": "l2",
  "eps": 0.2,
  "eps_actual": 255.38500640136718,
  "eps_budget_mode": "per_sample_l2",
  "attack_init_mode": "exact",
  "eval_init_mode": "exact"
}