{
  "num_examples": 32,
  "gt_norm_mean": 19.246901780366898,
  "gt_norm_ci95": 3.3146818493907912,
  "gt_norm_median": 15.661028385162354,
  "clean_mse_mean": 3.933885684759275e-05,
  "clean_mse_ci95": 4.3927084058883086e-05,
  "clean_mse_median": 3.1640017823519884e-06,
  "adv_mse_mean": 1.2015832038596272,
  "adv_mse_ci95": 0.13982361408775137,
  "adv_mse_median": 1.2429173588752747,
  "mse_ratio_mean": 403902.8570310184,
  "mse_ratio_ci95": 153051.84098282203,
  "mse_ratio_median": 229909.76973278803,
  "clean_rel_l2_mean": 0.024667877180036157,
  "clean_rel_l2_ci95": 0.010194335083669105,
  "clean_rel_l2_median": 0.014764487743377686,
  "adv_rel_l2_mean": 8.711170867085457,
  "adv_rel_l2_ci95": 1.3742094122236337,
  "adv_rel_l2_median": 7.971550226211548,
  "rel_l2_ratio_mean": 540.9667896800095,
  "rel_l2_ratio_ci95": 117.41951793649075,
  "rel_l2_ratio_median": 478.5575270521549,
  "clean_psnr_mean": 47.1319127269045,
  "clean_psnr_ci95": 2.0283044819018206,
  "clean_psnr_median": 49.327588281691995,
  "adv_psnr_mean": -5.34631972359828,
  "adv_psnr_ci95": 1.1452899731824842,
  "adv_psnr_median": -5.510281058743253,
  "clean_ssim_mean": 0.9906381179233497,
  "clean_ssim_ci95": 0.0028023495946297348,
  "clean_ssim_median": 0.9930798454018441,
  "adv_ssim_mean": 0.06525421255469625,
  "adv_ssim_ci95": 0.01844087089747861,
  "adv_ssim_median": 0.04620459171929992,
  "pred_shift_rel_l2_mean": 8.696916714310646,
  "pred_shift_rel_l2_ci95": 1.3740471354897363,
  "pred_shift_rel_l2_median": 7.953992605209351,
  "init_shift_rel_l2_mean": 16.014824599027634,
  "init_shift_rel_l2_ci95": 2.60417872908808,
  "init_shift_rel_l2_median": 17.028560638427734,
  "delta_l2_mean": 237.94522714614868,
  "delta_l2_ci95": 7.704441534666833,
  "delta_l2_median": 247.72620391845703,
  "delta_linf_mean": 8.819405302405357,
  "delta_linf_ci95": 0.5832331617855012,
  "delta_linf_median": 8.502320289611816,
  "delta_mean_abs_mean": 0.8567423354834318,
  "delta_mean_abs_ci95": 0.030552520042855177,
  "delta_mean_abs_median": 0.894624650478363,
  "delta_rel_l2_mean": 0.29396961967138174,
  "delta_rel_l2_ci95": 0.05287866745214847,
  "delta_rel_l2_median": 0.31453782035098754,
  "success_rel_l2_mean": 1.0,
  "success_rel_l2_ci95": 0.0,
  "success_rel_l2_median": 1.0,
  "success_mse_mean": 1.0,
  "success_mse_ci95": 0.0,
  "success_mse_median": 1.0,
  "clean_e_ran_l2_mean": 0.33419539453461766,
  "clean_e_ran_l2_ci95": 0.11959582308209402,
  "clean_e_ran_l2_median": 0.17974556982517242,
  "clean_e_nul_l2_mean": 0.35835759923793375,
  "clean_e_nul_l2_ci95": 0.18924519666797135,
  "clean_e_nul_l2_median": 0.13826829940080643,
  "clean_e_ran_frac_mean": 0.7534704359547861,
  "clean_e_ran_frac_ci95": 0.029563594853286156,
  "clean_e_ran_frac_median": 0.7836358928377829,
  "clean_e_nul_frac_mean": 0.6476754787368632,
  "clean_e_nul_frac_ci95": 0.026684294721857675,
  "clean_e_nul_frac_median": 0.6212197610367185,
  "adv_e_ran_l2_mean": 62.290921092033386,
  "adv_e_ran_l2_ci95": 2.7371272638292186,
  "adv_e_ran_l2_median": 62.51033401489258,
  "adv_e_nul_l2_mean": 122.99906527996063,
  "adv_e_nul_l2_ci95": 8.746663705570466,
  "adv_e_nul_l2_median": 129.22980499267578,
  "adv_e_ran_frac_mean": 0.45820852667514145,
  "adv_e_ran_frac_ci95": 0.020737405599578825,
  "adv_e_ran_frac_median": 0.4447870099541556,
  "adv_e_nul_frac_mean": 0.8862424399001799,
  "adv_e_nul_frac_ci95": 0.011933628907871103,
  "adv_e_nul_frac_median": 0.8956359011062331,
  "attack_runtime_total_sec": 57.925852194428444,
  "attack_runtime_per_example_sec": 1.8101828810758889,
  "model_name": "resnet",
  "attack_name": "adam",
  "norm": "l2",
  "eps": 0.2,
  "eps_actual": 256.1117279681397,
  "attack_init_mode": "exact",
  "eval_init_mode": "exact"
}