{
  "num_examples": 32,
  "gt_norm_mean": 19.246901780366898,
  "gt_norm_ci95": 3.3146818493907912,
  "gt_norm_median": 15.661028385162354,
  "gt_norm_q25": 12.43287444114685,
  "gt_norm_q75": 25.732792377471924,
  "clean_mse_mean": 3.933885684759275e-05,
  "clean_mse_ci95": 4.3927084058883086e-05,
  "clean_mse_median": 3.1640017823519884e-06,
  "clean_mse_q25": 1.9023428308173607e-06,
  "clean_mse_q75": 1.7775422747945413e-05,
  "adv_mse_mean": 0.7718655755743384,
  "adv_mse_ci95": 0.20141780974971338,
  "adv_mse_median": 0.5423693358898163,
  "adv_mse_q25": 0.35602058470249176,
  "adv_mse_q75": 1.0817548632621765,
  "mse_ratio_mean": 152987.91839591856,
  "mse_ratio_ci95": 37501.81455959667,
  "mse_ratio_median": 147711.1468827488,
  "mse_ratio_q25": 52806.8017464724,
  "mse_ratio_q75": 242323.6066712196,
  "clean_rel_l2_mean": 0.024667877180036157,
  "clean_rel_l2_ci95": 0.010194335083669105,
  "clean_rel_l2_median": 0.014764487743377686,
  "clean_rel_l2_q25": 0.013575217686593533,
  "clean_rel_l2_q75": 0.019180952571332455,
  "adv_rel_l2_mean": 5.846210695803165,
  "adv_rel_l2_ci95": 0.4529413100285826,
  "adv_rel_l2_median": 5.984546661376953,
  "adv_rel_l2_q25": 4.76274049282074,
  "adv_rel_l2_q75": 6.646211504936218,
  "rel_l2_ratio_mean": 357.73334020444736,
  "rel_l2_ratio_ci95": 55.67667779867264,
  "rel_l2_ratio_median": 384.33206287545534,
  "rel_l2_ratio_q25": 229.3851531866107,
  "rel_l2_ratio_q75": 492.25509350250917,
  "clean_psnr_mean": 47.1319127269045,
  "clean_psnr_ci95": 2.0283044819018206,
  "clean_psnr_median": 49.327588281691995,
  "clean_psnr_q25": 44.581067068234006,
  "clean_psnr_q75": 51.06945811261156,
  "adv_psnr_mean": -2.511321202727743,
  "adv_psnr_ci95": 0.9767877473247559,
  "adv_psnr_median": -2.085621201277859,
  "adv_psnr_q25": -3.9288275939394146,
  "adv_psnr_q75": -1.195964060681165,
  "clean_ssim_mean": 0.9906381179233497,
  "clean_ssim_ci95": 0.0028023495946297348,
  "clean_ssim_median": 0.9930798454018441,
  "clean_ssim_q25": 0.9895514022359697,
  "clean_ssim_q75": 0.9955441134270241,
  "adv_ssim_mean": 0.12663759982530898,
  "adv_ssim_ci95": 0.026663605642805763,
  "adv_ssim_median": 0.11074610896206932,
  "adv_ssim_q25": 0.07757261664411667,
  "adv_ssim_q75": 0.14576754567246042,
  "pred_shift_rel_l2_mean": 5.837204791605473,
  "pred_shift_rel_l2_ci95": 0.45480569583493446,
  "pred_shift_rel_l2_median": 5.961748361587524,
  "pred_shift_rel_l2_q25": 4.665934681892395,
  "pred_shift_rel_l2_q75": 6.648388981819153,
  "init_shift_rel_l2_mean": 9.843265011906624,
  "init_shift_rel_l2_ci95": 0.8209277833359779,
  "init_shift_rel_l2_median": 10.6701340675354,
  "init_shift_rel_l2_q25": 8.251452684402466,
  "init_shift_rel_l2_q75": 11.591955423355103,
  "delta_l2_mean": 165.02624988555908,
  "delta_l2_ci95": 17.59024066998816,
  "delta_l2_median": 161.69821166992188,
  "delta_l2_q25": 126.15869140625,
  "delta_l2_q75": 203.97578048706055,
  "delta_linf_mean": 5.943084739148617,
  "delta_linf_ci95": 0.6895810153000318,
  "delta_linf_median": 5.387892723083496,
  "delta_linf_q25": 4.656085848808289,
  "delta_linf_q75": 7.131073594093323,
  "delta_mean_abs_mean": 0.5951670398935676,
  "delta_mean_abs_ci95": 0.06260557280022092,
  "delta_mean_abs_median": 0.5842108130455017,
  "delta_mean_abs_q25": 0.4639899954199791,
  "delta_mean_abs_q75": 0.7412341088056564,
  "delta_rel_l2_mean": 0.17283452641605035,
  "delta_rel_l2_ci95": 0.015154568327147743,
  "delta_rel_l2_median": 0.20000009205605673,
  "delta_rel_l2_q25": 0.14528759665360202,
  "delta_rel_l2_q75": 0.20000011696803316,
  "success_rel_l2_mean": 1.0,
  "success_rel_l2_ci95": 0.0,
  "success_rel_l2_median": 1.0,
  "success_rel_l2_q25": 1.0,
  "success_rel_l2_q75": 1.0,
  "success_mse_mean": 1.0,
  "success_mse_ci95": 0.0,
  "success_mse_median": 1.0,
  "success_mse_q25": 1.0,
  "success_mse_q75": 1.0,
  "clean_e_ran_l2_mean": 0.33419539453461766,
  "clean_e_ran_l2_ci95": 0.11959582308209402,
  "clean_e_ran_l2_median": 0.17974556982517242,
  "clean_e_ran_l2_q25": 0.13826953992247581,
  "clean_e_ran_l2_q75": 0.43325770646333694,
  "clean_e_nul_l2_mean": 0.35835759923793375,
  "clean_e_nul_l2_ci95": 0.18924519666797135,
  "clean_e_nul_l2_median": 0.13826829940080643,
  "clean_e_nul_l2_q25": 0.11053434759378433,
  "clean_e_nul_l2_q75": 0.3268044665455818,
  "clean_e_ran_frac_mean": 0.7534704359547861,
  "clean_e_ran_frac_ci95": 0.029563594853286156,
  "clean_e_ran_frac_median": 0.7836358928377829,
  "clean_e_ran_frac_q25": 0.7650061766215868,
  "clean_e_ran_frac_q75": 0.7977870131069958,
  "clean_e_nul_frac_mean": 0.6476754787368632,
  "clean_e_nul_frac_ci95": 0.026684294721857675,
  "clean_e_nul_frac_median": 0.6212197610367185,
  "clean_e_nul_frac_q25": 0.6029391995079499,
  "clean_e_nul_frac_q75": 0.6440229795556593,
  "adv_e_ran_l2_mean": 46.000667452812195,
  "adv_e_ran_l2_ci95": 5.2948788290120286,
  "adv_e_ran_l2_median": 42.38655471801758,
  "adv_e_ran_l2_q25": 33.09186267852783,
  "adv_e_ran_l2_q75": 59.615535736083984,
  "adv_e_nul_l2_mean": 94.36104452610016,
  "adv_e_nul_l2_ci95": 13.171342580409542,
  "adv_e_nul_l2_median": 83.94926834106445,
  "adv_e_nul_l2_q25": 67.0203914642334,
  "adv_e_nul_l2_q75": 119.80973052978516,
  "adv_e_ran_frac_mean": 0.44724071738016064,
  "adv_e_ran_frac_ci95": 0.01960880540830411,
  "adv_e_ran_frac_median": 0.43454184952328845,
  "adv_e_ran_frac_q25": 0.41047830419166065,
  "adv_e_ran_frac_q75": 0.4792438933909663,
  "adv_e_nul_frac_mean": 0.8921764880694041,
  "adv_e_nul_frac_ci95": 0.010526808173917124,
  "adv_e_nul_frac_median": 0.9006405005165115,
  "adv_e_nul_frac_q25": 0.8776766451874694,
  "adv_e_nul_frac_q75": 0.9118703513744763,
  "attack_runtime_total_sec": 57.97496851533651,
  "attack_runtime_per_example_sec": 1.811717766104266,
  "model_name": "resnet",
  "attack_name": "adam",
  "norm": "l2",
  "eps": 0.2,
  "eps_actual": 256.1117279681397,
  "eps_budget_mode": "per_sample_l2",
  "attack_init_mode": "exact",
  "eval_init_mode": "exact"
}