{
  "num_examples": 32,
  "gt_norm_mean": 18.47541281580925,
  "gt_norm_ci95": 3.0632711958288747,
  "gt_norm_median": 16.971742630004883,
  "clean_mse_mean": 0.00989849877441884,
  "clean_mse_ci95": 0.003659902111746501,
  "clean_mse_median": 0.005530343158170581,
  "adv_mse_mean": 0.010618632786645321,
  "adv_mse_ci95": 0.0036338518107404114,
  "adv_mse_median": 0.007161052897572517,
  "mse_ratio_mean": 1.1753097980277758,
  "mse_ratio_ci95": 0.08241558003463849,
  "mse_ratio_median": 1.0966147180057413,
  "clean_rel_l2_mean": 0.6234585149213672,
  "clean_rel_l2_ci95": 0.044502324043778546,
  "clean_rel_l2_median": 0.628508061170578,
  "adv_rel_l2_mean": 0.6661005336791277,
  "adv_rel_l2_ci95": 0.03998443892474493,
  "adv_rel_l2_median": 0.6450653374195099,
  "rel_l2_ratio_mean": 1.0795205736178506,
  "rel_l2_ratio_ci95": 0.03510596458829657,
  "rel_l2_ratio_median": 1.0471935083641988,
  "clean_psnr_mean": 17.394167703842715,
  "clean_psnr_ci95": 0.9608060999470197,
  "clean_psnr_median": 17.39187951471434,
  "adv_psnr_mean": 16.763084394861085,
  "adv_psnr_ci95": 0.7914661196350447,
  "adv_psnr_median": 17.168152598626026,
  "clean_ssim_mean": 0.5801755384951754,
  "clean_ssim_ci95": 0.043679334183806456,
  "clean_ssim_median": 0.5755113848257736,
  "adv_ssim_mean": 0.582554132496486,
  "adv_ssim_ci95": 0.046225388124650386,
  "adv_ssim_median": 0.5692981152169387,
  "pred_shift_rel_l2_mean": 0.24167543463408947,
  "pred_shift_rel_l2_ci95": 0.0639961559411833,
  "pred_shift_rel_l2_median": 0.18839135020971298,
  "init_shift_rel_l2_mean": 0.045750810400932096,
  "init_shift_rel_l2_ci95": 0.011087535654101527,
  "init_shift_rel_l2_median": 0.03979126177728176,
  "delta_l2_mean": 36.43236690759659,
  "delta_l2_ci95": 1.1571955428198022,
  "delta_l2_median": 37.39710807800293,
  "delta_linf_mean": 0.753569832071662,
  "delta_linf_ci95": 0.06805529624364538,
  "delta_linf_median": 0.6905207633972168,
  "delta_mean_abs_mean": 0.13404340180568397,
  "delta_mean_abs_ci95": 0.005238546146033168,
  "delta_mean_abs_median": 0.1381247639656067,
  "success_rel_l2_mean": 0.0,
  "success_rel_l2_ci95": 0.0,
  "success_rel_l2_median": 0.0,
  "success_mse_mean": 0.0,
  "success_mse_ci95": 0.0,
  "success_mse_median": 0.0,
  "clean_e_ran_l2_mean": 10.091500729322433,
  "clean_e_ran_l2_ci95": 1.9566495310701455,
  "clean_e_ran_l2_median": 8.222352981567383,
  "clean_e_nul_l2_mean": 4.869624122977257,
  "clean_e_nul_l2_ci95": 0.842753458040874,
  "clean_e_nul_l2_median": 4.949727535247803,
  "clean_e_ran_frac_mean": 0.8719579532060222,
  "clean_e_ran_frac_ci95": 0.036627858120365266,
  "clean_e_ran_frac_median": 0.9189435828334497,
  "clean_e_nul_frac_mean": 0.4487271147991049,
  "clean_e_nul_frac_ci95": 0.058385142823857816,
  "clean_e_nul_frac_median": 0.39438266580977077,
  "adv_e_ran_l2_mean": 10.369685269892216,
  "adv_e_ran_l2_ci95": 1.9365101781436578,
  "adv_e_ran_l2_median": 8.524760723114014,
  "adv_e_nul_l2_mean": 5.502572610974312,
  "adv_e_nul_l2_ci95": 0.8554742449641016,
  "adv_e_nul_l2_median": 5.479412317276001,
  "adv_e_ran_frac_mean": 0.8447932424849024,
  "adv_e_ran_frac_ci95": 0.043285876557856776,
  "adv_e_ran_frac_median": 0.9136268583183629,
  "adv_e_nul_frac_mean": 0.4859872800177228,
  "adv_e_nul_frac_ci95": 0.06587844431878223,
  "adv_e_nul_frac_median": 0.4065359208422751,
  "attack_runtime_total_sec": 40.877773858606815,
  "attack_runtime_per_example_sec": 1.277430433081463,
  "model_name": "resnet",
  "attack_name": "adam",
  "norm": "l2",
  "eps": 1.0,
  "attack_init_mode": "exact",
  "eval_init_mode": "exact"
}