{
  "num_examples": 32,
  "gt_norm_mean": 18.47541281580925,
  "gt_norm_ci95": 3.0632711958288747,
  "gt_norm_median": 16.971742630004883,
  "clean_mse_mean": 3.3609142349178e-05,
  "clean_mse_ci95": 1.328674664528119e-05,
  "clean_mse_median": 1.7299829778494313e-05,
  "adv_mse_mean": 0.02070037167504779,
  "adv_mse_ci95": 0.006722348589924469,
  "adv_mse_median": 0.011918831616640091,
  "mse_ratio_mean": 1124.1383220877012,
  "mse_ratio_ci95": 359.27001135225146,
  "mse_ratio_median": 775.9077364982177,
  "clean_rel_l2_mean": 0.036314782104454935,
  "clean_rel_l2_ci95": 0.005386741285784866,
  "clean_rel_l2_median": 0.029847770929336548,
  "adv_rel_l2_mean": 1.0607039309106767,
  "adv_rel_l2_ci95": 0.2167339125835844,
  "adv_rel_l2_median": 0.9127871692180634,
  "rel_l2_ratio_mean": 30.102660957804197,
  "rel_l2_ratio_ci95": 5.197226093270762,
  "rel_l2_ratio_median": 27.851421938084627,
  "clean_psnr_mean": 42.548801908211004,
  "clean_psnr_ci95": 1.5230336503019457,
  "clean_psnr_median": 44.04632687965943,
  "adv_psnr_mean": 14.161940490791523,
  "adv_psnr_ci95": 1.8523901486406942,
  "adv_psnr_median": 13.803057057194923,
  "clean_ssim_mean": 0.9731213355505797,
  "clean_ssim_ci95": 0.006298153213461604,
  "clean_ssim_median": 0.9799351398972005,
  "adv_ssim_mean": 0.6457550355654007,
  "adv_ssim_ci95": 0.036048830715343816,
  "adv_ssim_median": 0.6264811200039005,
  "pred_shift_rel_l2_mean": 1.051192184444517,
  "pred_shift_rel_l2_ci95": 0.2120732024345874,
  "pred_shift_rel_l2_median": 0.9074938297271729,
  "init_shift_rel_l2_mean": 2.2749349009245634,
  "init_shift_rel_l2_ci95": 0.3575491100581156,
  "init_shift_rel_l2_median": 2.0426234006881714,
  "delta_l2_mean": 35.34853678941727,
  "delta_l2_ci95": 0.9583195181997742,
  "delta_l2_median": 35.55276298522949,
  "delta_linf_mean": 1.4076695181429386,
  "delta_linf_ci95": 0.06458784036694201,
  "delta_linf_median": 1.4224228858947754,
  "delta_mean_abs_mean": 0.1258013229817152,
  "delta_mean_abs_ci95": 0.0038198206286518864,
  "delta_mean_abs_median": 0.12625104933977127,
  "success_rel_l2_mean": 1.0,
  "success_rel_l2_ci95": 0.0,
  "success_rel_l2_median": 1.0,
  "success_mse_mean": 1.0,
  "success_mse_ci95": 0.0,
  "success_mse_median": 1.0,
  "clean_e_ran_l2_mean": 0.49412251077592373,
  "clean_e_ran_l2_ci95": 0.09207039066909423,
  "clean_e_ran_l2_median": 0.41892316937446594,
  "clean_e_nul_l2_mean": 0.4174205136951059,
  "clean_e_nul_l2_ci95": 0.0889519833327293,
  "clean_e_nul_l2_median": 0.31666137278079987,
  "clean_e_ran_frac_mean": 0.7722571223843235,
  "clean_e_ran_frac_ci95": 0.02322210139746861,
  "clean_e_ran_frac_median": 0.7930559219186729,
  "clean_e_nul_frac_mean": 0.6279920318345334,
  "clean_e_nul_frac_ci95": 0.024625091044950326,
  "clean_e_nul_frac_median": 0.6091289131831603,
  "adv_e_ran_l2_mean": 7.181695803999901,
  "adv_e_ran_l2_ci95": 0.9477484805264483,
  "adv_e_ran_l2_median": 6.473574638366699,
  "adv_e_nul_l2_mean": 14.855689868330956,
  "adv_e_nul_l2_ci95": 2.7185536314922145,
  "adv_e_nul_l2_median": 12.581445217132568,
  "adv_e_ran_frac_mean": 0.4709368093785181,
  "adv_e_ran_frac_ci95": 0.039650580280398966,
  "adv_e_ran_frac_median": 0.46069481580257915,
  "adv_e_nul_frac_mean": 0.872758405071935,
  "adv_e_nul_frac_ci95": 0.021770659974082684,
  "adv_e_nul_frac_median": 0.8874968733466617,
  "attack_runtime_total_sec": 41.332426242530346,
  "attack_runtime_per_example_sec": 1.2916383200790733,
  "model_name": "resnet",
  "attack_name": "adam",
  "norm": "l2",
  "eps": 1.0,
  "attack_init_mode": "exact",
  "eval_init_mode": "exact"
}