{
  "num_examples": 32,
  "gt_norm_mean": 26.229215562343597,
  "gt_norm_ci95": 1.7699003430208013,
  "gt_norm_median": 25.09980010986328,
  "clean_mse_mean": 8.580953090131516e-05,
  "clean_mse_ci95": 1.0504228727817729e-05,
  "clean_mse_median": 8.369435818167403e-05,
  "adv_mse_mean": 0.3927194783464074,
  "adv_mse_ci95": 0.0024516146053275103,
  "adv_mse_median": 0.3924679458141327,
  "mse_ratio_mean": 5292.5387984357385,
  "mse_ratio_ci95": 794.7589652126934,
  "mse_ratio_median": 4714.315499081384,
  "clean_rel_l2_mean": 0.0455929747549817,
  "clean_rel_l2_ci95": 0.003415300952319119,
  "clean_rel_l2_median": 0.043928589671850204,
  "adv_rel_l2_mean": 3.157839383929968,
  "adv_rel_l2_ci95": 0.1881862967121264,
  "adv_rel_l2_median": 3.179540514945984,
  "rel_l2_ratio_mean": 71.32036151866387,
  "rel_l2_ratio_ci95": 5.051852987715245,
  "rel_l2_ratio_median": 68.65799485760957,
  "clean_psnr_mean": 40.96206257713037,
  "clean_psnr_ci95": 0.5890640862834341,
  "clean_psnr_median": 40.774811259424105,
  "adv_psnr_mean": 4.059864483578508,
  "adv_psnr_ci95": 0.0272920408703155,
  "adv_psnr_median": 4.061958762143709,
  "clean_ssim_mean": 0.9413057633682392,
  "clean_ssim_ci95": 0.006275147977659224,
  "clean_ssim_median": 0.939020085900129,
  "adv_ssim_mean": 0.0215174553683121,
  "adv_ssim_ci95": 0.002137951817391703,
  "adv_ssim_median": 0.020287014693026354,
  "pred_shift_rel_l2_mean": 3.1499099507927895,
  "pred_shift_rel_l2_ci95": 0.18779633688817762,
  "pred_shift_rel_l2_median": 3.1734272241592407,
  "init_shift_rel_l2_mean": 3.7208876460790634,
  "init_shift_rel_l2_ci95": 0.24639843189828384,
  "init_shift_rel_l2_median": 3.7026219367980957,
  "delta_l2_mean": 55.15245318412781,
  "delta_l2_ci95": 0.08497817030137711,
  "delta_l2_median": 55.14091491699219,
  "delta_linf_mean": 1.2214327827095985,
  "delta_linf_ci95": 0.03641511250857742,
  "delta_linf_median": 1.215374231338501,
  "delta_mean_abs_mean": 0.21216482622548938,
  "delta_mean_abs_ci95": 0.00044847700251836233,
  "delta_mean_abs_median": 0.21211765706539154,
  "delta_rel_l2_mean": 0.04200882152982693,
  "delta_rel_l2_ci95": 0.003799852443059695,
  "delta_rel_l2_median": 0.04125722780306527,
  "success_rel_l2_mean": 1.0,
  "success_rel_l2_ci95": 0.0,
  "success_rel_l2_median": 1.0,
  "success_mse_mean": 1.0,
  "success_mse_ci95": 0.0,
  "success_mse_median": 1.0,
  "clean_e_ran_l2_mean": 0.6887397561222315,
  "clean_e_ran_l2_ci95": 0.04512937551119352,
  "clean_e_ran_l2_median": 0.6769616007804871,
  "clean_e_nul_l2_mean": 0.9398646615445614,
  "clean_e_nul_l2_ci95": 0.06273619282199655,
  "clean_e_nul_l2_median": 0.934965044260025,
  "clean_e_ran_frac_mean": 0.5914005390617761,
  "clean_e_ran_frac_ci95": 0.013777428245546234,
  "clean_e_ran_frac_median": 0.5913718393336003,
  "clean_e_nul_frac_mean": 0.8049103612551625,
  "clean_e_nul_frac_ci95": 0.010159966004548089,
  "clean_e_nul_frac_median": 0.8063888490827424,
  "adv_e_ran_l2_mean": 74.35991597175598,
  "adv_e_ran_l2_ci95": 0.25003698920808315,
  "adv_e_ran_l2_median": 74.3769760131836,
  "adv_e_nul_l2_mean": 30.060468196868896,
  "adv_e_nul_l2_ci95": 0.31140670482287136,
  "adv_e_nul_l2_median": 30.135496139526367,
  "adv_e_ran_frac_mean": 0.9270570815672647,
  "adv_e_ran_frac_ci95": 0.0014373877893097298,
  "adv_e_ran_frac_median": 0.9276015256374885,
  "adv_e_nul_frac_mean": 0.37475828382018106,
  "adv_e_nul_frac_ci95": 0.003602041132786978,
  "adv_e_nul_frac_median": 0.37356982337327205,
  "attack_runtime_total_sec": 23.32824144139886,
  "attack_runtime_per_example_sec": 0.7290075450437143,
  "model_name": "dpnsn",
  "attack_name": "adam",
  "norm": "l2",
  "eps": 0.2,
  "eps_actual": 306.39811490722656,
  "attack_init_mode": "exact",
  "eval_init_mode": "exact"
}