{
  "num_examples": 32,
  "gt_norm_mean": 19.10678167641163,
  "gt_norm_ci95": 3.4833903043152117,
  "gt_norm_median": 16.756710529327393,
  "clean_mse_mean": 6.416605716097479e-06,
  "clean_mse_ci95": 2.6674439557957226e-06,
  "clean_mse_median": 4.135314611630747e-06,
  "adv_mse_mean": 0.07835770933888853,
  "adv_mse_ci95": 0.016108487681163408,
  "adv_mse_median": 0.06504829227924347,
  "mse_ratio_mean": 29022.208542182037,
  "mse_ratio_ci95": 10696.037158596688,
  "mse_ratio_median": 21601.115818726,
  "clean_rel_l2_mean": 0.01678586457273923,
  "clean_rel_l2_ci95": 0.003438985048320894,
  "clean_rel_l2_median": 0.012342006899416447,
  "adv_rel_l2_mean": 2.1113286539912224,
  "adv_rel_l2_ci95": 0.274241079968838,
  "adv_rel_l2_median": 1.9693206548690796,
  "rel_l2_ratio_mean": 153.1725297624909,
  "rel_l2_ratio_ci95": 26.24988725743753,
  "rel_l2_ratio_median": 146.96935904198602,
  "clean_psnr_mean": 49.75496066424722,
  "clean_psnr_ci95": 1.1658724608332747,
  "clean_psnr_median": 50.89056074239741,
  "adv_psnr_mean": 7.071693221268086,
  "adv_psnr_ci95": 0.9324545214109481,
  "adv_psnr_median": 7.949217121783814,
  "clean_ssim_mean": 0.996245467109399,
  "clean_ssim_ci95": 0.0006774410548380454,
  "clean_ssim_median": 0.9969707590614683,
  "adv_ssim_mean": 0.5315791000530583,
  "adv_ssim_ci95": 0.04086921717075975,
  "adv_ssim_median": 0.5748104081615086,
  "pred_shift_rel_l2_mean": 2.1086375154554844,
  "pred_shift_rel_l2_ci95": 0.27249132734748255,
  "pred_shift_rel_l2_median": 1.974457323551178,
  "init_shift_rel_l2_mean": 1.8218883238732815,
  "init_shift_rel_l2_ci95": 0.3124105796557611,
  "init_shift_rel_l2_median": 1.7676578760147095,
  "delta_l2_mean": 19.298190891742706,
  "delta_l2_ci95": 3.5047531127929676e-07,
  "delta_l2_median": 19.29819107055664,
  "delta_linf_mean": 0.5216123592108488,
  "delta_linf_ci95": 0.021355212085754544,
  "delta_linf_median": 0.5041396617889404,
  "delta_mean_abs_mean": 0.06899873190559447,
  "delta_mean_abs_ci95": 0.00025503965914887544,
  "delta_mean_abs_median": 0.0688774473965168,
  "delta_rel_l2_mean": 0.02530312818391518,
  "delta_rel_l2_ci95": 0.00537141751370751,
  "delta_rel_l2_median": 0.023017994210295843,
  "success_rel_l2_mean": 1.0,
  "success_rel_l2_ci95": 0.0,
  "success_rel_l2_median": 1.0,
  "success_mse_mean": 1.0,
  "success_mse_ci95": 0.0,
  "success_mse_median": 1.0,
  "clean_e_ran_l2_mean": 0.2011636367533356,
  "clean_e_ran_l2_ci95": 0.033401052826784836,
  "clean_e_ran_l2_median": 0.1907423883676529,
  "clean_e_nul_l2_mean": 0.19930626754648983,
  "clean_e_nul_l2_ci95": 0.044440778916197306,
  "clean_e_nul_l2_median": 0.1675281673669815,
  "clean_e_ran_frac_mean": 0.7256512746736496,
  "clean_e_ran_frac_ci95": 0.020474987463070193,
  "clean_e_ran_frac_median": 0.7420922912572887,
  "clean_e_nul_frac_mean": 0.6832951501736647,
  "clean_e_nul_frac_ci95": 0.019773096779135742,
  "clean_e_nul_frac_median": 0.6702851347961667,
  "adv_e_ran_l2_mean": 17.94220981001854,
  "adv_e_ran_l2_ci95": 1.5663238853109942,
  "adv_e_ran_l2_median": 16.87600040435791,
  "adv_e_nul_l2_mean": 29.53516960144043,
  "adv_e_nul_l2_ci95": 2.940336228210637,
  "adv_e_nul_l2_median": 27.201030731201172,
  "adv_e_ran_frac_mean": 0.5265115745836384,
  "adv_e_ran_frac_ci95": 0.02593730701176834,
  "adv_e_ran_frac_median": 0.5284993356920245,
  "adv_e_nul_frac_mean": 0.8456952439334108,
  "adv_e_nul_frac_ci95": 0.016347623808877474,
  "adv_e_nul_frac_median": 0.8489098490709072,
  "attack_runtime_total_sec": 57.98855874687433,
  "attack_runtime_per_example_sec": 1.8121424608398229,
  "model_name": "resnet",
  "attack_name": "adam",
  "norm": "l2",
  "eps": 0.015,
  "eps_actual": 19.298190807769775,
  "attack_init_mode": "exact",
  "eval_init_mode": "exact"
}