{
  "num_examples": 32,
  "gt_norm_mean": 20.065786242485046,
  "gt_norm_ci95": 2.6439993761407936,
  "gt_norm_median": 18.550631523132324,
  "clean_mse_mean": 0.006183219678860041,
  "clean_mse_ci95": 0.002363341799444001,
  "clean_mse_median": 0.004231042927131057,
  "adv_mse_mean": 0.00835944757272955,
  "adv_mse_ci95": 0.00240810873057759,
  "adv_mse_median": 0.006380981998518109,
  "mse_ratio_mean": 1.685734410694345,
  "mse_ratio_ci95": 0.29901524273038693,
  "mse_ratio_median": 1.4055093432955814,
  "clean_rel_l2_mean": 0.4488188084214926,
  "clean_rel_l2_ci95": 0.021548765821428773,
  "clean_rel_l2_median": 0.4298713803291321,
  "adv_rel_l2_mean": 0.5674189021810889,
  "adv_rel_l2_ci95": 0.04596588435937656,
  "adv_rel_l2_median": 0.534933477640152,
  "rel_l2_ratio_mean": 1.2708049915907835,
  "rel_l2_ratio_ci95": 0.09366094047341077,
  "rel_l2_ratio_median": 1.1855417058896662,
  "clean_psnr_mean": 19.963957320865624,
  "clean_psnr_ci95": 1.1801890290791668,
  "clean_psnr_median": 21.27207421809475,
  "adv_psnr_mean": 18.033736828425535,
  "adv_psnr_ci95": 1.0915438999370044,
  "adv_psnr_median": 19.438294264848665,
  "clean_ssim_mean": 0.1325875817914598,
  "clean_ssim_ci95": 0.020139036700641256,
  "clean_ssim_median": 0.11027060768567143,
  "adv_ssim_mean": 0.11593828940883064,
  "adv_ssim_ci95": 0.019439381382142244,
  "adv_ssim_median": 0.0953219779234944,
  "pred_shift_rel_l2_mean": 0.24198479240294546,
  "pred_shift_rel_l2_ci95": 0.058855305121613424,
  "pred_shift_rel_l2_median": 0.19057867676019669,
  "init_shift_rel_l2_mean": 0.056674371124245226,
  "init_shift_rel_l2_ci95": 0.009325047310357609,
  "init_shift_rel_l2_median": 0.05370420031249523,
  "delta_l2_mean": 19.230121552944183,
  "delta_l2_ci95": 3.133341710755179e-07,
  "delta_l2_median": 19.230121612548828,
  "delta_linf_mean": 0.5161443054676056,
  "delta_linf_ci95": 0.03422414275973402,
  "delta_linf_median": 0.5004401803016663,
  "delta_mean_abs_mean": 0.07244680123403668,
  "delta_mean_abs_ci95": 0.00025860549548638344,
  "delta_mean_abs_median": 0.07241032645106316,
  "delta_rel_l2_mean": 0.015636909725346867,
  "delta_rel_l2_ci95": 0.0025443455505460124,
  "delta_rel_l2_median": 0.015106717789383401,
  "success_rel_l2_mean": 0.09375,
  "success_rel_l2_ci95": 0.10260886233182911,
  "success_rel_l2_median": 0.0,
  "success_mse_mean": 0.1875,
  "success_mse_ci95": 0.13740025707822126,
  "success_mse_median": 0.0,
  "clean_e_ran_l2_mean": 7.712452948093414,
  "clean_e_ran_l2_ci95": 1.2999072415063377,
  "clean_e_ran_l2_median": 6.773916482925415,
  "clean_e_nul_l2_mean": 4.8605454452335835,
  "clean_e_nul_l2_ci95": 0.7520058510399594,
  "clean_e_nul_l2_median": 4.363865852355957,
  "clean_e_ran_frac_mean": 0.8410908043603228,
  "clean_e_ran_frac_ci95": 0.01631977274951405,
  "clean_e_ran_frac_median": 0.856352453737071,
  "clean_e_nul_frac_mean": 0.5352241547032565,
  "clean_e_nul_frac_ci95": 0.022130510644111645,
  "clean_e_nul_frac_median": 0.5163912562266719,
  "adv_e_ran_l2_mean": 8.737006530165672,
  "adv_e_ran_l2_ci95": 1.2567892229754225,
  "adv_e_ran_l2_median": 7.85028600692749,
  "adv_e_nul_l2_mean": 6.452442519366741,
  "adv_e_nul_l2_ci95": 0.8797752415912626,
  "adv_e_nul_l2_median": 5.785776853561401,
  "adv_e_ran_frac_mean": 0.7931280101287492,
  "adv_e_ran_frac_ci95": 0.042582615735219966,
  "adv_e_ran_frac_median": 0.8370943483361624,
  "adv_e_nul_frac_mean": 0.584371345839134,
  "adv_e_nul_frac_ci95": 0.04286300845432786,
  "adv_e_nul_frac_median": 0.5470583016412013,
  "attack_runtime_total_sec": 57.91085968539119,
  "attack_runtime_per_example_sec": 1.8097143651684746,
  "model_name": "resnet",
  "attack_name": "adam",
  "norm": "l2",
  "eps": 0.015,
  "eps_actual": 19.230122372039794,
  "attack_init_mode": "exact",
  "eval_init_mode": "exact"
}