{
  "num_examples": 32,
  "gt_norm_mean": 19.670156359672546,
  "gt_norm_ci95": 3.306666391339513,
  "gt_norm_median": 18.95488929748535,
  "gt_norm_q25": 11.325607061386108,
  "gt_norm_q75": 25.38380765914917,
  "clean_mse_mean": 5.612949143252166e-07,
  "clean_mse_ci95": 1.9777864721603885e-07,
  "clean_mse_median": 3.6571930195350433e-07,
  "clean_mse_q25": 2.130579730419413e-07,
  "clean_mse_q75": 6.864816555207653e-07,
  "adv_mse_mean": 5.612818037015188e-07,
  "adv_mse_ci95": 1.9775907124240093e-07,
  "adv_mse_median": 3.659366996089375e-07,
  "adv_mse_q25": 2.1315021569989767e-07,
  "adv_mse_q75": 6.862302086574346e-07,
  "mse_ratio_mean": 1.000034426393007,
  "mse_ratio_ci95": 0.00013282075977330687,
  "mse_ratio_median": 1.0000530055680716,
  "mse_ratio_q25": 0.9997888355925652,
  "mse_ratio_q75": 1.000255841550533,
  "clean_rel_l2_mean": 0.004997396870749071,
  "clean_rel_l2_ci95": 0.0008900302157751416,
  "clean_rel_l2_median": 0.004206398734822869,
  "clean_rel_l2_q25": 0.0034254661295562983,
  "clean_rel_l2_q75": 0.005473889643326402,
  "adv_rel_l2_mean": 0.004997473646653816,
  "adv_rel_l2_ci95": 0.0008900039054558729,
  "adv_rel_l2_median": 0.0042069037444889545,
  "adv_rel_l2_q25": 0.003425327711738646,
  "adv_rel_l2_q75": 0.005474038072861731,
  "rel_l2_ratio_mean": 1.0000172189052798,
  "rel_l2_ratio_ci95": 6.64141926938361e-05,
  "rel_l2_ratio_median": 1.0000265236284105,
  "rel_l2_ratio_q25": 0.9998944151375764,
  "rel_l2_ratio_q75": 1.0001280592851722,
  "clean_psnr_mean": 59.209447005332066,
  "clean_psnr_ci95": 0.9578187055440011,
  "clean_psnr_median": 59.96873730239413,
  "clean_psnr_q25": 57.95121406880232,
  "clean_psnr_q75": 60.84446046836932,
  "adv_psnr_mean": 59.20929779099492,
  "adv_psnr_ci95": 0.957751207062442,
  "adv_psnr_median": 59.968140463281344,
  "adv_psnr_q25": 57.950266766751724,
  "adv_psnr_q75": 60.8426804370787,
  "clean_ssim_mean": 0.9979702168899154,
  "clean_ssim_ci95": 0.0008418021814384995,
  "clean_ssim_median": 0.9988135510124017,
  "clean_ssim_q25": 0.9975698251358303,
  "clean_ssim_q75": 0.9991351841790994,
  "adv_ssim_mean": 0.9979704654874674,
  "adv_ssim_ci95": 0.000841579181558495,
  "adv_ssim_median": 0.9988129169561792,
  "adv_ssim_q25": 0.997571597318797,
  "adv_ssim_q75": 0.9991352179720177,
  "clean_mae_mean": 0.0003681171897369495,
  "clean_mae_ci95": 6.210615973757269e-05,
  "clean_mae_median": 0.000319573053275235,
  "clean_mae_q25": 0.0002524823066778481,
  "clean_mae_q75": 0.0004401093610795215,
  "adv_mae_mean": 0.0003681051334751828,
  "adv_mae_ci95": 6.209538202870097e-05,
  "adv_mae_median": 0.0003195641766069457,
  "adv_mae_q25": 0.0002525214076740667,
  "adv_mae_q75": 0.000440087889728602,
  "clean_nrmse_mean": 0.0011573000523242847,
  "clean_nrmse_ci95": 0.00015424621875596788,
  "clean_nrmse_median": 0.0010037557464428635,
  "clean_nrmse_q25": 0.0009073824051793343,
  "clean_nrmse_q75": 0.0012662015647871418,
  "adv_nrmse_mean": 0.0011573083108491547,
  "adv_nrmse_ci95": 0.00015422666426678802,
  "adv_nrmse_median": 0.0010038240008216513,
  "adv_nrmse_q25": 0.0009075672722953655,
  "adv_nrmse_q75": 0.0012663367970827634,
  "clean_max_err_mean": 0.014933580649085343,
  "clean_max_err_ci95": 0.0033303609393555956,
  "clean_max_err_median": 0.011397391557693481,
  "clean_max_err_q25": 0.008980536833405495,
  "clean_max_err_q75": 0.01632840931415558,
  "adv_max_err_mean": 0.014936160412617028,
  "adv_max_err_ci95": 0.0033311237842432663,
  "adv_max_err_median": 0.01140613853931427,
  "adv_max_err_q25": 0.00898122601211071,
  "adv_max_err_q75": 0.01632184535264969,
  "clean_init_rel_l2_mean": 0.2520770381670445,
  "clean_init_rel_l2_ci95": 0.04474757835515376,
  "clean_init_rel_l2_median": 0.21722742170095444,
  "clean_init_rel_l2_q25": 0.17055825889110565,
  "clean_init_rel_l2_q75": 0.28996142745018005,
  "adv_init_rel_l2_mean": 0.2520770381670445,
  "adv_init_rel_l2_ci95": 0.04474757835024333,
  "adv_init_rel_l2_median": 0.21722742170095444,
  "adv_init_rel_l2_q25": 0.17055827006697655,
  "adv_init_rel_l2_q75": 0.28996142745018005,
  "init_rel_l2_ratio_mean": 1.000000000860473,
  "init_rel_l2_ratio_ci95": 1.2094701743718521e-08,
  "init_rel_l2_ratio_median": 1.0,
  "init_rel_l2_ratio_q25": 1.0,
  "init_rel_l2_ratio_q75": 1.0,
  "clean_init_psnr_mean": 25.194284395610136,
  "clean_init_psnr_ci95": 1.053763380803202,
  "clean_init_psnr_median": 24.783990491579146,
  "clean_init_psnr_q25": 23.15347558332141,
  "clean_init_psnr_q75": 27.63229479466916,
  "adv_init_psnr_mean": 25.194284460374547,
  "adv_init_psnr_ci95": 1.0537633865611682,
  "adv_init_psnr_median": 24.783990700194828,
  "adv_init_psnr_q25": 23.15347558332141,
  "adv_init_psnr_q75": 27.63229485947596,
  "clean_init_ssim_mean": 0.4360748676610561,
  "clean_init_ssim_ci95": 0.038615712195724655,
  "clean_init_ssim_median": 0.4156293124047607,
  "clean_init_ssim_q25": 0.3746017818907749,
  "clean_init_ssim_q75": 0.4684293510924116,
  "adv_init_ssim_mean": 0.4360748769827697,
  "adv_init_ssim_ci95": 0.03861571050635527,
  "adv_init_ssim_median": 0.41562941403069315,
  "adv_init_ssim_q25": 0.37460181085745237,
  "adv_init_ssim_q75": 0.4684296669230921,
  "clean_init_mae_mean": 0.019345941531355493,
  "clean_init_mae_ci95": 0.0033431355899844186,
  "clean_init_mae_median": 0.0176046434789896,
  "clean_init_mae_q25": 0.012700640596449375,
  "clean_init_mae_q75": 0.023134255316108465,
  "adv_init_mae_mean": 0.019345942171639763,
  "adv_init_mae_ci95": 0.0033431357718855877,
  "adv_init_mae_median": 0.01760464534163475,
  "adv_init_mae_q25": 0.012700640596449375,
  "adv_init_mae_q75": 0.02313425438478589,
  "pred_shift_rel_l2_mean": 2.083940955799335e-05,
  "pred_shift_rel_l2_ci95": 9.990450408874224e-07,
  "pred_shift_rel_l2_median": 2.0586615391948726e-05,
  "pred_shift_rel_l2_q25": 1.868320805442636e-05,
  "pred_shift_rel_l2_q75": 2.1755421585112344e-05,
  "init_shift_rel_l2_mean": 7.872565337407877e-07,
  "init_shift_rel_l2_ci95": 4.393852346871948e-08,
  "init_shift_rel_l2_median": 8.024912006021623e-07,
  "init_shift_rel_l2_q25": 7.27576079384562e-07,
  "init_shift_rel_l2_q75": 8.39848013356459e-07,
  "delta_l2_mean": 5.604489022204007e-06,
  "delta_l2_ci95": 1.1660776152523628e-06,
  "delta_l2_median": 5.668565108862822e-06,
  "delta_l2_q25": 2.519800204936473e-06,
  "delta_l2_q75": 6.98006567745324e-06,
  "delta_linf_mean": 1.8551945686340332e-06,
  "delta_linf_ci95": 4.045495198054279e-07,
  "delta_linf_median": 1.9073486328125e-06,
  "delta_linf_q25": 9.5367431640625e-07,
  "delta_linf_q75": 1.9073486328125e-06,
  "delta_mean_abs_mean": 1.0478331410879171e-08,
  "delta_mean_abs_ci95": 2.00736046440539e-09,
  "delta_mean_abs_median": 1.0761697755157229e-08,
  "delta_mean_abs_q25": 5.576168637944079e-09,
  "delta_mean_abs_q75": 1.4222229394178498e-08,
  "delta_rel_l2_mean": 4.637197199241114e-09,
  "delta_rel_l2_ci95": 1.9369232197516477e-10,
  "delta_rel_l2_median": 4.638718853216234e-09,
  "delta_rel_l2_q25": 4.386856288794363e-09,
  "delta_rel_l2_q75": 5.04032322664858e-09,
  "success_rel_l2_mean": 0.0,
  "success_rel_l2_ci95": 0.0,
  "success_rel_l2_median": 0.0,
  "success_rel_l2_q25": 0.0,
  "success_rel_l2_q75": 0.0,
  "success_mse_mean": 0.0,
  "success_mse_ci95": 0.0,
  "success_mse_median": 0.0,
  "success_mse_q25": 0.0,
  "success_mse_q75": 0.0,
  "clean_e_ran_l2_mean": 1.1741585289826162e-05,
  "clean_e_ran_l2_ci95": 2.589065731757267e-06,
  "clean_e_ran_l2_median": 1.152363074652385e-05,
  "clean_e_ran_l2_q25": 5.10649101670424e-06,
  "clean_e_ran_l2_q75": 1.4750985656064586e-05,
  "clean_e_nul_l2_mean": 0.08739241550210863,
  "clean_e_nul_l2_ci95": 0.01389867574300725,
  "clean_e_nul_l2_median": 0.0774075947701931,
  "clean_e_nul_l2_q25": 0.0590744698420167,
  "clean_e_nul_l2_q75": 0.10605190135538578,
  "clean_e_ran_frac_mean": 0.00013606957618292003,
  "clean_e_ran_frac_ci95": 2.1786677677283374e-05,
  "clean_e_ran_frac_median": 0.0001313153690224375,
  "clean_e_ran_frac_q25": 9.319375286701167e-05,