{
  "num_examples": 32,
  "gt_norm_mean": 27.580802619457245,
  "gt_norm_ci95": 2.1336641054187684,
  "gt_norm_median": 26.626888275146484,
  "clean_mse_mean": 7.050997218982502e-06,
  "clean_mse_ci95": 1.476663994989349e-06,
  "clean_mse_median": 5.843177632414154e-06,
  "adv_mse_mean": 0.05806321813724935,
  "adv_mse_ci95": 0.004594645231807228,
  "adv_mse_median": 0.05423574894666672,
  "mse_ratio_mean": 10720.60957654591,
  "mse_ratio_ci95": 2008.5131867271236,
  "mse_ratio_median": 9443.893751043845,
  "clean_rel_l2_mean": 0.011853363219415769,
  "clean_rel_l2_ci95": 0.00043245050545510493,
  "clean_rel_l2_median": 0.011533250100910664,
  "adv_rel_l2_mean": 1.1673884857445955,
  "adv_rel_l2_ci95": 0.10384593391818125,
  "adv_rel_l2_median": 1.1572385430335999,
  "rel_l2_ratio_mean": 99.80681986654803,
  "rel_l2_ratio_ci95": 9.699638184107737,
  "rel_l2_ratio_median": 97.17969404757343,
  "clean_psnr_mean": 52.09839611019163,
  "clean_psnr_ci95": 0.7493930701575438,
  "clean_psnr_median": 52.3353482440351,
  "adv_psnr_mean": 12.467837864306796,
  "adv_psnr_ci95": 0.33765197014180937,
  "adv_psnr_median": 12.657152299715449,
  "clean_ssim_mean": 0.9894606261477835,
  "clean_ssim_ci95": 0.0019892488264436578,
  "clean_ssim_median": 0.9909052238152636,
  "adv_ssim_mean": 0.030459808666079297,
  "adv_ssim_ci95": 0.005566998184924355,
  "adv_ssim_median": 0.026330739533803202,
  "pred_shift_rel_l2_mean": 1.164627956226468,
  "pred_shift_rel_l2_ci95": 0.10340726169095248,
  "pred_shift_rel_l2_median": 1.1546925902366638,
  "init_shift_rel_l2_mean": 1.7307901699095964,
  "init_shift_rel_l2_ci95": 0.13746880516144622,
  "init_shift_rel_l2_median": 1.677471935749054,
  "delta_l2_mean": 30.76746755838394,
  "delta_l2_ci95": 4.889396342311444e-07,
  "delta_l2_median": 30.767467498779297,
  "delta_linf_mean": 0.999371662735939,
  "delta_linf_ci95": 0.04483449267536981,
  "delta_linf_median": 0.9789294004440308,
  "delta_mean_abs_mean": 0.10863537015393376,
  "delta_mean_abs_ci95": 0.0004271149840688296,
  "delta_mean_abs_median": 0.10860462114214897,
  "delta_rel_l2_mean": 0.022012969562473474,
  "delta_rel_l2_ci95": 0.0023863048662985387,
  "delta_rel_l2_median": 0.02153316766414278,
  "success_rel_l2_mean": 1.0,
  "success_rel_l2_ci95": 0.0,
  "success_rel_l2_median": 1.0,
  "success_mse_mean": 1.0,
  "success_mse_ci95": 0.0,
  "success_mse_median": 1.0,
  "clean_e_ran_l2_mean": 0.2817896483466029,
  "clean_e_ran_l2_ci95": 0.028480255590778512,
  "clean_e_ran_l2_median": 0.26633520424366,
  "clean_e_nul_l2_mean": 0.16739655169658363,
  "clean_e_nul_l2_ci95": 0.013864267165281063,
  "clean_e_nul_l2_median": 0.15786196291446686,
  "clean_e_ran_frac_mean": 0.8557871177858765,
  "clean_e_ran_frac_ci95": 0.007948990617919632,
  "clean_e_ran_frac_median": 0.8563566974323826,
  "clean_e_nul_frac_mean": 0.515329415723506,
  "clean_e_nul_frac_ci95": 0.013877681167868442,
  "clean_e_nul_frac_median": 0.5163847451875081,
  "adv_e_ran_l2_mean": 30.27644592523575,
  "adv_e_ran_l2_ci95": 1.268152812292685,
  "adv_e_ran_l2_median": 29.54732608795166,
  "adv_e_nul_l2_mean": 4.267375975847244,
  "adv_e_nul_l2_ci95": 0.6544778306003528,
  "adv_e_nul_l2_median": 3.5950390100479126,
  "adv_e_ran_frac_mean": 0.9869565960411919,
  "adv_e_ran_frac_ci95": 0.005248969263413635,
  "adv_e_ran_frac_median": 0.9922272106982608,
  "adv_e_nul_frac_mean": 0.14381103154234617,
  "adv_e_nul_frac_ci95": 0.02492371250947504,
  "adv_e_nul_frac_median": 0.12443491813392804,
  "attack_runtime_total_sec": 57.989809297025204,
  "attack_runtime_per_example_sec": 1.8121815405320376,
  "model_name": "resnet",
  "attack_name": "adam",
  "norm": "l2",
  "eps": 0.02,
  "eps_actual": 30.767468011230466,
  "attack_init_mode": "exact",
  "eval_init_mode": "exact"
}