{
  "num_examples": 32,
  "gt_norm_mean": 19.554032936692238,
  "gt_norm_ci95": 3.175656556464896,
  "gt_norm_median": 19.43148136138916,
  "gt_norm_q25": 13.664082050323486,
  "gt_norm_q75": 22.861806869506836,
  "clean_mse_mean": 0.00026567452528070135,
  "clean_mse_ci95": 6.432926170533863e-05,
  "clean_mse_median": 0.0002584782778285444,
  "clean_mse_q25": 0.00010624203423503786,
  "clean_mse_q75": 0.00033532691304571927,
  "adv_mse_mean": 0.0002656703597949672,
  "adv_mse_ci95": 6.432650003791148e-05,
  "adv_mse_median": 0.0002584871544968337,
  "adv_mse_q25": 0.00010624026981531642,
  "adv_mse_q75": 0.0003353261199663393,
  "mse_ratio_mean": 0.9999941473715379,
  "mse_ratio_ci95": 1.718390144143154e-05,
  "mse_ratio_median": 1.0000069223839367,
  "mse_ratio_q25": 0.9999595052198462,
  "mse_ratio_q75": 1.000026413349918,
  "clean_rel_l2_mean": 0.10566292330622673,
  "clean_rel_l2_ci95": 0.006199647105670782,
  "clean_rel_l2_median": 0.104661975055933,
  "clean_rel_l2_q25": 0.09610028564929962,
  "clean_rel_l2_q75": 0.11224446073174477,
  "adv_rel_l2_mean": 0.1056627428624779,
  "adv_rel_l2_ci95": 0.006199953791389255,
  "adv_rel_l2_median": 0.10466008260846138,
  "adv_rel_l2_q25": 0.09610132500529289,
  "adv_rel_l2_q75": 0.11224218271672726,
  "rel_l2_ratio_mean": 0.9999970833059423,
  "rel_l2_ratio_ci95": 8.596231882998375e-06,
  "rel_l2_ratio_median": 1.000003439057574,
  "rel_l2_ratio_q25": 0.999979672832252,
  "rel_l2_ratio_q75": 1.0000133431368363,
  "clean_psnr_mean": 32.525919010126216,
  "clean_psnr_ci95": 0.5163817660070772,
  "clean_psnr_median": 32.612159844657945,
  "clean_psnr_q25": 31.690702323403492,
  "clean_psnr_q75": 33.81583856855497,
  "adv_psnr_mean": 32.52594435716914,
  "adv_psnr_ci95": 0.5163834184831684,
  "adv_psnr_median": 32.6118764928175,
  "adv_psnr_q25": 31.69082628932284,
  "adv_psnr_q75": 33.81607998278403,
  "clean_ssim_mean": 0.8976910951445387,
  "clean_ssim_ci95": 0.018496159420789866,
  "clean_ssim_median": 0.9057646284276082,
  "clean_ssim_q25": 0.88879670807757,
  "clean_ssim_q75": 0.9352546233199642,
  "adv_ssim_mean": 0.8977113282778564,
  "adv_ssim_ci95": 0.01848940311556707,
  "adv_ssim_median": 0.9057725946236481,
  "adv_ssim_q25": 0.8888371526413201,
  "adv_ssim_q75": 0.9352686697586763,
  "pred_shift_rel_l2_mean": 0.0007227696951304097,
  "pred_shift_rel_l2_ci95": 3.875866222267291e-05,
  "pred_shift_rel_l2_median": 0.0007374287524726242,
  "pred_shift_rel_l2_q25": 0.0006601382046937943,
  "pred_shift_rel_l2_q75": 0.000768793819588609,
  "init_shift_rel_l2_mean": 0.0009920124739437597,
  "init_shift_rel_l2_ci95": 0.00012050372289302376,
  "init_shift_rel_l2_median": 0.0009208015399053693,
  "init_shift_rel_l2_q25": 0.0008132759539876133,
  "init_shift_rel_l2_q75": 0.0011011557071469724,
  "delta_l2_mean": 0.00017607359814064694,
  "delta_l2_ci95": 8.538015241956116e-07,
  "delta_l2_median": 0.00017525135626783594,
  "delta_l2_q25": 0.0001745243171171751,
  "delta_l2_q75": 0.0001774490883690305,
  "delta_linf_mean": 6.4206833485513926e-06,
  "delta_linf_ci95": 2.4359476842182575e-07,
  "delta_linf_median": 6.190501153469086e-06,
  "delta_linf_q25": 5.800742655992508e-06,
  "delta_linf_q75": 6.934627890586853e-06,
  "delta_mean_abs_mean": 5.574617434334073e-07,
  "delta_mean_abs_ci95": 6.621602668028559e-09,
  "delta_mean_abs_median": 5.61500769435952e-07,
  "delta_mean_abs_q25": 5.582401598758224e-07,
  "delta_mean_abs_q75": 5.679441414940811e-07,
  "delta_rel_l2_mean": 2.106928044330652e-07,
  "delta_rel_l2_ci95": 4.434557677422631e-08,
  "delta_rel_l2_median": 1.6659115980162609e-07,
  "delta_rel_l2_q25": 1.3698099083073332e-07,
  "delta_rel_l2_q75": 2.298797142273353e-07,
  "success_rel_l2_mean": 0.0,
  "success_rel_l2_ci95": 0.0,
  "success_rel_l2_median": 0.0,
  "success_rel_l2_q25": 0.0,
  "success_rel_l2_q75": 0.0,
  "success_mse_mean": 0.0,
  "success_mse_ci95": 0.0,
  "success_mse_median": 0.0,
  "success_mse_q25": 0.0,
  "success_mse_q75": 0.0,
  "clean_e_ran_l2_mean": 1.4532191734761,
  "clean_e_ran_l2_ci95": 0.2000973269966429,
  "clean_e_ran_l2_median": 1.5127142071723938,
  "clean_e_ran_l2_q25": 0.9548222720623016,
  "clean_e_ran_l2_q75": 1.6509729623794556,
  "clean_e_nul_l2_mean": 1.3124435804784298,
  "clean_e_nul_l2_ci95": 0.1555943799234541,
  "clean_e_nul_l2_median": 1.3449245691299438,
  "clean_e_nul_l2_q25": 0.9415098428726196,
  "clean_e_nul_l2_q75": 1.6041132807731628,
  "clean_e_ran_frac_mean": 0.7341794180506468,
  "clean_e_ran_frac_ci95": 0.01818112314797396,
  "clean_e_ran_frac_median": 0.7339697694740155,
  "clean_e_ran_frac_q25": 0.7062641252842922,
  "clean_e_ran_frac_q75": 0.7637990415918998,
  "clean_e_nul_frac_mean": 0.6747174634543467,
  "clean_e_nul_frac_ci95": 0.0195034238284467,
  "clean_e_nul_frac_median": 0.6791810629424655,
  "clean_e_nul_frac_q25": 0.6454536987692115,
  "clean_e_nul_frac_q75": 0.7079457634274284,
  "adv_e_ran_l2_mean": 1.4531450234353542,
  "adv_e_ran_l2_ci95": 0.20008049807311712,
  "adv_e_ran_l2_median": 1.5126386880874634,
  "adv_e_ran_l2_q25": 0.9547958970069885,
  "adv_e_ran_l2_q75": 1.6508765518665314,
  "adv_e_nul_l2_mean": 1.312509873881936,
  "adv_e_nul_l2_ci95": 0.15560535710460963,
  "adv_e_nul_l2_median": 1.3449811935424805,
  "adv_e_nul_l2_q25": 0.9415714889764786,
  "adv_e_nul_l2_q75": 1.6041801869869232,
  "adv_e_ran_frac_mean": 0.7341466230351502,
  "adv_e_ran_frac_ci95": 0.018183482145621585,
  "adv_e_ran_frac_median": 0.733938680027288,
  "adv_e_ran_frac_q25": 0.7062392109328484,
  "adv_e_ran_frac_q75": 0.763772464622265,
  "adv_e_nul_frac_mean": 0.6747526579702912,
  "adv_e_nul_frac_ci95": 0.0195032600180206,
  "adv_e_nul_frac_median": 0.6792147677228366,
  "adv_e_nul_frac_q25": 0.6454850600969835,
  "adv_e_nul_frac_q75": 0.7079705652720975,
  "attack_runtime_total_sec": 275.42034523934126,
  "attack_runtime_per_example_sec": 8.606885788729414,
  "model_name": "nsn",
  "attack_name": "adam",
  "norm": "l2",
  "eps": 0.2,
  "eps_actual": 255.38500640136718,
  "eps_budget_mode": "per_sample_l2",
  "attack_init_mode": "exact",
  "eval_init_mode": "exact"
}