{
  "num_examples": 32,
  "gt_norm_mean": 27.580802619457245,
  "gt_norm_ci95": 2.1336641054187684,
  "gt_norm_median": 26.626888275146484,
  "clean_mse_mean": 3.833550471199487e-05,
  "clean_mse_ci95": 8.471788937433505e-06,
  "clean_mse_median": 2.9399278901109938e-05,
  "adv_mse_mean": 0.010830124763742788,
  "adv_mse_ci95": 0.0012730361825302365,
  "adv_mse_median": 0.010531923733651638,
  "mse_ratio_mean": 356.7099406997022,
  "mse_ratio_ci95": 64.34854555001763,
  "mse_ratio_median": 369.4909107177226,
  "clean_rel_l2_mean": 0.02719426655676216,
  "clean_rel_l2_ci95": 0.0006821109065866329,
  "clean_rel_l2_median": 0.02664567343890667,
  "adv_rel_l2_mean": 0.4876509518362582,
  "adv_rel_l2_ci95": 0.042680645136751766,
  "adv_rel_l2_median": 0.5059205591678619,
  "rel_l2_ratio_mean": 18.16784308817656,
  "rel_l2_ratio_ci95": 1.816927408634555,
  "rel_l2_ratio_median": 19.219295212712687,
  "clean_psnr_mean": 44.86432785848921,
  "clean_psnr_ci95": 0.840529112554273,
  "clean_psnr_median": 45.31802255383403,
  "adv_psnr_mean": 20.075964019056894,
  "adv_psnr_ci95": 0.8138047807024247,
  "adv_psnr_median": 19.774951418348323,
  "clean_ssim_mean": 0.9465326428336052,
  "clean_ssim_ci95": 0.007553204541450436,
  "clean_ssim_median": 0.9530123365430767,
  "adv_ssim_mean": 0.14537255220312495,
  "adv_ssim_ci95": 0.022957641504798315,
  "adv_ssim_median": 0.12239168473601407,
  "pred_shift_rel_l2_mean": 0.4896974158473313,
  "pred_shift_rel_l2_ci95": 0.043497141916198676,
  "pred_shift_rel_l2_median": 0.5084481537342072,
  "init_shift_rel_l2_mean": 0.885973047465086,
  "init_shift_rel_l2_ci95": 0.06937617115319179,
  "init_shift_rel_l2_median": 0.8969442248344421,
  "delta_l2_mean": 15.383733749389648,
  "delta_l2_ci95": 2.3738884822881066e-07,
  "delta_l2_median": 15.383733749389648,
  "delta_linf_mean": 0.5303506311029196,
  "delta_linf_ci95": 0.046013672967094896,
  "delta_linf_median": 0.5061485171318054,
  "delta_mean_abs_mean": 0.05446973745711148,
  "delta_mean_abs_ci95": 0.0002095445400050763,
  "delta_mean_abs_median": 0.05451536551117897,
  "delta_rel_l2_mean": 0.011006484758056042,
  "delta_rel_l2_ci95": 0.0011931524281533392,
  "delta_rel_l2_median": 0.01076658383207139,
  "success_rel_l2_mean": 1.0,
  "success_rel_l2_ci95": 0.0,
  "success_rel_l2_median": 1.0,
  "success_mse_mean": 1.0,
  "success_mse_ci95": 0.0,
  "success_mse_median": 1.0,
  "clean_e_ran_l2_mean": 0.6136870579794049,
  "clean_e_ran_l2_ci95": 0.06086218317349462,
  "clean_e_ran_l2_median": 0.5644590258598328,
  "clean_e_nul_l2_mean": 0.44870602525770664,
  "clean_e_nul_l2_ci95": 0.05009263985582145,
  "clean_e_nul_l2_median": 0.4116035997867584,
  "clean_e_ran_frac_mean": 0.8097064924328918,
  "clean_e_ran_frac_ci95": 0.004580328181891245,
  "clean_e_ran_frac_median": 0.8085077322625207,
  "clean_e_nul_frac_mean": 0.5864088099088817,
  "clean_e_nul_frac_ci95": 0.006402936015562022,
  "clean_e_nul_frac_median": 0.5884855383677227,
  "adv_e_ran_l2_mean": 12.661632373929024,
  "adv_e_ran_l2_ci95": 0.9670596696798652,
  "adv_e_ran_l2_median": 12.871924877166748,
  "adv_e_nul_l2_mean": 3.0543641075491905,
  "adv_e_nul_l2_ci95": 0.17530917268382062,
  "adv_e_nul_l2_median": 2.981383442878723,
  "adv_e_ran_frac_mean": 0.9631994684967549,
  "adv_e_ran_frac_ci95": 0.01305962706931163,
  "adv_e_ran_frac_median": 0.9757609393948272,
  "adv_e_nul_frac_mean": 0.24975869063372233,
  "adv_e_nul_frac_ci95": 0.03243820037312358,
  "adv_e_nul_frac_median": 0.21872479039427134,
  "attack_runtime_total_sec": 116.57509748637676,
  "attack_runtime_per_example_sec": 3.642971796449274,
  "model_name": "dpnsn_res",
  "attack_name": "adam",
  "norm": "l2",
  "eps": 0.01,
  "eps_actual": 15.383734005615233,
  "attack_init_mode": "exact",
  "eval_init_mode": "exact"
}