{
  "num_examples": 32,
  "clean_mse_mean": 3.742901791614628e-06,
  "clean_mse_ci95": 2.1101685725275415e-06,
  "clean_mse_median": 1.6785523371254385e-06,
  "adv_mse_mean": 3.742814367546643e-06,
  "adv_mse_ci95": 2.1100417182789983e-06,
  "adv_mse_median": 1.678944556715578e-06,
  "mse_ratio_mean": 1.000011908452396,
  "mse_ratio_ci95": 0.0001224426464066343,
  "mse_ratio_median": 1.000038297309965,
  "clean_rel_l2_mean": 0.034899480360884486,
  "clean_rel_l2_ci95": 0.02018985414311414,
  "clean_rel_l2_median": 0.016536695315698777,
  "adv_rel_l2_mean": 0.034899159417391475,
  "adv_rel_l2_ci95": 0.020189595681561662,
  "adv_rel_l2_median": 0.01653413273522554,
  "rel_l2_ratio_mean": 1.0000059154861396,
  "rel_l2_ratio_ci95": 6.121408563845008e-05,
  "rel_l2_ratio_median": 1.0000191814629422,
  "clean_psnr_mean": 53.40918366873787,
  "clean_psnr_ci95": 1.645464083590628,
  "clean_psnr_median": 54.386298413918,
  "adv_psnr_mean": 53.40913232648373,
  "adv_psnr_ci95": 1.6453412519724477,
  "adv_psnr_median": 54.38532146226609,
  "clean_ssim_mean": 0.9980239890664975,
  "clean_ssim_ci95": 0.0004671706977448758,
  "clean_ssim_median": 0.9982988384923477,
  "adv_ssim_mean": 0.9980239644139184,
  "adv_ssim_ci95": 0.00046715322914060205,
  "adv_ssim_median": 0.9982983506164766,
  "pred_shift_rel_l2_mean": 7.198534073674413e-05,
  "pred_shift_rel_l2_ci95": 8.805053866391573e-06,
  "pred_shift_rel_l2_median": 6.186195282743908e-05,
  "init_shift_rel_l2_mean": 2.1663275117592254e-05,
  "init_shift_rel_l2_ci95": 2.9722518820830055e-06,
  "init_shift_rel_l2_median": 2.2824153081846085e-05,
  "delta_l2_mean": 0.0003223265070531056,
  "delta_l2_ci95": 0.00010560443159152172,
  "delta_l2_median": 0.00020642190793296322,
  "delta_linf_mean": 3.006968108820729e-05,
  "delta_linf_ci95": 9.325653491999319e-06,
  "delta_linf_median": 2.09808349609375e-05,
  "delta_mean_abs_mean": 7.322325530634277e-07,
  "delta_mean_abs_ci95": 2.489752679323097e-07,
  "delta_mean_abs_median": 4.4943752186554775e-07,
  "success_rel_l2_mean": 0.0,
  "success_rel_l2_ci95": 0.0,
  "success_rel_l2_median": 0.0,
  "success_mse_mean": 0.0,
  "success_mse_ci95": 0.0,
  "success_mse_median": 0.0,
  "clean_e_ran_l2_mean": 0.1445135097601451,
  "clean_e_ran_l2_ci95": 0.03177103863558927,
  "clean_e_ran_l2_median": 0.1263321042060852,
  "clean_e_nul_l2_mean": 0.13424967520404607,
  "clean_e_nul_l2_ci95": 0.04205377592663096,
  "clean_e_nul_l2_median": 0.09372876957058907,
  "clean_e_ran_frac_mean": 0.766339969710806,
  "clean_e_ran_frac_ci95": 0.0287938970999505,
  "clean_e_ran_frac_median": 0.7883959701465056,
  "clean_e_nul_frac_mean": 0.6311313791038179,
  "clean_e_nul_frac_ci95": 0.030901935030030987,
  "clean_e_nul_frac_median": 0.6151680917275092,
  "adv_e_ran_l2_mean": 0.14451499964343384,
  "adv_e_ran_l2_ci95": 0.03177382982227246,
  "adv_e_ran_l2_median": 0.1263350360095501,
  "adv_e_nul_l2_mean": 0.13424895849311724,
  "adv_e_nul_l2_ci95": 0.04204920808148277,
  "adv_e_nul_l2_median": 0.09373687207698822,
  "adv_e_ran_frac_mean": 0.7663268532217891,
  "adv_e_ran_frac_ci95": 0.028784392886728245,
  "adv_e_ran_frac_median": 0.7884238812338296,
  "adv_e_nul_frac_mean": 0.6311568487226074,
  "adv_e_nul_frac_ci95": 0.030886772116912903,
  "adv_e_nul_frac_median": 0.615132228383993,
  "attack_runtime_total_sec": 8.227055795490742,
  "attack_runtime_per_example_sec": 0.2570954936090857,
  "model_name": "resnet",
  "attack_name": "adam",
  "norm": "l2",
  "eps": 1.0,
  "attack_init_mode": "surrogate",
  "eval_init_mode": "exact"
}