{
  "num_examples": 32,
  "gt_norm_mean": 27.30239450931549,
  "gt_norm_ci95": 2.6899918874387048,
  "gt_norm_median": 24.237028121948242,
  "clean_mse_mean": 7.934221639516181e-05,
  "clean_mse_ci95": 9.049392128369676e-06,
  "clean_mse_median": 7.42936936148908e-05,
  "adv_mse_mean": 0.03167722577927634,
  "adv_mse_ci95": 0.0001644289367062082,
  "adv_mse_median": 0.03172582387924194,
  "mse_ratio_mean": 449.311298776091,
  "mse_ratio_ci95": 59.291589238108806,
  "mse_ratio_median": 424.3762735332364,
  "clean_rel_l2_mean": 0.04325784422690049,
  "clean_rel_l2_ci95": 0.0035552868322882318,
  "clean_rel_l2_median": 0.04376314766705036,
  "adv_rel_l2_mean": 0.8853874020278454,
  "adv_rel_l2_ci95": 0.06678040632928492,
  "adv_rel_l2_median": 0.939734548330307,
  "rel_l2_ratio_mean": 20.868050617136916,
  "rel_l2_ratio_ci95": 1.3094129981475562,
  "rel_l2_ratio_median": 20.60030570041745,
  "clean_psnr_mean": 41.25306133370114,
  "clean_psnr_ci95": 0.5332837794213112,
  "clean_psnr_median": 41.29056475958671,
  "adv_psnr_mean": 14.99300253127149,
  "adv_psnr_ci95": 0.022610858242831235,
  "adv_psnr_median": 14.985870941149464,
  "clean_ssim_mean": 0.9430486512941316,
  "clean_ssim_ci95": 0.005802572298618587,
  "clean_ssim_median": 0.9394630679574882,
  "adv_ssim_mean": 0.07667310698424486,
  "adv_ssim_ci95": 0.004834128075052789,
  "adv_ssim_median": 0.07559856166002912,
  "pred_shift_rel_l2_mean": 0.8750775679945946,
  "pred_shift_rel_l2_ci95": 0.06624400092140158,
  "pred_shift_rel_l2_median": 0.927932471036911,
  "init_shift_rel_l2_mean": 1.027228968217969,
  "init_shift_rel_l2_ci95": 0.08186342659069865,
  "init_shift_rel_l2_median": 1.0976932644844055,
  "delta_l2_mean": 15.449917078018188,
  "delta_l2_ci95": 1.8767236288176747e-07,
  "delta_l2_median": 15.44991683959961,
  "delta_linf_mean": 0.34358467999845743,
  "delta_linf_ci95": 0.007066163329920196,
  "delta_linf_median": 0.35012398660182953,
  "delta_mean_abs_mean": 0.05954347108490765,
  "delta_mean_abs_ci95": 3.760919868986209e-05,
  "delta_mean_abs_median": 0.05952998995780945,
  "delta_rel_l2_mean": 0.011782385089709836,
  "delta_rel_l2_ci95": 0.0013116644566004431,
  "delta_rel_l2_median": 0.01238779839814576,
  "success_rel_l2_mean": 1.0,
  "success_rel_l2_ci95": 0.0,
  "success_rel_l2_median": 1.0,
  "success_mse_mean": 1.0,
  "success_mse_ci95": 0.0,
  "success_mse_median": 1.0,
  "clean_e_ran_l2_mean": 0.6806412972509861,
  "clean_e_ran_l2_ci95": 0.04496522161660325,
  "clean_e_ran_l2_median": 0.7123907804489136,
  "clean_e_nul_l2_mean": 0.8930317591875792,
  "clean_e_nul_l2_ci95": 0.053211824294216885,
  "clean_e_nul_l2_median": 0.8828655183315277,
  "clean_e_ran_frac_mean": 0.6034365681523142,
  "clean_e_ran_frac_ci95": 0.016360497993316663,
  "clean_e_ran_frac_median": 0.5981130175068872,
  "clean_e_nul_frac_mean": 0.795282710713165,
  "clean_e_nul_frac_ci95": 0.012344574504912428,
  "clean_e_nul_frac_median": 0.8013960625194618,
  "adv_e_ran_l2_mean": 21.20250552892685,
  "adv_e_ran_l2_ci95": 0.06421888861262623,
  "adv_e_ran_l2_median": 21.22188663482666,
  "adv_e_nul_l2_mean": 8.324962541460991,
  "adv_e_nul_l2_ci95": 0.11945563752198886,
  "adv_e_nul_l2_median": 8.266644954681396,
  "adv_e_ran_frac_mean": 0.9307201904135518,
  "adv_e_ran_frac_ci95": 0.001966272052108547,
  "adv_e_ran_frac_median": 0.931335783379298,
  "adv_e_nul_frac_mean": 0.36541618503807494,
  "adv_e_nul_frac_ci95": 0.004975129375571413,
  "adv_e_nul_frac_median": 0.36416164868130696,
  "attack_runtime_total_sec": 23.357805993407965,
  "attack_runtime_per_example_sec": 0.7299314372939989,
  "model_name": "dpnsn",
  "attack_name": "adam",
  "norm": "l2",
  "eps": 0.01,
  "eps_actual": 15.449917067016601,
  "attack_init_mode": "exact",
  "eval_init_mode": "exact"
}