{
  "num_examples": 32,
  "gt_norm_mean": 27.44437724351883,
  "gt_norm_ci95": 2.532233818071928,
  "gt_norm_median": 24.26910400390625,
  "clean_mse_mean": 14.869375795125961,
  "clean_mse_ci95": 4.974789719378655,
  "clean_mse_median": 8.254465579986572,
  "adv_mse_mean": 15.717813417315483,
  "adv_mse_ci95": 5.100538778898071,
  "adv_mse_median": 8.948182106018066,
  "mse_ratio_mean": 1.079689467736236,
  "mse_ratio_ci95": 0.009725985150475498,
  "mse_ratio_median": 1.0840601709200608,
  "clean_rel_l2_mean": 15.8356913626194,
  "clean_rel_l2_ci95": 0.8773729309195534,
  "clean_rel_l2_median": 15.307472229003906,
  "adv_rel_l2_mean": 16.420962780714035,
  "adv_rel_l2_ci95": 0.8339595117598474,
  "adv_rel_l2_median": 15.928901672363281,
  "rel_l2_ratio_mean": 1.0389958275188866,
  "rel_l2_ratio_ci95": 0.00468520882452132,
  "rel_l2_ratio_median": 1.0411820985543236,
  "clean_psnr_mean": -10.250377154564188,
  "clean_psnr_ci95": 1.185325054554188,
  "clean_psnr_median": -9.165422578290203,
  "adv_psnr_mean": -10.581939450826948,
  "adv_psnr_ci95": 1.146841326467747,
  "adv_psnr_median": -9.515955494835048,
  "clean_ssim_mean": 0.005838201673614474,
  "clean_ssim_ci95": 0.0011159053743611143,
  "clean_ssim_median": 0.005114266282170025,
  "adv_ssim_mean": 0.005538400228894673,
  "adv_ssim_ci95": 0.0010498609234091132,
  "adv_ssim_median": 0.00484305730747564,
  "pred_shift_rel_l2_mean": 0.04734460636973381,
  "pred_shift_rel_l2_ci95": 0.0056838019175009654,
  "pred_shift_rel_l2_median": 0.049908241257071495,
  "init_shift_rel_l2_mean": 0.038276233623037115,
  "init_shift_rel_l2_ci95": 0.004520922119286026,
  "init_shift_rel_l2_median": 0.04052293673157692,
  "delta_l2_mean": 15.214860409498215,
  "delta_l2_ci95": 2.9055142837931354e-07,
  "delta_l2_median": 15.214860916137695,
  "delta_linf_mean": 0.33595794532448053,
  "delta_linf_ci95": 0.008497476755392377,
  "delta_linf_median": 0.3304557800292969,
  "delta_mean_abs_mean": 0.05823520477861166,
  "delta_mean_abs_ci95": 4.189026384300558e-05,
  "delta_mean_abs_median": 0.05824135057628155,
  "delta_rel_l2_mean": 0.008672850214108414,
  "delta_rel_l2_ci95": 0.0010124925393018823,
  "delta_rel_l2_median": 0.00919513691575059,
  "success_rel_l2_mean": 0.0,
  "success_rel_l2_ci95": 0.0,
  "success_rel_l2_median": 0.0,
  "success_mse_mean": 0.0,
  "success_mse_ci95": 0.0,
  "success_mse_median": 0.0,
  "clean_e_ran_l2_mean": 422.2624707221985,
  "clean_e_ran_l2_ci95": 65.34392304455027,
  "clean_e_ran_l2_median": 343.3396911621094,
  "clean_e_nul_l2_mean": 160.8936538696289,
  "clean_e_nul_l2_ci95": 24.8219222347799,
  "clean_e_nul_l2_median": 131.66651916503906,
  "clean_e_ran_frac_mean": 0.9343328686697555,
  "clean_e_ran_frac_ci95": 0.0010340734763876667,
  "clean_e_ran_frac_median": 0.9343653076466648,
  "clean_e_nul_frac_mean": 0.3563066357723017,
  "clean_e_nul_frac_ci95": 0.0027049926855666957,
  "clean_e_nul_frac_median": 0.3563156074160743,
  "adv_e_ran_l2_mean": 436.72213554382324,
  "adv_e_ran_l2_ci95": 65.31247959534441,
  "adv_e_ran_l2_median": 357.7395935058594,
  "adv_e_nul_l2_mean": 165.50686049461365,
  "adv_e_nul_l2_ci95": 24.840808916149193,
  "adv_e_nul_l2_median": 136.40290069580078,
  "adv_e_ran_frac_mean": 0.9350964300123817,
  "adv_e_ran_frac_ci95": 0.0010020189766753473,
  "adv_e_ran_frac_median": 0.9351468617880283,
  "adv_e_nul_frac_mean": 0.35430249112202833,
  "adv_e_nul_frac_ci95": 0.002641263403099158,
  "adv_e_nul_frac_median": 0.35426010390671064,
  "attack_runtime_total_sec": 23.335744686424732,
  "attack_runtime_per_example_sec": 0.7292420214507729,
  "model_name": "dpnsn",
  "attack_name": "adam",
  "norm": "l2",
  "eps": 0.01,
  "eps_actual": 15.214861161499023,
  "attack_init_mode": "exact",
  "eval_init_mode": "exact"
}