{
  "num_examples": 32,
  "gt_norm_mean": 26.229215562343597,
  "gt_norm_ci95": 1.7699003430208013,
  "gt_norm_median": 25.09980010986328,
  "clean_mse_mean": 8.580953090131516e-05,
  "clean_mse_ci95": 1.0504228727817729e-05,
  "clean_mse_median": 8.369435818167403e-05,
  "adv_mse_mean": 0.031242263154126704,
  "adv_mse_ci95": 0.00018547560553345668,
  "adv_mse_median": 0.031237452290952206,
  "mse_ratio_mean": 420.74176161445945,
  "mse_ratio_ci95": 62.948243152257,
  "mse_ratio_median": 371.72435579767614,
  "clean_rel_l2_mean": 0.0455929747549817,
  "clean_rel_l2_ci95": 0.003415300952319119,
  "clean_rel_l2_median": 0.043928589671850204,
  "adv_rel_l2_mean": 0.890468142926693,
  "adv_rel_l2_ci95": 0.05261365707121646,
  "adv_rel_l2_median": 0.8981555104255676,
  "rel_l2_ratio_mean": 20.112553241033243,
  "rel_l2_ratio_ci95": 1.4180574559673853,
  "rel_l2_ratio_median": 19.279135294802813,
  "clean_psnr_mean": 40.96206257713037,
  "clean_psnr_ci95": 0.5890640862834341,
  "clean_psnr_median": 40.774811259424105,
  "adv_psnr_mean": 15.05318721443831,
  "adv_psnr_ci95": 0.0256120701783488,
  "adv_psnr_median": 15.053243937179687,
  "clean_ssim_mean": 0.9413057633682392,
  "clean_ssim_ci95": 0.006275147977659224,
  "clean_ssim_median": 0.939020085900129,
  "adv_ssim_mean": 0.07440265751042169,
  "adv_ssim_ci95": 0.0033192366498162066,
  "adv_ssim_median": 0.07336128504574767,
  "pred_shift_rel_l2_mean": 0.8803826197981834,
  "pred_shift_rel_l2_ci95": 0.05209818715943434,
  "pred_shift_rel_l2_median": 0.8898683190345764,
  "init_shift_rel_l2_mean": 1.0339744836091995,
  "init_shift_rel_l2_ci95": 0.06758191568595254,
  "init_shift_rel_l2_median": 1.0329501628875732,
  "delta_l2_mean": 15.319905281066895,
  "delta_l2_ci95": 2.5178889654098425e-07,
  "delta_l2_median": 15.319905281066895,
  "delta_linf_mean": 0.3363886773586273,
  "delta_linf_ci95": 0.008404663398221974,
  "delta_linf_median": 0.33510589599609375,
  "delta_mean_abs_mean": 0.059008636977523565,
  "delta_mean_abs_ci95": 3.590188668056998e-05,
  "delta_mean_abs_median": 0.059017499908804893,
  "delta_rel_l2_mean": 0.011662780332218165,
  "delta_rel_l2_ci95": 0.0010469636859771682,
  "delta_rel_l2_median": 0.01145669672016872,
  "success_rel_l2_mean": 1.0,
  "success_rel_l2_ci95": 0.0,
  "success_rel_l2_median": 1.0,
  "success_mse_mean": 1.0,
  "success_mse_ci95": 0.0,
  "success_mse_median": 1.0,
  "clean_e_ran_l2_mean": 0.6887397561222315,
  "clean_e_ran_l2_ci95": 0.04512937551119352,
  "clean_e_ran_l2_median": 0.6769616007804871,
  "clean_e_nul_l2_mean": 0.9398646615445614,
  "clean_e_nul_l2_ci95": 0.06273619282199655,
  "clean_e_nul_l2_median": 0.934965044260025,
  "clean_e_ran_frac_mean": 0.5914005390617761,
  "clean_e_ran_frac_ci95": 0.013777428245546234,
  "clean_e_ran_frac_median": 0.5913718393336003,
  "clean_e_nul_frac_mean": 0.8049103612551625,
  "clean_e_nul_frac_ci95": 0.010159966004548089,
  "clean_e_nul_frac_median": 0.8063888490827424,
  "adv_e_ran_l2_mean": 21.09930193424225,
  "adv_e_ran_l2_ci95": 0.060641536736613134,
  "adv_e_ran_l2_median": 21.102845191955566,
  "adv_e_nul_l2_mean": 8.1615699082613,
  "adv_e_nul_l2_ci95": 0.08010824874113248,
  "adv_e_nul_l2_median": 8.157477855682373,
  "adv_e_ran_frac_mean": 0.9326223512171707,
  "adv_e_ran_frac_ci95": 0.001177234331135432,
  "adv_e_ran_frac_median": 0.9329406074534637,
  "adv_e_nul_frac_mean": 0.36073061100212717,
  "adv_e_nul_frac_ci95": 0.003104456727332641,
  "adv_e_nul_frac_median": 0.3600301950450696,
  "attack_runtime_total_sec": 23.31650887057185,
  "attack_runtime_per_example_sec": 0.7286409022053704,
  "model_name": "dpnsn",
  "attack_name": "adam",
  "norm": "l2",
  "eps": 0.01,
  "eps_actual": 15.319905745361327,
  "attack_init_mode": "exact",
  "eval_init_mode": "exact"
}