{
  "num_examples": 32,
  "gt_norm_mean": 19.806160181760788,
  "gt_norm_ci95": 2.9469057162341947,
  "gt_norm_median": 18.65426254272461,
  "gt_norm_q25": 12.793537616729736,
  "gt_norm_q75": 26.20080327987671,
  "clean_mse_mean": 0.0019420533199081547,
  "clean_mse_ci95": 0.0008983731969482081,
  "clean_mse_median": 0.0008530683990102261,
  "clean_mse_q25": 0.00044820929906563833,
  "clean_mse_q75": 0.0022524550440721214,
  "adv_mse_mean": 0.11389588698511943,
  "adv_mse_ci95": 0.05708286713956527,
  "adv_mse_median": 0.047652387991547585,
  "adv_mse_q25": 0.020530059468001127,
  "adv_mse_q75": 0.13594457507133484,
  "mse_ratio_mean": 55.14742501265868,
  "mse_ratio_ci95": 3.577596995514241,
  "mse_ratio_median": 53.632107305555685,
  "mse_ratio_q25": 47.862684049898256,
  "mse_ratio_q75": 59.51461977518108,
  "clean_rel_l2_mean": 0.23370636440813541,
  "clean_rel_l2_ci95": 0.01650501422508375,
  "clean_rel_l2_median": 0.22983237355947495,
  "clean_rel_l2_q25": 0.21391825005412102,
  "clean_rel_l2_q75": 0.2575075700879097,
  "adv_rel_l2_mean": 1.7333560027182102,
  "adv_rel_l2_ci95": 0.1445306495403849,
  "adv_rel_l2_median": 1.6293060779571533,
  "adv_rel_l2_q25": 1.4706631004810333,
  "adv_rel_l2_q75": 1.944912999868393,
  "rel_l2_ratio_mean": 7.3950602522029225,
  "rel_l2_ratio_ci95": 0.2388876567253068,
  "rel_l2_ratio_median": 7.323368656947613,
  "rel_l2_ratio_q25": 6.91827180389843,
  "rel_l2_ratio_q75": 7.714536253637462,
  "clean_psnr_mean": 25.545081696450538,
  "clean_psnr_ci95": 1.4315386858258226,
  "clean_psnr_median": 26.065757856115205,
  "clean_psnr_q25": 23.562371514828442,
  "clean_psnr_q75": 28.12443849647007,
  "adv_psnr_mean": 8.202706792987922,
  "adv_psnr_ci95": 1.5509103803586575,
  "adv_psnr_median": 8.920288524569926,
  "adv_psnr_q25": 5.391647033150506,
  "adv_psnr_q75": 11.182653145326093,
  "clean_ssim_mean": 0.32906953021365587,
  "clean_ssim_ci95": 0.04635015710944617,
  "clean_ssim_median": 0.3040999223995484,
  "clean_ssim_q25": 0.24034353269460454,
  "clean_ssim_q75": 0.4086474923376175,
  "adv_ssim_mean": 0.019073851275291834,
  "adv_ssim_ci95": 0.006658155539729102,
  "adv_ssim_median": 0.013360699325277461,
  "adv_ssim_q25": 0.0068587342299282535,
  "adv_ssim_q75": 0.027196928892100663,
  "clean_mae_mean": 0.029284641379490495,
  "clean_mae_ci95": 0.006173307963410961,
  "clean_mae_median": 0.02257277723401785,
  "clean_mae_q25": 0.01639978727325797,
  "clean_mae_q75": 0.03682447597384453,
  "adv_mae_mean": 0.19670235249213874,
  "adv_mae_ci95": 0.04322606692696005,
  "adv_mae_median": 0.15340442955493927,
  "adv_mae_q25": 0.10010753385722637,
  "adv_mae_q75": 0.25157345086336136,
  "clean_nrmse_mean": 0.059615675947293695,
  "clean_nrmse_ci95": 0.011885005394474334,
  "clean_nrmse_median": 0.04979240148134893,
  "clean_nrmse_q25": 0.03924923971453061,
  "clean_nrmse_q75": 0.06643743687902681,
  "adv_nrmse_mean": 0.44788186670089114,
  "adv_nrmse_ci95": 0.09574886405179199,
  "adv_nrmse_median": 0.3580853979468298,
  "adv_nrmse_q25": 0.27598729460359045,
  "adv_nrmse_q75": 0.5375793643415783,
  "clean_max_err_mean": 0.18097286368720233,
  "clean_max_err_ci95": 0.03742511663210818,
  "clean_max_err_median": 0.13946020603179932,
  "clean_max_err_q25": 0.10989409685134888,
  "clean_max_err_q75": 0.2332305647432804,
  "adv_max_err_mean": 2.2402530405670404,
  "adv_max_err_ci95": 0.452968694391611,
  "adv_max_err_median": 1.6651270985603333,
  "adv_max_err_q25": 1.2853900492191315,
  "adv_max_err_q75": 3.173762798309326,
  "clean_init_rel_l2_mean": 0.3665603967383504,
  "clean_init_rel_l2_ci95": 0.038403306013622636,
  "clean_init_rel_l2_median": 0.35208597779273987,
  "clean_init_rel_l2_q25": 0.3001028299331665,
  "clean_init_rel_l2_q75": 0.37695785611867905,
  "adv_init_rel_l2_mean": 1.4089851696044207,
  "adv_init_rel_l2_ci95": 0.08424849640353187,
  "adv_init_rel_l2_median": 1.3931027054786682,
  "adv_init_rel_l2_q25": 1.3023124039173126,
  "adv_init_rel_l2_q75": 1.5274602174758911,
  "init_rel_l2_ratio_mean": 4.160267205062856,
  "init_rel_l2_ratio_ci95": 0.4278508166448481,
  "init_rel_l2_ratio_median": 4.278136421725993,
  "init_rel_l2_ratio_q25": 3.581837418990966,
  "init_rel_l2_ratio_q75": 5.184965166557603,
  "clean_init_psnr_mean": 21.770101520711616,
  "clean_init_psnr_ci95": 1.150549673679535,
  "clean_init_psnr_median": 21.902652531932308,
  "clean_init_psnr_q25": 20.421128931234048,
  "clean_init_psnr_q75": 23.885292476453795,
  "adv_init_psnr_mean": 9.89362156476342,
  "adv_init_psnr_ci95": 1.3226192727197927,
  "adv_init_psnr_median": 10.566476124554228,
  "adv_init_psnr_q25": 7.969749377822598,
  "adv_init_psnr_q75": 12.37189987335907,
  "clean_init_ssim_mean": 0.18507351933738528,
  "clean_init_ssim_ci95": 0.030001286716356445,
  "clean_init_ssim_median": 0.16158426217636884,
  "clean_init_ssim_q25": 0.13307457795689728,
  "clean_init_ssim_q75": 0.21259884043133606,
  "adv_init_ssim_mean": 0.038778282595082085,
  "adv_init_ssim_ci95": 0.004880324849366868,
  "adv_init_ssim_median": 0.03525555592527663,
  "adv_init_ssim_q25": 0.03217455931930149,
  "adv_init_ssim_q75": 0.04054891951070409,
  "clean_init_mae_mean": 0.040868057461921126,
  "clean_init_mae_ci95": 0.007575174640980243,
  "clean_init_mae_median": 0.035782722756266594,
  "clean_init_mae_q25": 0.02316789049655199,
  "clean_init_mae_q75": 0.04952391982078552,
  "adv_init_mae_mean": 0.17086413875222206,
  "adv_init_mae_ci95": 0.03307088724966525,
  "adv_init_mae_median": 0.13926854729652405,
  "adv_init_mae_q25": 0.09403528273105621,
  "adv_init_mae_q75": 0.21910875290632248,
  "pred_shift_rel_l2_mean": 1.6611154191195965,
  "pred_shift_rel_l2_ci95": 0.13234403396148112,
  "pred_shift_rel_l2_median": 1.5713924765586853,
  "pred_shift_rel_l2_q25": 1.4162684381008148,
  "pred_shift_rel_l2_q75": 1.8588893413543701,
  "init_shift_rel_l2_mean": 1.3570514395833015,
  "init_shift_rel_l2_ci95": 0.07549191926397202,
  "init_shift_rel_l2_median": 1.3494123220443726,
  "init_shift_rel_l2_q25": 1.2693345248699188,
  "init_shift_rel_l2_q75": 1.4581523835659027,
  "delta_l2_mean": 23.485910296440125,
  "delta_l2_ci95": 4.927964294238631,
  "delta_l2_median": 18.589409828186035,
  "delta_l2_q25": 13.245353698730469,
  "delta_l2_q75": 29.28621006011963,
  "delta_linf_mean": 0.721019197255373,
  "delta_linf_ci95": 0.17182348283170357,
  "delta_linf_median": 0.5406839847564697,
  "delta_linf_q25": 0.3941817060112953,
  "delta_linf_q75": 0.9082534164190292,
  "delta_mean_abs_mean": 0.08639990189112723,
  "delta_mean_abs_ci95": 0.01826036210807334,
  "delta_mean_abs_median": 0.0683172382414341,
  "delta_mean_abs_q25": 0.048681351356208324,
  "delta_mean_abs_q75": 0.10814682208001614,
  "delta_rel_l2_mean": 0.020000009924944058,
  "delta_rel_l2_ci95": 1.001122472375702e-09,
  "delta_rel_l2_median": 0.02000000988887131,
  "delta_rel_l2_q25": 0.02000000872313125,
  "delta_rel_l2_q75": 0.020000011288616833,
  "success_rel_l2_mean": 1.0,
  "success_rel_l2_ci95": 0.0,
  "success_rel_l2_median": 1.0,
  "success_rel_l2_q25": 1.0,
  "success_rel_l2_q75": 1.0,
  "success_mse_mean": 1.0,
  "success_mse_ci95": 0.0,
  "success_mse_median": 1.0,
  "success_mse_q25": 1.0,
  "success_mse_q75": 1.0,
  "clean_e_ran_l2_mean": 4.836340058594942,
  "clean_e_ran_l2_ci95": 1.020222271605774,
  "clean_e_ran_l2_median": 3.7373595237731934,
  "clean_e_ran_l2_q25": 2.6929567456245422,
  "clean_e_ran_l2_q75": 6.069457411766052,
  "clean_e_nul_l2_mean": 0.13684015127364546,
  "clean_e_nul_l2_ci95": 0.03601493334112516,
  "clean_e_nul_l2_median": 0.09781578555703163,
  "clean_e_nul_l2_q25": 0.06715142913162708,
  "clean_e_nul_l2_q75": 0.1633656658232212,
  "clean_e_ran_frac_mean": 0.9987081618622339,
  "clean_e_ran_frac_ci95": 0.0010937059475922858,
  "clean_e_ran_frac_median": 0.9997635058877719,
  "clean_e_ran_frac_q25": 0.9995434394098679,
  "clean_e_ran_frac_q75": 0.999861416680399,
  "clean_e_nul_frac_mean": 0.035064668389665696,
  "clean_e_nul_frac_ci95": 0.012899852378387007,