{
  "num_examples": 32,
  "gt_norm_mean": 19.246901780366898,
  "gt_norm_ci95": 3.3146818493907912,
  "gt_norm_median": 15.661028385162354,
  "clean_mse_mean": 0.0018032488128483237,
  "clean_mse_ci95": 0.0007991373618706786,
  "clean_mse_median": 0.000680547789670527,
  "adv_mse_mean": 0.14316115528345108,
  "adv_mse_ci95": 0.006754353544220959,
  "adv_mse_median": 0.13448849320411682,
  "mse_ratio_mean": 232.69270542488695,
  "mse_ratio_ci95": 68.42874599034323,
  "mse_ratio_median": 194.319494987629,
  "clean_rel_l2_mean": 0.2324072839692235,
  "clean_rel_l2_ci95": 0.013910097559146871,
  "clean_rel_l2_median": 0.22967718541622162,
  "adv_rel_l2_mean": 3.0764005668461323,
  "adv_rel_l2_ci95": 0.45215058693884963,
  "adv_rel_l2_median": 3.004670262336731,
  "rel_l2_ratio_mean": 13.864794522941686,
  "rel_l2_ratio_ci95": 2.239180987338022,
  "rel_l2_ratio_median": 13.938812174944447,
  "clean_psnr_mean": 25.40477201258683,
  "clean_psnr_ci95": 1.27647347981304,
  "clean_psnr_median": 25.518454069438,
  "adv_psnr_mean": 3.635084827118173,
  "adv_psnr_ci95": 1.068381064516221,
  "adv_psnr_median": 3.936591599807443,
  "clean_ssim_mean": 0.32125235960678483,
  "clean_ssim_ci95": 0.0423519261597885,
  "clean_ssim_median": 0.29293252418375354,
  "adv_ssim_mean": 0.02077613840501253,
  "adv_ssim_ci95": 0.00594783841741308,
  "adv_ssim_median": 0.015529430659983953,
  "pred_shift_rel_l2_mean": 2.9530078768730164,
  "pred_shift_rel_l2_ci95": 0.4482297154230932,
  "pred_shift_rel_l2_median": 2.9390058517456055,
  "init_shift_rel_l2_mean": 3.047164522111416,
  "init_shift_rel_l2_ci95": 0.4866240319880637,
  "init_shift_rel_l2_median": 3.189692735671997,
  "delta_l2_mean": 25.611173391342163,
  "delta_l2_ci95": 4.3611116159068815e-07,
  "delta_l2_median": 25.611173629760742,
  "delta_linf_mean": 0.5746156517416239,
  "delta_linf_ci95": 0.01897409101552836,
  "delta_linf_median": 0.5598571598529816,
  "delta_mean_abs_mean": 0.09452876984141767,
  "delta_mean_abs_ci95": 0.00010918209013345409,
  "delta_mean_abs_median": 0.0945531614124775,
  "delta_rel_l2_mean": 0.03090761905891732,
  "delta_rel_l2_ci95": 0.005218372575148516,
  "delta_rel_l2_median": 0.03168182614448703,
  "success_rel_l2_mean": 1.0,
  "success_rel_l2_ci95": 0.0,
  "success_rel_l2_median": 1.0,
  "success_mse_mean": 1.0,
  "success_mse_ci95": 0.0,
  "success_mse_median": 1.0,
  "clean_e_ran_l2_mean": 4.6121383756399155,
  "clean_e_ran_l2_ci95": 1.0028494325831814,
  "clean_e_ran_l2_median": 3.3379909992218018,
  "clean_e_nul_l2_mean": 0.2216303343884647,
  "clean_e_nul_l2_ci95": 0.1156233264114206,
  "clean_e_nul_l2_median": 0.09233365952968597,
  "clean_e_ran_frac_mean": 0.9938446596790343,
  "clean_e_ran_frac_ci95": 0.009056837722061636,
  "clean_e_ran_frac_median": 0.9997248250598978,
  "clean_e_nul_frac_mean": 0.05435843749283506,
  "clean_e_nul_frac_ci95": 0.03275178588459226,
  "clean_e_nul_frac_median": 0.023457721835694847,
  "adv_e_ran_l2_mean": 46.0489159822464,
  "adv_e_ran_l2_ci95": 0.6851056764488412,
  "adv_e_ran_l2_median": 46.13286018371582,
  "adv_e_nul_l2_mean": 10.409460505470634,
  "adv_e_nul_l2_ci95": 3.740523062349339,
  "adv_e_nul_l2_median": 5.274287939071655,
  "adv_e_ran_frac_mean": 0.9572199905446077,
  "adv_e_ran_frac_ci95": 0.027254727632152597,
  "adv_e_ran_frac_median": 0.9935680160590284,
  "adv_e_nul_frac_mean": 0.20509442145001466,
  "adv_e_nul_frac_ci95": 0.06648727583679206,
  "adv_e_nul_frac_median": 0.11321807254878663,
  "attack_runtime_total_sec": 64.59730637073517,
  "attack_runtime_per_example_sec": 2.018665824085474,
  "model_name": "nsn",
  "attack_name": "adam",
  "norm": "l2",
  "eps": 0.02,
  "eps_actual": 25.611172796813968,
  "attack_init_mode": "exact",
  "eval_init_mode": "exact"
}