{
  "num_examples": 32,
  "gt_norm_mean": 19.246901780366898,
  "gt_norm_ci95": 3.3146818493907912,
  "gt_norm_median": 15.661028385162354,
  "gt_norm_q25": 12.43287444114685,
  "gt_norm_q75": 25.732792377471924,
  "clean_mse_mean": 0.0018032488128483237,
  "clean_mse_ci95": 0.0007991373618706786,
  "clean_mse_median": 0.000680547789670527,
  "clean_mse_q25": 0.0004057399128214456,
  "clean_mse_q75": 0.0026656558038666844,
  "adv_mse_mean": 0.1531654074206017,
  "adv_mse_ci95": 0.0686027869663991,
  "adv_mse_median": 0.05678211338818073,
  "adv_mse_q25": 0.03388933092355728,
  "adv_mse_q75": 0.2251243181526661,
  "mse_ratio_mean": 84.87269953263021,
  "mse_ratio_ci95": 2.879041357270239,
  "mse_ratio_median": 82.35110022422813,
  "mse_ratio_q25": 79.51218221942247,
  "mse_ratio_q75": 87.58261539711017,
  "clean_rel_l2_mean": 0.2324072839692235,
  "clean_rel_l2_ci95": 0.013910097559146871,
  "clean_rel_l2_median": 0.22967718541622162,
  "clean_rel_l2_q25": 0.21139682829380035,
  "clean_rel_l2_q75": 0.25372643768787384,
  "adv_rel_l2_mean": 2.1317875646054745,
  "adv_rel_l2_ci95": 0.12212151052417224,
  "adv_rel_l2_median": 2.077273964881897,
  "adv_rel_l2_q25": 1.9154812395572662,
  "adv_rel_l2_q75": 2.2349032759666443,
  "rel_l2_ratio_mean": 9.202774785364335,
  "rel_l2_ratio_ci95": 0.1500291307300681,
  "rel_l2_ratio_median": 9.074563470667256,
  "rel_l2_ratio_q25": 8.9169590557911,
  "rel_l2_ratio_q75": 9.358522948143271,
  "clean_psnr_mean": 25.40477201258683,
  "clean_psnr_ci95": 1.27647347981304,
  "clean_psnr_median": 25.518454069438,
  "clean_psnr_q25": 22.917255903936546,
  "clean_psnr_q75": 27.857067383029335,
  "adv_psnr_mean": 6.135253006129033,
  "adv_psnr_ci95": 1.2612969712100692,
  "adv_psnr_median": 6.292545465606724,
  "adv_psnr_q25": 3.9487216590406535,
  "adv_psnr_q75": 8.69096075983061,
  "clean_ssim_mean": 0.32125235960678483,
  "clean_ssim_ci95": 0.0423519261597885,
  "clean_ssim_median": 0.29293252418375354,
  "clean_ssim_q25": 0.22839618869706763,
  "clean_ssim_q75": 0.38031350265960867,
  "adv_ssim_mean": 0.026736609443917342,
  "adv_ssim_ci95": 0.00444377686004073,
  "adv_ssim_median": 0.030754493427256217,
  "adv_ssim_q25": 0.020045051461165364,
  "adv_ssim_q75": 0.036256161648337976,
  "pred_shift_rel_l2_mean": 2.0232978649437428,
  "pred_shift_rel_l2_ci95": 0.10380121736108806,
  "pred_shift_rel_l2_median": 1.9835282564163208,
  "pred_shift_rel_l2_q25": 1.8335981369018555,
  "pred_shift_rel_l2_q75": 2.1155751943588257,
  "init_shift_rel_l2_mean": 2.0309434942901134,
  "init_shift_rel_l2_ci95": 0.0856120032410129,
  "init_shift_rel_l2_median": 2.016384482383728,
  "init_shift_rel_l2_q25": 1.8816538453102112,
  "init_shift_rel_l2_q75": 2.1356149315834045,
  "delta_l2_mean": 22.417467266321182,
  "delta_l2_ci95": 4.889028516064435,
  "delta_l2_median": 16.169821739196777,
  "delta_l2_q25": 12.61586856842041,
  "delta_l2_q75": 32.199469566345215,
  "delta_linf_mean": 0.4869177592918277,
  "delta_linf_ci95": 0.1012467491233301,
  "delta_linf_median": 0.3273769021034241,
  "delta_linf_q25": 0.2742655426263809,
  "delta_linf_q75": 0.7127632051706314,
  "delta_mean_abs_mean": 0.08305444533471018,
  "delta_mean_abs_ci95": 0.018628003752820015,
  "delta_mean_abs_median": 0.059215594083070755,
  "delta_mean_abs_q25": 0.04605462960898876,
  "delta_mean_abs_q75": 0.11929303221404552,
  "delta_rel_l2_mean": 0.020000009084730673,
  "delta_rel_l2_ci95": 1.1586952653128803e-09,
  "delta_rel_l2_median": 0.020000009815769028,
  "delta_rel_l2_q25": 0.02000000604086626,
  "delta_rel_l2_q75": 0.020000012098550724,
  "success_rel_l2_mean": 1.0,
  "success_rel_l2_ci95": 0.0,
  "success_rel_l2_median": 1.0,
  "success_rel_l2_q25": 1.0,
  "success_rel_l2_q75": 1.0,
  "success_mse_mean": 1.0,
  "success_mse_ci95": 0.0,
  "success_mse_median": 1.0,
  "success_mse_q25": 1.0,
  "success_mse_q75": 1.0,
  "clean_e_ran_l2_mean": 4.6121383756399155,
  "clean_e_ran_l2_ci95": 1.0028494325831814,
  "clean_e_ran_l2_median": 3.3379909992218018,
  "clean_e_ran_l2_q25": 2.5590142607688904,
  "clean_e_ran_l2_q75": 6.599800944328308,
  "clean_e_nul_l2_mean": 0.2216303343884647,
  "clean_e_nul_l2_ci95": 0.1156233264114206,
  "clean_e_nul_l2_median": 0.09233365952968597,
  "clean_e_nul_l2_q25": 0.06436594761908054,
  "clean_e_nul_l2_q75": 0.21196022257208824,
  "clean_e_ran_frac_mean": 0.9938446596790343,
  "clean_e_ran_frac_ci95": 0.009056837722061636,
  "clean_e_ran_frac_median": 0.9997248250598978,
  "clean_e_ran_frac_q25": 0.9993253517054499,
  "clean_e_ran_frac_q75": 0.9998211323287949,
  "clean_e_nul_frac_mean": 0.05435843749283506,
  "clean_e_nul_frac_ci95": 0.03275178588459226,
  "clean_e_nul_frac_median": 0.023457721835694847,
  "clean_e_nul_frac_q25": 0.018907446586850354,
  "clean_e_nul_frac_q75": 0.03670731919818575,
  "adv_e_ran_l2_mean": 40.265550911426544,
  "adv_e_ran_l2_ci95": 8.761511221476173,
  "adv_e_ran_l2_median": 29.67656898498535,
  "adv_e_ran_l2_q25": 22.479451179504395,
  "adv_e_ran_l2_q75": 57.272132873535156,
  "adv_e_nul_l2_mean": 10.346180168911815,
  "adv_e_nul_l2_ci95": 4.475749891812186,
  "adv_e_nul_l2_median": 3.9439374208450317,
  "adv_e_nul_l2_q25": 1.6396953612565994,
  "adv_e_nul_l2_q75": 13.749793767929077,
  "adv_e_ran_frac_mean": 0.9504636805801967,
  "adv_e_ran_frac_ci95": 0.030713573581425662,
  "adv_e_ran_frac_median": 0.995903996879751,
  "adv_e_ran_frac_q25": 0.9356380024343713,
  "adv_e_ran_frac_q75": 0.9986469970812599,
  "adv_e_nul_frac_mean": 0.21040400631829023,
  "adv_e_nul_frac_ci95": 0.074457319254998,
  "adv_e_nul_frac_median": 0.09041678549247266,
  "adv_e_nul_frac_q25": 0.051981539824382195,
  "adv_e_nul_frac_q75": 0.35188650853001074,
  "attack_runtime_total_sec": 64.60909489169717,
  "attack_runtime_per_example_sec": 2.0190342153655365,
  "model_name": "nsn",
  "attack_name": "adam",
  "norm": "l2",
  "eps": 0.02,
  "eps_actual": 25.611172796813968,
  "eps_budget_mode": "per_sample_l2",
  "attack_init_mode": "exact",
  "eval_init_mode": "exact"
}