{
  "num_examples": 32,
  "gt_norm_mean": 19.554032936692238,
  "gt_norm_ci95": 3.175656556464896,
  "gt_norm_median": 19.43148136138916,
  "gt_norm_q25": 13.664082050323486,
  "gt_norm_q75": 22.861806869506836,
  "clean_mse_mean": 0.0011342021898599342,
  "clean_mse_ci95": 0.0005445552811869841,
  "clean_mse_median": 0.0007189511088654399,
  "clean_mse_q25": 0.0003874075337080285,
  "clean_mse_q75": 0.0010221929696854204,
  "adv_mse_mean": 0.12490250697010197,
  "adv_mse_ci95": 0.06797943279087111,
  "adv_mse_median": 0.06920153647661209,
  "adv_mse_q25": 0.03607882931828499,
  "adv_mse_q75": 0.10939090140163898,
  "mse_ratio_mean": 99.16022983625979,
  "mse_ratio_ci95": 5.805084412121892,
  "mse_ratio_median": 97.11239485789787,
  "mse_ratio_q25": 88.50014336212193,
  "mse_ratio_q75": 108.73640700869467,
  "clean_rel_l2_mean": 0.18589467136189342,
  "clean_rel_l2_ci95": 0.007185605500314222,
  "clean_rel_l2_median": 0.17879388481378555,
  "clean_rel_l2_q25": 0.1720423772931099,
  "clean_rel_l2_q75": 0.193845447152853,
  "adv_rel_l2_mean": 1.8536130972206593,
  "adv_rel_l2_ci95": 0.11185095534315977,
  "adv_rel_l2_median": 1.807736873626709,
  "adv_rel_l2_q25": 1.6523815095424652,
  "adv_rel_l2_q75": 2.003603607416153,
  "rel_l2_ratio_mean": 9.923444052862116,
  "rel_l2_ratio_ci95": 0.291457334584182,
  "rel_l2_ratio_median": 9.854546631402801,
  "rel_l2_ratio_q25": 9.407320460755553,
  "rel_l2_ratio_q75": 10.427468239515857,
  "clean_psnr_mean": 27.55817465843262,
  "clean_psnr_ci95": 1.1035217157889887,
  "clean_psnr_median": 28.227475017396607,
  "clean_psnr_q25": 26.055675139984363,
  "clean_psnr_q75": 29.978643347734035,
  "adv_psnr_mean": 7.655355800731526,
  "adv_psnr_ci95": 1.302879118682042,
  "adv_psnr_median": 7.846617976672654,
  "adv_psnr_q25": 5.49578003393126,
  "adv_psnr_q75": 10.45628673384212,
  "clean_ssim_mean": 0.4317298656773858,
  "clean_ssim_ci95": 0.04553041731059458,
  "clean_ssim_median": 0.4432430366818557,
  "clean_ssim_q25": 0.3377199835764448,
  "clean_ssim_q75": 0.5265224321816168,
  "adv_ssim_mean": 0.029806033754677868,
  "adv_ssim_ci95": 0.005738941995369872,
  "adv_ssim_median": 0.03139846202458065,
  "adv_ssim_q25": 0.01504865027730783,
  "adv_ssim_q75": 0.04058368833278659,
  "pred_shift_rel_l2_mean": 1.7951958179473877,
  "pred_shift_rel_l2_ci95": 0.10212159832218912,
  "pred_shift_rel_l2_median": 1.7570569515228271,
  "pred_shift_rel_l2_q25": 1.6104346215724945,
  "pred_shift_rel_l2_q75": 1.940949261188507,
  "init_shift_rel_l2_mean": 1.9105384983122349,
  "init_shift_rel_l2_ci95": 0.07757934252178705,
  "init_shift_rel_l2_median": 1.8785157799720764,
  "init_shift_rel_l2_q25": 1.7350751757621765,
  "init_shift_rel_l2_q75": 2.015974223613739,
  "delta_l2_mean": 23.16769154369831,
  "delta_l2_ci95": 5.16219072521967,
  "delta_l2_median": 21.0762357711792,
  "delta_l2_q25": 15.17023515701294,
  "delta_l2_q75": 25.84945249557495,
  "delta_linf_mean": 0.5380426067858934,
  "delta_linf_ci95": 0.12038390098781179,
  "delta_linf_median": 0.46445971727371216,
  "delta_linf_q25": 0.3508938327431679,
  "delta_linf_q75": 0.5710543245077133,
  "delta_mean_abs_mean": 0.08495696459431201,
  "delta_mean_abs_ci95": 0.019524504080995826,
  "delta_mean_abs_median": 0.07678660750389099,
  "delta_mean_abs_q25": 0.055122398771345615,
  "delta_mean_abs_q75": 0.09419561736285686,
  "delta_rel_l2_mean": 0.02000001070850085,
  "delta_rel_l2_ci95": 1.1010859857487825e-09,
  "delta_rel_l2_median": 0.020000010191672926,
  "delta_rel_l2_q25": 0.020000008509653226,
  "delta_rel_l2_q75": 0.020000012024658207,
  "success_rel_l2_mean": 1.0,
  "success_rel_l2_ci95": 0.0,
  "success_rel_l2_median": 1.0,
  "success_rel_l2_q25": 1.0,
  "success_rel_l2_q75": 1.0,
  "success_mse_mean": 1.0,
  "success_mse_ci95": 0.0,
  "success_mse_median": 1.0,
  "success_mse_q25": 1.0,
  "success_mse_q75": 1.0,
  "clean_e_ran_l2_mean": 3.2822710014879704,
  "clean_e_ran_l2_ci95": 0.7058654150374748,
  "clean_e_ran_l2_median": 2.9622809886932373,
  "clean_e_ran_l2_q25": 2.20460706949234,
  "clean_e_ran_l2_q75": 3.700905740261078,
  "clean_e_nul_l2_mean": 1.771011283621192,
  "clean_e_nul_l2_ci95": 0.2843276675042319,
  "clean_e_nul_l2_median": 1.7230495810508728,
  "clean_e_nul_l2_q25": 1.189131885766983,
  "clean_e_nul_l2_q75": 2.071072518825531,
  "clean_e_ran_frac_mean": 0.8620818088959625,
  "clean_e_ran_frac_ci95": 0.015679448433123966,
  "clean_e_ran_frac_median": 0.8657160777740261,
  "clean_e_ran_frac_q25": 0.8405338092256226,
  "clean_e_ran_frac_q75": 0.8940694001673287,
  "clean_e_nul_frac_mean": 0.4999121047017087,
  "clean_e_nul_frac_ci95": 0.024689564344172937,
  "clean_e_nul_frac_median": 0.500529639073731,
  "clean_e_nul_frac_q25": 0.44792627526120193,
  "clean_e_nul_frac_q75": 0.5417474810787155,
  "adv_e_ran_l2_mean": 32.90790572762489,
  "adv_e_ran_l2_ci95": 7.172165417997342,
  "adv_e_ran_l2_median": 30.08596134185791,
  "adv_e_ran_l2_q25": 20.927510738372803,
  "adv_e_ran_l2_q75": 36.87234687805176,
  "adv_e_nul_l2_mean": 18.315969690680504,
  "adv_e_nul_l2_ci95": 5.13645073788769,
  "adv_e_nul_l2_median": 14.96981143951416,
  "adv_e_nul_l2_q25": 9.632092475891113,
  "adv_e_nul_l2_q75": 21.99171733856201,
  "adv_e_ran_frac_mean": 0.8718386650668295,
  "adv_e_ran_frac_ci95": 0.03123690948072287,
  "adv_e_ran_frac_median": 0.9151505854309014,
  "adv_e_ran_frac_q25": 0.8239080199015083,
  "adv_e_ran_frac_q75": 0.9317844752965745,
  "adv_e_nul_frac_mean": 0.46176477452721065,
  "adv_e_nul_frac_ci95": 0.048263343557323445,
  "adv_e_nul_frac_median": 0.40311100778078457,
  "adv_e_nul_frac_q25": 0.3629422021644415,
  "adv_e_nul_frac_q75": 0.5664562565057063,
  "attack_runtime_total_sec": 285.0523537322879,
  "attack_runtime_per_example_sec": 8.907886054133996,
  "model_name": "nsn",
  "attack_name": "adam",
  "norm": "l2",
  "eps": 0.02,
  "eps_actual": 25.538500640136718,
  "eps_budget_mode": "per_sample_l2",
  "attack_init_mode": "exact",
  "eval_init_mode": "exact"
}