{
  "num_examples": 32,
  "gt_norm_mean": 26.229215562343597,
  "gt_norm_ci95": 1.7699003430208013,
  "gt_norm_median": 25.09980010986328,
  "clean_mse_mean": 3.11057939939019e-06,
  "clean_mse_ci95": 2.800259004401547e-07,
  "clean_mse_median": 3.0060148219490657e-06,
  "adv_mse_mean": 0.18154072132892907,
  "adv_mse_ci95": 0.013435722883250364,
  "adv_mse_median": 0.17415811121463776,
  "mse_ratio_mean": 60578.46083942353,
  "mse_ratio_ci95": 4729.492632276544,
  "mse_ratio_median": 61454.11958556064,
  "clean_rel_l2_mean": 0.00871896866010502,
  "clean_rel_l2_ci95": 0.00048715740363670235,
  "clean_rel_l2_median": 0.008746182080358267,
  "adv_rel_l2_mean": 2.1258649304509163,
  "adv_rel_l2_ci95": 0.1271899907402138,
  "adv_rel_l2_median": 2.1463476419448853,
  "rel_l2_ratio_mean": 244.54862219280366,
  "rel_l2_ratio_ci95": 9.796423840354153,
  "rel_l2_ratio_median": 247.89924884659445,
  "clean_psnr_mean": 55.21131257168602,
  "clean_psnr_ci95": 0.389639075302968,
  "clean_psnr_median": 55.220089144394095,
  "adv_psnr_mean": 7.502595773973095,
  "adv_psnr_ci95": 0.3131589667667431,
  "adv_psnr_median": 7.590570238777969,
  "clean_ssim_mean": 0.9937375536016034,
  "clean_ssim_ci95": 0.0006710240944635571,
  "clean_ssim_median": 0.9938350744611535,
  "adv_ssim_mean": -0.006849220729915715,
  "adv_ssim_ci95": 0.0019093202966654391,
  "adv_ssim_median": -0.007981361148566237,
  "pred_shift_rel_l2_mean": 2.131565686315298,
  "pred_shift_rel_l2_ci95": 0.12742939063168968,
  "pred_shift_rel_l2_median": 2.151814579963684,
  "init_shift_rel_l2_mean": 2.0495593436062336,
  "init_shift_rel_l2_ci95": 0.13508205391196437,
  "init_shift_rel_l2_median": 2.0304254293441772,
  "delta_l2_mean": 30.639810860157013,
  "delta_l2_ci95": 5.841255187988282e-07,
  "delta_l2_median": 30.63981056213379,
  "delta_linf_mean": 0.8110149875283241,
  "delta_linf_ci95": 0.04460011266346716,
  "delta_linf_median": 0.785853922367096,
  "delta_mean_abs_mean": 0.11434877663850784,
  "delta_mean_abs_ci95": 0.00046959537664839916,
  "delta_mean_abs_median": 0.11431445181369781,
  "delta_rel_l2_mean": 0.023325560772675974,
  "delta_rel_l2_ci95": 0.00209392728543575,
  "delta_rel_l2_median": 0.022913392731392906,
  "success_rel_l2_mean": 1.0,
  "success_rel_l2_ci95": 0.0,
  "success_rel_l2_median": 1.0,
  "success_mse_mean": 1.0,
  "success_mse_ci95": 0.0,
  "success_mse_median": 1.0,
  "clean_e_ran_l2_mean": 0.18870047573000193,
  "clean_e_ran_l2_ci95": 0.008615702772368996,
  "clean_e_ran_l2_median": 0.190646730363369,
  "clean_e_nul_l2_mean": 0.12021724856458604,
  "clean_e_nul_l2_ci95": 0.006144546025650912,
  "clean_e_nul_l2_median": 0.12092284858226776,
  "clean_e_ran_frac_mean": 0.842658602915844,
  "clean_e_ran_frac_ci95": 0.008210427264304276,
  "clean_e_ran_frac_median": 0.8372931446284574,
  "clean_e_nul_frac_mean": 0.5366485265225389,
  "clean_e_nul_frac_ci95": 0.01312851382375087,
  "clean_e_nul_frac_median": 0.546747567690678,
  "adv_e_ran_l2_mean": 53.637182116508484,
  "adv_e_ran_l2_ci95": 2.012995316249628,
  "adv_e_ran_l2_median": 52.82893371582031,
  "adv_e_nul_l2_mean": 7.929980769753456,
  "adv_e_nul_l2_ci95": 0.4765010678470238,
  "adv_e_nul_l2_median": 7.472548007965088,
  "adv_e_ran_frac_mean": 0.9884831797817523,
  "adv_e_ran_frac_ci95": 0.0018034955915612178,
  "adv_e_ran_frac_median": 0.9899528843832466,
  "adv_e_nul_frac_mean": 0.1480136924309936,
  "adv_e_nul_frac_ci95": 0.010945067635056222,
  "adv_e_nul_frac_median": 0.14139537087699158,
  "attack_runtime_total_sec": 11.627409249544144,
  "attack_runtime_per_example_sec": 0.3633565390482545,
  "model_name": "resnet",
  "attack_name": "adam",
  "norm": "l2",
  "eps": 0.02,
  "eps_actual": 30.639811490722654,
  "attack_init_mode": "exact",
  "eval_init_mode": "exact"
}