{
  "num_examples": 32,
  "gt_norm_mean": 27.44437724351883,
  "gt_norm_ci95": 2.532233818071928,
  "gt_norm_median": 24.26910400390625,
  "clean_mse_mean": 0.008173871734470595,
  "clean_mse_ci95": 0.0026184794665444822,
  "clean_mse_median": 0.004812475759536028,
  "adv_mse_mean": 0.011330974884913303,
  "adv_mse_ci95": 0.002834457464610448,
  "adv_mse_median": 0.00811060145497322,
  "mse_ratio_mean": 1.568491500538888,
  "mse_ratio_ci95": 0.08552705915992657,
  "mse_ratio_median": 1.6076736028753194,
  "clean_rel_l2_mean": 0.37801617849618196,
  "clean_rel_l2_ci95": 0.017136446990600494,
  "clean_rel_l2_median": 0.3699776232242584,
  "adv_rel_l2_mean": 0.4679334908723831,
  "adv_rel_l2_ci95": 0.01175545359306154,
  "adv_rel_l2_median": 0.4621814042329788,
  "rel_l2_ratio_mean": 1.2484839337841396,
  "rel_l2_ratio_ci95": 0.034812190432376544,
  "rel_l2_ratio_median": 1.2679391871666232,
  "clean_psnr_mean": 22.15662156025285,
  "clean_psnr_ci95": 1.094149873006265,
  "clean_psnr_median": 23.17661671494563,
  "adv_psnr_mean": 20.25699177045758,
  "adv_psnr_ci95": 0.8711385521166736,
  "adv_psnr_median": 20.909998640138728,
  "clean_ssim_mean": 0.1871872604143917,
  "clean_ssim_ci95": 0.026923190699355948,
  "clean_ssim_median": 0.1945951936611393,
  "adv_ssim_mean": 0.16845821302219907,
  "adv_ssim_ci95": 0.024886377837848517,
  "adv_ssim_median": 0.17360135837329632,
  "pred_shift_rel_l2_mean": 0.17604961129836738,
  "pred_shift_rel_l2_ci95": 0.018260177476820624,
  "pred_shift_rel_l2_median": 0.18346449732780457,
  "init_shift_rel_l2_mean": 0.06270272005349398,
  "init_shift_rel_l2_ci95": 0.0073290664270711636,
  "init_shift_rel_l2_median": 0.06673233583569527,
  "delta_l2_mean": 30.429721176624298,
  "delta_l2_ci95": 3.189049926585417e-07,
  "delta_l2_median": 30.42972183227539,
  "delta_linf_mean": 0.9032920766621828,
  "delta_linf_ci95": 0.05148083981680054,
  "delta_linf_median": 0.8549985587596893,
  "delta_mean_abs_mean": 0.11359280068427324,
  "delta_mean_abs_ci95": 0.0003615557466950019,
  "delta_mean_abs_median": 0.11336519196629524,
  "delta_rel_l2_mean": 0.01734570067325245,
  "delta_rel_l2_ci95": 0.002024985147169491,
  "delta_rel_l2_median": 0.018390272678790592,
  "success_rel_l2_mean": 0.0,
  "success_rel_l2_ci95": 0.0,
  "success_rel_l2_median": 0.0,
  "success_mse_mean": 0.0,
  "success_mse_ci95": 0.0,
  "success_mse_median": 0.0,
  "clean_e_ran_l2_mean": 9.360422417521477,
  "clean_e_ran_l2_ci95": 1.3674939951728344,
  "clean_e_ran_l2_median": 7.73125958442688,
  "clean_e_nul_l2_mean": 5.19507123529911,
  "clean_e_nul_l2_ci95": 0.7235019230252692,
  "clean_e_nul_l2_median": 4.366955757141113,
  "clean_e_ran_frac_mean": 0.8730258967363931,
  "clean_e_ran_frac_ci95": 0.0031097828048313736,
  "clean_e_ran_frac_median": 0.8706534348712411,
  "clean_e_nul_frac_mean": 0.4873220285625608,
  "clean_e_nul_frac_ci95": 0.005730643970381853,
  "clean_e_nul_frac_median": 0.49189644043054254,
  "adv_e_ran_l2_mean": 11.48402026295662,
  "adv_e_ran_l2_ci95": 1.3040712719263663,
  "adv_e_ran_l2_median": 10.020382404327393,
  "adv_e_nul_l2_mean": 6.030614867806435,
  "adv_e_nul_l2_ci95": 0.6746201233871212,
  "adv_e_nul_l2_median": 5.379456043243408,
  "adv_e_ran_frac_mean": 0.88391459632696,
  "adv_e_ran_frac_ci95": 0.0061038424641339205,
  "adv_e_ran_frac_median": 0.8813757285149799,
  "adv_e_nul_frac_mean": 0.4660200715833725,
  "adv_e_nul_frac_ci95": 0.012293778512625789,
  "adv_e_nul_frac_median": 0.47241435327506964,
  "attack_runtime_total_sec": 11.619782961905003,
  "attack_runtime_per_example_sec": 0.36311821755953133,
  "model_name": "resnet",
  "attack_name": "adam",
  "norm": "l2",
  "eps": 0.02,
  "eps_actual": 30.429722322998046,
  "attack_init_mode": "exact",
  "eval_init_mode": "exact"
}