{
  "num_examples": 32,
  "gt_norm_mean": 27.30239450931549,
  "gt_norm_ci95": 2.6899918874387048,
  "gt_norm_median": 24.237028121948242,
  "clean_mse_mean": 3.5296589118161137e-06,
  "clean_mse_ci95": 5.388757636218211e-07,
  "clean_mse_median": 3.0915936122255516e-06,
  "adv_mse_mean": 0.18467350443825126,
  "adv_mse_ci95": 0.017160694877461385,
  "adv_mse_median": 0.16886968165636063,
  "mse_ratio_mean": 58506.47659188873,
  "mse_ratio_ci95": 6873.58344003001,
  "mse_ratio_median": 59144.09033260369,
  "clean_rel_l2_mean": 0.008936164158512838,
  "clean_rel_l2_ci95": 0.0006650291848316246,
  "clean_rel_l2_median": 0.008650374133139849,
  "adv_rel_l2_mean": 2.1363714896142483,
  "adv_rel_l2_ci95": 0.20011518373516088,
  "adv_rel_l2_median": 2.243870735168457,
  "rel_l2_ratio_mean": 238.1464682631947,
  "rel_l2_ratio_ci95": 14.90505654329864,
  "rel_l2_ratio_median": 243.19541196183093,
  "clean_psnr_mean": 54.845002933677215,
  "clean_psnr_ci95": 0.5604625576111523,
  "clean_psnr_median": 55.09855109919199,
  "adv_psnr_mean": 7.462767920827895,
  "adv_psnr_ci95": 0.35603417428171114,
  "adv_psnr_median": 7.724564156439266,
  "clean_ssim_mean": 0.9929311600654167,
  "clean_ssim_ci95": 0.0011266201082280154,
  "clean_ssim_median": 0.9939071021871969,
  "adv_ssim_mean": -0.006819679649156408,
  "adv_ssim_ci95": 0.002479847617816068,
  "adv_ssim_median": -0.008976247196107314,
  "pred_shift_rel_l2_mean": 2.1417892798781395,
  "pred_shift_rel_l2_ci95": 0.20061597995559136,
  "pred_shift_rel_l2_median": 2.246812343597412,
  "init_shift_rel_l2_mean": 2.0367455556988716,
  "init_shift_rel_l2_ci95": 0.16091847455707714,
  "init_shift_rel_l2_median": 2.1738545894622803,
  "delta_l2_mean": 30.89983367919922,
  "delta_l2_ci95": 5.567261974693729e-07,
  "delta_l2_median": 30.89983367919922,
  "delta_linf_mean": 0.8210357278585434,
  "delta_linf_ci95": 0.05102601737643464,
  "delta_linf_median": 0.7792834639549255,
  "delta_mean_abs_mean": 0.11528804618865252,
  "delta_mean_abs_ci95": 0.0005743134014583718,
  "delta_mean_abs_median": 0.11581825464963913,
  "delta_rel_l2_mean": 0.023564769814855772,
  "delta_rel_l2_ci95": 0.002623328877054119,
  "delta_rel_l2_median": 0.024775596797702887,
  "success_rel_l2_mean": 1.0,
  "success_rel_l2_ci95": 0.0,
  "success_rel_l2_median": 1.0,
  "success_mse_mean": 1.0,
  "success_mse_ci95": 0.0,
  "success_mse_median": 1.0,
  "clean_e_ran_l2_mean": 0.19838633527979255,
  "clean_e_ran_l2_ci95": 0.0145038842100149,
  "clean_e_ran_l2_median": 0.18609293550252914,
  "clean_e_nul_l2_mean": 0.12734009325504303,
  "clean_e_nul_l2_ci95": 0.008328686107440407,
  "clean_e_nul_l2_median": 0.12669215351343155,
  "clean_e_ran_frac_mean": 0.8402511081676641,
  "clean_e_ran_frac_ci95": 0.005861086460433829,
  "clean_e_ran_frac_median": 0.8416164095593102,
  "clean_e_nul_frac_mean": 0.5413294755546639,
  "clean_e_nul_frac_ci95": 0.009065964128101293,
  "clean_e_nul_frac_median": 0.5400486233985932,
  "adv_e_ran_l2_mean": 53.937042236328125,
  "adv_e_ran_l2_ci95": 2.4295325095093694,
  "adv_e_ran_l2_median": 51.90255355834961,
  "adv_e_nul_l2_mean": 8.147731244564056,
  "adv_e_nul_l2_ci95": 0.5531549407785797,
  "adv_e_nul_l2_median": 7.504202842712402,
  "adv_e_ran_frac_mean": 0.9875160099141501,
  "adv_e_ran_frac_ci95": 0.002360849601710038,
  "adv_e_ran_frac_median": 0.9895381110923569,
  "adv_e_nul_frac_mean": 0.15243289055147105,
  "adv_e_nul_frac_ci95": 0.013775793182776806,
  "adv_e_nul_frac_median": 0.1442361008415536,
  "attack_runtime_total_sec": 11.621473267674446,
  "attack_runtime_per_example_sec": 0.36317103961482644,
  "model_name": "resnet",
  "attack_name": "adam",
  "norm": "l2",
  "eps": 0.02,
  "eps_actual": 30.899834134033203,
  "attack_init_mode": "exact",
  "eval_init_mode": "exact"
}