{
  "num_examples": 32,
  "gt_norm_mean": 23.754662096500397,
  "gt_norm_ci95": 4.601683904984259,
  "gt_norm_median": 21.811461448669434,
  "gt_norm_q25": 15.35843276977539,
  "gt_norm_q75": 26.589324474334717,
  "clean_mse_mean": 4.601746136501106e-05,
  "clean_mse_ci95": 5.820917009216204e-05,
  "clean_mse_median": 9.023241545946803e-06,
  "clean_mse_q25": 6.331316399155185e-06,
  "clean_mse_q75": 1.6681370652804617e-05,
  "adv_mse_mean": 0.01668923278339207,
  "adv_mse_ci95": 0.012667663283142191,
  "adv_mse_median": 0.003936569555662572,
  "adv_mse_q25": 0.0009014657844090834,
  "adv_mse_q75": 0.012786379316821694,
  "mse_ratio_mean": 582.64433695409,
  "mse_ratio_ci95": 165.81970895838276,
  "mse_ratio_median": 479.1221543664713,
  "mse_ratio_q25": 186.74983111768228,
  "mse_ratio_q75": 861.1668817953866,
  "clean_rel_l2_mean": 0.0215523372462485,
  "clean_rel_l2_ci95": 0.003050126223707038,
  "clean_rel_l2_median": 0.01895144209265709,
  "clean_rel_l2_q25": 0.01594952680170536,
  "clean_rel_l2_q75": 0.02514051739126444,
  "adv_rel_l2_mean": 0.44380534812808037,
  "adv_rel_l2_ci95": 0.07388691667186482,
  "adv_rel_l2_median": 0.4138970226049423,
  "adv_rel_l2_q25": 0.31498850882053375,
  "adv_rel_l2_q75": 0.5748608857393265,
  "rel_l2_ratio_mean": 21.98680635815804,
  "rel_l2_ratio_ci95": 3.506589356913399,
  "rel_l2_ratio_median": 21.886068578816996,
  "rel_l2_ratio_q25": 13.664464838502134,
  "rel_l2_ratio_q75": 29.311437221501155,
  "clean_psnr_mean": 45.93349140881084,
  "clean_psnr_ci95": 1.5879412035625227,
  "clean_psnr_median": 46.91685917088921,
  "clean_psnr_q25": 45.008289451088686,
  "clean_psnr_q75": 48.434848033629144,
  "adv_psnr_mean": 20.14084249286018,
  "adv_psnr_ci95": 2.380722363221813,
  "adv_psnr_median": 20.759198008813044,
  "adv_psnr_q25": 15.524352227780176,
  "adv_psnr_q75": 23.816743713060244,
  "clean_ssim_mean": 0.983024000143244,
  "clean_ssim_ci95": 0.012765738180895115,
  "clean_ssim_median": 0.9921317737378346,
  "clean_ssim_q25": 0.9882543084622871,
  "clean_ssim_q75": 0.9941606260295502,
  "adv_ssim_mean": 0.8498020444414659,
  "adv_ssim_ci95": 0.051457600647434903,
  "adv_ssim_median": 0.9051237074989071,
  "adv_ssim_q25": 0.8123539712753657,
  "adv_ssim_q75": 0.9310434906343656,
  "clean_mae_mean": 0.0021204733893682715,
  "clean_mae_ci95": 0.0008680328485571675,
  "clean_mae_median": 0.001592109096236527,
  "clean_mae_q25": 0.0011424043914303184,
  "clean_mae_q75": 0.00200977036729455,
  "adv_mae_mean": 0.029454495830577798,
  "adv_mae_ci95": 0.015696406473735155,
  "adv_mae_median": 0.012281726580113173,
  "adv_mae_q25": 0.0062958113849163055,
  "adv_mae_q75": 0.027545405086129904,
  "clean_nrmse_mean": 0.006165808435985822,
  "clean_nrmse_ci95": 0.0022072630073431934,
  "clean_nrmse_median": 0.0045123342059426,
  "clean_nrmse_q25": 0.0037868284976064763,
  "clean_nrmse_q75": 0.005631366184266642,
  "adv_nrmse_mean": 0.13542850627822578,
  "adv_nrmse_ci95": 0.043694317221565034,
  "adv_nrmse_median": 0.09163107770788878,
  "adv_nrmse_q25": 0.0646778754253151,
  "adv_nrmse_q75": 0.16798568609064563,
  "clean_max_err_mean": 0.14667304058093578,
  "clean_max_err_ci95": 0.05397732060644099,
  "clean_max_err_median": 0.09596943110227585,
  "clean_max_err_q25": 0.06071474403142929,
  "clean_max_err_q75": 0.1692451313138008,
  "adv_max_err_mean": 1.1211620708927512,
  "adv_max_err_ci95": 0.2430805731068307,
  "adv_max_err_median": 0.9365449249744415,
  "adv_max_err_q25": 0.6498793959617615,
  "adv_max_err_q75": 1.287821739912033,
  "clean_init_rel_l2_mean": 0.366861276794225,
  "clean_init_rel_l2_ci95": 0.03152444344214459,
  "clean_init_rel_l2_median": 0.36029042303562164,
  "clean_init_rel_l2_q25": 0.29334304481744766,
  "clean_init_rel_l2_q75": 0.40606728941202164,
  "adv_init_rel_l2_mean": 0.8543836157768965,
  "adv_init_rel_l2_ci95": 0.04428304373412797,
  "adv_init_rel_l2_median": 0.8351311981678009,
  "adv_init_rel_l2_q25": 0.7740234434604645,
  "adv_init_rel_l2_q75": 0.9134521037340164,
  "init_rel_l2_ratio_mean": 2.4493401059923805,
  "init_rel_l2_ratio_ci95": 0.21654838001431753,
  "init_rel_l2_ratio_median": 2.4208736387621617,
  "init_rel_l2_ratio_q25": 2.0096461640976315,
  "init_rel_l2_ratio_q75": 3.0598938375827616,
  "clean_init_psnr_mean": 21.024198357103216,
  "clean_init_psnr_ci95": 1.3133071014538316,
  "clean_init_psnr_median": 21.49619999182156,
  "clean_init_psnr_q25": 19.05544682365106,
  "clean_init_psnr_q75": 22.902154609085816,
  "adv_init_psnr_mean": 13.537934653587985,
  "adv_init_psnr_ci95": 1.3878434310704273,
  "adv_init_psnr_median": 14.24472819009158,
  "adv_init_psnr_q25": 11.232559155290321,
  "adv_init_psnr_q75": 16.656513566373462,
  "clean_init_ssim_mean": 0.1743840809098594,
  "clean_init_ssim_ci95": 0.02923498627594725,
  "clean_init_ssim_median": 0.14508139024346195,
  "clean_init_ssim_q25": 0.11093792671430568,
  "clean_init_ssim_q75": 0.20026092482636282,
  "adv_init_ssim_mean": 0.056173805118151135,
  "adv_init_ssim_ci95": 0.0058580540254154195,
  "adv_init_ssim_median": 0.055043418862343624,
  "adv_init_ssim_q25": 0.04137583837933437,
  "adv_init_ssim_q75": 0.06350472419134498,
  "clean_init_mae_mean": 0.05040182883385569,
  "clean_init_mae_ci95": 0.01268355232735942,
  "clean_init_mae_median": 0.042117148637771606,
  "clean_init_mae_q25": 0.02878977032378316,
  "clean_init_mae_q75": 0.057425303384661674,
  "adv_init_mae_mean": 0.12206510559190065,
  "adv_init_mae_ci95": 0.025714446335459825,
  "adv_init_mae_median": 0.109235480427742,
  "adv_init_mae_q25": 0.07533479854464531,
  "adv_init_mae_q75": 0.14124896004796028,
  "pred_shift_rel_l2_mean": 0.44093240052461624,
  "pred_shift_rel_l2_ci95": 0.07416865241756504,
  "pred_shift_rel_l2_median": 0.4086313396692276,
  "pred_shift_rel_l2_q25": 0.3116658478975296,
  "pred_shift_rel_l2_q75": 0.574906200170517,
  "init_shift_rel_l2_mean": 0.7517282757908106,
  "init_shift_rel_l2_ci95": 0.04257096911669365,
  "init_shift_rel_l2_median": 0.7349883317947388,
  "init_shift_rel_l2_q25": 0.6469450294971466,
  "init_shift_rel_l2_q75": 0.8283253163099289,
  "delta_l2_mean": 13.913199722766876,
  "delta_l2_ci95": 2.8507724761565916,
  "delta_l2_median": 12.429502964019775,
  "delta_l2_q25": 8.545822381973267,
  "delta_l2_q75": 16.418750762939453,
  "delta_linf_mean": 0.4971552356146276,
  "delta_linf_ci95": 0.10324658355854564,
  "delta_linf_median": 0.4644308090209961,
  "delta_linf_q25": 0.28930389136075974,
  "delta_linf_q75": 0.6186452656984329,
  "delta_mean_abs_mean": 0.05022327898768708,
  "delta_mean_abs_ci95": 0.01009637063890218,
  "delta_mean_abs_median": 0.04496648348867893,
  "delta_mean_abs_q25": 0.03086472162976861,
  "delta_mean_abs_q75": 0.05903707630932331,
  "delta_rel_l2_mean": 0.009801808450315901,
  "delta_rel_l2_ci95": 0.0003195249341788558,
  "delta_rel_l2_median": 0.010000004187546107,
  "delta_rel_l2_q25": 0.010000003381954302,
  "delta_rel_l2_q75": 0.010000006095060222,
  "success_rel_l2_mean": 1.0,
  "success_rel_l2_ci95": 0.0,
  "success_rel_l2_median": 1.0,
  "success_rel_l2_q25": 1.0,
  "success_rel_l2_q75": 1.0,
  "success_mse_mean": 1.0,
  "success_mse_ci95": 0.0,
  "success_mse_median": 1.0,
  "success_mse_q25": 1.0,
  "success_mse_q75": 1.0,
  "clean_e_ran_l2_mean": 0.41394523810595274,
  "clean_e_ran_l2_ci95": 0.1782585702181496,
  "clean_e_ran_l2_median": 0.3054689019918442,
  "clean_e_ran_l2_q25": 0.23825262859463692,
  "clean_e_ran_l2_q75": 0.3592633530497551,
  "clean_e_nul_l2_mean": 0.37748201191425323,
  "clean_e_nul_l2_ci95": 0.1508742571067137,
  "clean_e_nul_l2_median": 0.2465028092265129,
  "clean_e_nul_l2_q25": 0.19885694608092308,
  "clean_e_nul_l2_q75": 0.37266482412815094,
  "clean_e_ran_frac_mean": 0.738568293232459,
  "clean_e_ran_frac_ci95": 0.01844232089328117,
  "clean_e_ran_frac_median": 0.7449599573320715,
  "clean_e_ran_frac_q25": 0.701251080560546,
  "clean_e_ran_frac_q75": 0.7789070080671994,
  "clean_e_nul_frac_mean": 0.6696818048693517,