{
  "num_examples": 32,
  "gt_norm_mean": 23.754662096500397,
  "gt_norm_ci95": 4.601683904984259,
  "gt_norm_median": 21.811461448669434,
  "gt_norm_q25": 15.35843276977539,
  "gt_norm_q75": 26.589324474334717,
  "clean_mse_mean": 4.602156831978732e-05,
  "clean_mse_ci95": 5.8205824206598725e-05,
  "clean_mse_median": 9.028215572470799e-06,
  "clean_mse_q25": 6.330974770207831e-06,
  "clean_mse_q75": 1.6670182503730757e-05,
  "adv_mse_mean": 0.04962938679091167,
  "adv_mse_ci95": 0.05041506376224556,
  "adv_mse_median": 0.004553841194137931,
  "adv_mse_q25": 0.0010524398530833423,
  "adv_mse_q75": 0.02372083580121398,
  "mse_ratio_mean": 1062.144359134627,
  "mse_ratio_ci95": 347.07884593694524,
  "mse_ratio_median": 722.2432999590474,
  "mse_ratio_q25": 208.68713895752123,
  "mse_ratio_q75": 1702.9082313803356,
  "clean_rel_l2_mean": 0.021553332975599915,
  "clean_rel_l2_ci95": 0.0030495897410959876,
  "clean_rel_l2_median": 0.018953743390738964,
  "clean_rel_l2_q25": 0.01595106814056635,
  "clean_rel_l2_q75": 0.025139704812318087,
  "adv_rel_l2_mean": 0.5869610239751637,
  "adv_rel_l2_ci95": 0.12486003628346644,
  "adv_rel_l2_median": 0.45528219640254974,
  "adv_rel_l2_q25": 0.31424201279878616,
  "adv_rel_l2_q75": 0.8027002513408661,
  "rel_l2_ratio_mean": 28.626366752007975,
  "rel_l2_ratio_ci95": 5.48388080296196,
  "rel_l2_ratio_median": 26.87292526247479,
  "rel_l2_ratio_q25": 14.445186359756303,
  "rel_l2_ratio_q75": 41.25062177664838,
  "clean_psnr_mean": 45.93291375690791,
  "clean_psnr_ci95": 1.5879786213947262,
  "clean_psnr_median": 46.917274375730585,
  "clean_psnr_q25": 45.00513990182023,
  "clean_psnr_q75": 48.43273637575662,
  "adv_psnr_mean": 18.30135079730129,
  "adv_psnr_ci95": 2.8083368207969093,
  "adv_psnr_median": 19.68485574323862,
  "adv_psnr_q25": 13.379233272197236,
  "adv_psnr_q75": 23.516706921857313,
  "clean_ssim_mean": 0.9830390916810616,
  "clean_ssim_ci95": 0.012758126814414688,
  "clean_ssim_median": 0.9921460432015226,
  "clean_ssim_q25": 0.9882760741040851,
  "clean_ssim_q75": 0.9941643267665714,
  "adv_ssim_mean": 0.8366213503473783,
  "adv_ssim_ci95": 0.05876303527822248,
  "adv_ssim_median": 0.8961300030500261,
  "adv_ssim_q25": 0.8095718778413217,
  "adv_ssim_q75": 0.9333723477134324,
  "clean_mae_mean": 0.0021204807508183876,
  "clean_mae_ci95": 0.0008679955052816265,
  "clean_mae_median": 0.001591959735378623,
  "clean_mae_q25": 0.0011425154516473413,
  "clean_mae_q75": 0.0020099078537896276,
  "adv_mae_mean": 0.049631977948592976,
  "adv_mae_ci95": 0.03336901340207379,
  "adv_mae_median": 0.012968209572136402,
  "adv_mae_q25": 0.006752069806680083,
  "adv_mae_q75": 0.04477962665259838,
  "clean_nrmse_mean": 0.006166197857532617,
  "clean_nrmse_ci95": 0.0022072270005294263,
  "clean_nrmse_median": 0.0045120875938787774,
  "clean_nrmse_q25": 0.003787745929230101,
  "clean_nrmse_q75": 0.005633437675047781,
  "adv_nrmse_mean": 0.19190526207841227,
  "adv_nrmse_ci95": 0.07734131136513542,
  "adv_nrmse_median": 0.1037027034409253,
  "adv_nrmse_q25": 0.06674967893534242,
  "adv_nrmse_q75": 0.2161921977229529,
  "clean_max_err_mean": 0.1466721756150946,
  "clean_max_err_ci95": 0.05398676179833188,
  "clean_max_err_median": 0.09597374498844147,
  "clean_max_err_q25": 0.060699671506881714,
  "clean_max_err_q75": 0.1691373884677887,
  "adv_max_err_mean": 1.21324064116925,
  "adv_max_err_ci95": 0.47792993853027943,
  "adv_max_err_median": 0.8676874339580536,
  "adv_max_err_q25": 0.6631939709186554,
  "adv_max_err_q75": 1.0711269676685333,
  "clean_init_rel_l2_mean": 0.366861276794225,
  "clean_init_rel_l2_ci95": 0.03152444344214459,
  "clean_init_rel_l2_median": 0.36029042303562164,
  "clean_init_rel_l2_q25": 0.29334304481744766,
  "clean_init_rel_l2_q75": 0.40606728941202164,
  "adv_init_rel_l2_mean": 0.8375504445284605,
  "adv_init_rel_l2_ci95": 0.04151865123757322,
  "adv_init_rel_l2_median": 0.816486120223999,
  "adv_init_rel_l2_q25": 0.7744558751583099,
  "adv_init_rel_l2_q75": 0.8931609690189362,
  "init_rel_l2_ratio_mean": 2.3951945889716564,
  "init_rel_l2_ratio_ci95": 0.1986146868303644,
  "init_rel_l2_ratio_median": 2.4753376507635267,
  "init_rel_l2_ratio_q25": 2.000807939001033,
  "init_rel_l2_ratio_q75": 2.8208988664374646,
  "clean_init_psnr_mean": 21.024198357103216,
  "clean_init_psnr_ci95": 1.3133071014538316,
  "clean_init_psnr_median": 21.49619999182156,
  "clean_init_psnr_q25": 19.05544682365106,
  "clean_init_psnr_q75": 22.902154609085816,
  "adv_init_psnr_mean": 13.70261063781798,
  "adv_init_psnr_ci95": 1.4298788544539254,
  "adv_init_psnr_median": 14.637345520195304,
  "adv_init_psnr_q25": 11.608164172037661,
  "adv_init_psnr_q75": 16.51156356090044,
  "clean_init_ssim_mean": 0.1743840809098594,
  "clean_init_ssim_ci95": 0.02923498627594725,
  "clean_init_ssim_median": 0.14508139024346195,
  "clean_init_ssim_q25": 0.11093792671430568,
  "clean_init_ssim_q75": 0.20026092482636282,
  "adv_init_ssim_mean": 0.06015076736559298,
  "adv_init_ssim_ci95": 0.006340215188655252,
  "adv_init_ssim_median": 0.056360401546131034,
  "adv_init_ssim_q25": 0.044699901025729905,
  "adv_init_ssim_q75": 0.07099229336281945,
  "clean_init_mae_mean": 0.05040182883385569,
  "clean_init_mae_ci95": 0.01268355232735942,
  "clean_init_mae_median": 0.042117148637771606,
  "clean_init_mae_q25": 0.02878977032378316,
  "clean_init_mae_q75": 0.057425303384661674,
  "adv_init_mae_mean": 0.12178570835385472,
  "adv_init_mae_ci95": 0.0310121540086303,
  "adv_init_mae_median": 0.10708415880799294,
  "adv_init_mae_q25": 0.07022414542734623,
  "adv_init_mae_q75": 0.1356382630765438,
  "pred_shift_rel_l2_mean": 0.5853163339197636,
  "pred_shift_rel_l2_ci95": 0.12497265826012197,
  "pred_shift_rel_l2_median": 0.4529387801885605,
  "pred_shift_rel_l2_q25": 0.3117273673415184,
  "pred_shift_rel_l2_q75": 0.7996514290571213,
  "init_shift_rel_l2_mean": 0.7470374014228582,
  "init_shift_rel_l2_ci95": 0.039939615156551256,
  "init_shift_rel_l2_median": 0.7453961372375488,
  "init_shift_rel_l2_q25": 0.6705166101455688,
  "init_shift_rel_l2_q75": 0.8080150932073593,
  "delta_l2_mean": 15.335419222712517,
  "delta_l2_ci95": 4.784699016217921,
  "delta_l2_median": 12.429502487182617,
  "delta_l2_q25": 8.54582166671753,
  "delta_l2_q75": 16.41875171661377,
  "delta_linf_mean": 0.5106600616127253,
  "delta_linf_ci95": 0.15856086293122665,
  "delta_linf_median": 0.4149155616760254,
  "delta_linf_q25": 0.2884053736925125,
  "delta_linf_q75": 0.5565936863422394,
  "delta_mean_abs_mean": 0.05571537357172929,
  "delta_mean_abs_ci95": 0.01769183493504011,
  "delta_mean_abs_median": 0.04458442144095898,
  "delta_mean_abs_q25": 0.030831315089017153,
  "delta_mean_abs_q75": 0.05947111453860998,
  "delta_rel_l2_mean": 0.010000004834375378,
  "delta_rel_l2_ci95": 6.293768401734399e-10,
  "delta_rel_l2_median": 0.010000004406475959,
  "delta_rel_l2_q25": 0.010000003812025149,
  "delta_rel_l2_q75": 0.010000005735449532,
  "success_rel_l2_mean": 1.0,
  "success_rel_l2_ci95": 0.0,
  "success_rel_l2_median": 1.0,
  "success_rel_l2_q25": 1.0,
  "success_rel_l2_q75": 1.0,
  "success_mse_mean": 1.0,
  "success_mse_ci95": 0.0,
  "success_mse_median": 1.0,
  "success_mse_q25": 1.0,
  "success_mse_q75": 1.0,
  "clean_e_ran_l2_mean": 0.41391702624969184,
  "clean_e_ran_l2_ci95": 0.17825335043430388,
  "clean_e_ran_l2_median": 0.3054783493280411,
  "clean_e_ran_l2_q25": 0.23819582164287567,
  "clean_e_ran_l2_q75": 0.35901959985494614,
  "clean_e_nul_l2_mean": 0.37757599796168506,
  "clean_e_nul_l2_ci95": 0.1508885146684632,
  "clean_e_nul_l2_median": 0.2466387003660202,
  "clean_e_nul_l2_q25": 0.19896521046757698,
  "clean_e_nul_l2_q75": 0.37287572771310806,
  "clean_e_ran_frac_mean": 0.7384469037466547,
  "clean_e_ran_frac_ci95": 0.018454091685727734,
  "clean_e_ran_frac_median": 0.7449625529186822,
  "clean_e_ran_frac_q25": 0.7011097229238636,
  "clean_e_ran_frac_q75": 0.778965192141161,
  "clean_e_nul_frac_mean": 0.6698118188563027,