{
  "num_examples": 32,
  "gt_norm_mean": 26.229215562343597,
  "gt_norm_ci95": 1.7699003430208013,
  "gt_norm_median": 25.09980010986328,
  "clean_mse_mean": 3.11057939939019e-06,
  "clean_mse_ci95": 2.800259004401547e-07,
  "clean_mse_median": 3.0060148219490657e-06,
  "adv_mse_mean": 0.03269069240195677,
  "adv_mse_ci95": 0.003104092467118001,
  "adv_mse_median": 0.03053775429725647,
  "mse_ratio_mean": 10914.060163587323,
  "mse_ratio_ci95": 1019.7805387023476,
  "mse_ratio_median": 11557.588980705466,
  "clean_rel_l2_mean": 0.00871896866010502,
  "clean_rel_l2_ci95": 0.00048715740363670235,
  "clean_rel_l2_median": 0.008746182080358267,
  "adv_rel_l2_mean": 0.9008138915523887,
  "adv_rel_l2_ci95": 0.061177104767875926,
  "adv_rel_l2_median": 0.9007469713687897,
  "rel_l2_ratio_mean": 103.47102256073771,
  "rel_l2_ratio_ci95": 5.074654293338786,
  "rel_l2_ratio_median": 107.49131489746637,
  "clean_psnr_mean": 55.21131257168602,
  "clean_psnr_ci95": 0.389639075302968,
  "clean_psnr_median": 55.220089144394095,
  "adv_psnr_mean": 15.006762296710113,
  "adv_psnr_ci95": 0.4010159535202153,
  "adv_psnr_median": 15.152907023453967,
  "clean_ssim_mean": 0.9937375536016034,
  "clean_ssim_ci95": 0.0006710240944635571,
  "clean_ssim_median": 0.9938350744611535,
  "adv_ssim_mean": 0.034848225048642045,
  "adv_ssim_ci95": 0.005328940869274575,
  "adv_ssim_median": 0.0320828601134943,
  "pred_shift_rel_l2_mean": 0.904063506051898,
  "pred_shift_rel_l2_ci95": 0.06118207215670936,
  "pred_shift_rel_l2_median": 0.903839647769928,
  "init_shift_rel_l2_mean": 1.0158192198723555,
  "init_shift_rel_l2_ci95": 0.06784624602452818,
  "init_shift_rel_l2_median": 1.0057644248008728,
  "delta_l2_mean": 15.319905191659927,
  "delta_l2_ci95": 3.49689314974174e-07,
  "delta_l2_median": 15.319905281066895,
  "delta_linf_mean": 0.41847988683730364,
  "delta_linf_ci95": 0.02419139788409632,
  "delta_linf_median": 0.41447652876377106,
  "delta_mean_abs_mean": 0.05730770423542708,
  "delta_mean_abs_ci95": 0.000248943271500133,
  "delta_mean_abs_median": 0.057266904041171074,
  "delta_rel_l2_mean": 0.011662780277131215,
  "delta_rel_l2_ci95": 0.0010469637047728613,
  "delta_rel_l2_median": 0.011456696006981713,
  "success_rel_l2_mean": 1.0,
  "success_rel_l2_ci95": 0.0,
  "success_rel_l2_median": 1.0,
  "success_mse_mean": 1.0,
  "success_mse_ci95": 0.0,
  "success_mse_median": 1.0,
  "clean_e_ran_l2_mean": 0.18870047573000193,
  "clean_e_ran_l2_ci95": 0.008615702772368996,
  "clean_e_ran_l2_median": 0.190646730363369,
  "clean_e_nul_l2_mean": 0.12021724856458604,
  "clean_e_nul_l2_ci95": 0.006144546025650912,
  "clean_e_nul_l2_median": 0.12092284858226776,
  "clean_e_ran_frac_mean": 0.842658602915844,
  "clean_e_ran_frac_ci95": 0.008210427264304276,
  "clean_e_ran_frac_median": 0.8372931446284574,
  "clean_e_nul_frac_mean": 0.5366485265225389,
  "clean_e_nul_frac_ci95": 0.01312851382375087,
  "clean_e_nul_frac_median": 0.546747567690678,
  "adv_e_ran_l2_mean": 22.484533190727234,
  "adv_e_ran_l2_ci95": 1.0739772099289968,
  "adv_e_ran_l2_median": 22.125263214111328,
  "adv_e_nul_l2_mean": 4.345016486942768,
  "adv_e_nul_l2_ci95": 0.4805227809196699,
  "adv_e_nul_l2_median": 3.695378065109253,
  "adv_e_ran_frac_mean": 0.9797956181080001,
  "adv_e_ran_frac_ci95": 0.0052425793275665536,
  "adv_e_ran_frac_median": 0.9857755713551368,
  "adv_e_nul_frac_mean": 0.19065580113900316,
  "adv_e_nul_frac_ci95": 0.020614301005572915,
  "adv_e_nul_frac_median": 0.16806733696817344,
  "attack_runtime_total_sec": 11.63606295734644,
  "attack_runtime_per_example_sec": 0.36362696741707623,
  "model_name": "resnet",
  "attack_name": "adam",
  "norm": "l2",
  "eps": 0.01,
  "eps_actual": 15.319905745361327,
  "attack_init_mode": "exact",
  "eval_init_mode": "exact"
}