{
  "num_examples": 32,
  "gt_norm_mean": 27.44437724351883,
  "gt_norm_ci95": 2.532233818071928,
  "gt_norm_median": 24.26910400390625,
  "clean_mse_mean": 0.008173871734470595,
  "clean_mse_ci95": 0.0026184794665444822,
  "clean_mse_median": 0.004812475759536028,
  "adv_mse_mean": 0.009593370938091539,
  "adv_mse_ci95": 0.0027294225281301477,
  "adv_mse_median": 0.006283232942223549,
  "mse_ratio_mean": 1.2496842411897366,
  "mse_ratio_ci95": 0.037281966718749504,
  "mse_ratio_median": 1.2651422263178078,
  "clean_rel_l2_mean": 0.37801617849618196,
  "clean_rel_l2_ci95": 0.017136446990600494,
  "clean_rel_l2_median": 0.3699776232242584,
  "adv_rel_l2_mean": 0.4204525100067258,
  "adv_rel_l2_ci95": 0.014377047626275952,
  "adv_rel_l2_median": 0.4120391011238098,
  "rel_l2_ratio_mean": 1.1168793522808214,
  "rel_l2_ratio_ci95": 0.016753110990917735,
  "rel_l2_ratio_median": 1.124775599542331,
  "clean_psnr_mean": 22.15662156025285,
  "clean_psnr_ci95": 1.094149873006265,
  "clean_psnr_median": 23.17661671494563,
  "adv_psnr_mean": 21.204439680533422,
  "adv_psnr_ci95": 0.9833943249264431,
  "adv_psnr_median": 22.01824626953485,
  "clean_ssim_mean": 0.1871872604143917,
  "clean_ssim_ci95": 0.026923190699355948,
  "clean_ssim_median": 0.1945951936611393,
  "adv_ssim_mean": 0.1785708392973831,
  "adv_ssim_ci95": 0.026055347282890506,
  "adv_ssim_median": 0.1846547689851305,
  "pred_shift_rel_l2_mean": 0.09388743888121098,
  "pred_shift_rel_l2_ci95": 0.010503320278441027,
  "pred_shift_rel_l2_median": 0.09753191471099854,
  "init_shift_rel_l2_mean": 0.03191052220063284,
  "init_shift_rel_l2_ci95": 0.003770851168796661,
  "init_shift_rel_l2_median": 0.03403254225850105,
  "delta_l2_mean": 15.214860677719116,
  "delta_l2_ci95": 3.460507385987318e-07,
  "delta_l2_median": 15.214860916137695,
  "delta_linf_mean": 0.4329434586688876,
  "delta_linf_ci95": 0.025181491718734142,
  "delta_linf_median": 0.4256952106952667,
  "delta_mean_abs_mean": 0.05730944557581097,
  "delta_mean_abs_ci95": 0.00015603993168544972,
  "delta_mean_abs_median": 0.05720748379826546,
  "delta_rel_l2_mean": 0.008672850398553313,
  "delta_rel_l2_ci95": 0.0010124925720810325,
  "delta_rel_l2_median": 0.009195136339395296,
  "success_rel_l2_mean": 0.0,
  "success_rel_l2_ci95": 0.0,
  "success_rel_l2_median": 0.0,
  "success_mse_mean": 0.0,
  "success_mse_ci95": 0.0,
  "success_mse_median": 0.0,
  "clean_e_ran_l2_mean": 9.360422417521477,
  "clean_e_ran_l2_ci95": 1.3674939951728344,
  "clean_e_ran_l2_median": 7.73125958442688,
  "clean_e_nul_l2_mean": 5.19507123529911,
  "clean_e_nul_l2_ci95": 0.7235019230252692,
  "clean_e_nul_l2_median": 4.366955757141113,
  "clean_e_ran_frac_mean": 0.8730258967363931,
  "clean_e_ran_frac_ci95": 0.0031097828048313736,
  "clean_e_ran_frac_median": 0.8706534348712411,
  "clean_e_nul_frac_mean": 0.4873220285625608,
  "clean_e_nul_frac_ci95": 0.005730643970381853,
  "clean_e_nul_frac_median": 0.49189644043054254,
  "adv_e_ran_l2_mean": 10.370289146900177,
  "adv_e_ran_l2_ci95": 1.340039690437878,
  "adv_e_ran_l2_median": 8.807673931121826,
  "adv_e_nul_l2_mean": 5.58257769048214,
  "adv_e_nul_l2_ci95": 0.7022170607908288,
  "adv_e_nul_l2_median": 4.84932279586792,
  "adv_e_ran_frac_mean": 0.8792651873581088,
  "adv_e_ran_frac_ci95": 0.004834911961322265,
  "adv_e_ran_frac_median": 0.8774723592889949,
  "adv_e_nul_frac_mean": 0.47536777999738455,
  "adv_e_nul_frac_ci95": 0.00950803995122721,
  "adv_e_nul_frac_median": 0.47962718290172257,
  "attack_runtime_total_sec": 11.623520467430353,
  "attack_runtime_per_example_sec": 0.36323501460719854,
  "model_name": "resnet",
  "attack_name": "adam",
  "norm": "l2",
  "eps": 0.01,
  "eps_actual": 15.214861161499023,
  "attack_init_mode": "exact",
  "eval_init_mode": "exact"
}