{
  "num_examples": 32,
  "gt_norm_mean": 19.10678167641163,
  "gt_norm_ci95": 3.4833903043152117,
  "gt_norm_median": 16.756710529327393,
  "clean_mse_mean": 0.00013262900853305837,
  "clean_mse_ci95": 3.2522637756062395e-05,
  "clean_mse_median": 0.00011535870362422429,
  "adv_mse_mean": 0.019023922795895487,
  "adv_mse_ci95": 0.0030064671326194285,
  "adv_mse_median": 0.017361415550112724,
  "mse_ratio_mean": 242.84924094318933,
  "mse_ratio_ci95": 76.42700453003218,
  "mse_ratio_median": 138.44230351511607,
  "clean_rel_l2_mean": 0.07849633332807571,
  "clean_rel_l2_ci95": 0.007879544108547624,
  "clean_rel_l2_median": 0.07557433098554611,
  "adv_rel_l2_mean": 1.0998384794220328,
  "adv_rel_l2_ci95": 0.17849176211530704,
  "adv_rel_l2_median": 1.009855568408966,
  "rel_l2_ratio_mean": 14.318092374268232,
  "rel_l2_ratio_ci95": 2.1655048573478206,
  "rel_l2_ratio_median": 11.762535130878856,
  "clean_psnr_mean": 35.50508335103929,
  "clean_psnr_ci95": 0.5100320234437955,
  "clean_psnr_median": 35.68560227573899,
  "adv_psnr_mean": 13.114829579839146,
  "adv_psnr_ci95": 1.2375877488557363,
  "adv_psnr_median": 13.756655821557988,
  "clean_ssim_mean": 0.8870374882576997,
  "clean_ssim_ci95": 0.010990359347556482,
  "clean_ssim_median": 0.8914903551740565,
  "adv_ssim_mean": 0.11287251604617507,
  "adv_ssim_ci95": 0.023210240946367595,
  "adv_ssim_median": 0.10890784293646566,
  "pred_shift_rel_l2_mean": 1.101952163502574,
  "pred_shift_rel_l2_ci95": 0.18053435094207396,
  "pred_shift_rel_l2_median": 1.009836107492447,
  "init_shift_rel_l2_mean": 0.6764053921215236,
  "init_shift_rel_l2_ci95": 0.11147913058765976,
  "init_shift_rel_l2_median": 0.6159021854400635,
  "delta_l2_mean": 6.432730048894882,
  "delta_l2_ci95": 1.0647409201202802e-07,
  "delta_l2_median": 6.432730197906494,
  "delta_linf_mean": 0.16284127719700336,
  "delta_linf_ci95": 0.00467735144471357,
  "delta_linf_median": 0.16090601682662964,
  "delta_mean_abs_mean": 0.022915927111171186,
  "delta_mean_abs_ci95": 5.5642457539896914e-05,
  "delta_mean_abs_median": 0.022904573008418083,
  "delta_rel_l2_mean": 0.008434375685936135,
  "delta_rel_l2_ci95": 0.0017904723670779611,
  "delta_rel_l2_median": 0.007672664253196975,
  "success_rel_l2_mean": 1.0,
  "success_rel_l2_ci95": 0.0,
  "success_rel_l2_median": 1.0,
  "success_mse_mean": 1.0,
  "success_mse_ci95": 0.0,
  "success_mse_median": 1.0,
  "clean_e_ran_l2_mean": 0.47194874472916126,
  "clean_e_ran_l2_ci95": 0.07856286195501386,
  "clean_e_ran_l2_median": 0.4195670187473297,
  "clean_e_nul_l2_mean": 1.2913936451077461,
  "clean_e_nul_l2_ci95": 0.16983371067378006,
  "clean_e_nul_l2_median": 1.2792801260948181,
  "clean_e_ran_frac_mean": 0.34016146555690685,
  "clean_e_ran_frac_ci95": 0.026948651439128734,
  "clean_e_ran_frac_median": 0.3290711687903702,
  "clean_e_nul_frac_mean": 0.9367748594213503,
  "clean_e_nul_frac_ci95": 0.010458710944562143,
  "clean_e_nul_frac_median": 0.9442996848256342,
  "adv_e_ran_l2_mean": 8.642260000109673,
  "adv_e_ran_l2_ci95": 0.21282258623898,
  "adv_e_ran_l2_median": 8.598143100738525,
  "adv_e_nul_l2_mean": 14.637471467256546,
  "adv_e_nul_l2_ci95": 1.6652827194522721,
  "adv_e_nul_l2_median": 14.473441123962402,
  "adv_e_ran_frac_mean": 0.5283879995269707,
  "adv_e_ran_frac_ci95": 0.04889823884123709,
  "adv_e_ran_frac_median": 0.4960454517058494,
  "adv_e_nul_frac_mean": 0.827781086937687,
  "adv_e_nul_frac_ci95": 0.04492990127211737,
  "adv_e_nul_frac_median": 0.8682779225684282,
  "attack_runtime_total_sec": 116.53936753422022,
  "attack_runtime_per_example_sec": 3.641855235444382,
  "model_name": "dpnsn",
  "attack_name": "adam",
  "norm": "l2",
  "eps": 0.005,
  "eps_actual": 6.432730269256592,
  "attack_init_mode": "exact",
  "eval_init_mode": "exact"
}