{
  "num_examples": 32,
  "gt_norm_mean": 20.065786242485046,
  "gt_norm_ci95": 2.6439993761407936,
  "gt_norm_median": 18.550631523132324,
  "clean_mse_mean": 9.639423973858356,
  "clean_mse_ci95": 4.439303482592667,
  "clean_mse_median": 4.855641841888428,
  "adv_mse_mean": 9.90930326282978,
  "adv_mse_ci95": 4.488767335561892,
  "adv_mse_median": 5.076076507568359,
  "mse_ratio_mean": 1.047026887332482,
  "mse_ratio_ci95": 0.0076924511428280735,
  "mse_ratio_median": 1.04518907369006,
  "clean_rel_l2_mean": 16.44574084877968,
  "clean_rel_l2_ci95": 1.007078038996911,
  "clean_rel_l2_median": 15.256311416625977,
  "adv_rel_l2_mean": 16.80362492799759,
  "adv_rel_l2_ci95": 0.9784065469891845,
  "adv_rel_l2_median": 15.586558818817139,
  "rel_l2_ratio_mean": 1.0231880821722545,
  "rel_l2_ratio_ci95": 0.0037423984822678334,
  "rel_l2_ratio_median": 1.0223448069944832,
  "clean_psnr_mean": -11.263836214371953,
  "clean_psnr_ci95": 1.3597054225712226,
  "clean_psnr_median": -9.990405852075192,
  "adv_psnr_mean": -11.462479641143235,
  "adv_psnr_ci95": 1.336403654038018,
  "adv_psnr_median": -10.176481147174762,
  "clean_ssim_mean": 0.003995435876704161,
  "clean_ssim_ci95": 0.000808119772480811,
  "clean_ssim_median": 0.004264916469006661,
  "adv_ssim_mean": 0.0038593863560627507,
  "adv_ssim_ci95": 0.0007869196059590405,
  "adv_ssim_median": 0.004065487266700386,
  "pred_shift_rel_l2_mean": 0.028259402970434166,
  "pred_shift_rel_l2_ci95": 0.004678947771881281,
  "pred_shift_rel_l2_median": 0.02710256353020668,
  "init_shift_rel_l2_mean": 0.022885479440446943,
  "init_shift_rel_l2_ci95": 0.0037813161961977025,
  "init_shift_rel_l2_median": 0.022197416052222252,
  "delta_l2_mean": 6.410040929913521,
  "delta_l2_ci95": 1.5194146783048168e-07,
  "delta_l2_median": 6.410040855407715,
  "delta_linf_mean": 0.14038518397137523,
  "delta_linf_ci95": 0.0034542067535531205,
  "delta_linf_median": 0.1376042366027832,
  "delta_mean_abs_mean": 0.024541509512346238,
  "delta_mean_abs_ci95": 1.7388182481496012e-05,
  "delta_mean_abs_median": 0.024533373303711414,
  "delta_rel_l2_mean": 0.005212303493567285,
  "delta_rel_l2_ci95": 0.0008481151689485761,
  "delta_rel_l2_median": 0.005035572846188949,
  "success_rel_l2_mean": 0.0,
  "success_rel_l2_ci95": 0.0,
  "success_rel_l2_median": 0.0,
  "success_mse_mean": 0.0,
  "success_mse_ci95": 0.0,
  "success_mse_median": 0.0,
  "clean_e_ran_l2_mean": 323.76527309417725,
  "clean_e_ran_l2_ci95": 64.00753844413146,
  "clean_e_ran_l2_median": 264.1322021484375,
  "clean_e_nul_l2_mean": 123.37530064582825,
  "clean_e_nul_l2_ci95": 24.455615584552184,
  "clean_e_nul_l2_median": 99.11756896972656,
  "clean_e_ran_frac_mean": 0.9345447859958261,
  "clean_e_ran_frac_ci95": 0.0009621966897816927,
  "clean_e_ran_frac_median": 0.9348092094820519,
  "clean_e_nul_frac_mean": 0.3557626749830798,
  "clean_e_nul_frac_ci95": 0.0025260092126172078,
  "clean_e_nul_frac_median": 0.35515014955746316,
  "adv_e_ran_l2_mean": 329.82087087631226,
  "adv_e_ran_l2_ci95": 63.98986515283188,
  "adv_e_ran_l2_median": 270.1817626953125,
  "adv_e_nul_l2_mean": 125.3086189031601,
  "adv_e_nul_l2_ci95": 24.45897682749293,
  "adv_e_nul_l2_median": 101.07571029663086,
  "adv_e_ran_frac_mean": 0.9349897953389846,
  "adv_e_ran_frac_ci95": 0.000961932928239846,
  "adv_e_ran_frac_median": 0.9353218758254217,
  "adv_e_nul_frac_mean": 0.3545911352343502,
  "adv_e_nul_frac_ci95": 0.002532412490634676,
  "adv_e_nul_frac_median": 0.35379801895577917,
  "attack_runtime_total_sec": 116.45787572860718,
  "attack_runtime_per_example_sec": 3.6393086165189743,
  "model_name": "dpnsn",
  "attack_name": "adam",
  "norm": "l2",
  "eps": 0.005,
  "eps_actual": 6.410040790679932,
  "attack_init_mode": "exact",
  "eval_init_mode": "exact"
}