{
  "num_examples": 32,
  "gt_norm_mean": 20.065786242485046,
  "gt_norm_ci95": 2.6439993761407936,
  "gt_norm_median": 18.550631523132324,
  "clean_mse_mean": 9.639423973858356,
  "clean_mse_ci95": 4.439303482592667,
  "clean_mse_median": 4.855641841888428,
  "adv_mse_mean": 11.998589992523193,
  "adv_mse_ci95": 4.834935808605376,
  "adv_mse_median": 6.820792198181152,
  "mse_ratio_mean": 1.4299524674508048,
  "mse_ratio_ci95": 0.07948908859079909,
  "mse_ratio_median": 1.4024319952767712,
  "clean_rel_l2_mean": 16.44574084877968,
  "clean_rel_l2_ci95": 1.007078038996911,
  "clean_rel_l2_median": 15.256311416625977,
  "adv_rel_l2_mean": 19.40980088710785,
  "adv_rel_l2_ci95": 0.8119973821250552,
  "adv_rel_l2_median": 18.908120155334473,
  "rel_l2_ratio_mean": 1.192316996404035,
  "rel_l2_ratio_ci95": 0.03213406418462746,
  "rel_l2_ratio_median": 1.1842426264356942,
  "clean_psnr_mean": -11.263836214371953,
  "clean_psnr_ci95": 1.3597054225712226,
  "clean_psnr_median": -9.990405852075192,
  "adv_psnr_mean": -12.767179676304302,
  "adv_psnr_ci95": 1.1979134693078528,
  "adv_psnr_median": -11.573631963808133,
  "clean_ssim_mean": 0.003995435876704161,
  "clean_ssim_ci95": 0.000808119772480811,
  "clean_ssim_median": 0.004264916469006661,
  "adv_ssim_mean": 0.0030729099212744543,
  "adv_ssim_ci95": 0.0006591695828534076,
  "adv_ssim_median": 0.0029288891577917055,
  "pred_shift_rel_l2_mean": 0.24074027338065207,
  "pred_shift_rel_l2_ci95": 0.042122501217359935,
  "pred_shift_rel_l2_median": 0.2293505072593689,
  "init_shift_rel_l2_mean": 0.19272592617198825,
  "init_shift_rel_l2_ci95": 0.033337902847276994,
  "init_shift_rel_l2_median": 0.1865234225988388,
  "delta_l2_mean": 51.280327558517456,
  "delta_l2_ci95": 9.155641953424644e-07,
  "delta_l2_median": 51.28032684326172,
  "delta_linf_mean": 1.1237619705498219,
  "delta_linf_ci95": 0.026371951900436,
  "delta_linf_median": 1.1167511940002441,
  "delta_mean_abs_mean": 0.19607844995334744,
  "delta_mean_abs_ci95": 0.0001600783301328695,
  "delta_mean_abs_median": 0.19605503231287003,
  "delta_rel_l2_mean": 0.04169842839650928,
  "delta_rel_l2_ci95": 0.006784921531139577,
  "delta_rel_l2_median": 0.04028458275753967,
  "success_rel_l2_mean": 0.0,
  "success_rel_l2_ci95": 0.0,
  "success_rel_l2_median": 0.0,
  "success_mse_mean": 0.03125,
  "success_mse_ci95": 0.06124999999999999,
  "success_mse_median": 0.0,
  "clean_e_ran_l2_mean": 323.76527309417725,
  "clean_e_ran_l2_ci95": 64.00753844413146,
  "clean_e_ran_l2_median": 264.1322021484375,
  "clean_e_nul_l2_mean": 123.37530064582825,
  "clean_e_nul_l2_ci95": 24.455615584552184,
  "clean_e_nul_l2_median": 99.11756896972656,
  "clean_e_ran_frac_mean": 0.9345447859958261,
  "clean_e_ran_frac_ci95": 0.0009621966897816927,
  "clean_e_ran_frac_median": 0.9348092094820519,
  "clean_e_nul_frac_mean": 0.3557626749830798,
  "clean_e_nul_frac_ci95": 0.0025260092126172078,
  "clean_e_nul_frac_median": 0.35515014955746316,
  "adv_e_ran_l2_mean": 373.69599628448486,
  "adv_e_ran_l2_ci95": 63.680122296112835,
  "adv_e_ran_l2_median": 313.9880676269531,
  "adv_e_nul_l2_mean": 139.2582150697708,
  "adv_e_nul_l2_ci95": 24.43994845446995,
  "adv_e_nul_l2_median": 115.29676055908203,
  "adv_e_ran_frac_mean": 0.9376810876739169,
  "adv_e_ran_frac_ci95": 0.0010525168445953094,
  "adv_e_ran_frac_median": 0.9378727695127395,
  "adv_e_nul_frac_mean": 0.34739139112820483,
  "adv_e_nul_frac_ci95": 0.0028272107765703242,
  "adv_e_nul_frac_median": 0.3469793081468808,
  "attack_runtime_total_sec": 116.51178538799286,
  "attack_runtime_per_example_sec": 3.640993293374777,
  "model_name": "dpnsn",
  "attack_name": "adam",
  "norm": "l2",
  "eps": 0.04,
  "eps_actual": 51.280326325439454,
  "attack_init_mode": "exact",
  "eval_init_mode": "exact"
}