{
  "num_examples": 32,
  "gt_norm_mean": 19.10678167641163,
  "gt_norm_ci95": 3.4833903043152117,
  "gt_norm_median": 16.756710529327393,
  "clean_mse_mean": 0.00013262900853305837,
  "clean_mse_ci95": 3.2522637756062395e-05,
  "clean_mse_median": 0.00011535870362422429,
  "adv_mse_mean": 0.6032100999727845,
  "adv_mse_ci95": 0.0997263969105199,
  "adv_mse_median": 0.4090540111064911,
  "mse_ratio_mean": 6886.694053729538,
  "mse_ratio_ci95": 1734.915108267709,
  "mse_ratio_median": 4770.478652974984,
  "clean_rel_l2_mean": 0.07849633332807571,
  "clean_rel_l2_ci95": 0.007879544108547624,
  "clean_rel_l2_median": 0.07557433098554611,
  "adv_rel_l2_mean": 5.981677867472172,
  "adv_rel_l2_ci95": 0.7825905176123013,
  "adv_rel_l2_median": 5.728373765945435,
  "rel_l2_ratio_mean": 78.44142820002372,
  "rel_l2_ratio_ci95": 9.534886827421094,
  "rel_l2_ratio_median": 69.06606358528836,
  "clean_psnr_mean": 35.50508335103929,
  "clean_psnr_ci95": 0.5100320234437955,
  "clean_psnr_median": 35.68560227573899,
  "adv_psnr_mean": -1.9118062409352348,
  "adv_psnr_ci95": 0.9697107395911688,
  "adv_psnr_median": -1.355526522677918,
  "clean_ssim_mean": 0.8870374882576997,
  "clean_ssim_ci95": 0.010990359347556482,
  "clean_ssim_median": 0.8914903551740565,
  "adv_ssim_mean": 0.00625059977272747,
  "adv_ssim_ci95": 0.003363212839894917,
  "adv_ssim_median": 0.002924295422873666,
  "pred_shift_rel_l2_mean": 6.010692223906517,
  "pred_shift_rel_l2_ci95": 0.7917615414242117,
  "pred_shift_rel_l2_median": 5.743904113769531,
  "init_shift_rel_l2_mean": 5.867632132023573,
  "init_shift_rel_l2_ci95": 1.2316091925345107,
  "init_shift_rel_l2_median": 5.415502071380615,
  "delta_l2_mean": 51.461841106414795,
  "delta_l2_ci95": 5.567261974693729e-07,
  "delta_l2_median": 51.46184158325195,
  "delta_linf_mean": 1.1729934811592102,
  "delta_linf_ci95": 0.029701317103073433,
  "delta_linf_median": 1.1724342703819275,
  "delta_mean_abs_mean": 0.18979556998237967,
  "delta_mean_abs_ci95": 0.00044741451989222235,
  "delta_mean_abs_median": 0.19001799821853638,
  "delta_rel_l2_mean": 0.06747500699936877,
  "delta_rel_l2_ci95": 0.014323779747015902,
  "delta_rel_l2_median": 0.061381316377457126,
  "success_rel_l2_mean": 1.0,
  "success_rel_l2_ci95": 0.0,
  "success_rel_l2_median": 1.0,
  "success_mse_mean": 1.0,
  "success_mse_ci95": 0.0,
  "success_mse_median": 1.0,
  "clean_e_ran_l2_mean": 0.47194874472916126,
  "clean_e_ran_l2_ci95": 0.07856286195501386,
  "clean_e_ran_l2_median": 0.4195670187473297,
  "clean_e_nul_l2_mean": 1.2913936451077461,
  "clean_e_nul_l2_ci95": 0.16983371067378006,
  "clean_e_nul_l2_median": 1.2792801260948181,
  "clean_e_ran_frac_mean": 0.34016146555690685,
  "clean_e_ran_frac_ci95": 0.026948651439128734,
  "clean_e_ran_frac_median": 0.3290711687903702,
  "clean_e_nul_frac_mean": 0.9367748594213503,
  "clean_e_nul_frac_ci95": 0.010458710944562143,
  "clean_e_nul_frac_median": 0.9442996848256342,
  "adv_e_ran_l2_mean": 69.32379388809204,
  "adv_e_ran_l2_ci95": 2.1725314915891634,
  "adv_e_ran_l2_median": 73.6886100769043,
  "adv_e_nul_l2_mean": 60.02900171279907,
  "adv_e_nul_l2_ci95": 13.338210951844736,
  "adv_e_nul_l2_median": 34.97580623626709,
  "adv_e_ran_frac_mean": 0.7580755993294358,
  "adv_e_ran_frac_ci95": 0.07161870444321643,
  "adv_e_ran_frac_median": 0.9031354024771705,
  "adv_e_nul_frac_mean": 0.5671478750834096,
  "adv_e_nul_frac_ci95": 0.08784734670770489,
  "adv_e_nul_frac_median": 0.4268691177456075,
  "attack_runtime_total_sec": 116.54725766927004,
  "attack_runtime_per_example_sec": 3.6421018021646887,
  "model_name": "dpnsn",
  "attack_name": "adam",
  "norm": "l2",
  "eps": 0.04,
  "eps_actual": 51.46184215405274,
  "attack_init_mode": "exact",
  "eval_init_mode": "exact"
}