{
  "num_examples": 32,
  "gt_norm_mean": 21.939702212810516,
  "gt_norm_ci95": 3.9247519621992337,
  "gt_norm_median": 20.571069717407227,
  "gt_norm_q25": 14.864426374435425,
  "gt_norm_q75": 25.995609283447266,
  "clean_mse_mean": 3.823617976195237e-05,
  "clean_mse_ci95": 2.839563421028327e-05,
  "clean_mse_median": 1.7633277821005322e-05,
  "clean_mse_q25": 7.374323672593164e-06,
  "clean_mse_q75": 2.964024224638706e-05,
  "adv_mse_mean": 0.003506400657101949,
  "adv_mse_ci95": 0.0037921581106666056,
  "adv_mse_median": 0.00036208728852216154,
  "adv_mse_q25": 0.0001838426906033419,
  "adv_mse_q75": 0.0025563142262399197,
  "mse_ratio_mean": 50.235954562299334,
  "mse_ratio_ci95": 15.791554080947478,
  "mse_ratio_median": 34.729149472655784,
  "mse_ratio_q25": 27.10152531033441,
  "mse_ratio_q75": 52.07301564343739,
  "clean_rel_l2_mean": 0.027163652644958347,
  "clean_rel_l2_ci95": 0.0019291612076674782,
  "clean_rel_l2_median": 0.025650610215961933,
  "clean_rel_l2_q25": 0.023923447355628014,
  "clean_rel_l2_q75": 0.027149326633661985,
  "adv_rel_l2_mean": 0.18497837544418871,
  "adv_rel_l2_ci95": 0.04231018257456643,
  "adv_rel_l2_median": 0.14240866154432297,
  "adv_rel_l2_q25": 0.1229329239577055,
  "adv_rel_l2_q75": 0.19705379381775856,
  "rel_l2_ratio_mean": 6.530443364573128,
  "rel_l2_ratio_ci95": 0.9697837469608056,
  "rel_l2_ratio_median": 5.892565954427519,
  "rel_l2_ratio_q25": 5.205608066496275,
  "rel_l2_ratio_q75": 7.215549074106997,
  "clean_psnr_mean": 43.5944275979044,
  "clean_psnr_ci95": 1.3768494271855436,
  "clean_psnr_median": 44.80229559757242,
  "clean_psnr_q25": 41.64859714649108,
  "clean_psnr_q75": 46.472029865368754,
  "adv_psnr_mean": 28.05884474907836,
  "adv_psnr_ci95": 2.3690650558184156,
  "adv_psnr_median": 30.2352703762682,
  "adv_psnr_q25": 24.48385943571493,
  "adv_psnr_q75": 32.9957272872627,
  "clean_ssim_mean": 0.9753748210500375,
  "clean_ssim_ci95": 0.009012324833238335,
  "clean_ssim_median": 0.9855510733843458,
  "clean_ssim_q25": 0.9701875423265681,
  "clean_ssim_q75": 0.9887375193679326,
  "adv_ssim_mean": 0.9306473033136297,
  "adv_ssim_ci95": 0.029230665630347766,
  "adv_ssim_median": 0.9667507986547064,
  "adv_ssim_q25": 0.9157795093062961,
  "adv_ssim_q75": 0.975973932323532,
  "clean_mae_mean": 0.002544177092204336,
  "clean_mae_ci95": 0.0006610053511609344,
  "clean_mae_median": 0.0020471286261454225,
  "clean_mae_q25": 0.0014286840450949967,
  "clean_mae_q75": 0.0029935206403024495,
  "adv_mae_mean": 0.009923981378960889,
  "adv_mae_ci95": 0.00605526532214987,
  "adv_mae_median": 0.003941520117223263,
  "adv_mae_q25": 0.0024830090114846826,
  "adv_mae_q75": 0.010629225987941027,
  "clean_nrmse_mean": 0.007473362829016719,
  "clean_nrmse_ci95": 0.001627801055108633,
  "clean_nrmse_median": 0.005752880350667433,
  "clean_nrmse_q25": 0.004746781062044763,
  "clean_nrmse_q75": 0.008272388000097785,
  "adv_nrmse_mean": 0.057970721436344526,
  "adv_nrmse_ci95": 0.024766959140004784,
  "adv_nrmse_median": 0.03078507939149002,
  "adv_nrmse_q25": 0.02239908570907713,
  "adv_nrmse_q75": 0.05968119731088661,
  "clean_max_err_mean": 0.1564668915234506,
  "clean_max_err_ci95": 0.04049468881813099,
  "clean_max_err_median": 0.10946410894393921,
  "clean_max_err_q25": 0.08332981541752815,
  "clean_max_err_q75": 0.1900813728570938,
  "adv_max_err_mean": 0.6742436215281487,
  "adv_max_err_ci95": 0.08171407166552104,
  "adv_max_err_median": 0.6563007533550262,
  "adv_max_err_q25": 0.46826817840337753,
  "adv_max_err_q75": 0.8268983215093613,
  "clean_init_rel_l2_mean": 0.5536772310733795,
  "clean_init_rel_l2_ci95": 0.02506772902256389,
  "clean_init_rel_l2_median": 0.5395685136318207,
  "clean_init_rel_l2_q25": 0.5074928402900696,
  "clean_init_rel_l2_q75": 0.5876893401145935,
  "adv_init_rel_l2_mean": 0.6661893166601658,
  "adv_init_rel_l2_ci95": 0.0335251258571557,
  "adv_init_rel_l2_median": 0.64012011885643,
  "adv_init_rel_l2_q25": 0.6051628440618515,
  "adv_init_rel_l2_q75": 0.7089915126562119,
  "init_rel_l2_ratio_mean": 1.2024889024355174,
  "init_rel_l2_ratio_ci95": 0.015797998956827094,
  "init_rel_l2_ratio_median": 1.2027903618303109,
  "init_rel_l2_ratio_q25": 1.169509955959964,
  "init_rel_l2_ratio_q75": 1.2323775395331549,
  "clean_init_psnr_mean": 17.32811655528948,
  "clean_init_psnr_ci95": 1.277972040417629,
  "clean_init_psnr_median": 18.486651408331085,
  "clean_init_psnr_q25": 14.726242622631924,
  "clean_init_psnr_q75": 19.917953138892184,
  "adv_init_psnr_mean": 15.732530684819316,
  "adv_init_psnr_ci95": 1.3208966363146444,
  "adv_init_psnr_median": 16.744117778282764,
  "adv_init_psnr_q25": 13.07466465773394,
  "adv_init_psnr_q75": 18.335923399796417,
  "clean_init_ssim_mean": 0.089813785677639,
  "clean_init_ssim_ci95": 0.011960331601667429,
  "clean_init_ssim_median": 0.0773485782316394,
  "clean_init_ssim_q25": 0.06890477600312231,
  "clean_init_ssim_q75": 0.09774976727847494,
  "adv_init_ssim_mean": 0.0672633405682042,
  "adv_init_ssim_ci95": 0.006818286329113406,
  "adv_init_ssim_median": 0.06068178082334171,
  "adv_init_ssim_q25": 0.054020598208080896,
  "adv_init_ssim_q75": 0.07304610064512633,
  "clean_init_mae_mean": 0.07636199059197679,
  "clean_init_mae_ci95": 0.018004814122315953,
  "clean_init_mae_median": 0.06415321677923203,
  "clean_init_mae_q25": 0.04510226845741272,
  "clean_init_mae_q75": 0.09492911025881767,
  "adv_init_mae_mean": 0.0920696163084358,
  "adv_init_mae_ci95": 0.022288455551472873,
  "adv_init_mae_median": 0.07750226929783821,
  "adv_init_mae_q25": 0.0527410302311182,
  "adv_init_mae_q75": 0.11193190887570381,
  "pred_shift_rel_l2_mean": 0.17959082080051303,
  "pred_shift_rel_l2_ci95": 0.042604083369410815,
  "pred_shift_rel_l2_median": 0.14034008979797363,
  "pred_shift_rel_l2_q25": 0.11703653447329998,
  "pred_shift_rel_l2_q75": 0.19022763147950172,
  "init_shift_rel_l2_mean": 0.3404921889305115,
  "init_shift_rel_l2_ci95": 0.015019532613477401,
  "init_shift_rel_l2_median": 0.3314562439918518,
  "init_shift_rel_l2_q25": 0.31259628385305405,
  "init_shift_rel_l2_q75": 0.35648178309202194,
  "delta_l2_mean": 7.039357975125313,
  "delta_l2_ci95": 1.785602504436193,
  "delta_l2_median": 5.9031267166137695,
  "delta_l2_q25": 3.9941449761390686,
  "delta_l2_q75": 8.413660287857056,
  "delta_linf_mean": 0.23355046357028186,
  "delta_linf_ci95": 0.06473533292812005,
  "delta_linf_median": 0.18491411209106445,
  "delta_linf_q25": 0.13287227228283882,
  "delta_linf_q75": 0.2701706886291504,
  "delta_mean_abs_mean": 0.025670931121567264,
  "delta_mean_abs_ci95": 0.006557815524620812,
  "delta_mean_abs_median": 0.021670421585440636,
  "delta_mean_abs_q25": 0.014517276547849178,
  "delta_mean_abs_q75": 0.031088353134691715,
  "delta_rel_l2_mean": 0.005000001448045023,
  "delta_rel_l2_ci95": 2.1121689419062723e-10,
  "delta_rel_l2_median": 0.005000001463867789,
  "delta_rel_l2_q25": 0.00500000105113417,
  "delta_rel_l2_q75": 0.005000001852116891,
  "success_rel_l2_mean": 1.0,
  "success_rel_l2_ci95": 0.0,
  "success_rel_l2_median": 1.0,
  "success_rel_l2_q25": 1.0,
  "success_rel_l2_q75": 1.0,
  "success_mse_mean": 1.0,
  "success_mse_ci95": 0.0,
  "success_mse_median": 1.0,
  "success_mse_q25": 1.0,
  "success_mse_q75": 1.0,
  "clean_e_ran_l2_mean": 0.48272028658539057,
  "clean_e_ran_l2_ci95": 0.13186720297871127,
  "clean_e_ran_l2_median": 0.4110594540834427,
  "clean_e_ran_l2_q25": 0.2625609189271927,
  "clean_e_ran_l2_q75": 0.5388686209917068,
  "clean_e_nul_l2_mean": 0.406622035196051,
  "clean_e_nul_l2_ci95": 0.1042973177646703,
  "clean_e_nul_l2_median": 0.33922915160655975,
  "clean_e_nul_l2_q25": 0.2281387895345688,
  "clean_e_nul_l2_q75": 0.4293053224682808,
  "clean_e_ran_frac_mean": 0.7600693809887514,
  "clean_e_ran_frac_ci95": 0.012725143476312518,
  "clean_e_ran_frac_median": 0.7651039215237384,
  "clean_e_ran_frac_q25": 0.740603311607305,
  "clean_e_ran_frac_q75": 0.7899733879471,
  "clean_e_nul_frac_mean": 0.6475285823351942,