{
  "num_examples": 32,
  "gt_norm_mean": 26.229215562343597,
  "gt_norm_ci95": 1.7699003430208013,
  "gt_norm_median": 25.09980010986328,
  "clean_mse_mean": 8.580953090131516e-05,
  "clean_mse_ci95": 1.0504228727817729e-05,
  "clean_mse_median": 8.369435818167403e-05,
  "adv_mse_mean": 0.392719391733408,
  "adv_mse_ci95": 0.002451595312621115,
  "adv_mse_median": 0.3924677222967148,
  "mse_ratio_mean": 5292.537453446724,
  "mse_ratio_ci95": 794.7586897252288,
  "mse_ratio_median": 4714.314173685307,
  "clean_rel_l2_mean": 0.0455929747549817,
  "clean_rel_l2_ci95": 0.003415300952319119,
  "clean_rel_l2_median": 0.043928589671850204,
  "adv_rel_l2_mean": 3.1578390188515186,
  "adv_rel_l2_ci95": 0.18818629709916895,
  "adv_rel_l2_median": 3.179540514945984,
  "rel_l2_ratio_mean": 71.32035300461072,
  "rel_l2_ratio_ci95": 5.051852390541315,
  "rel_l2_ratio_median": 68.65798037798696,
  "clean_psnr_mean": 40.96206257713037,
  "clean_psnr_ci95": 0.5890640862834341,
  "clean_psnr_median": 40.774811259424105,
  "adv_psnr_mean": 4.059865430596284,
  "adv_psnr_ci95": 0.027291826799233452,
  "adv_psnr_median": 4.061961070959068,
  "clean_ssim_mean": 0.9413057633682392,
  "clean_ssim_ci95": 0.006275147977659224,
  "clean_ssim_median": 0.939020085900129,
  "adv_ssim_mean": 0.021517547765054365,
  "adv_ssim_ci95": 0.002137952546217243,
  "adv_ssim_median": 0.020287128179962498,
  "pred_shift_rel_l2_mean": 3.149909533560276,
  "pred_shift_rel_l2_ci95": 0.18779632682750624,
  "pred_shift_rel_l2_median": 3.1734272241592407,
  "init_shift_rel_l2_mean": 3.720888003706932,
  "init_shift_rel_l2_ci95": 0.24639816475487747,
  "init_shift_rel_l2_median": 3.7026220560073853,
  "delta_l2_mean": 55.152448296546936,
  "delta_l2_ci95": 0.08497987820991643,
  "delta_l2_median": 55.14091873168945,
  "delta_linf_mean": 1.221454482525587,
  "delta_linf_ci95": 0.03642336021254779,
  "delta_linf_median": 1.2153770923614502,
  "delta_mean_abs_mean": 0.2121647517196834,
  "delta_mean_abs_ci95": 0.00044849084759134575,
  "delta_mean_abs_median": 0.21211791038513184,
  "delta_rel_l2_mean": 0.04200881631428288,
  "delta_rel_l2_ci95": 0.003799850117627091,
  "delta_rel_l2_median": 0.041257220713619924,
  "success_rel_l2_mean": 1.0,
  "success_rel_l2_ci95": 0.0,
  "success_rel_l2_median": 1.0,
  "success_mse_mean": 1.0,
  "success_mse_ci95": 0.0,
  "success_mse_median": 1.0,
  "clean_e_ran_l2_mean": 0.6887397561222315,
  "clean_e_ran_l2_ci95": 0.04512937551119352,
  "clean_e_ran_l2_median": 0.6769616007804871,
  "clean_e_nul_l2_mean": 0.9398646615445614,
  "clean_e_nul_l2_ci95": 0.06273619282199655,
  "clean_e_nul_l2_median": 0.934965044260025,
  "clean_e_ran_frac_mean": 0.5914005390617761,
  "clean_e_ran_frac_ci95": 0.013777428245546234,
  "clean_e_ran_frac_median": 0.5913718393336003,
  "clean_e_nul_frac_mean": 0.8049103612551625,
  "clean_e_nul_frac_ci95": 0.010159966004548089,
  "clean_e_nul_frac_median": 0.8063888490827424,
  "adv_e_ran_l2_mean": 74.35990071296692,
  "adv_e_ran_l2_ci95": 0.2500397582628269,
  "adv_e_ran_l2_median": 74.37686157226562,
  "adv_e_nul_l2_mean": 30.06048160791397,
  "adv_e_nul_l2_ci95": 0.31139767520150896,
  "adv_e_nul_l2_median": 30.135703086853027,
  "adv_e_ran_frac_mean": 0.9270569997741673,
  "adv_e_ran_frac_ci95": 0.0014373730477698096,
  "adv_e_ran_frac_median": 0.9276019837926204,
  "adv_e_nul_frac_mean": 0.3747584998561005,
  "adv_e_nul_frac_ci95": 0.003601979737139276,
  "adv_e_nul_frac_median": 0.373568326814087,
  "attack_runtime_total_sec": 23.32576920092106,
  "attack_runtime_per_example_sec": 0.7289302875287831,
  "model_name": "dpnsn",
  "attack_name": "adam",
  "norm": "l2",
  "eps": 0.05,
  "eps_actual": 76.59952872680664,
  "attack_init_mode": "exact",
  "eval_init_mode": "exact"
}