{
  "num_examples": 32,
  "gt_norm_mean": 23.754662096500397,
  "gt_norm_ci95": 4.601683904984259,
  "gt_norm_median": 21.811461448669434,
  "gt_norm_q25": 15.35843276977539,
  "gt_norm_q75": 26.589324474334717,
  "clean_mse_mean": 0.004453448833828588,
  "clean_mse_ci95": 0.004138750341354504,
  "clean_mse_median": 0.001584171608556062,
  "clean_mse_q25": 0.0007427511736750603,
  "clean_mse_q75": 0.0028652401524595916,
  "adv_mse_mean": 0.16638597368068986,
  "adv_mse_ci95": 0.1758187930746848,
  "adv_mse_median": 0.016217706725001335,
  "adv_mse_q25": 0.005159352091141045,
  "adv_mse_q75": 0.08962754346430302,
  "mse_ratio_mean": 25.012387494337894,
  "mse_ratio_ci95": 7.312975175682776,
  "mse_ratio_median": 16.6930494032128,
  "mse_ratio_q25": 8.735202969996928,
  "mse_ratio_q75": 40.177560335038905,
  "clean_rel_l2_mean": 0.24415049888193607,
  "clean_rel_l2_ci95": 0.018848890434222484,
  "clean_rel_l2_median": 0.23167190700769424,
  "clean_rel_l2_q25": 0.20662584900856018,
  "clean_rel_l2_q75": 0.26333267241716385,
  "adv_rel_l2_mean": 1.0844983437564224,
  "adv_rel_l2_ci95": 0.24628754665761865,
  "adv_rel_l2_median": 0.9482565224170685,
  "adv_rel_l2_q25": 0.6598404943943024,
  "adv_rel_l2_q75": 1.4631029665470123,
  "rel_l2_ratio_mean": 4.377750038389733,
  "rel_l2_ratio_ci95": 0.8512702097562386,
  "rel_l2_ratio_median": 4.085693256204223,
  "rel_l2_ratio_q25": 2.9533122230112543,
  "rel_l2_ratio_q75": 6.338421543542452,
  "clean_psnr_mean": 24.511367167274067,
  "clean_psnr_ci95": 1.6473640121802762,
  "clean_psnr_median": 25.37684672396821,
  "clean_psnr_q25": 22.530596148184237,
  "clean_psnr_q75": 27.75955379846101,
  "adv_psnr_mean": 14.68980775543449,
  "adv_psnr_ci95": 3.846611790002411,
  "adv_psnr_median": 13.348077644590234,
  "adv_psnr_q25": 8.027844692259276,
  "adv_psnr_q75": 18.045167657096496,
  "clean_ssim_mean": 0.3030001932137156,
  "clean_ssim_ci95": 0.04288720229141535,
  "clean_ssim_median": 0.28665699894812574,
  "clean_ssim_q25": 0.22066142338624842,
  "clean_ssim_q75": 0.397863380420974,
  "adv_ssim_mean": 0.18780595565276975,
  "adv_ssim_ci95": 0.10914643840588989,
  "adv_ssim_median": 0.05253561675548691,
  "adv_ssim_q25": 0.01304028054208692,
  "adv_ssim_q75": 0.11503410487601975,
  "clean_mae_mean": 0.038348902511643246,
  "clean_mae_ci95": 0.012117006768557754,
  "clean_mae_median": 0.030673017725348473,
  "clean_mae_q25": 0.021119844168424606,
  "clean_mae_q75": 0.04119985271245241,
  "adv_mae_mean": 0.15331154848536244,
  "adv_mae_ci95": 0.07552340441509693,
  "adv_mae_median": 0.0730588361620903,
  "adv_mae_q25": 0.03989775292575359,
  "adv_mae_q75": 0.18229342624545097,
  "clean_nrmse_mean": 0.0709617083698891,
  "clean_nrmse_ci95": 0.01945791858513623,
  "clean_nrmse_median": 0.053846593627778744,
  "clean_nrmse_q25": 0.040940371276935866,
  "clean_nrmse_q75": 0.07477717260694475,
  "adv_nrmse_mean": 0.3423874847450389,
  "adv_nrmse_ci95": 0.14427430543991182,
  "adv_nrmse_median": 0.21513468208255818,
  "adv_nrmse_q25": 0.1257834623682264,
  "adv_nrmse_q75": 0.3968662478857259,
  "clean_max_err_mean": 0.23413449130021036,
  "clean_max_err_ci95": 0.07310233364745324,
  "clean_max_err_median": 0.18309850990772247,
  "clean_max_err_q25": 0.12438721396028996,
  "clean_max_err_q75": 0.24962687864899635,
  "adv_max_err_mean": 1.8875874448567629,
  "adv_max_err_ci95": 0.6335791381495612,
  "adv_max_err_median": 1.4261921048164368,
  "adv_max_err_q25": 0.7903014421463013,
  "adv_max_err_q75": 2.19769823551178,
  "clean_init_rel_l2_mean": 0.366861276794225,
  "clean_init_rel_l2_ci95": 0.03152444344214459,
  "clean_init_rel_l2_median": 0.36029042303562164,
  "clean_init_rel_l2_q25": 0.29334304481744766,
  "clean_init_rel_l2_q75": 0.40606728941202164,
  "adv_init_rel_l2_mean": 0.7243153997696936,
  "adv_init_rel_l2_ci95": 0.1372478678211402,
  "adv_init_rel_l2_median": 0.6595662236213684,
  "adv_init_rel_l2_q25": 0.4510034918785095,
  "adv_init_rel_l2_q75": 1.0108758211135864,
  "init_rel_l2_ratio_mean": 1.9080442016732524,
  "init_rel_l2_ratio_ci95": 0.32369213982865946,
  "init_rel_l2_ratio_median": 1.7870962461895374,
  "init_rel_l2_ratio_q25": 1.443243145704174,
  "init_rel_l2_ratio_q75": 2.305501515280945,
  "clean_init_psnr_mean": 21.024198357103216,
  "clean_init_psnr_ci95": 1.3133071014538316,
  "clean_init_psnr_median": 21.49619999182156,
  "clean_init_psnr_q25": 19.05544682365106,
  "clean_init_psnr_q75": 22.902154609085816,
  "adv_init_psnr_mean": 16.728379126931088,
  "adv_init_psnr_ci95": 2.788398195786794,
  "adv_init_psnr_median": 16.56630114031494,
  "adv_init_psnr_q25": 11.460449411330492,
  "adv_init_psnr_q75": 20.54359645249352,
  "clean_init_ssim_mean": 0.1743840809098594,
  "clean_init_ssim_ci95": 0.02923498627594725,
  "clean_init_ssim_median": 0.14508139024346195,
  "clean_init_ssim_q25": 0.11093792671430568,
  "clean_init_ssim_q75": 0.20026092482636282,
  "adv_init_ssim_mean": 0.16207223037248203,
  "adv_init_ssim_ci95": 0.07552960793009722,
  "adv_init_ssim_median": 0.06181790729931326,
  "adv_init_ssim_q25": 0.03698644572813496,
  "adv_init_ssim_q75": 0.12212914532149645,
  "clean_init_mae_mean": 0.05040182883385569,
  "clean_init_mae_ci95": 0.01268355232735942,
  "clean_init_mae_median": 0.042117148637771606,
  "clean_init_mae_q25": 0.02878977032378316,
  "clean_init_mae_q75": 0.057425303384661674,
  "adv_init_mae_mean": 0.11572670887107961,
  "adv_init_mae_ci95": 0.04676784099942351,
  "adv_init_mae_median": 0.06572157889604568,
  "adv_init_mae_q25": 0.037080489099025726,
  "adv_init_mae_q75": 0.14225920289754868,
  "pred_shift_rel_l2_mean": 1.0801313309930265,
  "pred_shift_rel_l2_ci95": 0.21881986921169355,
  "pred_shift_rel_l2_median": 0.9322916865348816,
  "pred_shift_rel_l2_q25": 0.6614609807729721,
  "pred_shift_rel_l2_q75": 1.422142207622528,
  "init_shift_rel_l2_mean": 0.7090305159799755,
  "init_shift_rel_l2_ci95": 0.12376534639051097,
  "init_shift_rel_l2_median": 0.6125202476978302,
  "init_shift_rel_l2_q25": 0.4465004578232765,
  "init_shift_rel_l2_q75": 0.9835916608572006,
  "delta_l2_mean": 29.260009109973907,
  "delta_l2_ci95": 9.772768315262356,
  "delta_l2_median": 23.548741340637207,
  "delta_l2_q25": 13.51064133644104,
  "delta_l2_q75": 31.828169345855713,
  "delta_linf_mean": 0.9877807246521115,
  "delta_linf_ci95": 0.3588603945277184,
  "delta_linf_median": 0.7724394798278809,
  "delta_linf_q25": 0.39650560915470123,
  "delta_linf_q75": 1.0522121489048004,
  "delta_mean_abs_mean": 0.10342858952935785,
  "delta_mean_abs_ci95": 0.035537042777358835,
  "delta_mean_abs_median": 0.06724570319056511,
  "delta_mean_abs_q25": 0.04851779993623495,
  "delta_mean_abs_q75": 0.11676832847297192,
  "delta_rel_l2_mean": 0.018796923502789723,
  "delta_rel_l2_ci95": 0.0011376563444153948,
  "delta_rel_l2_median": 0.020000009336920067,
  "delta_rel_l2_q25": 0.020000006394108195,
  "delta_rel_l2_q75": 0.020000011034930404,
  "success_rel_l2_mean": 0.8125,
  "success_rel_l2_ci95": 0.13740025707822126,
  "success_rel_l2_median": 1.0,
  "success_rel_l2_q25": 1.0,
  "success_rel_l2_q75": 1.0,
  "success_mse_mean": 0.84375,
  "success_mse_ci95": 0.12781803314389636,
  "success_mse_median": 1.0,
  "success_mse_q25": 1.0,
  "success_mse_q75": 1.0,
  "clean_e_ran_l2_mean": 6.334442708641291,
  "clean_e_ran_l2_ci95": 2.007376389065238,
  "clean_e_ran_l2_median": 5.092525482177734,
  "clean_e_ran_l2_q25": 3.4838529229164124,
  "clean_e_ran_l2_q75": 6.849535703659058,
  "clean_e_nul_l2_mean": 0.28933638241142035,
  "clean_e_nul_l2_ci95": 0.17233985822022604,
  "clean_e_nul_l2_median": 0.17317601293325424,
  "clean_e_nul_l2_q25": 0.10244953446090221,
  "clean_e_nul_l2_q75": 0.27917658537626266,
  "clean_e_ran_frac_mean": 0.99885144094247,
  "clean_e_ran_frac_ci95": 0.0005073744836312028,
  "clean_e_ran_frac_median": 0.9993391694944336,
  "clean_e_ran_frac_q25": 0.9987169389448404,
  "clean_e_ran_frac_q75": 0.9997495655142594,
  "clean_e_nul_frac_mean": 0.04157782436089539,