{
  "num_examples": 32,
  "gt_norm_mean": 23.754662096500397,
  "gt_norm_ci95": 4.601683904984259,
  "gt_norm_median": 21.811461448669434,
  "gt_norm_q25": 15.35843276977539,
  "gt_norm_q75": 26.589324474334717,
  "clean_mse_mean": 0.004453441717032547,
  "clean_mse_ci95": 0.004138750146390077,
  "clean_mse_median": 0.0015841678250581026,
  "clean_mse_q25": 0.0007427492819260806,
  "clean_mse_q75": 0.0028652380569837987,
  "adv_mse_mean": 0.0775019688589964,
  "adv_mse_ci95": 0.053530708907221766,
  "adv_mse_median": 0.03448684699833393,
  "adv_mse_q25": 0.016679775435477495,
  "adv_mse_q75": 0.061080845072865486,
  "mse_ratio_mean": 21.8070842912799,
  "mse_ratio_ci95": 0.6842242025767354,
  "mse_ratio_median": 21.91766066898319,
  "mse_ratio_q25": 21.609641449967555,
  "mse_ratio_q75": 22.554227595146077,
  "clean_rel_l2_mean": 0.24415005184710026,
  "clean_rel_l2_ci95": 0.01884897321699637,
  "clean_rel_l2_median": 0.23167148977518082,
  "clean_rel_l2_q25": 0.20662545040249825,
  "clean_rel_l2_q75": 0.2633325532078743,
  "adv_rel_l2_mean": 1.1308878511190414,
  "adv_rel_l2_ci95": 0.0714482292299552,
  "adv_rel_l2_median": 1.0901911854743958,
  "adv_rel_l2_q25": 0.9665126800537109,
  "adv_rel_l2_q75": 1.2430417239665985,
  "rel_l2_ratio_mean": 4.664116038245915,
  "rel_l2_ratio_ci95": 0.08112304883091606,
  "rel_l2_ratio_median": 4.6816297898553945,
  "rel_l2_ratio_q25": 4.64861447132555,
  "rel_l2_ratio_q75": 4.749128973668329,
  "clean_psnr_mean": 24.5113858621515,
  "clean_psnr_ci95": 1.6473686049456155,
  "clean_psnr_median": 25.37685260212451,
  "clean_psnr_q25": 22.530597582307305,
  "clean_psnr_q75": 27.759559073241228,
  "adv_psnr_mean": 11.148326561659134,
  "adv_psnr_ci95": 1.5630994408689343,
  "adv_psnr_median": 12.04266289845986,
  "adv_psnr_q25": 8.73274650763988,
  "adv_psnr_q75": 14.270752430315868,
  "clean_ssim_mean": 0.30300642705366987,
  "clean_ssim_ci95": 0.042889250114543025,
  "clean_ssim_median": 0.2866638459355211,
  "clean_ssim_q25": 0.22065746887108398,
  "clean_ssim_q75": 0.3978792015002333,
  "adv_ssim_mean": 0.06205665460010002,
  "adv_ssim_ci95": 0.0066352731715835465,
  "adv_ssim_median": 0.06191298740778644,
  "adv_ssim_q25": 0.053706647911530445,
  "adv_ssim_q75": 0.0703936064310825,
  "clean_mae_mean": 0.03834884357638657,
  "clean_mae_ci95": 0.01211702051397246,
  "clean_mae_median": 0.030672989785671234,
  "clean_mae_q25": 0.021119799464941025,
  "clean_mae_q75": 0.0411998825147748,
  "adv_mae_mean": 0.17312443908303976,
  "adv_mae_ci95": 0.045273951467811206,
  "adv_mae_median": 0.14448630809783936,
  "adv_mae_q25": 0.10046703368425369,
  "adv_mae_q75": 0.19182811304926872,
  "clean_nrmse_mean": 0.07096160796493729,
  "clean_nrmse_ci95": 0.01945792272188838,
  "clean_nrmse_median": 0.05384655858255381,
  "clean_nrmse_q25": 0.04094034839876492,
  "clean_nrmse_q75": 0.07477715749115066,
  "adv_nrmse_mean": 0.32139121384675023,
  "adv_nrmse_ci95": 0.07312018977159333,
  "adv_nrmse_median": 0.24995828760177044,
  "adv_nrmse_q25": 0.19350533953435256,
  "adv_nrmse_q75": 0.3659273332272701,
  "clean_max_err_mean": 0.23412739764899015,
  "clean_max_err_ci95": 0.07309513365336281,
  "clean_max_err_median": 0.18310946226119995,
  "clean_max_err_q25": 0.12439113669097424,
  "clean_max_err_q75": 0.24962924420833588,
  "adv_max_err_mean": 1.0838506910949945,
  "adv_max_err_ci95": 0.26919746045436377,
  "adv_max_err_median": 0.9266097843647003,
  "adv_max_err_q25": 0.6227816790342331,
  "adv_max_err_q75": 1.2253160774707794,
  "clean_init_rel_l2_mean": 0.366861276794225,
  "clean_init_rel_l2_ci95": 0.03152444344214459,
  "clean_init_rel_l2_median": 0.36029042303562164,
  "clean_init_rel_l2_q25": 0.29334304481744766,
  "clean_init_rel_l2_q75": 0.40606728941202164,
  "adv_init_rel_l2_mean": 1.160665586590767,
  "adv_init_rel_l2_ci95": 0.061281286140825425,
  "adv_init_rel_l2_median": 1.128963589668274,
  "adv_init_rel_l2_q25": 1.0334192216396332,
  "adv_init_rel_l2_q75": 1.2615031003952026,
  "init_rel_l2_ratio_mean": 3.3178190795611244,
  "init_rel_l2_ratio_ci95": 0.27253255996259546,
  "init_rel_l2_ratio_median": 3.263685231969185,
  "init_rel_l2_ratio_q25": 2.755913290536211,
  "init_rel_l2_ratio_q75": 3.978723606513815,
  "clean_init_psnr_mean": 21.024198357103216,
  "clean_init_psnr_ci95": 1.3133071014538316,
  "clean_init_psnr_median": 21.49619999182156,
  "clean_init_psnr_q25": 19.05544682365106,
  "clean_init_psnr_q75": 22.902154609085816,
  "adv_init_psnr_mean": 10.87936799195974,
  "adv_init_psnr_ci95": 1.4712335731424646,
  "adv_init_psnr_median": 11.818126890211,
  "adv_init_psnr_q25": 8.919917074867032,
  "adv_init_psnr_q75": 13.989884561317494,
  "clean_init_ssim_mean": 0.1743840809098594,
  "clean_init_ssim_ci95": 0.02923498627594725,
  "clean_init_ssim_median": 0.14508139024346195,
  "clean_init_ssim_q25": 0.11093792671430568,
  "clean_init_ssim_q75": 0.20026092482636282,
  "adv_init_ssim_mean": 0.049987847781667566,
  "adv_init_ssim_ci95": 0.006214395680090115,
  "adv_init_ssim_median": 0.042519988861242884,
  "adv_init_ssim_q25": 0.036699623106447934,
  "adv_init_ssim_q75": 0.06066839257876402,
  "clean_init_mae_mean": 0.05040182883385569,
  "clean_init_mae_ci95": 0.01268355232735942,
  "clean_init_mae_median": 0.042117148637771606,
  "clean_init_mae_q25": 0.02878977032378316,
  "clean_init_mae_q75": 0.057425303384661674,
  "adv_init_mae_mean": 0.17649880633689463,
  "adv_init_mae_ci95": 0.0442946441842814,
  "adv_init_mae_median": 0.14862120151519775,
  "adv_init_mae_q25": 0.10393000952899456,
  "adv_init_mae_q75": 0.19390252977609634,
  "pred_shift_rel_l2_mean": 0.9313057344406843,
  "pred_shift_rel_l2_ci95": 0.05049011592899622,
  "pred_shift_rel_l2_median": 0.9122801125049591,
  "pred_shift_rel_l2_q25": 0.8126641064882278,
  "pred_shift_rel_l2_q75": 1.0120315551757812,
  "init_shift_rel_l2_mean": 0.9561929162591696,
  "init_shift_rel_l2_ci95": 0.042815300093546935,
  "init_shift_rel_l2_median": 0.9406356811523438,
  "init_shift_rel_l2_q25": 0.8676921278238297,
  "init_shift_rel_l2_q75": 1.0345959663391113,
  "delta_l2_mean": 14.582938626408577,
  "delta_l2_ci95": 3.637411006855643,
  "delta_l2_median": 12.429502010345459,
  "delta_l2_q25": 8.545821905136108,
  "delta_l2_q75": 16.41875123977661,
  "delta_linf_mean": 0.3090539090335369,
  "delta_linf_ci95": 0.07942268905116692,
  "delta_linf_median": 0.27175629138946533,
  "delta_linf_q25": 0.15805862471461296,
  "delta_linf_q75": 0.3444374278187752,
  "delta_mean_abs_mean": 0.05661982233868912,
  "delta_mean_abs_ci95": 0.014039697477070678,
  "delta_mean_abs_median": 0.04845463111996651,
  "delta_mean_abs_q25": 0.03330598771572113,
  "delta_mean_abs_q75": 0.06395601481199265,
  "delta_rel_l2_mean": 0.009904523732774501,
  "delta_rel_l2_ci95": 0.00018714317846250654,
  "delta_rel_l2_median": 0.010000004679829186,
  "delta_rel_l2_q25": 0.010000003606878872,
  "delta_rel_l2_q75": 0.010000005761704745,
  "success_rel_l2_mean": 1.0,
  "success_rel_l2_ci95": 0.0,
  "success_rel_l2_median": 1.0,
  "success_rel_l2_q25": 1.0,
  "success_rel_l2_q75": 1.0,
  "success_mse_mean": 1.0,
  "success_mse_ci95": 0.0,
  "success_mse_median": 1.0,
  "success_mse_q25": 1.0,
  "success_mse_q75": 1.0,
  "clean_e_ran_l2_mean": 6.334442716091871,
  "clean_e_ran_l2_ci95": 2.00737639967829,
  "clean_e_ran_l2_median": 5.092525243759155,
  "clean_e_ran_l2_q25": 3.4838529229164124,
  "clean_e_ran_l2_q75": 6.849535822868347,
  "clean_e_nul_l2_mean": 0.28912967443466187,
  "clean_e_nul_l2_ci95": 0.1723402694212224,
  "clean_e_nul_l2_median": 0.17312441766262054,
  "clean_e_nul_l2_q25": 0.10232019983232021,
  "clean_e_nul_l2_q75": 0.2788988873362541,
  "clean_e_ran_frac_mean": 0.9988536010849962,
  "clean_e_ran_frac_ci95": 0.0005063965391630727,
  "clean_e_ran_frac_median": 0.9993413418865245,
  "clean_e_ran_frac_q25": 0.9987218643406602,
  "clean_e_ran_frac_q75": 0.9997500017740217,
  "clean_e_nul_frac_mean": 0.04153508862501319,
  "clean_e_nul_frac_ci95": 0.008362025448692474,