{
  "num_examples": 32,
  "gt_norm_mean": 23.754662096500397,
  "gt_norm_ci95": 4.601683904984259,
  "gt_norm_median": 21.811461448669434,
  "gt_norm_q25": 15.35843276977539,
  "gt_norm_q75": 26.589324474334717,
  "clean_mse_mean": 0.004453448833828588,
  "clean_mse_ci95": 0.004138750341354504,
  "clean_mse_median": 0.001584171608556062,
  "clean_mse_q25": 0.0007427511736750603,
  "clean_mse_q75": 0.0028652401524595916,
  "adv_mse_mean": 0.06005562666592823,
  "adv_mse_ci95": 0.07566445310408164,
  "adv_mse_median": 0.0040768813341856,
  "adv_mse_q25": 0.0008834273903630674,
  "adv_mse_q75": 0.01351969433017075,
  "mse_ratio_mean": 5.733088253053904,
  "mse_ratio_ci95": 2.0404201564282713,
  "mse_ratio_median": 4.333795122177557,
  "mse_ratio_q25": 1.0528514567528329,
  "mse_ratio_q75": 6.4448487927257165,
  "clean_rel_l2_mean": 0.24415049888193607,
  "clean_rel_l2_ci95": 0.018848890434222484,
  "clean_rel_l2_median": 0.23167190700769424,
  "clean_rel_l2_q25": 0.20662584900856018,
  "clean_rel_l2_q75": 0.26333267241716385,
  "adv_rel_l2_mean": 0.5187800506828353,
  "adv_rel_l2_ci95": 0.14421522635419282,
  "adv_rel_l2_median": 0.48116546869277954,
  "adv_rel_l2_q25": 0.2389354631304741,
  "adv_rel_l2_q75": 0.5660384744405746,
  "rel_l2_ratio_mean": 2.043203859570797,
  "rel_l2_ratio_ci95": 0.4394561541307148,
  "rel_l2_ratio_median": 2.081775474875661,
  "rel_l2_ratio_q25": 1.0157459165042635,
  "rel_l2_ratio_q75": 2.5384412694897174,
  "clean_psnr_mean": 24.511367167274067,
  "clean_psnr_ci95": 1.6473640121802762,
  "clean_psnr_median": 25.37684672396821,
  "clean_psnr_q25": 22.530596148184237,
  "clean_psnr_q75": 27.75955379846101,
  "adv_psnr_mean": 21.017135568378873,
  "adv_psnr_ci95": 3.572860175434492,
  "adv_psnr_median": 19.749748826329693,
  "adv_psnr_q25": 17.313217833927737,
  "adv_psnr_q75": 25.387681234942335,
  "clean_ssim_mean": 0.3030001932137156,
  "clean_ssim_ci95": 0.04288720229141535,
  "clean_ssim_median": 0.28665699894812574,
  "clean_ssim_q25": 0.22066142338624842,
  "clean_ssim_q75": 0.397863380420974,
  "adv_ssim_mean": 0.3081806129786704,
  "adv_ssim_ci95": 0.11831279768766419,
  "adv_ssim_median": 0.1427295980791605,
  "adv_ssim_q25": 0.10220912500714512,
  "adv_ssim_q75": 0.36810413930892927,
  "clean_mae_mean": 0.038348902511643246,
  "clean_mae_ci95": 0.012117006768557754,
  "clean_mae_median": 0.030673017725348473,
  "clean_mae_q25": 0.021119844168424606,
  "clean_mae_q75": 0.04119985271245241,
  "adv_mae_mean": 0.07933689712444902,
  "adv_mae_ci95": 0.04913332761939965,
  "adv_mae_median": 0.03682317957282066,
  "adv_mae_q25": 0.01579634565860033,
  "adv_mae_q75": 0.0698128305375576,
  "clean_nrmse_mean": 0.0709617083698891,
  "clean_nrmse_ci95": 0.01945791858513623,
  "clean_nrmse_median": 0.053846593627778744,
  "clean_nrmse_q25": 0.040940371276935866,
  "clean_nrmse_q75": 0.07477717260694475,
  "adv_nrmse_mean": 0.17495020668637548,
  "adv_nrmse_ci95": 0.09222680068974115,
  "adv_nrmse_median": 0.10292332365220822,
  "adv_nrmse_q25": 0.05450570147945695,
  "adv_nrmse_q75": 0.13625205329219509,
  "clean_max_err_mean": 0.23413449130021036,
  "clean_max_err_ci95": 0.07310233364745324,
  "clean_max_err_median": 0.18309850990772247,
  "clean_max_err_q25": 0.12438721396028996,
  "clean_max_err_q75": 0.24962687864899635,
  "adv_max_err_mean": 1.0873842565342784,
  "adv_max_err_ci95": 0.42830964665869087,
  "adv_max_err_median": 0.7145229578018188,
  "adv_max_err_q25": 0.5520397275686264,
  "adv_max_err_q75": 1.0498209297657013,
  "clean_init_rel_l2_mean": 0.366861276794225,
  "clean_init_rel_l2_ci95": 0.03152444344214459,
  "clean_init_rel_l2_median": 0.36029042303562164,
  "clean_init_rel_l2_q25": 0.29334304481744766,
  "clean_init_rel_l2_q75": 0.40606728941202164,
  "adv_init_rel_l2_mean": 0.4204904732760042,
  "adv_init_rel_l2_ci95": 0.0748046793332893,
  "adv_init_rel_l2_median": 0.4122542291879654,
  "adv_init_rel_l2_q25": 0.23461339995265007,
  "adv_init_rel_l2_q75": 0.500214084982872,
  "init_rel_l2_ratio_mean": 1.1003347743205882,
  "init_rel_l2_ratio_ci95": 0.1547740465152226,
  "init_rel_l2_ratio_median": 1.1245905380846977,
  "init_rel_l2_ratio_q25": 0.8268165938845824,
  "init_rel_l2_ratio_q75": 1.1948173226561758,
  "clean_init_psnr_mean": 21.024198357103216,
  "clean_init_psnr_ci95": 1.3133071014538316,
  "clean_init_psnr_median": 21.49619999182156,
  "clean_init_psnr_q25": 19.05544682365106,
  "clean_init_psnr_q75": 22.902154609085816,
  "adv_init_psnr_mean": 20.954329368308834,
  "adv_init_psnr_ci95": 2.368968684330487,
  "adv_init_psnr_median": 20.798031139169645,
  "adv_init_psnr_q25": 18.360875475118824,
  "adv_init_psnr_q75": 25.8810930054729,
  "clean_init_ssim_mean": 0.1743840809098594,
  "clean_init_ssim_ci95": 0.02923498627594725,
  "clean_init_ssim_median": 0.14508139024346195,
  "clean_init_ssim_q25": 0.11093792671430568,
  "clean_init_ssim_q75": 0.20026092482636282,
  "adv_init_ssim_mean": 0.24897683643499902,
  "adv_init_ssim_ci95": 0.08297524589318485,
  "adv_init_ssim_median": 0.12774762452094668,
  "adv_init_ssim_q25": 0.08951512823182645,
  "adv_init_ssim_q75": 0.30687998671719857,
  "clean_init_mae_mean": 0.05040182883385569,
  "clean_init_mae_ci95": 0.01268355232735942,
  "clean_init_mae_median": 0.042117148637771606,
  "clean_init_mae_q25": 0.02878977032378316,
  "clean_init_mae_q75": 0.057425303384661674,
  "adv_init_mae_mean": 0.06378540920559317,
  "adv_init_mae_ci95": 0.0276364564355849,
  "adv_init_mae_median": 0.04097918048501015,
  "adv_init_mae_q25": 0.019125349819660187,
  "adv_init_mae_q75": 0.0687703937292099,
  "pred_shift_rel_l2_mean": 0.5448273168876767,
  "pred_shift_rel_l2_ci95": 0.11980445543800079,
  "pred_shift_rel_l2_median": 0.4789484292268753,
  "pred_shift_rel_l2_q25": 0.3187093660235405,
  "pred_shift_rel_l2_q75": 0.5617327839136124,
  "init_shift_rel_l2_mean": 0.3688852949999273,
  "init_shift_rel_l2_ci95": 0.05385197098513634,
  "init_shift_rel_l2_median": 0.32804612815380096,
  "init_shift_rel_l2_q25": 0.28458572924137115,
  "init_shift_rel_l2_q75": 0.39035025238990784,
  "delta_l2_mean": 15.264011040329933,
  "delta_l2_ci95": 4.790571616248148,
  "delta_l2_median": 12.429502010345459,
  "delta_l2_q25": 8.382028102874756,
  "delta_l2_q75": 15.914084672927856,
  "delta_linf_mean": 0.5325071630068123,
  "delta_linf_ci95": 0.1851816787186786,
  "delta_linf_median": 0.4025924503803253,
  "delta_linf_q25": 0.252119779586792,
  "delta_linf_q75": 0.5988565385341644,
  "delta_mean_abs_mean": 0.05344833858544007,
  "delta_mean_abs_ci95": 0.017873497290304578,
  "delta_mean_abs_median": 0.038838379085063934,
  "delta_mean_abs_q25": 0.02696825796738267,
  "delta_mean_abs_q75": 0.056775305420160294,
  "delta_rel_l2_mean": 0.009939083764270842,
  "delta_rel_l2_ci95": 8.504979852957493e-05,
  "delta_rel_l2_median": 0.010000004840567168,
  "delta_rel_l2_q25": 0.010000002985399756,
  "delta_rel_l2_q75": 0.01000000566739577,
  "success_rel_l2_mean": 0.71875,
  "success_rel_l2_ci95": 0.1582743063430925,
  "success_rel_l2_median": 1.0,
  "success_rel_l2_q25": 0.0,
  "success_rel_l2_q75": 1.0,
  "success_mse_mean": 0.71875,
  "success_mse_ci95": 0.1582743063430925,
  "success_mse_median": 1.0,
  "success_mse_q25": 0.0,
  "success_mse_q75": 1.0,
  "clean_e_ran_l2_mean": 6.334442708641291,
  "clean_e_ran_l2_ci95": 2.007376389065238,
  "clean_e_ran_l2_median": 5.092525482177734,
  "clean_e_ran_l2_q25": 3.4838529229164124,
  "clean_e_ran_l2_q75": 6.849535703659058,
  "clean_e_nul_l2_mean": 0.28933638241142035,
  "clean_e_nul_l2_ci95": 0.17233985822022604,
  "clean_e_nul_l2_median": 0.17317601293325424,
  "clean_e_nul_l2_q25": 0.10244953446090221,
  "clean_e_nul_l2_q75": 0.27917658537626266,
  "clean_e_ran_frac_mean": 0.99885144094247,
  "clean_e_ran_frac_ci95": 0.0005073744836312028,
  "clean_e_ran_frac_median": 0.9993391694944336,
  "clean_e_ran_frac_q25": 0.9987169389448404,
  "clean_e_ran_frac_q75": 0.9997495655142594,
  "clean_e_nul_frac_mean": 0.04157782436089539,