{
  "num_examples": 32,
  "gt_norm_mean": 21.939702212810516,
  "gt_norm_ci95": 3.9247519621992337,
  "gt_norm_median": 20.571069717407227,
  "gt_norm_q25": 14.864426374435425,
  "gt_norm_q75": 25.995609283447266,
  "clean_mse_mean": 0.012489894186728634,
  "clean_mse_ci95": 0.008646799125557776,
  "clean_mse_median": 0.005611394997686148,
  "clean_mse_q25": 0.002593012584839016,
  "clean_mse_q75": 0.012176325311884284,
  "adv_mse_mean": 0.1475432370134513,
  "adv_mse_ci95": 0.1000497408535695,
  "adv_mse_median": 0.06711099296808243,
  "adv_mse_q25": 0.030607711989432573,
  "adv_mse_q75": 0.15036382153630257,
  "mse_ratio_mean": 11.339434992677347,
  "mse_ratio_ci95": 0.6784087465093418,
  "mse_ratio_median": 11.54989593759487,
  "mse_ratio_q25": 10.327263902357984,
  "mse_ratio_q75": 12.829743690038454,
  "clean_rel_l2_mean": 0.49675575736910105,
  "clean_rel_l2_ci95": 0.029992169105078247,
  "clean_rel_l2_median": 0.4736618548631668,
  "clean_rel_l2_q25": 0.4383295252919197,
  "clean_rel_l2_q75": 0.545915350317955,
  "adv_rel_l2_mean": 1.6750019080936909,
  "adv_rel_l2_ci95": 0.12731288254221118,
  "adv_rel_l2_median": 1.619013249874115,
  "adv_rel_l2_q25": 1.4532054960727692,
  "adv_rel_l2_q75": 1.9805280566215515,
  "rel_l2_ratio_mean": 3.3537834466966405,
  "rel_l2_ratio_ci95": 0.10652533606675557,
  "rel_l2_ratio_median": 3.3984902609953496,
  "rel_l2_ratio_q25": 3.2136059030569455,
  "rel_l2_ratio_q75": 3.5818625471303243,
  "clean_psnr_mean": 18.317877293833536,
  "clean_psnr_ci95": 1.4130127544769702,
  "clean_psnr_median": 18.943971967933134,
  "clean_psnr_q25": 15.254707800149957,
  "clean_psnr_q75": 21.06507564402597,
  "adv_psnr_mean": 7.845704058871932,
  "adv_psnr_ci95": 1.549546238954333,
  "adv_psnr_median": 8.678180541152969,
  "adv_psnr_q25": 3.9382437173197085,
  "adv_psnr_q75": 11.186984206202386,
  "clean_ssim_mean": 0.13311747625100523,
  "clean_ssim_ci95": 0.014336500698712597,
  "clean_ssim_median": 0.130721432340678,
  "clean_ssim_q25": 0.09961181380443576,
  "clean_ssim_q75": 0.15195746509134372,
  "adv_ssim_mean": 0.020275737973605254,
  "adv_ssim_ci95": 0.004446039262076905,
  "adv_ssim_median": 0.02026412071392303,
  "adv_ssim_q25": 0.008910584969407082,
  "adv_ssim_q75": 0.02911362331099431,
  "clean_mae_mean": 0.07004449452506378,
  "clean_mae_ci95": 0.017880978263907606,
  "clean_mae_median": 0.058120282366871834,
  "clean_mae_q25": 0.03941717278212309,
  "clean_mae_q75": 0.08488917723298073,
  "adv_mae_mean": 0.22268899553455412,
  "adv_mae_ci95": 0.05640537577952415,
  "adv_mae_median": 0.1936921924352646,
  "adv_mae_q25": 0.13315247744321823,
  "adv_mae_q75": 0.26693467795848846,
  "clean_nrmse_mean": 0.13703168557385273,
  "clean_nrmse_ci95": 0.028060961518899957,
  "clean_nrmse_median": 0.1129295861754557,
  "clean_nrmse_q25": 0.08847313323804548,
  "clean_nrmse_q75": 0.1726907136835969,
  "adv_nrmse_mean": 0.46617663562398415,
  "adv_nrmse_ci95": 0.09838697950744774,
  "adv_nrmse_median": 0.368235377884059,
  "adv_nrmse_q25": 0.27583617377417513,
  "adv_nrmse_q75": 0.6354645270152791,
  "clean_max_err_mean": 0.4223327918443829,
  "clean_max_err_ci95": 0.10558955125708926,
  "clean_max_err_median": 0.3407019376754761,
  "clean_max_err_q25": 0.24020782485604286,
  "clean_max_err_q75": 0.5068585127592087,
  "adv_max_err_mean": 2.018442276865244,
  "adv_max_err_ci95": 0.4974611383493603,
  "adv_max_err_median": 1.7712960243225098,
  "adv_max_err_q25": 1.0207217633724213,
  "adv_max_err_q75": 2.440497100353241,
  "clean_init_rel_l2_mean": 0.5536772310733795,
  "clean_init_rel_l2_ci95": 0.02506772902256389,
  "clean_init_rel_l2_median": 0.5395685136318207,
  "clean_init_rel_l2_q25": 0.5074928402900696,
  "clean_init_rel_l2_q75": 0.5876893401145935,
  "adv_init_rel_l2_mean": 1.4198808185756207,
  "adv_init_rel_l2_ci95": 0.06783032674032195,
  "adv_init_rel_l2_median": 1.422559678554535,
  "adv_init_rel_l2_q25": 1.3088940680027008,
  "adv_init_rel_l2_q75": 1.5625344514846802,
  "init_rel_l2_ratio_mean": 2.5867576826545986,
  "init_rel_l2_ratio_ci95": 0.12716782614969435,
  "init_rel_l2_ratio_median": 2.601707822365273,
  "init_rel_l2_ratio_q25": 2.30801284601043,
  "init_rel_l2_ratio_q75": 2.88398493009723,
  "clean_init_psnr_mean": 17.32811655528948,
  "clean_init_psnr_ci95": 1.277972040417629,
  "clean_init_psnr_median": 18.486651408331085,
  "clean_init_psnr_q25": 14.726242622631924,
  "clean_init_psnr_q75": 19.917953138892184,
  "adv_init_psnr_mean": 9.162862736673905,
  "adv_init_psnr_ci95": 1.2503477450271085,
  "adv_init_psnr_median": 9.40258055885172,
  "adv_init_psnr_q25": 6.643587551023106,
  "adv_init_psnr_q75": 11.80413484403083,
  "clean_init_ssim_mean": 0.089813785677639,
  "clean_init_ssim_ci95": 0.011960331601667429,
  "clean_init_ssim_median": 0.0773485782316394,
  "clean_init_ssim_q25": 0.06890477600312231,
  "clean_init_ssim_q75": 0.09774976727847494,
  "adv_init_ssim_mean": 0.035587796883590275,
  "adv_init_ssim_ci95": 0.0030324631542397226,
  "adv_init_ssim_median": 0.03242101138527661,
  "adv_init_ssim_q25": 0.029929385894787875,
  "adv_init_ssim_q75": 0.04056315809483315,
  "clean_init_mae_mean": 0.07636199059197679,
  "clean_init_mae_ci95": 0.018004814122315953,
  "clean_init_mae_median": 0.06415321677923203,
  "clean_init_mae_q25": 0.04510226845741272,
  "clean_init_mae_q75": 0.09492911025881767,
  "adv_init_mae_mean": 0.19520765775814652,
  "adv_init_mae_ci95": 0.044621710257658556,
  "adv_init_mae_median": 0.1788458526134491,
  "adv_init_mae_q25": 0.12700967490673065,
  "adv_init_mae_q75": 0.2201555222272873,
  "pred_shift_rel_l2_mean": 1.423530399799347,
  "pred_shift_rel_l2_ci95": 0.09439873749410073,
  "pred_shift_rel_l2_median": 1.403511881828308,
  "pred_shift_rel_l2_q25": 1.2682895958423615,
  "pred_shift_rel_l2_q75": 1.6568068265914917,
  "init_shift_rel_l2_mean": 1.195384407415986,
  "init_shift_rel_l2_ci95": 0.04827894231011822,
  "init_shift_rel_l2_median": 1.2232168316841125,
  "init_shift_rel_l2_q25": 1.1393221020698547,
  "init_shift_rel_l2_q75": 1.2766932249069214,
  "delta_l2_mean": 28.157432049512863,
  "delta_l2_ci95": 7.142410619023947,
  "delta_l2_median": 23.61250591278076,
  "delta_l2_q25": 15.976580142974854,
  "delta_l2_q75": 33.65464401245117,
  "delta_linf_mean": 0.9828113177791238,
  "delta_linf_ci95": 0.2568719540610941,
  "delta_linf_median": 0.7196915149688721,
  "delta_linf_q25": 0.537691593170166,
  "delta_linf_q75": 1.2649609446525574,
  "delta_mean_abs_mean": 0.10285027214558795,
  "delta_mean_abs_ci95": 0.025874107453094985,
  "delta_mean_abs_median": 0.08655549585819244,
  "delta_mean_abs_q25": 0.058638726361095905,
  "delta_mean_abs_q75": 0.12438644468784332,
  "delta_rel_l2_mean": 0.020000005826373297,
  "delta_rel_l2_ci95": 8.37845386298597e-10,
  "delta_rel_l2_median": 0.02000000566611112,
  "delta_rel_l2_q25": 0.020000004218235917,
  "delta_rel_l2_q75": 0.020000007100633443,
  "success_rel_l2_mean": 1.0,
  "success_rel_l2_ci95": 0.0,
  "success_rel_l2_median": 1.0,
  "success_rel_l2_q25": 1.0,
  "success_rel_l2_q75": 1.0,
  "success_mse_mean": 1.0,
  "success_mse_ci95": 0.0,
  "success_mse_median": 1.0,
  "success_mse_q25": 1.0,
  "success_mse_q75": 1.0,
  "clean_e_ran_l2_mean": 11.585059136152267,
  "clean_e_ran_l2_ci95": 2.9522027683146335,
  "clean_e_ran_l2_median": 9.58735990524292,
  "clean_e_ran_l2_q25": 6.517334222793579,
  "clean_e_ran_l2_q75": 14.115809202194214,
  "clean_e_nul_l2_mean": 0.1760684965411201,
  "clean_e_nul_l2_ci95": 0.08595035851411344,
  "clean_e_nul_l2_median": 0.12069869413971901,
  "clean_e_nul_l2_q25": 0.06746348924934864,
  "clean_e_nul_l2_q75": 0.158787090331316,
  "clean_e_ran_frac_mean": 0.9998980434856173,
  "clean_e_ran_frac_ci95": 3.5726665437752443e-05,
  "clean_e_ran_frac_median": 0.9999294756912683,
  "clean_e_ran_frac_q25": 0.9999068523086194,
  "clean_e_ran_frac_q75": 0.9999487736014766,
  "clean_e_nul_frac_mean": 0.013215718040903053,
  "clean_e_nul_frac_ci95": 0.0019023836866113755,