{
  "num_examples": 32,
  "gt_norm_mean": 19.554032936692238,
  "gt_norm_ci95": 3.175656556464896,
  "gt_norm_median": 19.43148136138916,
  "gt_norm_q25": 13.664082050323486,
  "gt_norm_q75": 22.861806869506836,
  "clean_mse_mean": 0.0010473749416632927,
  "clean_mse_ci95": 0.000298399623242184,
  "clean_mse_median": 0.0009859981655608863,
  "clean_mse_q25": 0.00040942976193036884,
  "clean_mse_q75": 0.0013247384340502322,
  "adv_mse_mean": 0.001047342780566396,
  "adv_mse_ci95": 0.00029836701245386954,
  "adv_mse_median": 0.0009860364953055978,
  "adv_mse_q25": 0.00040944955981103703,
  "adv_mse_q75": 0.0013248178292997181,
  "mse_ratio_mean": 0.9999999696322388,
  "mse_ratio_ci95": 2.0892828639187397e-05,
  "mse_ratio_median": 1.0000060084176352,
  "mse_ratio_q25": 0.9999767510223249,
  "mse_ratio_q75": 1.0000296620334646,
  "clean_rel_l2_mean": 0.19651426142081618,
  "clean_rel_l2_ci95": 0.009461751545814934,
  "clean_rel_l2_median": 0.2037706971168518,
  "clean_rel_l2_q25": 0.18412325903773308,
  "clean_rel_l2_q75": 0.21153900027275085,
  "adv_rel_l2_mean": 0.19651429844088852,
  "adv_rel_l2_ci95": 0.009461932959459901,
  "adv_rel_l2_median": 0.20377469062805176,
  "adv_rel_l2_q25": 0.18412074074149132,
  "adv_rel_l2_q75": 0.21153762191534042,
  "rel_l2_ratio_mean": 0.9999999752193174,
  "rel_l2_ratio_ci95": 1.044727413387943e-05,
  "rel_l2_ratio_median": 1.0000029500957326,
  "rel_l2_ratio_q25": 0.999988306975528,
  "rel_l2_ratio_q75": 1.0000148130676232,
  "clean_psnr_mean": 27.11650159966115,
  "clean_psnr_ci95": 0.62559645573846,
  "clean_psnr_median": 27.185794698910463,
  "clean_psnr_q25": 26.167428607357007,
  "clean_psnr_q75": 28.41095740100944,
  "adv_psnr_mean": 27.116501806662775,
  "adv_psnr_ci95": 0.6255482720932851,
  "adv_psnr_median": 27.18569878561982,
  "adv_psnr_q25": 26.16738802343953,
  "adv_psnr_q75": 28.411028772398573,
  "clean_ssim_mean": 0.5808751430833394,
  "clean_ssim_ci95": 0.035447806276140366,
  "clean_ssim_median": 0.5748355816036563,
  "clean_ssim_q25": 0.5349292381303041,
  "clean_ssim_q75": 0.6400110125218205,
  "adv_ssim_mean": 0.5808522223552763,
  "adv_ssim_ci95": 0.035456147070672475,
  "adv_ssim_median": 0.5747783966282971,
  "adv_ssim_q25": 0.5349247897574856,
  "adv_ssim_q75": 0.6400153837948339,
  "pred_shift_rel_l2_mean": 0.0004681009868363617,
  "pred_shift_rel_l2_ci95": 3.376118260317365e-05,
  "pred_shift_rel_l2_median": 0.00046998118341434747,
  "pred_shift_rel_l2_q25": 0.0004117757562198676,
  "pred_shift_rel_l2_q75": 0.0005404823023127392,
  "init_shift_rel_l2_mean": 0.0005415817022367264,
  "init_shift_rel_l2_ci95": 6.933543765037132e-05,
  "init_shift_rel_l2_median": 0.0005229327653069049,
  "init_shift_rel_l2_q25": 0.00041480368963675573,
  "init_shift_rel_l2_q75": 0.0006094790733186528,
  "delta_l2_mean": 0.0001755408620738308,
  "delta_l2_ci95": 7.315609505975929e-07,
  "delta_l2_median": 0.00017558053514221683,
  "delta_l2_q25": 0.00017388284322805703,
  "delta_l2_q75": 0.00017629558715270832,
  "delta_linf_mean": 6.258342182263732e-06,
  "delta_linf_ci95": 1.9880871747981756e-07,
  "delta_linf_median": 6.172806024551392e-06,
  "delta_linf_q25": 5.736015737056732e-06,
  "delta_linf_q75": 6.3963234424591064e-06,
  "delta_mean_abs_mean": 5.548595822801872e-07,
  "delta_mean_abs_ci95": 7.141320363313699e-09,
  "delta_mean_abs_median": 5.611494771073922e-07,
  "delta_mean_abs_q25": 5.551442825435515e-07,
  "delta_mean_abs_q75": 5.641258553623629e-07,
  "delta_rel_l2_mean": 2.1031258053154591e-07,
  "delta_rel_l2_ci95": 4.445037150175977e-08,
  "delta_rel_l2_median": 1.664426298351694e-07,
  "delta_rel_l2_q25": 1.3687020469192677e-07,
  "delta_rel_l2_q75": 2.2870272196572894e-07,
  "success_rel_l2_mean": 0.0,
  "success_rel_l2_ci95": 0.0,
  "success_rel_l2_median": 0.0,
  "success_rel_l2_q25": 0.0,
  "success_rel_l2_q75": 0.0,
  "success_mse_mean": 0.0,
  "success_mse_ci95": 0.0,
  "success_mse_median": 0.0,
  "success_mse_q25": 0.0,
  "success_mse_q75": 0.0,
  "clean_e_ran_l2_mean": 3.581054288893938,
  "clean_e_ran_l2_ci95": 0.5597162650436259,
  "clean_e_ran_l2_median": 3.7805742025375366,
  "clean_e_ran_l2_q25": 2.448037326335907,
  "clean_e_ran_l2_q75": 4.389663934707642,
  "clean_e_nul_l2_mean": 1.2661130167543888,
  "clean_e_nul_l2_ci95": 0.15944514679865482,
  "clean_e_nul_l2_median": 1.3051055073738098,
  "clean_e_nul_l2_q25": 0.8412877023220062,
  "clean_e_nul_l2_q75": 1.5810065269470215,
  "clean_e_ran_frac_mean": 0.9334280076694154,
  "clean_e_ran_frac_ci95": 0.011186896218214375,
  "clean_e_ran_frac_median": 0.9430181291629689,
  "clean_e_ran_frac_q25": 0.9303964967360996,
  "clean_e_ran_frac_q75": 0.9519808260731213,
  "clean_e_nul_frac_mean": 0.3506647956885295,
  "clean_e_nul_frac_ci95": 0.024227145567034886,
  "clean_e_nul_frac_median": 0.3327406824531412,
  "clean_e_nul_frac_q25": 0.30615528481501153,
  "clean_e_nul_frac_q75": 0.366551534370289,
  "adv_e_ran_l2_mean": 3.581017106771469,
  "adv_e_ran_l2_ci95": 0.5596864251911097,
  "adv_e_ran_l2_median": 3.780616044998169,
  "adv_e_ran_l2_q25": 2.4480910301208496,
  "adv_e_ran_l2_q75": 4.389623284339905,
  "adv_e_nul_l2_mean": 1.2661239756271243,
  "adv_e_nul_l2_ci95": 0.15943785482338,
  "adv_e_nul_l2_median": 1.3051020503044128,
  "adv_e_nul_l2_q25": 0.8413385599851608,
  "adv_e_nul_l2_q75": 1.5809613466262817,
  "adv_e_ran_frac_mean": 0.933424100883471,
  "adv_e_ran_frac_ci95": 0.01118977950713251,
  "adv_e_ran_frac_median": 0.94301531120718,
  "adv_e_ran_frac_q25": 0.9304052390563036,
  "adv_e_ran_frac_q75": 0.9519792141201653,
  "adv_e_nul_frac_mean": 0.35067204709307376,
  "adv_e_nul_frac_ci95": 0.024231554279054178,
  "adv_e_nul_frac_median": 0.33274882952639767,
  "adv_e_nul_frac_q25": 0.30615991126556735,
  "adv_e_nul_frac_q75": 0.36652938257793216,
  "attack_runtime_total_sec": 4069.8432683721185,
  "attack_runtime_per_example_sec": 127.1826021366287,
  "model_name": "nsn",
  "attack_name": "adam",
  "norm": "l2",
  "eps": 0.02,
  "eps_actual": 25.538500640136718,
  "eps_budget_mode": "per_sample_l2",
  "attack_init_mode": "exact",
  "eval_init_mode": "exact"
}