{
  "num_examples": 32,
  "gt_norm_mean": 22.48570889234543,
  "gt_norm_ci95": 3.7267142366218637,
  "gt_norm_median": 20.150904655456543,
  "gt_norm_q25": 16.28321075439453,
  "gt_norm_q75": 23.551395893096924,
  "clean_mse_mean": 0.07503052800893784,
  "clean_mse_ci95": 0.04452974944610082,
  "clean_mse_median": 0.032751645892858505,
  "clean_mse_q25": 0.02012743568047881,
  "clean_mse_q75": 0.06278177816420794,
  "adv_mse_mean": 0.10740817722398788,
  "adv_mse_ci95": 0.07028787463478173,
  "adv_mse_median": 0.03889237903058529,
  "adv_mse_q25": 0.02821142040193081,
  "adv_mse_q75": 0.09023337811231613,
  "mse_ratio_mean": 1.3355077577638865,
  "mse_ratio_ci95": 0.0425302184494428,
  "mse_ratio_median": 1.3064996554885233,
  "mse_ratio_q25": 1.277692865271129,
  "mse_ratio_q75": 1.388474045037738,
  "clean_rel_l2_mean": 1.2561786845326424,
  "clean_rel_l2_ci95": 0.0640374882603003,
  "clean_rel_l2_median": 1.225469172000885,
  "clean_rel_l2_q25": 1.1104506850242615,
  "clean_rel_l2_q75": 1.3366803526878357,
  "adv_rel_l2_mean": 1.4546050429344177,
  "adv_rel_l2_ci95": 0.08945779044921448,
  "adv_rel_l2_median": 1.390624761581421,
  "adv_rel_l2_q25": 1.2539072632789612,
  "adv_rel_l2_q75": 1.5459721684455872,
  "rel_l2_ratio_mean": 1.1544908209005278,
  "rel_l2_ratio_ci95": 0.018151294718616002,
  "rel_l2_ratio_median": 1.1430212652530556,
  "rel_l2_ratio_q25": 1.1303505505588956,
  "rel_l2_ratio_q75": 1.178334150581662,
  "clean_psnr_mean": 10.117933035592303,
  "clean_psnr_ci95": 1.2892230908580953,
  "clean_psnr_median": 10.279858860575006,
  "clean_psnr_q25": 7.8088903407529555,
  "clean_psnr_q75": 13.257571736939362,
  "adv_psnr_mean": 8.87864924663327,
  "adv_psnr_ci95": 1.358862642139476,
  "adv_psnr_median": 9.269481190602326,
  "adv_psnr_q25": 6.5744427007939645,
  "adv_psnr_q75": 12.140594660749592,
  "clean_ssim_mean": 0.05790533329115139,
  "clean_ssim_ci95": 0.002717853425959544,
  "clean_ssim_median": 0.05736918270219406,
  "clean_ssim_q25": 0.05401710889742473,
  "clean_ssim_q75": 0.06294109070401308,
  "adv_ssim_mean": 0.03515862853148518,
  "adv_ssim_ci95": 0.004046575695466493,
  "adv_ssim_median": 0.037373852077740514,
  "adv_ssim_q25": 0.029959725242033285,
  "adv_ssim_q75": 0.04310777353010698,
  "clean_mae_mean": 0.17822798434644938,
  "clean_mae_ci95": 0.040403309387756235,
  "clean_mae_median": 0.14010406285524368,
  "clean_mae_q25": 0.1092972420156002,
  "clean_mae_q75": 0.19400688633322716,
  "adv_mae_mean": 0.20970048545859754,
  "adv_mae_ci95": 0.05149288364280674,
  "adv_mae_median": 0.15306975692510605,
  "adv_mae_q25": 0.13048642128705978,
  "adv_mae_q75": 0.23856140300631523,
  "clean_nrmse_mean": 0.3428332367782697,
  "clean_nrmse_ci95": 0.056964340478248,
  "clean_nrmse_median": 0.30678963326641207,
  "clean_nrmse_q25": 0.21733336954794127,
  "clean_nrmse_q75": 0.4069671668277296,
  "adv_nrmse_mean": 0.4004276509972581,
  "adv_nrmse_ci95": 0.07235383570221272,
  "adv_nrmse_median": 0.34404117986963806,
  "adv_nrmse_q25": 0.2471594490135978,
  "adv_nrmse_q75": 0.46912073490702755,
  "clean_max_err_mean": 1.070324175991118,
  "clean_max_err_ci95": 0.2362914710135724,
  "clean_max_err_median": 0.8442934155464172,
  "clean_max_err_q25": 0.6868633329868317,
  "clean_max_err_q75": 1.166927456855774,
  "adv_max_err_mean": 1.3463828917592764,
  "adv_max_err_ci95": 0.31532144080373353,
  "adv_max_err_median": 1.024617850780487,
  "adv_max_err_q25": 0.8012461513280869,
  "adv_max_err_q75": 1.4032642245292664,
  "clean_init_rel_l2_mean": 1.2768600173294544,
  "clean_init_rel_l2_ci95": 0.06145374216922123,
  "clean_init_rel_l2_median": 1.2511871457099915,
  "clean_init_rel_l2_q25": 1.1422662138938904,
  "clean_init_rel_l2_q75": 1.357904314994812,
  "adv_init_rel_l2_mean": 1.4178556725382805,
  "adv_init_rel_l2_ci95": 0.06503837710103497,
  "adv_init_rel_l2_median": 1.3830286264419556,
  "adv_init_rel_l2_q25": 1.2629785239696503,
  "adv_init_rel_l2_q75": 1.4880724549293518,
  "init_rel_l2_ratio_mean": 1.11173468945869,
  "init_rel_l2_ratio_ci95": 0.011285982658382699,
  "init_rel_l2_ratio_median": 1.1149148703903053,
  "init_rel_l2_ratio_q25": 1.0934860166420428,
  "init_rel_l2_ratio_q75": 1.1326357003997578,
  "clean_init_psnr_mean": 9.966758356110383,
  "clean_init_psnr_ci95": 1.2678164241493421,
  "clean_init_psnr_median": 10.044764355147933,
  "clean_init_psnr_q25": 7.77267796280662,
  "clean_init_psnr_q75": 12.971222698647555,
  "adv_init_psnr_mean": 9.050370055277668,
  "adv_init_psnr_ci95": 1.241060892469298,
  "adv_init_psnr_median": 9.273444294546389,
  "adv_init_psnr_q25": 6.597240889376861,
  "adv_init_psnr_q75": 12.089359738973288,
  "clean_init_ssim_mean": 0.045894530813646195,
  "clean_init_ssim_ci95": 0.0029810721766441116,
  "clean_init_ssim_median": 0.04412002243173,
  "clean_init_ssim_q25": 0.0400464820982077,
  "clean_init_ssim_q75": 0.05181353231477137,
  "adv_init_ssim_mean": 0.03809810432203335,
  "adv_init_ssim_ci95": 0.002365406664625454,
  "adv_init_ssim_median": 0.037689974409087626,
  "adv_init_ssim_q25": 0.03411215138821731,
  "adv_init_ssim_q75": 0.04217966071147782,
  "clean_init_mae_mean": 0.18155068787746131,
  "clean_init_mae_ci95": 0.040424957000169584,
  "clean_init_mae_median": 0.1451817750930786,
  "clean_init_mae_q25": 0.11259804293513298,
  "clean_init_mae_q75": 0.19700151309370995,
  "adv_init_mae_mean": 0.20104223932139575,
  "adv_init_mae_ci95": 0.04422013671007708,
  "adv_init_mae_median": 0.15618157386779785,
  "adv_init_mae_q25": 0.1308649405837059,
  "adv_init_mae_q75": 0.2091142199933529,
  "pred_shift_rel_l2_mean": 0.49517179001122713,
  "pred_shift_rel_l2_ci95": 0.02846571785425581,
  "pred_shift_rel_l2_median": 0.45987267792224884,
  "pred_shift_rel_l2_q25": 0.4446343630552292,
  "pred_shift_rel_l2_q75": 0.5080565810203552,
  "init_shift_rel_l2_mean": 0.4422697126865387,
  "init_shift_rel_l2_ci95": 0.008733640371240723,
  "init_shift_rel_l2_median": 0.44386662542819977,
  "init_shift_rel_l2_q25": 0.4229664131999016,
  "init_shift_rel_l2_q75": 0.45587826520204544,
  "delta_l2_mean": 14.358363598585129,
  "delta_l2_ci95": 3.269518137121786,
  "delta_l2_median": 11.164836406707764,
  "delta_l2_q25": 8.807011842727661,
  "delta_l2_q75": 15.512462854385376,
  "delta_linf_mean": 0.49906815495342016,
  "delta_linf_ci95": 0.10632452453132708,
  "delta_linf_median": 0.43507279455661774,
  "delta_linf_q25": 0.30749545246362686,
  "delta_linf_q75": 0.5231886655092239,
  "delta_mean_abs_mean": 0.052176587691064924,
  "delta_mean_abs_ci95": 0.012013690350074529,
  "delta_mean_abs_median": 0.041246166452765465,
  "delta_mean_abs_q25": 0.03182036802172661,
  "delta_mean_abs_q75": 0.05629837326705456,
  "delta_rel_l2_mean": 0.010000001039581489,
  "delta_rel_l2_ci95": 2.638779920766233e-10,
  "delta_rel_l2_median": 0.010000001143303888,
  "delta_rel_l2_q25": 0.010000000459005523,
  "delta_rel_l2_q75": 0.010000001557360761,
  "success_rel_l2_mean": 0.0,
  "success_rel_l2_ci95": 0.0,
  "success_rel_l2_median": 0.0,
  "success_rel_l2_q25": 0.0,
  "success_rel_l2_q75": 0.0,
  "success_mse_mean": 0.0,
  "success_mse_ci95": 0.0,
  "success_mse_median": 0.0,
  "success_mse_q25": 0.0,
  "success_mse_q75": 0.0,
  "clean_e_ran_l2_mean": 29.473533749580383,
  "clean_e_ran_l2_ci95": 6.680372437436268,
  "clean_e_ran_l2_median": 23.156664848327637,
  "clean_e_ran_l2_q25": 18.157376766204834,
  "clean_e_ran_l2_q75": 32.05737113952637,
  "clean_e_nul_l2_mean": 0.39166899328120053,
  "clean_e_nul_l2_ci95": 0.20359174983594364,
  "clean_e_nul_l2_median": 0.22786159068346024,
  "clean_e_nul_l2_q25": 0.15035904571413994,
  "clean_e_nul_l2_q75": 0.39371372759342194,
  "clean_e_ran_frac_mean": 0.999921482436053,
  "clean_e_ran_frac_ci95": 3.55785716482393e-05,
  "clean_e_ran_frac_median": 0.9999636818282296,
  "clean_e_ran_frac_q25": 0.999920868281627,
  "clean_e_ran_frac_q75": 0.9999725439696822,
  "clean_e_nul_frac_mean": 0.011028568462356713,
  "clean_e_nul_frac_ci95": 0.002094095715502086,