{
  "eps": 0.05,
  "attack": "adam",
  "matrix": {
    "nsn": {
      "mse": {
        "l2_nul": 1.9248202443122864,
        "l2_ran": 107.87626266479492,
        "rel_l2_nul": 0.0966792032122612,
        "rel_l2_ran": 5.735180377960205,
        "psnr_nul": 32.44045324441328,
        "psnr_ran": -3.1406797888059996,
        "ssim_nul": 0.8291573425833644,
        "ssim_ran": 0.016585205984235497,
        "mae_nul": 0.006022873800247908,
        "mae_ran": 0.6550614535808563,
        "nrmse_nul": 0.023924260478534656,
        "nrmse_ran": 1.4390228668589469,
        "max_err_nul": 0.4574905335903168,
        "max_err_ran": 3.9324429035186768
      },
      "null": {
        "l2_nul": 28.28217124938965,
        "l2_ran": 59.989990234375,
        "rel_l2_nul": 1.6315932273864746,
        "rel_l2_ran": 3.1596033573150635,
        "psnr_nul": 7.8026118992206435,
        "psnr_ran": 2.1988992091492063,
        "ssim_nul": 0.1117838979723448,
        "ssim_ran": 0.020946396610749228,
        "mae_nul": 0.07787727564573288,
        "mae_ran": 0.3533269464969635,
        "nrmse_nul": 0.4072590766223071,
        "nrmse_ran": 0.7765122882028255,
        "max_err_nul": 2.580443501472473,
        "max_err_ran": 3.271404981613159
      }
    },
    "resnet": {
      "mse": {
        "l2_nul": 22.071066856384277,
        "l2_ran": 10.198408126831055,
        "rel_l2_nul": 1.262026607990265,
        "rel_l2_ran": 0.559565395116806,
        "psnr_nul": 11.353548261404619,
        "psnr_ran": 17.92803841006645,
        "ssim_nul": 0.12967389595984513,
        "ssim_ran": 0.146519547337852,
        "mae_nul": 0.06178848259150982,
        "mae_ran": 0.044970618560910225,
        "nrmse_nul": 0.2706063307939099,
        "nrmse_ran": 0.12694286005428834,
        "max_err_nul": 1.759654700756073,
        "max_err_ran": 0.8263616561889648
      },
      "null": {
        "l2_nul": 23.069087982177734,
        "l2_ran": 9.538141250610352,
        "rel_l2_nul": 1.2827417850494385,
        "rel_l2_ran": 0.5448959469795227,
        "psnr_nul": 10.905416497844858,
        "psnr_ran": 18.13384289250765,
        "ssim_nul": 0.13125272522766024,
        "ssim_ran": 0.14812851161470458,
        "mae_nul": 0.06115047447383404,
        "mae_ran": 0.04287070780992508,
        "nrmse_nul": 0.28500923072280054,
        "nrmse_ran": 0.12396959276323793,
        "max_err_nul": 2.0169312953948975,
        "max_err_ran": 0.849848747253418
      }
    }
  },
  "shift_weight_sweep": {},
  "lipschitz_nullspace": {
    "nsn": {
      "mean": 0.7181071315426379,
      "max": 1.864119529724121,
      "std": 0.47539543896977154,
      "n": 32
    },
    "resnet": {
      "mean": 1.4533856958150864,
      "max": 2.467183828353882,
      "std": 0.37403685371037004,
      "n": 32
    }
  }
}