{
  "num_examples": 32,
  "gt_norm_mean": 0.0,
  "gt_norm_ci95": 0.0,
  "gt_norm_median": 0.0,
  "clean_mse_mean": 1.3702108891955334e-11,
  "clean_mse_ci95": 0.0,
  "clean_mse_median": 1.3702108891955334e-11,
  "adv_mse_mean": 4.952202786512316e-06,
  "adv_mse_ci95": 2.2034546872630654e-12,
  "adv_mse_median": 4.952202971253428e-06,
  "mse_ratio_mean": 361419.0213755936,
  "mse_ratio_ci95": 0.16081135426941714,
  "mse_ratio_median": 361419.03485827084,
  "clean_rel_l2_mean": 0.0037016359328845283,
  "clean_rel_l2_ci95": 0.0,
  "clean_rel_l2_median": 0.0037016359328845283,
  "adv_rel_l2_mean": 2.2253544884733856,
  "adv_rel_l2_ci95": 4.917751885566098e-07,
  "adv_rel_l2_median": 2.2253544302657247,
  "rel_l2_ratio_mean": 601.1813503061769,
  "rel_l2_ratio_ci95": 0.0001328534727559494,
  "rel_l2_ratio_median": 601.1813345813293,
  "clean_psnr_mean": 108.63212612915018,
  "clean_psnr_ci95": 0.0,
  "clean_psnr_median": 108.63212612915018,
  "adv_psnr_mean": 53.05201568591866,
  "adv_psnr_ci95": 1.954676189968332e-06,
  "adv_psnr_median": 53.0520154366646,
  "clean_ssim_mean": 0.9999999579155326,
  "clean_ssim_ci95": 0.0,
  "clean_ssim_median": 0.9999999579155326,
  "adv_ssim_mean": 0.994115811242534,
  "adv_ssim_ci95": 3.833875592760507e-09,
  "adv_ssim_median": 0.9941158106100556,
  "pred_shift_rel_l2_mean": 2.2252801863942295,
  "pred_shift_rel_l2_ci95": 5.009739737133199e-07,
  "pred_shift_rel_l2_median": 2.2252803901210427,
  "init_shift_rel_l2_mean": 2.1886396352783777,
  "init_shift_rel_l2_ci95": 4.724454681507075e-07,
  "init_shift_rel_l2_median": 2.1886395988985896,
  "delta_l2_mean": 0.1553564346395433,
  "delta_l2_ci95": 2.6584177810831364e-09,
  "delta_l2_median": 0.15535643696784973,
  "delta_linf_mean": 0.003020037060196046,
  "delta_linf_ci95": 1.8200975305178242e-08,
  "delta_linf_median": 0.0030200318433344364,
  "delta_mean_abs_mean": 0.0005937865389569197,
  "delta_mean_abs_ci95": 2.013496309645458e-10,
  "delta_mean_abs_median": 0.0005937865644227713,
  "success_rel_l2_mean": 1.0,
  "success_rel_l2_ci95": 0.0,
  "success_rel_l2_median": 1.0,
  "success_mse_mean": 1.0,
  "success_mse_ci95": 0.0,
  "success_mse_median": 1.0,
  "clean_e_ran_l2_mean": 1.607987215601625e-10,
  "clean_e_ran_l2_ci95": 0.0,
  "clean_e_ran_l2_median": 1.607987215601625e-10,
  "clean_e_nul_l2_mean": 0.00047380937030538917,
  "clean_e_nul_l2_ci95": 0.0,
  "clean_e_nul_l2_median": 0.00047380937030538917,
  "clean_e_ran_frac_mean": 3.3937427531125e-07,
  "clean_e_ran_frac_ci95": 0.0,
  "clean_e_ran_frac_median": 3.3937427531125e-07,
  "clean_e_nul_frac_mean": 0.9999999385748141,
  "clean_e_nul_frac_ci95": 0.0,
  "clean_e_nul_frac_median": 0.9999999385748141,
  "adv_e_ran_l2_mean": 0.2801458742469549,
  "adv_e_ran_l2_ci95": 6.074700997962232e-08,
  "adv_e_ran_l2_median": 0.28014586865901947,
  "adv_e_nul_l2_mean": 0.051528449170291424,
  "adv_e_nul_l2_ci95": 1.0086494407128697e-07,
  "adv_e_nul_l2_median": 0.051528479903936386,
  "adv_e_ran_frac_mean": 0.9835015741945132,
  "adv_e_ran_frac_ci95": 7.3299124105743e-08,
  "adv_e_ran_frac_median": 0.9835015846175077,
  "adv_e_nul_frac_mean": 0.18089972237130073,
  "adv_e_nul_frac_ci95": 3.4201545189553877e-07,
  "adv_e_nul_frac_median": 0.18089978922504157,
  "attack_runtime_total_sec": 13.01486836373806,
  "attack_runtime_per_example_sec": 0.4067146363668144,
  "model_name": "nsn",
  "attack_name": "adam",
  "norm": "l2",
  "eps": 1.0,
  "attack_init_mode": "exact",
  "eval_init_mode": "exact"
}