{
  "num_examples": 32,
  "gt_norm_mean": 30.61010318994522,
  "gt_norm_ci95": 2.4647273220789683,
  "gt_norm_median": 29.563007354736328,
  "clean_mse_mean": 8.461209421994909e-08,
  "clean_mse_ci95": 2.7266485006833954e-08,
  "clean_mse_median": 6.604541269439324e-08,
  "adv_mse_mean": 0.4962513968348503,
  "adv_mse_ci95": 0.0021805648633803645,
  "adv_mse_median": 0.49594733119010925,
  "mse_ratio_mean": 8684133.422246406,
  "mse_ratio_ci95": 1553333.4481919555,
  "mse_ratio_median": 7554990.7872846015,
  "clean_rel_l2_mean": 0.001156552680185996,
  "clean_rel_l2_ci95": 0.00014676045641377102,
  "clean_rel_l2_median": 0.0010708692134357989,
  "adv_rel_l2_mean": 3.0993323661386967,
  "adv_rel_l2_ci95": 0.24370871435832547,
  "adv_rel_l2_median": 3.0457288026809692,
  "rel_l2_ratio_mean": 2842.1713886054404,
  "rel_l2_ratio_ci95": 274.0825538378921,
  "rel_l2_ratio_median": 2748.533201750117,
  "clean_psnr_mean": 71.74045195822362,
  "clean_psnr_ci95": 0.9477142325311428,
  "clean_psnr_median": 71.80191384812883,
  "adv_psnr_mean": 3.0433207765022168,
  "adv_psnr_ci95": 0.019077871165772572,
  "adv_psnr_median": 3.0456479595119887,
  "clean_ssim_mean": 0.9998791031035109,
  "clean_ssim_ci95": 2.4497505989383056e-05,
  "clean_ssim_median": 0.9998946396618464,
  "adv_ssim_mean": 0.026517228367252572,
  "adv_ssim_ci95": 0.0021359301608139527,
  "adv_ssim_median": 0.02600405142578215,
  "pred_shift_rel_l2_mean": 3.0993859879672527,
  "pred_shift_rel_l2_ci95": 0.24371829673654574,
  "pred_shift_rel_l2_median": 3.045667886734009,
  "init_shift_rel_l2_mean": 3.164487011730671,
  "init_shift_rel_l2_ci95": 0.25831930745205184,
  "init_shift_rel_l2_median": 3.1081175804138184,
  "delta_l2_mean": 53.7762188911438,
  "delta_l2_ci95": 0.08831702011151314,
  "delta_l2_median": 53.7631893157959,
  "delta_linf_mean": 1.1105710379779339,
  "delta_linf_ci95": 0.02559155849343802,
  "delta_linf_median": 1.0877334475517273,
  "delta_mean_abs_mean": 0.20969203300774097,
  "delta_mean_abs_ci95": 0.0004159726230859797,
  "delta_mean_abs_median": 0.2098441943526268,
  "success_rel_l2_mean": 1.0,
  "success_rel_l2_ci95": 0.0,
  "success_rel_l2_median": 1.0,
  "success_mse_mean": 1.0,
  "success_mse_ci95": 0.0,
  "success_mse_median": 1.0,
  "clean_e_ran_l2_mean": 1.2010086990699165e-05,
  "clean_e_ran_l2_ci95": 1.5344919997270289e-06,
  "clean_e_ran_l2_median": 1.042779149429407e-05,
  "clean_e_nul_l2_mean": 0.03493063122732565,
  "clean_e_nul_l2_ci95": 0.004537391855824073,
  "clean_e_nul_l2_median": 0.03289446048438549,
  "clean_e_ran_frac_mean": 0.0003585493027908549,
  "clean_e_ran_frac_ci95": 3.519856718588177e-05,
  "clean_e_ran_frac_median": 0.0003553494546583512,
  "clean_e_nul_frac_mean": 0.99999991368213,
  "clean_e_nul_frac_ci95": 2.8691218748077134e-08,
  "clean_e_nul_frac_median": 0.9999999194877851,
  "adv_e_ran_l2_mean": 89.98184943199158,
  "adv_e_ran_l2_ci95": 0.20383080563718828,
  "adv_e_ran_l2_median": 89.96570205688477,
  "adv_e_nul_l2_mean": 5.693152867257595,
  "adv_e_nul_l2_ci95": 0.36958227095349316,
  "adv_e_nul_l2_median": 5.723334312438965,
  "adv_e_ran_frac_mean": 0.9979346518044709,
  "adv_e_ran_frac_ci95": 0.0002546943764777266,
  "adv_e_ran_frac_median": 0.9979895714489131,
  "adv_e_nul_frac_mean": 0.06315294623480679,
  "adv_e_nul_frac_ci95": 0.004129171176799552,
  "adv_e_nul_frac_median": 0.06337803202593499,
  "attack_runtime_total_sec": 13.014327600598335,
  "attack_runtime_per_example_sec": 0.406697737518698,
  "model_name": "nsn",
  "attack_name": "adam",
  "norm": "l2",
  "eps": 1.0,
  "attack_init_mode": "exact",
  "eval_init_mode": "exact"
}