{
  "num_examples": 32,
  "gt_norm_mean": 20.02930760383606,
  "gt_norm_ci95": 3.672134509144562,
  "gt_norm_median": 17.90650749206543,
  "clean_mse_mean": 2.1517177302143864e-06,
  "clean_mse_ci95": 1.7603573172847955e-06,
  "clean_mse_median": 4.01546841999334e-07,
  "adv_mse_mean": 2.151682922724163e-06,
  "adv_mse_ci95": 1.7603321110288428e-06,
  "adv_mse_median": 4.0151284963485523e-07,
  "mse_ratio_mean": 1.0000213816134433,
  "mse_ratio_ci95": 4.882854152377378e-05,
  "mse_ratio_median": 1.0000309705186834,
  "clean_rel_l2_mean": 0.007287163898581639,
  "clean_rel_l2_ci95": 0.0024030260984836795,
  "clean_rel_l2_median": 0.004501281538978219,
  "adv_rel_l2_mean": 0.007287104170245584,
  "adv_rel_l2_ci95": 0.0024028377771175948,
  "adv_rel_l2_median": 0.004501450341194868,
  "rel_l2_ratio_mean": 1.0000106808451816,
  "rel_l2_ratio_ci95": 2.4415922888941286e-05,
  "rel_l2_ratio_median": 1.0000154982519547,
  "clean_psnr_mean": 57.46514191964437,
  "clean_psnr_ci95": 1.7079240748852527,
  "clean_psnr_median": 59.191200540415494,
  "adv_psnr_mean": 57.465049029663646,
  "adv_psnr_ci95": 1.7078910576131328,
  "adv_psnr_median": 59.190830605722596,
  "clean_ssim_mean": 0.9937809292082864,
  "clean_ssim_ci95": 0.00400699123391649,
  "clean_ssim_median": 0.9982026255229282,
  "adv_ssim_mean": 0.9937812193493701,
  "adv_ssim_ci95": 0.004006699982644165,
  "adv_ssim_median": 0.9982030387948804,
  "pred_shift_rel_l2_mean": 2.345724386287884e-06,
  "pred_shift_rel_l2_ci95": 2.752860280360056e-07,
  "pred_shift_rel_l2_median": 2.0620102532120654e-06,
  "init_shift_rel_l2_mean": 2.807588788122928e-07,
  "init_shift_rel_l2_ci95": 1.3553034201770835e-08,
  "init_shift_rel_l2_median": 2.7279911307687144e-07,
  "delta_l2_mean": 5.313352502867019e-06,
  "delta_l2_ci95": 1.3709361618418134e-06,
  "delta_l2_median": 3.906206984538585e-06,
  "delta_linf_mean": 1.6689300537109375e-06,
  "delta_linf_ci95": 5.190761078980976e-07,
  "delta_linf_median": 9.5367431640625e-07,
  "delta_mean_abs_mean": 9.66531898266565e-09,
  "delta_mean_abs_ci95": 2.1995029072384563e-09,
  "delta_mean_abs_median": 7.207686669730151e-09,
  "success_rel_l2_mean": 0.0,
  "success_rel_l2_ci95": 0.0,
  "success_rel_l2_median": 0.0,
  "success_mse_mean": 0.0,
  "success_mse_ci95": 0.0,
  "success_mse_median": 0.0,
  "clean_e_ran_l2_mean": 1.622894150443699e-05,
  "clean_e_ran_l2_ci95": 4.653454897160299e-06,
  "clean_e_ran_l2_median": 1.164949799203896e-05,
  "clean_e_nul_l2_mean": 0.13390635640826076,
  "clean_e_nul_l2_ci95": 0.04633238274025886,
  "clean_e_nul_l2_median": 0.08110242709517479,
  "clean_e_ran_frac_mean": 0.00016750176677150482,
  "clean_e_ran_frac_ci95": 3.763681139031352e-05,
  "clean_e_ran_frac_median": 0.00016721464677356898,
  "clean_e_nul_frac_mean": 0.9999999475707511,
  "clean_e_nul_frac_ci95": 2.0815593326149873e-08,
  "clean_e_nul_frac_median": 0.999999919057272,
  "adv_e_ran_l2_mean": 1.8953489416162483e-05,
  "adv_e_ran_l2_ci95": 5.232876371028829e-06,
  "adv_e_ran_l2_median": 1.3399584076978499e-05,
  "adv_e_nul_l2_mean": 0.13390648853965104,
  "adv_e_nul_l2_ci95": 0.046331575244569184,
  "adv_e_nul_l2_median": 0.0810990147292614,
  "adv_e_ran_frac_mean": 0.000197182501556451,
  "adv_e_ran_frac_ci95": 4.32528281721471e-05,
  "adv_e_ran_frac_median": 0.00019179255367273275,
  "adv_e_nul_frac_mean": 0.9999999711234515,
  "adv_e_nul_frac_ci95": 2.4377465678269216e-08,
  "adv_e_nul_frac_median": 1.0,
  "attack_runtime_total_sec": 58.316888742148876,
  "attack_runtime_per_example_sec": 1.8224027731921524,
  "model_name": "nsn",
  "attack_name": "adam",
  "norm": "l2",
  "eps": 1.0,
  "attack_init_mode": "exact",
  "eval_init_mode": "exact"
}