{
  "num_examples": 32,
  "gt_norm_mean": 20.02930760383606,
  "gt_norm_ci95": 3.672134509144562,
  "gt_norm_median": 17.90650749206543,
  "clean_mse_mean": 2.151674463490849e-06,
  "clean_mse_ci95": 1.7603207043221381e-06,
  "clean_mse_median": 4.0160952607948275e-07,
  "adv_mse_mean": 0.00023950912418513326,
  "adv_mse_ci95": 3.226085406245566e-05,
  "adv_mse_median": 0.0001921800067066215,
  "mse_ratio_mean": 588.6887142131404,
  "mse_ratio_ci95": 187.8360753379288,
  "mse_ratio_median": 482.20884259175443,
  "clean_rel_l2_mean": 0.007287112319318112,
  "clean_rel_l2_ci95": 0.0024028893953382388,
  "clean_rel_l2_median": 0.00450113182887435,
  "adv_rel_l2_mean": 0.12083149218233302,
  "adv_rel_l2_ci95": 0.01999331696570551,
  "adv_rel_l2_median": 0.10810907557606697,
  "rel_l2_ratio_mean": 21.85911154297468,
  "rel_l2_ratio_ci95": 3.706621944612806,
  "rel_l2_ratio_median": 21.959073085021494,
  "clean_psnr_mean": 57.46505088460303,
  "clean_psnr_ci95": 1.7078765758200047,
  "clean_psnr_median": 59.19094875783952,
  "adv_psnr_mean": 31.915467026087235,
  "adv_psnr_ci95": 1.1552785439943305,
  "adv_psnr_median": 32.81106547376268,
  "clean_ssim_mean": 0.9937810948587482,
  "clean_ssim_ci95": 0.004006827794615473,
  "clean_ssim_median": 0.9982028777874532,
  "adv_ssim_mean": 0.632659541754248,
  "adv_ssim_ci95": 0.0463435845436906,
  "adv_ssim_median": 0.6772270032774531,
  "pred_shift_rel_l2_mean": 0.12003156641731039,
  "pred_shift_rel_l2_ci95": 0.019895588057134896,
  "pred_shift_rel_l2_median": 0.10654956847429276,
  "init_shift_rel_l2_mean": 0.1145650003454648,
  "init_shift_rel_l2_ci95": 0.01851778735676084,
  "init_shift_rel_l2_median": 0.1064675785601139,
  "delta_l2_mean": 1.0000000763684511,
  "delta_l2_ci95": 1.7391638021918612e-07,
  "delta_l2_median": 1.0,
  "delta_linf_mean": 0.021150709013454616,
  "delta_linf_ci95": 0.000552184542408932,
  "delta_linf_median": 0.020949465222656727,
  "delta_mean_abs_mean": 0.003816042073594872,
  "delta_mean_abs_ci95": 1.3909147830147729e-05,
  "delta_mean_abs_median": 0.003836685442365706,
  "success_rel_l2_mean": 1.0,
  "success_rel_l2_ci95": 0.0,
  "success_rel_l2_median": 1.0,
  "success_mse_mean": 1.0,
  "success_mse_ci95": 0.0,
  "success_mse_median": 1.0,
  "clean_e_ran_l2_mean": 1.1450008273072854e-05,
  "clean_e_ran_l2_ci95": 3.3041905516171653e-06,
  "clean_e_ran_l2_median": 8.224951216107002e-06,
  "clean_e_nul_l2_mean": 0.1339059715392068,
  "clean_e_nul_l2_ci95": 0.046331572262408194,
  "clean_e_nul_l2_median": 0.08110876008868217,
  "clean_e_ran_frac_mean": 0.00011785523059540477,
  "clean_e_ran_frac_ci95": 2.6510983127251173e-05,
  "clean_e_ran_frac_median": 0.00012075242816477902,
  "clean_e_nul_frac_mean": 0.9999999824126918,
  "clean_e_nul_frac_ci95": 2.8377800925011492e-08,
  "clean_e_nul_frac_median": 1.0,
  "adv_e_ran_l2_mean": 1.7122388370335102,
  "adv_e_ran_l2_ci95": 0.024571085212562772,
  "adv_e_ran_l2_median": 1.7497882843017578,
  "adv_e_nul_l2_mean": 0.6453475473681465,
  "adv_e_nul_l2_ci95": 0.2660095143327641,
  "adv_e_nul_l2_median": 0.16889111697673798,
  "adv_e_ran_frac_mean": 0.9009582985039554,
  "adv_e_ran_frac_ci95": 0.051824311559331905,
  "adv_e_ran_frac_median": 0.9954465118947404,
  "adv_e_nul_frac_mean": 0.28625066617812883,
  "adv_e_nul_frac_ci95": 0.10242804505190985,
  "adv_e_nul_frac_median": 0.09505259613286533,
  "attack_runtime_total_sec": 58.20695845037699,
  "attack_runtime_per_example_sec": 1.8189674515742809,
  "model_name": "nsn",
  "attack_name": "adam",
  "norm": "l2",
  "eps": 1.0,
  "attack_init_mode": "exact",
  "eval_init_mode": "exact"
}