{
  "num_examples": 32,
  "gt_norm_mean": 27.580802619457245,
  "gt_norm_ci95": 2.1336641054187684,
  "gt_norm_median": 26.626888275146484,
  "clean_mse_mean": 0.0014744857217010576,
  "clean_mse_ci95": 0.0003569780333900354,
  "clean_mse_median": 0.0011209662188775837,
  "adv_mse_mean": 3.1466697305440903,
  "adv_mse_ci95": 0.016725705079653687,
  "adv_mse_median": 3.140063762664795,
  "mse_ratio_mean": 3094.266324803921,
  "mse_ratio_ci95": 591.026140900286,
  "mse_ratio_median": 2804.848572077775,
  "clean_rel_l2_mean": 0.165856861975044,
  "clean_rel_l2_ci95": 0.006022646427444827,
  "clean_rel_l2_median": 0.16253682225942612,
  "adv_rel_l2_mean": 8.608351364731789,
  "adv_rel_l2_ci95": 0.6173313863066822,
  "adv_rel_l2_median": 8.511623859405518,
  "rel_l2_ratio_mean": 53.42140228334994,
  "rel_l2_ratio_ci95": 5.458343030158181,
  "rel_l2_ratio_median": 52.946013582950144,
  "clean_psnr_mean": 29.182754348186975,
  "clean_psnr_ci95": 0.9472921232701044,
  "clean_psnr_median": 29.51232787554746,
  "adv_psnr_mean": -4.978017336167143,
  "adv_psnr_ci95": 0.023057445796430605,
  "adv_psnr_median": -4.969384325415579,
  "clean_ssim_mean": 0.49085925251548473,
  "clean_ssim_ci95": 0.04321741063617996,
  "clean_ssim_median": 0.49438416259876383,
  "adv_ssim_mean": 0.009131532860866641,
  "adv_ssim_ci95": 0.0012896067505771042,
  "adv_ssim_median": 0.009274344560394181,
  "pred_shift_rel_l2_mean": 8.423997342586517,
  "pred_shift_rel_l2_ci95": 0.621655430972093,
  "pred_shift_rel_l2_median": 8.337311267852783,
  "init_shift_rel_l2_mean": 9.579921588301659,
  "init_shift_rel_l2_ci95": 0.7498067053215272,
  "init_shift_rel_l2_median": 9.60054874420166,
  "delta_l2_mean": 153.83733940124512,
  "delta_l2_ci95": 1.7764554750261746e-06,
  "delta_l2_median": 153.83734130859375,
  "delta_linf_mean": 3.5387729182839394,
  "delta_linf_ci95": 0.09529985437923778,
  "delta_linf_median": 3.51348614692688,
  "delta_mean_abs_mean": 0.5899347066879272,
  "delta_mean_abs_ci95": 0.0003176780589326192,
  "delta_mean_abs_median": 0.5899947583675385,
  "delta_rel_l2_mean": 0.11006484883781498,
  "delta_rel_l2_ci95": 0.011931524312160262,
  "delta_rel_l2_median": 0.10766584099049867,
  "success_rel_l2_mean": 1.0,
  "success_rel_l2_ci95": 0.0,
  "success_rel_l2_median": 1.0,
  "success_mse_mean": 1.0,
  "success_mse_ci95": 0.0,
  "success_mse_median": 1.0,
  "clean_e_ran_l2_mean": 4.280051112174988,
  "clean_e_ran_l2_ci95": 0.5128654924837006,
  "clean_e_ran_l2_median": 3.8943002223968506,
  "clean_e_nul_l2_mean": 1.8646375313401222,
  "clean_e_nul_l2_ci95": 0.1723564485537361,
  "clean_e_nul_l2_median": 1.7958595752716064,
  "clean_e_ran_frac_mean": 0.9120667142246492,
  "clean_e_ran_frac_ci95": 0.00635447396284897,
  "clean_e_ran_frac_median": 0.9122568431456777,
  "clean_e_nul_frac_mean": 0.40784999304230934,
  "clean_e_nul_frac_ci95": 0.013482546395330766,
  "clean_e_nul_frac_median": 0.40961816402356765,
  "adv_e_ran_l2_mean": 214.91896772384644,
  "adv_e_ran_l2_ci95": 0.6355421081240689,
  "adv_e_ran_l2_median": 215.2805633544922,
  "adv_e_nul_l2_mean": 73.20873475074768,
  "adv_e_nul_l2_ci95": 0.5096143654703873,
  "adv_e_nul_l2_median": 72.97319793701172,
  "adv_e_ran_frac_mean": 0.9465635748835484,
  "adv_e_ran_frac_ci95": 0.0007810153611569169,
  "adv_e_ran_frac_median": 0.9463872538339944,
  "adv_e_nul_frac_mean": 0.32244442682858404,
  "adv_e_nul_frac_ci95": 0.002282482009133535,
  "adv_e_nul_frac_median": 0.32303431220458256,
  "attack_runtime_total_sec": 116.57959371060133,
  "attack_runtime_per_example_sec": 3.6431123034562916,
  "model_name": "dpnsn",
  "attack_name": "adam",
  "norm": "l2",
  "eps": 0.1,
  "eps_actual": 153.83734005615236,
  "attack_init_mode": "exact",
  "eval_init_mode": "exact"
}