{
  "num_examples": 32,
  "gt_norm_mean": 0.0,
  "gt_norm_ci95": 0.0,
  "gt_norm_median": 0.0,
  "clean_mse_mean": 3.8873953697986935e-14,
  "clean_mse_ci95": 0.0,
  "clean_mse_median": 3.8873953697986935e-14,
  "adv_mse_mean": 1.0520924647039465e-06,
  "adv_mse_ci95": 1.0300804630577936e-10,
  "adv_mse_median": 1.0520537330194202e-06,
  "mse_ratio_mean": 1052092.4647039464,
  "mse_ratio_ci95": 103.00804630577937,
  "mse_ratio_median": 1052053.7330194202,
  "clean_rel_l2_mean": 0.00019716465260444238,
  "clean_rel_l2_ci95": 0.0,
  "clean_rel_l2_median": 0.00019716465260444238,
  "adv_rel_l2_mean": 1.0257155590807088,
  "adv_rel_l2_ci95": 5.020874603274393e-05,
  "adv_rel_l2_median": 1.0256966925226152,
  "rel_l2_ratio_mean": 5202.329857464512,
  "rel_l2_ratio_ci95": 0.2546538914024869,
  "rel_l2_ratio_median": 5202.234168111252,
  "clean_psnr_mean": 134.10341249098724,
  "clean_psnr_ci95": 0.0,
  "clean_psnr_median": 134.10341249098724,
  "adv_psnr_mean": 59.77946115484991,
  "adv_psnr_ci95": 0.0004251569461354005,
  "adv_psnr_median": 59.77962078335366,
  "clean_ssim_mean": 1.0,
  "clean_ssim_ci95": 0.0,
  "clean_ssim_median": 1.0,
  "adv_ssim_mean": 0.9989615442446296,
  "adv_ssim_ci95": 8.549952498420093e-08,
  "adv_ssim_median": 0.9989615720775589,
  "pred_shift_rel_l2_mean": 1.0257225221721455,
  "pred_shift_rel_l2_ci95": 5.020421947920933e-05,
  "pred_shift_rel_l2_median": 1.025703619234264,
  "init_shift_rel_l2_mean": 2.0358427427709103,
  "init_shift_rel_l2_ci95": 6.139272300188821e-05,
  "init_shift_rel_l2_median": 2.03579303342849,
  "delta_l2_mean": 0.1553564383648336,
  "delta_l2_ci95": 3.7915976887900245e-09,
  "delta_l2_median": 0.15535643696784973,
  "delta_linf_mean": 0.004904243382043205,
  "delta_linf_ci95": 5.820734196828867e-07,
  "delta_linf_median": 0.004904075060039759,
  "delta_mean_abs_mean": 0.0005439519827632466,
  "delta_mean_abs_ci95": 1.0901049610243744e-08,
  "delta_mean_abs_median": 0.0005439614760689437,
  "success_rel_l2_mean": 1.0,
  "success_rel_l2_ci95": 0.0,
  "success_rel_l2_median": 1.0,
  "success_mse_mean": 1.0,
  "success_mse_ci95": 0.0,
  "success_mse_median": 1.0,
  "clean_e_ran_l2_mean": 2.5237090085283853e-05,
  "clean_e_ran_l2_ci95": 0.0,
  "clean_e_ran_l2_median": 2.5237090085283853e-05,
  "clean_e_nul_l2_mean": 9.904406184091386e-10,
  "clean_e_nul_l2_ci95": 0.0,
  "clean_e_nul_l2_median": 9.904406184091386e-10,
  "clean_e_ran_frac_mean": 1.0000005766086173,
  "clean_e_ran_frac_ci95": 0.0,
  "clean_e_ran_frac_median": 1.0000005766086173,
  "clean_e_nul_frac_mean": 3.924545920939102e-05,
  "clean_e_nul_frac_ci95": 0.0,
  "clean_e_nul_frac_median": 3.924545920939102e-05,
  "adv_e_ran_l2_mean": 0.11769554391503334,
  "adv_e_ran_l2_ci95": 5.461680975728028e-06,
  "adv_e_ran_l2_median": 0.1176936961710453,
  "adv_e_nul_l2_mean": 0.058182824053801596,
  "adv_e_nul_l2_ci95": 4.974188559168865e-06,
  "adv_e_nul_l2_median": 0.058180419728159904,
  "adv_e_ran_frac_mean": 0.896443882803132,
  "adv_e_ran_frac_ci95": 1.2292221722235426e-05,
  "adv_e_ran_frac_median": 0.8964513638652898,
  "adv_e_nul_frac_mean": 0.44315727265887483,
  "adv_e_nul_frac_ci95": 2.4868442096842966e-05,
  "adv_e_nul_frac_median": 0.4431422082906391,
  "attack_runtime_total_sec": 12.645181559026241,
  "attack_runtime_per_example_sec": 0.39516192371957004,
  "model_name": "resnet",
  "attack_name": "adam",
  "norm": "l2",
  "eps": 1.0,
  "attack_init_mode": "exact",
  "eval_init_mode": "exact"
}