{
  "num_examples": 32,
  "gt_norm_mean": 20.02930760383606,
  "gt_norm_ci95": 3.672134509144562,
  "gt_norm_median": 17.90650749206543,
  "clean_mse_mean": 5.605629926463962e-06,
  "clean_mse_ci95": 2.6420800400338823e-06,
  "clean_mse_median": 2.973934215333429e-06,
  "adv_mse_mean": 0.00016612462911780312,
  "adv_mse_ci95": 6.0608294417978976e-05,
  "adv_mse_median": 9.453740130993538e-05,
  "mse_ratio_mean": 61.76442003767246,
  "mse_ratio_ci95": 38.44542900216177,
  "mse_ratio_median": 29.061201936509107,
  "clean_rel_l2_mean": 0.014005005796207115,
  "clean_rel_l2_ci95": 0.00219247436035629,
  "clean_rel_l2_median": 0.012107308488339186,
  "adv_rel_l2_mean": 0.08687479083891958,
  "adv_rel_l2_ci95": 0.02135368543687993,
  "adv_rel_l2_median": 0.06369309686124325,
  "rel_l2_ratio_mean": 6.4229771867946175,
  "rel_l2_ratio_ci95": 1.5942468470835556,
  "rel_l2_ratio_median": 5.39068288657659,
  "clean_psnr_mean": 50.300031160479655,
  "clean_psnr_ci95": 0.9645591447343836,
  "clean_psnr_median": 51.14350471947213,
  "adv_psnr_mean": 35.652939943281936,
  "adv_psnr_ci95": 1.9252711628567734,
  "adv_psnr_median": 36.778945617959025,
  "clean_ssim_mean": 0.9959285017613545,
  "clean_ssim_ci95": 0.0009280635372488085,
  "clean_ssim_median": 0.9970011833922032,
  "adv_ssim_mean": 0.9877625419115077,
  "adv_ssim_ci95": 0.003131509218328794,
  "adv_ssim_median": 0.9904118040339702,
  "pred_shift_rel_l2_mean": 0.08339200250338763,
  "pred_shift_rel_l2_ci95": 0.021587543599204208,
  "pred_shift_rel_l2_median": 0.05737125687301159,
  "init_shift_rel_l2_mean": 0.09663745993748307,
  "init_shift_rel_l2_ci95": 0.01611665518932504,
  "init_shift_rel_l2_median": 0.09172994643449783,
  "delta_l2_mean": 1.0000000316649675,
  "delta_l2_ci95": 1.459356624465715e-07,
  "delta_l2_median": 1.0,
  "delta_linf_mean": 0.031881415634416044,
  "delta_linf_ci95": 0.0034336811365465094,
  "delta_linf_median": 0.02950754575431347,
  "delta_mean_abs_mean": 0.0036596347199520096,
  "delta_mean_abs_ci95": 1.9103015542881913e-05,
  "delta_mean_abs_median": 0.003670013160444796,
  "success_rel_l2_mean": 1.0,
  "success_rel_l2_ci95": 0.0,
  "success_rel_l2_median": 1.0,
  "success_mse_mean": 1.0,
  "success_mse_ci95": 0.0,
  "success_mse_median": 1.0,
  "clean_e_ran_l2_mean": 0.19412332866340876,
  "clean_e_ran_l2_ci95": 0.03684521072950006,
  "clean_e_ran_l2_median": 0.1684315875172615,
  "clean_e_nul_l2_mean": 0.17714438878465444,
  "clean_e_nul_l2_ci95": 0.03827817120801063,
  "clean_e_nul_l2_median": 0.14020509272813797,
  "clean_e_ran_frac_mean": 0.7447782960182929,
  "clean_e_ran_frac_ci95": 0.016772226281323348,
  "clean_e_ran_frac_median": 0.7501708126166446,
  "clean_e_nul_frac_mean": 0.6634659074729343,
  "clean_e_nul_frac_ci95": 0.018787391973821035,
  "clean_e_nul_frac_median": 0.66120307469465,
  "adv_e_ran_l2_mean": 0.7775620482861996,
  "adv_e_ran_l2_ci95": 0.14619843594837087,
  "adv_e_ran_l2_median": 0.6279715597629547,
  "adv_e_nul_l2_mean": 1.2092509930953383,
  "adv_e_nul_l2_ci95": 0.24450420956423735,
  "adv_e_nul_l2_median": 0.9739563763141632,
  "adv_e_ran_frac_mean": 0.5545081615548604,
  "adv_e_ran_frac_ci95": 0.04300118512801647,
  "adv_e_ran_frac_median": 0.5395266717133358,
  "adv_e_nul_frac_mean": 0.8180724918884934,
  "adv_e_nul_frac_ci95": 0.03218057655780039,
  "adv_e_nul_frac_median": 0.8419663820397443,
  "attack_runtime_total_sec": 41.14247514307499,
  "attack_runtime_per_example_sec": 1.2857023482210934,
  "model_name": "resnet",
  "attack_name": "adam",
  "norm": "l2",
  "eps": 1.0,
  "attack_init_mode": "exact",
  "eval_init_mode": "exact"
}