{
  "num_examples": 32,
  "gt_norm_mean": 22.48570889234543,
  "gt_norm_ci95": 3.7267142366218637,
  "gt_norm_median": 20.150904655456543,
  "gt_norm_q25": 16.28321075439453,
  "gt_norm_q75": 23.551395893096924,
  "clean_mse_mean": 0.00011819734288565087,
  "clean_mse_ci95": 7.482913538906371e-05,
  "clean_mse_median": 5.7194145483663306e-05,
  "clean_mse_q25": 3.2716106943553314e-05,
  "clean_mse_q75": 9.231047806679271e-05,
  "adv_mse_mean": 0.011829971545466833,
  "adv_mse_ci95": 0.016688865321483008,
  "adv_mse_median": 0.0010950335417874157,
  "adv_mse_q25": 0.0005889865060453303,
  "adv_mse_q75": 0.00345331069547683,
  "mse_ratio_mean": 35.95659602549462,
  "mse_ratio_ci95": 15.467159155359903,
  "mse_ratio_median": 19.410808818080326,
  "mse_ratio_q25": 13.78860946645766,
  "mse_ratio_q75": 38.025547240472655,
  "clean_rel_l2_mean": 0.0499020250281319,
  "clean_rel_l2_ci95": 0.002641603638062451,
  "clean_rel_l2_median": 0.04793270491063595,
  "clean_rel_l2_q25": 0.04460453800857067,
  "clean_rel_l2_q75": 0.05321281496435404,
  "adv_rel_l2_mean": 0.2799665716011077,
  "adv_rel_l2_ci95": 0.06855743085668738,
  "adv_rel_l2_median": 0.21525072306394577,
  "adv_rel_l2_q25": 0.17274779826402664,
  "adv_rel_l2_q75": 0.2804903909564018,
  "rel_l2_ratio_mean": 5.360105273975263,
  "rel_l2_ratio_ci95": 0.9462812002625852,
  "rel_l2_ratio_median": 4.405084782145771,
  "rel_l2_ratio_q25": 3.7113840025757874,
  "rel_l2_ratio_q75": 6.166483663345593,
  "clean_psnr_mean": 38.14168617012356,
  "clean_psnr_ci95": 1.2402792071628115,
  "clean_psnr_median": 38.65706754727126,
  "clean_psnr_q25": 36.86415164078834,
  "clean_psnr_q75": 41.39793913593701,
  "adv_psnr_mean": 24.377747448962158,
  "adv_psnr_ci95": 2.2669072229865734,
  "adv_psnr_median": 25.699263822310023,
  "adv_psnr_q25": 22.442532930872666,
  "adv_psnr_q75": 28.764288575217535,
  "clean_ssim_mean": 0.9382193190164401,
  "clean_ssim_ci95": 0.017573193741820033,
  "clean_ssim_median": 0.952939684262754,
  "clean_ssim_q25": 0.9256516434679004,
  "clean_ssim_q75": 0.9719925386867707,
  "adv_ssim_mean": 0.8384342047898965,
  "adv_ssim_ci95": 0.043624131672495826,
  "adv_ssim_median": 0.8661763069197599,
  "adv_ssim_q25": 0.8120970675567829,
  "adv_ssim_q75": 0.92955676985369,
  "clean_mae_mean": 0.004379009507829323,
  "clean_mae_ci95": 0.001019830545245486,
  "clean_mae_median": 0.003441965440288186,
  "clean_mae_q25": 0.002594910911284387,
  "clean_mae_q75": 0.0047461241483688354,
  "adv_mae_mean": 0.017725972225889564,
  "adv_mae_ci95": 0.011173213959031298,
  "adv_mae_median": 0.006239130860194564,
  "adv_mae_q25": 0.005316467490047216,
  "adv_mae_q75": 0.01555989938788116,
  "clean_nrmse_mean": 0.013550756483890935,
  "clean_nrmse_ci95": 0.002261338091628395,
  "clean_nrmse_median": 0.011672055019238483,
  "clean_nrmse_q25": 0.008513414258439007,
  "clean_nrmse_q75": 0.014359305746059155,
  "adv_nrmse_mean": 0.08631335170119979,
  "adv_nrmse_ci95": 0.03579583407370812,
  "adv_nrmse_median": 0.051888358543805156,
  "adv_nrmse_q25": 0.03645817103190042,
  "adv_nrmse_q75": 0.07575770530365028,
  "clean_max_err_mean": 0.27906179847195745,
  "clean_max_err_ci95": 0.05013236581163897,
  "clean_max_err_median": 0.25757864117622375,
  "clean_max_err_q25": 0.19653389230370522,
  "clean_max_err_q75": 0.32194922119379044,
  "adv_max_err_mean": 0.9260374987497926,
  "adv_max_err_ci95": 0.31234256799485777,
  "adv_max_err_median": 0.7582238018512726,
  "adv_max_err_q25": 0.6194195747375488,
  "adv_max_err_q75": 1.0013109892606735,
  "clean_init_rel_l2_mean": 1.2768600173294544,
  "clean_init_rel_l2_ci95": 0.06145374216922123,
  "clean_init_rel_l2_median": 1.2511871457099915,
  "clean_init_rel_l2_q25": 1.1422662138938904,
  "clean_init_rel_l2_q75": 1.357904314994812,
  "adv_init_rel_l2_mean": 1.473769474774599,
  "adv_init_rel_l2_ci95": 0.07272977550211303,
  "adv_init_rel_l2_median": 1.414858639240265,
  "adv_init_rel_l2_q25": 1.334616869688034,
  "adv_init_rel_l2_q75": 1.565366119146347,
  "init_rel_l2_ratio_mean": 1.1544621495388045,
  "init_rel_l2_ratio_ci95": 0.013483619725703973,
  "init_rel_l2_ratio_median": 1.1625329640406816,
  "init_rel_l2_ratio_q25": 1.119434537338307,
  "init_rel_l2_ratio_q75": 1.181873550883036,
  "clean_init_psnr_mean": 9.966758356110383,
  "clean_init_psnr_ci95": 1.2678164241493421,
  "clean_init_psnr_median": 10.044764355147933,
  "clean_init_psnr_q25": 7.77267796280662,
  "clean_init_psnr_q75": 12.971222698647555,
  "adv_init_psnr_mean": 8.72396766711726,
  "adv_init_psnr_ci95": 1.258041250285345,
  "adv_init_psnr_median": 9.120444749963927,
  "adv_init_psnr_q25": 6.463611401987881,
  "adv_init_psnr_q75": 11.632443521042536,
  "clean_init_ssim_mean": 0.045894530813646195,
  "clean_init_ssim_ci95": 0.0029810721766441116,
  "clean_init_ssim_median": 0.04412002243173,
  "clean_init_ssim_q25": 0.0400464820982077,
  "clean_init_ssim_q75": 0.05181353231477137,
  "adv_init_ssim_mean": 0.03783033668493249,
  "adv_init_ssim_ci95": 0.002377544725121238,
  "adv_init_ssim_median": 0.03774019297919397,
  "adv_init_ssim_q25": 0.03346520873028432,
  "adv_init_ssim_q75": 0.0415746762698603,
  "clean_init_mae_mean": 0.18155068787746131,
  "clean_init_mae_ci95": 0.040424957000169584,
  "clean_init_mae_median": 0.1451817750930786,
  "clean_init_mae_q25": 0.11259804293513298,
  "clean_init_mae_q75": 0.19700151309370995,
  "adv_init_mae_mean": 0.2083628464024514,
  "adv_init_mae_ci95": 0.04604513267712636,
  "adv_init_mae_median": 0.1628970205783844,
  "adv_init_mae_q25": 0.12778738141059875,
  "adv_init_mae_q75": 0.2258390262722969,
  "pred_shift_rel_l2_mean": 0.26917123747989535,
  "pred_shift_rel_l2_ci95": 0.06915340175201085,
  "pred_shift_rel_l2_median": 0.2027847170829773,
  "pred_shift_rel_l2_q25": 0.1631237119436264,
  "pred_shift_rel_l2_q75": 0.2696458324790001,
  "init_shift_rel_l2_mean": 0.46535910200327635,
  "init_shift_rel_l2_ci95": 0.011268127330557702,
  "init_shift_rel_l2_median": 0.458747923374176,
  "init_shift_rel_l2_q25": 0.44926679134368896,
  "init_shift_rel_l2_q75": 0.4774041846394539,
  "delta_l2_mean": 14.35836412012577,
  "delta_l2_ci95": 3.2695181605550823,
  "delta_l2_median": 11.164836883544922,
  "delta_l2_q25": 8.807011842727661,
  "delta_l2_q75": 15.512463569641113,
  "delta_linf_mean": 0.49468281073495746,
  "delta_linf_ci95": 0.10425457354489201,
  "delta_linf_median": 0.3885326385498047,
  "delta_linf_q25": 0.2943700924515724,
  "delta_linf_q75": 0.5856379568576813,
  "delta_mean_abs_mean": 0.05260006623575464,
  "delta_mean_abs_ci95": 0.01217958918368708,
  "delta_mean_abs_median": 0.04122680053114891,
  "delta_mean_abs_q25": 0.03225105442106724,
  "delta_mean_abs_q75": 0.05656764842569828,
  "delta_rel_l2_mean": 0.010000001469433317,
  "delta_rel_l2_ci95": 3.120524666291853e-10,
  "delta_rel_l2_median": 0.010000001385171483,
  "delta_rel_l2_q25": 0.0100000009923055,
  "delta_rel_l2_q75": 0.010000001857980013,
  "success_rel_l2_mean": 1.0,
  "success_rel_l2_ci95": 0.0,
  "success_rel_l2_median": 1.0,
  "success_rel_l2_q25": 1.0,
  "success_rel_l2_q75": 1.0,
  "success_mse_mean": 1.0,
  "success_mse_ci95": 0.0,
  "success_mse_median": 1.0,
  "success_mse_q25": 1.0,
  "success_mse_q75": 1.0,
  "clean_e_ran_l2_mean": 0.8994036195799708,
  "clean_e_ran_l2_ci95": 0.2049986448912956,
  "clean_e_ran_l2_median": 0.7439800202846527,
  "clean_e_ran_l2_q25": 0.5644854009151459,
  "clean_e_ran_l2_q75": 0.9646771252155304,
  "clean_e_nul_l2_mean": 0.7448996305465698,
  "clean_e_nul_l2_ci95": 0.17015091126531273,
  "clean_e_nul_l2_median": 0.6325936913490295,
  "clean_e_nul_l2_q25": 0.48461806029081345,
  "clean_e_nul_l2_q75": 0.7692376524209976,
  "clean_e_ran_frac_mean": 0.7682325714619281,
  "clean_e_ran_frac_ci95": 0.00930902926718601,
  "clean_e_ran_frac_median": 0.7705459142612929,
  "clean_e_ran_frac_q25": 0.7478372369776518,
  "clean_e_ran_frac_q75": 0.7828897413862829,
  "clean_e_nul_frac_mean": 0.6388419159566807,
  "clean_e_nul_frac_ci95": 0.011134388835925487,