{
  "num_examples": 32,
  "gt_norm_mean": 19.554032936692238,
  "gt_norm_ci95": 3.175656556464896,
  "gt_norm_median": 19.43148136138916,
  "gt_norm_q25": 13.664082050323486,
  "gt_norm_q75": 22.861806869506836,
  "clean_mse_mean": 1.0495388490738833e-05,
  "clean_mse_ci95": 3.614849470066708e-06,
  "clean_mse_median": 6.547749535457115e-06,
  "clean_mse_q25": 2.716479571063246e-06,
  "clean_mse_q75": 1.4935000763216522e-05,
  "adv_mse_mean": 0.0018362452991311784,
  "adv_mse_ci95": 0.001223125068003194,
  "adv_mse_median": 0.0007024038059171289,
  "adv_mse_q25": 0.0003456903577898629,
  "adv_mse_q75": 0.0014413969474844635,
  "mse_ratio_mean": 159.34602989986354,
  "mse_ratio_ci95": 58.483779949504225,
  "mse_ratio_median": 87.05365336390113,
  "mse_ratio_q25": 52.95837091940216,
  "mse_ratio_q75": 208.56234672904554,
  "clean_rel_l2_mean": 0.020059730566572398,
  "clean_rel_l2_ci95": 0.0043137690677338995,
  "clean_rel_l2_median": 0.01590473484247923,
  "clean_rel_l2_q25": 0.013792262645438313,
  "clean_rel_l2_q75": 0.01940204482525587,
  "adv_rel_l2_mean": 0.19658566173166037,
  "adv_rel_l2_ci95": 0.03008667089548148,
  "adv_rel_l2_median": 0.1843700110912323,
  "adv_rel_l2_q25": 0.1252626683562994,
  "adv_rel_l2_q75": 0.24067535996437073,
  "rel_l2_ratio_mean": 11.254761296399883,
  "rel_l2_ratio_ci95": 2.012295511759304,
  "rel_l2_ratio_median": 9.330086721612027,
  "rel_l2_ratio_q25": 7.277250107083822,
  "rel_l2_ratio_q75": 14.441535171515902,
  "clean_psnr_mean": 47.792881318475466,
  "clean_psnr_ci95": 1.3066600591427144,
  "clean_psnr_median": 48.83813521959547,
  "clean_psnr_q25": 46.3559548316005,
  "clean_psnr_q75": 50.50386070214706,
  "adv_psnr_mean": 27.873763024183454,
  "adv_psnr_ci95": 1.941727750003791,
  "adv_psnr_median": 28.444405248890952,
  "adv_psnr_q25": 24.19286702493674,
  "adv_psnr_q75": 32.143010510962625,
  "clean_ssim_mean": 0.9930179666291059,
  "clean_ssim_ci95": 0.0012907342887925838,
  "clean_ssim_median": 0.9938976838243677,
  "clean_ssim_q25": 0.9920214830450483,
  "clean_ssim_q75": 0.9958007619524757,
  "adv_ssim_mean": 0.9544137528054976,
  "adv_ssim_ci95": 0.012866520842271351,
  "adv_ssim_median": 0.9625125929194804,
  "adv_ssim_q25": 0.9414202304795997,
  "adv_ssim_q75": 0.9791381754252545,
  "pred_shift_rel_l2_mean": 0.19221094413660467,
  "pred_shift_rel_l2_ci95": 0.0297753129359129,
  "pred_shift_rel_l2_median": 0.17606889456510544,
  "pred_shift_rel_l2_q25": 0.12273742258548737,
  "pred_shift_rel_l2_q75": 0.23759155347943306,
  "init_shift_rel_l2_mean": 0.029977289377711713,
  "init_shift_rel_l2_ci95": 0.002163055910425002,
  "init_shift_rel_l2_median": 0.029278546571731567,
  "init_shift_rel_l2_q25": 0.025763144250959158,
  "init_shift_rel_l2_q75": 0.033979618921875954,
  "delta_l2_mean": 11.583845436573029,
  "delta_l2_ci95": 2.581095009220296,
  "delta_l2_median": 10.538117408752441,
  "delta_l2_q25": 7.58511757850647,
  "delta_l2_q75": 12.924726247787476,
  "delta_linf_mean": 0.24384213564917445,
  "delta_linf_ci95": 0.048084937925633696,
  "delta_linf_median": 0.2266564443707466,
  "delta_linf_q25": 0.15632817894220352,
  "delta_linf_q75": 0.2484159655869007,
  "delta_mean_abs_mean": 0.040082679741317406,
  "delta_mean_abs_ci95": 0.009641495162543444,
  "delta_mean_abs_median": 0.03642217814922333,
  "delta_mean_abs_q25": 0.024708803743124008,
  "delta_mean_abs_q75": 0.04615836590528488,
  "delta_rel_l2_mean": 0.010000005256090638,
  "delta_rel_l2_ci95": 5.687501830328017e-10,
  "delta_rel_l2_median": 0.010000005157878408,
  "delta_rel_l2_q25": 0.010000003961108617,
  "delta_rel_l2_q75": 0.01000000579651742,
  "success_rel_l2_mean": 1.0,
  "success_rel_l2_ci95": 0.0,
  "success_rel_l2_median": 1.0,
  "success_rel_l2_q25": 1.0,
  "success_rel_l2_q75": 1.0,
  "success_mse_mean": 1.0,
  "success_mse_ci95": 0.0,
  "success_mse_median": 1.0,
  "success_mse_q25": 1.0,
  "success_mse_q75": 1.0,
  "clean_e_ran_l2_mean": 0.27356535010039806,
  "clean_e_ran_l2_ci95": 0.04978142212326442,
  "clean_e_ran_l2_median": 0.24494683742523193,
  "clean_e_ran_l2_q25": 0.16096367686986923,
  "clean_e_ran_l2_q75": 0.3704134002327919,
  "clean_e_nul_l2_mean": 0.24163308436982334,
  "clean_e_nul_l2_ci95": 0.04818263524731038,
  "clean_e_nul_l2_median": 0.19822188466787338,
  "clean_e_nul_l2_q25": 0.12803003564476967,
  "clean_e_nul_l2_q75": 0.31488481909036636,
  "clean_e_ran_frac_mean": 0.7528498178343836,
  "clean_e_ran_frac_ci95": 0.018993016298058274,
  "clean_e_ran_frac_median": 0.7493951243518098,
  "clean_e_ran_frac_q25": 0.7221202973953669,
  "clean_e_ran_frac_q75": 0.7930194840809878,
  "clean_e_nul_frac_mean": 0.6533708533174419,
  "clean_e_nul_frac_ci95": 0.020565142492702894,
  "clean_e_nul_frac_median": 0.6621186060454819,
  "clean_e_nul_frac_q25": 0.6091450856965718,
  "clean_e_nul_frac_q75": 0.6917657972724601,
  "adv_e_ran_l2_mean": 2.5335676288232207,
  "adv_e_ran_l2_ci95": 0.8863010157878742,
  "adv_e_ran_l2_median": 1.9469550251960754,
  "adv_e_ran_l2_q25": 1.1375114619731903,
  "adv_e_ran_l2_q75": 2.626555383205414,
  "adv_e_nul_l2_mean": 3.3304262505844235,
  "adv_e_nul_l2_ci95": 0.879041968479322,
  "adv_e_nul_l2_median": 2.724482774734497,
  "adv_e_nul_l2_q25": 1.9007757306098938,
  "adv_e_nul_l2_q75": 3.9419009685516357,
  "adv_e_ran_frac_mean": 0.5751776896914216,
  "adv_e_ran_frac_ci95": 0.03580777572921928,
  "adv_e_ran_frac_median": 0.5664493220425701,
  "adv_e_ran_frac_q25": 0.4952852110276057,
  "adv_e_ran_frac_q75": 0.6503364427445688,
  "adv_e_nul_frac_mean": 0.8081464532105944,
  "adv_e_nul_frac_ci95": 0.02663256617507777,
  "adv_e_nul_frac_median": 0.8240923374305207,
  "adv_e_nul_frac_q25": 0.7596434255853075,
  "adv_e_nul_frac_q75": 0.8687299293953104,
  "attack_runtime_total_sec": 1215.657131884247,
  "attack_runtime_per_example_sec": 37.98928537138272,
  "model_name": "resnet",
  "attack_name": "adam",
  "norm": "l2",
  "eps": 0.01,
  "eps_actual": 12.769250320068359,
  "eps_budget_mode": "per_sample_l2",
  "attack_init_mode": "exact",
  "eval_init_mode": "exact"
}