{
  "num_examples": 32,
  "gt_norm_mean": 19.554032936692238,
  "gt_norm_ci95": 3.175656556464896,
  "gt_norm_median": 19.43148136138916,
  "gt_norm_q25": 13.664082050323486,
  "gt_norm_q75": 22.861806869506836,
  "clean_mse_mean": 0.00026445050684742455,
  "clean_mse_ci95": 6.356442169143319e-05,
  "clean_mse_median": 0.00025715997617226094,
  "clean_mse_q25": 0.00010551254672463983,
  "clean_mse_q75": 0.00033409633761039004,
  "adv_mse_mean": 0.0002644460821557004,
  "adv_mse_ci95": 6.356203468533731e-05,
  "adv_mse_median": 0.0002571604709373787,
  "adv_mse_q25": 0.00010551138257142156,
  "adv_mse_q75": 0.0003340818657306954,
  "mse_ratio_mean": 0.99999505350945,
  "mse_ratio_ci95": 2.0635145502322418e-05,
  "mse_ratio_median": 0.9999991480063968,
  "mse_ratio_q25": 0.9999548801000482,
  "mse_ratio_q75": 1.0000378756440818,
  "clean_rel_l2_mean": 0.10566540830768645,
  "clean_rel_l2_ci95": 0.00612752949188252,
  "clean_rel_l2_median": 0.10447508096694946,
  "clean_rel_l2_q25": 0.09630278125405312,
  "clean_rel_l2_q75": 0.1120400670915842,
  "adv_rel_l2_mean": 0.10566524788737297,
  "adv_rel_l2_ci95": 0.00612778904242464,
  "adv_rel_l2_median": 0.1044735535979271,
  "adv_rel_l2_q25": 0.09630441293120384,
  "adv_rel_l2_q75": 0.11203828826546669,
  "rel_l2_ratio_mean": 0.9999975308266018,
  "rel_l2_ratio_ci95": 1.0319120861004e-05,
  "rel_l2_ratio_median": 0.999999568983689,
  "rel_l2_ratio_q25": 0.9999774789554638,
  "rel_l2_ratio_q75": 1.0000189682179172,
  "clean_psnr_mean": 32.52383930250875,
  "clean_psnr_ci95": 0.518211344130933,
  "clean_psnr_median": 32.62140900813701,
  "clean_psnr_q25": 31.648503717073737,
  "clean_psnr_q75": 33.824843651096444,
  "adv_psnr_mean": 32.52386072794236,
  "adv_psnr_ci95": 0.518219859899297,
  "adv_psnr_median": 32.62126366305591,
  "adv_psnr_q25": 31.648687517371805,
  "adv_psnr_q75": 33.82483634936483,
  "clean_ssim_mean": 0.896095197126876,
  "clean_ssim_ci95": 0.01929196796449886,
  "clean_ssim_median": 0.9055180053315002,
  "clean_ssim_q25": 0.886603267546872,
  "clean_ssim_q75": 0.9361248314119407,
  "adv_ssim_mean": 0.8961120371596023,
  "adv_ssim_ci95": 0.019287462752954797,
  "adv_ssim_median": 0.9055265190516686,
  "adv_ssim_q25": 0.8866467719117792,
  "adv_ssim_q75": 0.9361581546314838,
  "pred_shift_rel_l2_mean": 0.0007134395691537065,
  "pred_shift_rel_l2_ci95": 3.7246294475184934e-05,
  "pred_shift_rel_l2_median": 0.0007292728405445814,
  "pred_shift_rel_l2_q25": 0.0006532149272970855,
  "pred_shift_rel_l2_q75": 0.0007616019138367847,
  "init_shift_rel_l2_mean": 0.0009828776492213365,
  "init_shift_rel_l2_ci95": 0.00011911088404607586,
  "init_shift_rel_l2_median": 0.0009126147197093815,
  "init_shift_rel_l2_q25": 0.0008061226981226355,
  "init_shift_rel_l2_q75": 0.001091077021555975,
  "delta_l2_mean": 0.00017586884496267885,
  "delta_l2_ci95": 8.271849846618816e-07,
  "delta_l2_median": 0.00017575491074239835,
  "delta_l2_q25": 0.0001744253713695798,
  "delta_l2_q75": 0.00017722728443914093,
  "delta_linf_mean": 6.317655788734555e-06,
  "delta_linf_ci95": 2.0076161150120988e-07,
  "delta_linf_median": 6.26780092716217e-06,
  "delta_linf_q25": 5.798181518912315e-06,
  "delta_linf_q75": 6.662681698799133e-06,
  "delta_mean_abs_mean": 5.556917672677741e-07,
  "delta_mean_abs_ci95": 6.953911712980056e-09,
  "delta_mean_abs_median": 5.611279050299345e-07,
  "delta_mean_abs_q25": 5.54713537326279e-07,
  "delta_mean_abs_q75": 5.663964373070485e-07,
  "delta_rel_l2_mean": 2.1083054959465177e-07,
  "delta_rel_l2_ci95": 4.4716521878686825e-08,
  "delta_rel_l2_median": 1.6747170763806738e-07,
  "delta_rel_l2_q25": 1.3598298362080516e-07,
  "delta_rel_l2_q75": 2.2948569657284749e-07,
  "success_rel_l2_mean": 0.0,
  "success_rel_l2_ci95": 0.0,
  "success_rel_l2_median": 0.0,
  "success_rel_l2_q25": 0.0,
  "success_rel_l2_q75": 0.0,
  "success_mse_mean": 0.0,
  "success_mse_ci95": 0.0,
  "success_mse_median": 0.0,
  "success_mse_q25": 0.0,
  "success_mse_q75": 0.0,
  "clean_e_ran_l2_mean": 1.4460620451718569,
  "clean_e_ran_l2_ci95": 0.19823760088211823,
  "clean_e_ran_l2_median": 1.503426432609558,
  "clean_e_ran_l2_q25": 0.948512464761734,
  "clean_e_ran_l2_q75": 1.6380369067192078,
  "clean_e_nul_l2_mean": 1.3163206223398447,
  "clean_e_nul_l2_ci95": 0.15418718969184525,
  "clean_e_nul_l2_median": 1.3473610281944275,
  "clean_e_nul_l2_q25": 0.9407127499580383,
  "clean_e_nul_l2_q75": 1.594138503074646,
  "clean_e_ran_frac_mean": 0.7313071603672179,
  "clean_e_ran_frac_ci95": 0.018661179919279715,
  "clean_e_ran_frac_median": 0.7299274171969863,
  "clean_e_ran_frac_q25": 0.7030144301159762,
  "clean_e_ran_frac_q75": 0.7613703229057314,
  "clean_e_nul_frac_mean": 0.6776525043292396,
  "clean_e_nul_frac_ci95": 0.01980999050623247,
  "clean_e_nul_frac_median": 0.6835176667898522,
  "clean_e_nul_frac_q25": 0.6483171812554095,
  "clean_e_nul_frac_q75": 0.7111753636163098,
  "adv_e_ran_l2_mean": 1.446000698953867,
  "adv_e_ran_l2_ci95": 0.19822150422587123,
  "adv_e_ran_l2_median": 1.5033388137817383,
  "adv_e_ran_l2_q25": 0.9484910517930984,
  "adv_e_ran_l2_q75": 1.6379494965076447,
  "adv_e_nul_l2_mean": 1.3163724951446056,
  "adv_e_nul_l2_ci95": 0.15419513276169947,
  "adv_e_nul_l2_median": 1.3473750948905945,
  "adv_e_nul_l2_q25": 0.9407656788825989,
  "adv_e_nul_l2_q75": 1.5941798985004425,
  "adv_e_ran_frac_mean": 0.7312820757198157,
  "adv_e_ran_frac_ci95": 0.01866097458489706,
  "adv_e_ran_frac_median": 0.7299039877536722,
  "adv_e_ran_frac_q25": 0.7030026292719171,
  "adv_e_ran_frac_q75": 0.7613537102175798,
  "adv_e_nul_frac_mean": 0.6776800542012138,
  "adv_e_nul_frac_ci95": 0.019808100824757185,
  "adv_e_nul_frac_median": 0.6835426427214806,
  "adv_e_nul_frac_q25": 0.6483366329393175,
  "adv_e_nul_frac_q75": 0.7111871254412375,
  "attack_runtime_total_sec": 3983.5875785425305,
  "attack_runtime_per_example_sec": 124.48711182945408,
  "model_name": "nsn",
  "attack_name": "adam",
  "norm": "l2",
  "eps": 0.02,
  "eps_actual": 25.538500640136718,
  "eps_budget_mode": "per_sample_l2",
  "attack_init_mode": "exact",
  "eval_init_mode": "exact"
}