{
  "num_examples": 32,
  "gt_norm_mean": 19.554032936692238,
  "gt_norm_ci95": 3.175656556464896,
  "gt_norm_median": 19.43148136138916,
  "gt_norm_q25": 13.664082050323486,
  "gt_norm_q75": 22.861806869506836,
  "clean_mse_mean": 0.004425591992458067,
  "clean_mse_ci95": 0.0017414532584351804,
  "clean_mse_median": 0.003380082780495286,
  "clean_mse_q25": 0.0013714352389797568,
  "clean_mse_q75": 0.005243642604909837,
  "adv_mse_mean": 0.3416467572096735,
  "adv_mse_ci95": 0.1466200545919885,
  "adv_mse_median": 0.2306995987892151,
  "adv_mse_q25": 0.12152659893035889,
  "adv_mse_q75": 0.31356798857450485,
  "mse_ratio_mean": 105.93703827709841,
  "mse_ratio_ci95": 34.85772086430987,
  "mse_ratio_median": 69.45070643433603,
  "mse_ratio_q25": 47.72901281316925,
  "mse_ratio_q75": 120.38525577201337,
  "clean_rel_l2_mean": 0.37961317179724574,
  "clean_rel_l2_ci95": 0.03657718364024567,
  "clean_rel_l2_median": 0.4016140550374985,
  "clean_rel_l2_q25": 0.3002694621682167,
  "clean_rel_l2_q75": 0.45102618634700775,
  "adv_rel_l2_mean": 3.255860771983862,
  "adv_rel_l2_ci95": 0.21781691331913722,
  "adv_rel_l2_median": 3.2305288314819336,
  "adv_rel_l2_q25": 2.899770438671112,
  "adv_rel_l2_q75": 3.653574287891388,
  "rel_l2_ratio_mean": 9.484211019503517,
  "rel_l2_ratio_ci95": 1.407523552691527,
  "rel_l2_ratio_median": 8.333217490899811,
  "rel_l2_ratio_q25": 6.908571442672451,
  "rel_l2_ratio_q75": 10.970744230774185,
  "clean_psnr_mean": 21.688448652112008,
  "clean_psnr_ci95": 1.2053979653016604,
  "clean_psnr_median": 21.578648783706555,
  "clean_psnr_q25": 19.59434238106761,
  "clean_psnr_q75": 23.928276335184133,
  "adv_psnr_mean": 2.807928021142723,
  "adv_psnr_ci95": 1.2922249880135985,
  "adv_psnr_median": 3.5109824681828026,
  "adv_psnr_q25": 0.4899220372204782,
  "adv_psnr_q75": 5.020244254245514,
  "clean_ssim_mean": 0.3520402489172675,
  "clean_ssim_ci95": 0.039280215711078856,
  "clean_ssim_median": 0.3361743261744746,
  "clean_ssim_q25": 0.2781724790252206,
  "clean_ssim_q75": 0.40145310447783134,
  "adv_ssim_mean": 0.028004764121113086,
  "adv_ssim_ci95": 0.006826575582052536,
  "adv_ssim_median": 0.027261846199498646,
  "adv_ssim_q25": 0.014317483042568444,
  "adv_ssim_q75": 0.03440621249438018,
  "pred_shift_rel_l2_mean": 4.2237414047122,
  "pred_shift_rel_l2_ci95": 0.3278061981121123,
  "pred_shift_rel_l2_median": 4.134530782699585,
  "pred_shift_rel_l2_q25": 3.8096853494644165,
  "pred_shift_rel_l2_q75": 4.655332326889038,
  "init_shift_rel_l2_mean": 0.30546587286517024,
  "init_shift_rel_l2_ci95": 0.021244601882523553,
  "init_shift_rel_l2_median": 0.2949419915676117,
  "init_shift_rel_l2_q25": 0.2698758542537689,
  "init_shift_rel_l2_q75": 0.33530938625335693,
  "delta_l2_mean": 112.0605086684227,
  "delta_l2_ci95": 21.407897042316655,
  "delta_l2_median": 105.38117599487305,
  "delta_l2_q25": 75.85118103027344,
  "delta_l2_q75": 129.24726486206055,
  "delta_linf_mean": 1.9993775747716427,
  "delta_linf_ci95": 0.3858783369213463,
  "delta_linf_median": 1.7831907868385315,
  "delta_linf_q25": 1.3158892691135406,
  "delta_linf_q75": 2.299326717853546,
  "delta_mean_abs_mean": 0.4147782726213336,
  "delta_mean_abs_ci95": 0.07755798416417709,
  "delta_mean_abs_median": 0.38999728858470917,
  "delta_mean_abs_q25": 0.28695007413625717,
  "delta_mean_abs_q75": 0.48053936660289764,
  "delta_rel_l2_mean": 0.09904708170614682,
  "delta_rel_l2_ci95": 0.0018678343779438996,
  "delta_rel_l2_median": 0.10000005620533262,
  "delta_rel_l2_q25": 0.10000005013655786,
  "delta_rel_l2_q75": 0.10000006410046633,
  "success_rel_l2_mean": 1.0,
  "success_rel_l2_ci95": 0.0,
  "success_rel_l2_median": 1.0,
  "success_rel_l2_q25": 1.0,
  "success_rel_l2_q75": 1.0,
  "success_mse_mean": 1.0,
  "success_mse_ci95": 0.0,
  "success_mse_median": 1.0,
  "success_mse_q25": 1.0,
  "success_mse_q75": 1.0,
  "clean_e_ran_l2_mean": 7.515092272311449,
  "clean_e_ran_l2_ci95": 1.4072167057795213,
  "clean_e_ran_l2_median": 7.439270257949829,
  "clean_e_ran_l2_q25": 4.736125588417053,
  "clean_e_ran_l2_q75": 9.266783714294434,
  "clean_e_nul_l2_mean": 0.2027483331039548,
  "clean_e_nul_l2_ci95": 0.037540781351380045,
  "clean_e_nul_l2_median": 0.18099884688854218,
  "clean_e_nul_l2_q25": 0.1229282096028328,
  "clean_e_nul_l2_q75": 0.2611691877245903,
  "clean_e_ran_frac_mean": 0.9992727209051805,
  "clean_e_ran_frac_ci95": 0.0005262327862103289,
  "clean_e_ran_frac_median": 0.9996562713212742,
  "clean_e_ran_frac_q25": 0.9994236757751616,
  "clean_e_ran_frac_q75": 0.9997892758626767,
  "clean_e_nul_frac_mean": 0.031627473744633164,
  "clean_e_nul_frac_ci95": 0.007479947395248228,
  "clean_e_nul_frac_median": 0.026203907717068917,
  "clean_e_nul_frac_q25": 0.02052193806385316,
  "clean_e_nul_frac_q75": 0.03394053279602599,
  "adv_e_ran_l2_mean": 8.736493565142155,
  "adv_e_ran_l2_ci95": 1.5904263337103208,
  "adv_e_ran_l2_median": 8.740119457244873,
  "adv_e_ran_l2_q25": 6.173734426498413,
  "adv_e_ran_l2_q75": 10.605213642120361,
  "adv_e_nul_l2_mean": 64.73575276136398,
  "adv_e_nul_l2_ci95": 12.74162783288189,
  "adv_e_nul_l2_median": 60.88820838928223,
  "adv_e_nul_l2_q25": 44.275461196899414,
  "adv_e_nul_l2_q75": 70.82494926452637,
  "adv_e_ran_frac_mean": 0.13906629620047434,
  "adv_e_ran_frac_ci95": 0.013381325009799435,
  "adv_e_ran_frac_median": 0.1359768373120612,
  "adv_e_ran_frac_q25": 0.11731368695361871,
  "adv_e_ran_frac_q75": 0.16058684455004757,
  "adv_e_nul_frac_mean": 0.9895344600697069,
  "adv_e_nul_frac_ci95": 0.0021465902144059187,
  "adv_e_nul_frac_median": 0.9907117573591799,
  "adv_e_nul_frac_q25": 0.9870215541352095,
  "adv_e_nul_frac_q75": 0.9930940060964242,
  "attack_runtime_total_sec": 1222.2565962933004,
  "attack_runtime_per_example_sec": 38.19551863416564,
  "model_name": "nsn",
  "attack_name": "adam",
  "norm": "l2",
  "eps": 0.1,
  "eps_actual": 127.69250320068359,
  "eps_budget_mode": "per_sample_l2",
  "attack_init_mode": "exact",
  "eval_init_mode": "exact"
}