{
  "num_examples": 32,
  "gt_norm_mean": 19.554032936692238,
  "gt_norm_ci95": 3.175656556464896,
  "gt_norm_median": 19.43148136138916,
  "gt_norm_q25": 13.664082050323486,
  "gt_norm_q75": 22.861806869506836,
  "clean_mse_mean": 0.0010473749416632927,
  "clean_mse_ci95": 0.000298399623242184,
  "clean_mse_median": 0.0009859981655608863,
  "clean_mse_q25": 0.00040942976193036884,
  "clean_mse_q75": 0.0013247384340502322,
  "adv_mse_mean": 0.2001131767174229,
  "adv_mse_ci95": 0.07348830683486887,
  "adv_mse_median": 0.12813426926732063,
  "adv_mse_q25": 0.08111957460641861,
  "adv_mse_q75": 0.22851527109742165,
  "mse_ratio_mean": 211.54374502037334,
  "mse_ratio_ci95": 46.44731040351161,
  "mse_ratio_median": 163.11846599169314,
  "mse_ratio_q25": 106.00096122532673,
  "mse_ratio_q75": 302.413959273826,
  "clean_rel_l2_mean": 0.19651426142081618,
  "clean_rel_l2_ci95": 0.009461751545814934,
  "clean_rel_l2_median": 0.2037706971168518,
  "clean_rel_l2_q25": 0.18412325903773308,
  "clean_rel_l2_q75": 0.21153900027275085,
  "adv_rel_l2_mean": 2.6314116194844246,
  "adv_rel_l2_ci95": 0.20326340423236608,
  "adv_rel_l2_median": 2.616916060447693,
  "adv_rel_l2_q25": 2.1964945197105408,
  "adv_rel_l2_q75": 3.061855673789978,
  "rel_l2_ratio_mean": 13.872557554837162,
  "rel_l2_ratio_ci95": 1.5383145124512845,
  "rel_l2_ratio_median": 12.770593562763132,
  "rel_l2_ratio_q25": 10.295663769514068,
  "rel_l2_ratio_q75": 17.38918664539655,
  "clean_psnr_mean": 27.11650159966115,
  "clean_psnr_ci95": 0.62559645573846,
  "clean_psnr_median": 27.185794698910463,
  "clean_psnr_q25": 26.167428607357007,
  "clean_psnr_q75": 28.41095740100944,
  "adv_psnr_mean": 4.70293284971164,
  "adv_psnr_ci95": 1.3045811516784032,
  "adv_psnr_median": 5.285777178833811,
  "adv_psnr_q25": 1.62345199440804,
  "adv_psnr_q75": 7.899701060117713,
  "clean_ssim_mean": 0.5808751430833394,
  "clean_ssim_ci95": 0.035447806276140366,
  "clean_ssim_median": 0.5748355816036563,
  "clean_ssim_q25": 0.5349292381303041,
  "clean_ssim_q75": 0.6400110125218205,
  "adv_ssim_mean": 0.0790642416653507,
  "adv_ssim_ci95": 0.0156756146572887,
  "adv_ssim_median": 0.07076711189755674,
  "adv_ssim_q25": 0.04898609780987865,
  "adv_ssim_q75": 0.10760255697063142,
  "pred_shift_rel_l2_mean": 2.893643271178007,
  "pred_shift_rel_l2_ci95": 0.21880513530206505,
  "pred_shift_rel_l2_median": 2.8501349687576294,
  "pred_shift_rel_l2_q25": 2.4322286248207092,
  "pred_shift_rel_l2_q75": 3.3788639903068542,
  "init_shift_rel_l2_mean": 0.3013121373951435,
  "init_shift_rel_l2_ci95": 0.02129993519045955,
  "init_shift_rel_l2_median": 0.29809999465942383,
  "init_shift_rel_l2_q25": 0.2598970830440521,
  "init_shift_rel_l2_q75": 0.3378121182322502,
  "delta_l2_mean": 112.31220030784607,
  "delta_l2_ci95": 21.650393872260146,
  "delta_l2_median": 105.38117218017578,
  "delta_l2_q25": 75.85118103027344,
  "delta_l2_q75": 129.2472801208496,
  "delta_linf_mean": 2.626502053812146,
  "delta_linf_ci95": 0.5815006028892519,
  "delta_linf_median": 2.3963953256607056,
  "delta_linf_q25": 1.573476880788803,
  "delta_linf_q75": 2.9898510575294495,
  "delta_mean_abs_mean": 0.4124117414467037,
  "delta_mean_abs_ci95": 0.07797598859456939,
  "delta_mean_abs_median": 0.39035677909851074,
  "delta_mean_abs_q25": 0.2812115252017975,
  "delta_mean_abs_q75": 0.4740026518702507,
  "delta_rel_l2_mean": 0.09911056954013056,
  "delta_rel_l2_ci95": 0.0017433965319967697,
  "delta_rel_l2_median": 0.10000005663553274,
  "delta_rel_l2_q25": 0.10000005011202986,
  "delta_rel_l2_q75": 0.10000006257446484,
  "success_rel_l2_mean": 1.0,
  "success_rel_l2_ci95": 0.0,
  "success_rel_l2_median": 1.0,
  "success_rel_l2_q25": 1.0,
  "success_rel_l2_q75": 1.0,
  "success_mse_mean": 1.0,
  "success_mse_ci95": 0.0,
  "success_mse_median": 1.0,
  "success_mse_q25": 1.0,
  "success_mse_q75": 1.0,
  "clean_e_ran_l2_mean": 3.581054288893938,
  "clean_e_ran_l2_ci95": 0.5597162650436259,
  "clean_e_ran_l2_median": 3.7805742025375366,
  "clean_e_ran_l2_q25": 2.448037326335907,
  "clean_e_ran_l2_q75": 4.389663934707642,
  "clean_e_nul_l2_mean": 1.2661130167543888,
  "clean_e_nul_l2_ci95": 0.15944514679865482,
  "clean_e_nul_l2_median": 1.3051055073738098,
  "clean_e_nul_l2_q25": 0.8412877023220062,
  "clean_e_nul_l2_q75": 1.5810065269470215,
  "clean_e_ran_frac_mean": 0.9334280076694154,
  "clean_e_ran_frac_ci95": 0.011186896218214375,
  "clean_e_ran_frac_median": 0.9430181291629689,
  "clean_e_ran_frac_q25": 0.9303964967360996,
  "clean_e_ran_frac_q75": 0.9519808260731213,
  "clean_e_nul_frac_mean": 0.3506647956885295,
  "clean_e_nul_frac_ci95": 0.024227145567034886,
  "clean_e_nul_frac_median": 0.3327406824531412,
  "clean_e_nul_frac_q25": 0.30615528481501153,
  "clean_e_nul_frac_q75": 0.366551534370289,
  "adv_e_ran_l2_mean": 29.73051455616951,
  "adv_e_ran_l2_ci95": 4.858429795663748,
  "adv_e_ran_l2_median": 28.573871612548828,
  "adv_e_ran_l2_q25": 19.8931303024292,
  "adv_e_ran_l2_q75": 34.94912815093994,
  "adv_e_nul_l2_mean": 41.43502312898636,
  "adv_e_nul_l2_ci95": 7.771839975011926,
  "adv_e_nul_l2_median": 35.7542724609375,
  "adv_e_nul_l2_q25": 30.656740188598633,
  "adv_e_nul_l2_q75": 51.05519390106201,
  "adv_e_ran_frac_mean": 0.5930018926491081,
  "adv_e_ran_frac_ci95": 0.02913226124962655,
  "adv_e_ran_frac_median": 0.6040089218544044,
  "adv_e_ran_frac_q25": 0.5379951384934779,
  "adv_e_ran_frac_q75": 0.6703837894147716,
  "adv_e_nul_frac_mean": 0.798713546309076,
  "adv_e_nul_frac_ci95": 0.020994784109911967,
  "adv_e_nul_frac_median": 0.7969301908177164,
  "adv_e_nul_frac_q25": 0.7420122729784598,
  "adv_e_nul_frac_q75": 0.8429277887178401,
  "attack_runtime_total_sec": 4082.3617004305124,
  "attack_runtime_per_example_sec": 127.57380313845351,
  "model_name": "nsn",
  "attack_name": "adam",
  "norm": "l2",
  "eps": 0.1,
  "eps_actual": 127.69250320068359,
  "eps_budget_mode": "per_sample_l2",
  "attack_init_mode": "exact",
  "eval_init_mode": "exact"
}