{
  "num_examples": 32,
  "gt_norm_mean": 27.580802619457245,
  "gt_norm_ci95": 2.1336641054187684,
  "gt_norm_median": 26.626888275146484,
  "clean_mse_mean": 0.0014744857217010576,
  "clean_mse_ci95": 0.0003569780333900354,
  "clean_mse_median": 0.0011209662188775837,
  "adv_mse_mean": 0.8285559751093388,
  "adv_mse_ci95": 0.00511576578781003,
  "adv_mse_median": 0.8293441832065582,
  "mse_ratio_mean": 812.4938372866209,
  "mse_ratio_ci95": 154.05256113733142,
  "mse_ratio_median": 738.9347572802559,
  "clean_rel_l2_mean": 0.165856861975044,
  "clean_rel_l2_ci95": 0.006022646427444827,
  "clean_rel_l2_median": 0.16253682225942612,
  "adv_rel_l2_mean": 4.414842903614044,
  "adv_rel_l2_ci95": 0.3127940534427455,
  "adv_rel_l2_median": 4.3687732219696045,
  "rel_l2_ratio_mean": 27.391427457364138,
  "rel_l2_ratio_ci95": 2.7764051733866024,
  "rel_l2_ratio_median": 27.17572011511266,
  "clean_psnr_mean": 29.182754348186975,
  "clean_psnr_ci95": 0.9472921232701044,
  "clean_psnr_median": 29.51232787554746,
  "adv_psnr_mean": 0.8174528630896974,
  "adv_psnr_ci95": 0.02691798970371799,
  "adv_psnr_median": 0.812659403264155,
  "clean_ssim_mean": 0.49085925251548473,
  "clean_ssim_ci95": 0.04321741063617996,
  "clean_ssim_median": 0.49438416259876383,
  "adv_ssim_mean": 0.019902673138420125,
  "adv_ssim_ci95": 0.0021163407129908603,
  "adv_ssim_median": 0.01831158001743703,
  "pred_shift_rel_l2_mean": 4.298730932176113,
  "pred_shift_rel_l2_ci95": 0.3164635766927842,
  "pred_shift_rel_l2_median": 4.259780406951904,
  "init_shift_rel_l2_mean": 4.86828488856554,
  "init_shift_rel_l2_ci95": 0.381246210341982,
  "init_shift_rel_l2_median": 4.8874664306640625,
  "delta_l2_mean": 76.91867065429688,
  "delta_l2_ci95": 6.714370574426246e-07,
  "delta_l2_median": 76.91867065429688,
  "delta_linf_mean": 1.7465707324445248,
  "delta_linf_ci95": 0.049297478708974544,
  "delta_linf_median": 1.7539275884628296,
  "delta_mean_abs_mean": 0.29049662221223116,
  "delta_mean_abs_ci95": 0.0001934723600600396,
  "delta_mean_abs_median": 0.29056963324546814,
  "delta_rel_l2_mean": 0.05503242502195317,
  "delta_rel_l2_ci95": 0.0059657620647341125,
  "delta_rel_l2_median": 0.053832920495249334,
  "success_rel_l2_mean": 1.0,
  "success_rel_l2_ci95": 0.0,
  "success_rel_l2_median": 1.0,
  "success_mse_mean": 1.0,
  "success_mse_ci95": 0.0,
  "success_mse_median": 1.0,
  "clean_e_ran_l2_mean": 4.280051112174988,
  "clean_e_ran_l2_ci95": 0.5128654924837006,
  "clean_e_ran_l2_median": 3.8943002223968506,
  "clean_e_nul_l2_mean": 1.8646375313401222,
  "clean_e_nul_l2_ci95": 0.1723564485537361,
  "clean_e_nul_l2_median": 1.7958595752716064,
  "clean_e_ran_frac_mean": 0.9120667142246492,
  "clean_e_ran_frac_ci95": 0.00635447396284897,
  "clean_e_ran_frac_median": 0.9122568431456777,
  "clean_e_nul_frac_mean": 0.40784999304230934,
  "clean_e_nul_frac_ci95": 0.013482546395330766,
  "clean_e_nul_frac_median": 0.40961816402356765,
  "adv_e_ran_l2_mean": 110.22510075569153,
  "adv_e_ran_l2_ci95": 0.3559755202998928,
  "adv_e_ran_l2_median": 110.34453201293945,
  "adv_e_nul_l2_mean": 37.73344075679779,
  "adv_e_nul_l2_ci95": 0.2844259847419851,
  "adv_e_nul_l2_median": 37.77113342285156,
  "adv_e_ran_frac_mean": 0.9460760510029896,
  "adv_e_ran_frac_ci95": 0.000775276932599302,
  "adv_e_ran_frac_median": 0.9460353643420905,
  "adv_e_nul_frac_mean": 0.3238733637304442,
  "adv_e_nul_frac_ci95": 0.0022621041846359632,
  "adv_e_nul_frac_median": 0.3240632004888615,
  "attack_runtime_total_sec": 116.59043466672301,
  "attack_runtime_per_example_sec": 3.643451083335094,
  "model_name": "dpnsn",
  "attack_name": "adam",
  "norm": "l2",
  "eps": 0.05,
  "eps_actual": 76.91867002807618,
  "attack_init_mode": "exact",
  "eval_init_mode": "exact"
}