{
  "num_examples": 32,
  "gt_norm_mean": 27.580802619457245,
  "gt_norm_ci95": 2.1336641054187684,
  "gt_norm_median": 26.626888275146484,
  "clean_mse_mean": 3.833550471199487e-05,
  "clean_mse_ci95": 8.471788937433505e-06,
  "clean_mse_median": 2.9399278901109938e-05,
  "adv_mse_mean": 3.7546128630638123,
  "adv_mse_ci95": 0.2344113664857137,
  "adv_mse_median": 3.6553817987442017,
  "mse_ratio_mean": 132681.6567341857,
  "mse_ratio_ci95": 24146.048033581017,
  "mse_ratio_median": 116118.9079416197,
  "clean_rel_l2_mean": 0.02719426655676216,
  "clean_rel_l2_ci95": 0.0006821109065866329,
  "clean_rel_l2_median": 0.02664567343890667,
  "adv_rel_l2_mean": 9.384827375411987,
  "adv_rel_l2_ci95": 0.7518396174647692,
  "adv_rel_l2_median": 9.464253425598145,
  "rel_l2_ratio_mean": 351.0270195463454,
  "rel_l2_ratio_ci95": 34.24203128640024,
  "rel_l2_ratio_median": 340.7604858815287,
  "clean_psnr_mean": 44.86432785848921,
  "clean_psnr_ci95": 0.840529112554273,
  "clean_psnr_median": 45.31802255383403,
  "adv_psnr_mean": -5.6795041572946126,
  "adv_psnr_ci95": 0.26543830516694,
  "adv_psnr_median": -5.628678459134203,
  "clean_ssim_mean": 0.9465326428336052,
  "clean_ssim_ci95": 0.007553204541450436,
  "clean_ssim_median": 0.9530123365430767,
  "adv_ssim_mean": 0.010403106945797744,
  "adv_ssim_ci95": 0.0016159789499706754,
  "adv_ssim_median": 0.008712959243209514,
  "pred_shift_rel_l2_mean": 9.378819182515144,
  "pred_shift_rel_l2_ci95": 0.7512492679075513,
  "pred_shift_rel_l2_median": 9.45517873764038,
  "init_shift_rel_l2_mean": 8.73246717453003,
  "init_shift_rel_l2_ci95": 0.686185182124397,
  "init_shift_rel_l2_median": 8.707382678985596,
  "delta_l2_mean": 153.8373417854309,
  "delta_l2_ci95": 2.1166247868813226e-06,
  "delta_l2_median": 153.83734130859375,
  "delta_linf_mean": 5.010241389274597,
  "delta_linf_ci95": 0.2545125006166697,
  "delta_linf_median": 4.940649032592773,
  "delta_mean_abs_mean": 0.5558923576027155,
  "delta_mean_abs_ci95": 0.0021460755059985325,
  "delta_mean_abs_median": 0.5557366609573364,
  "delta_rel_l2_mean": 0.11006485041495274,
  "delta_rel_l2_ci95": 0.011931524278384432,
  "delta_rel_l2_median": 0.10766584099049867,
  "success_rel_l2_mean": 1.0,
  "success_rel_l2_ci95": 0.0,
  "success_rel_l2_median": 1.0,
  "success_mse_mean": 1.0,
  "success_mse_ci95": 0.0,
  "success_mse_median": 1.0,
  "clean_e_ran_l2_mean": 0.6136870579794049,
  "clean_e_ran_l2_ci95": 0.06086218317349462,
  "clean_e_ran_l2_median": 0.5644590258598328,
  "clean_e_nul_l2_mean": 0.44870602525770664,
  "clean_e_nul_l2_ci95": 0.05009263985582145,
  "clean_e_nul_l2_median": 0.4116035997867584,
  "clean_e_ran_frac_mean": 0.8097064924328918,
  "clean_e_ran_frac_ci95": 0.004580328181891245,
  "clean_e_ran_frac_median": 0.8085077322625207,
  "clean_e_nul_frac_mean": 0.5864088099088817,
  "clean_e_nul_frac_ci95": 0.006402936015562022,
  "clean_e_nul_frac_median": 0.5884855383677227,
  "adv_e_ran_l2_mean": 246.49066829681396,
  "adv_e_ran_l2_ci95": 7.629408684130399,
  "adv_e_ran_l2_median": 244.1721420288086,
  "adv_e_nul_l2_mean": 16.94357168674469,
  "adv_e_nul_l2_ci95": 0.37435049929736214,
  "adv_e_nul_l2_median": 17.119215965270996,
  "adv_e_ran_frac_mean": 0.9976061734037811,
  "adv_e_ran_frac_ci95": 0.00014144238056021738,
  "adv_e_ran_frac_median": 0.9976733956202285,
  "adv_e_nul_frac_mean": 0.06892158866064775,
  "adv_e_nul_frac_ci95": 0.001979150436938268,
  "adv_e_nul_frac_median": 0.06817562706415231,
  "attack_runtime_total_sec": 116.61011089012027,
  "attack_runtime_per_example_sec": 3.6440659653162584,
  "model_name": "dpnsn_res",
  "attack_name": "adam",
  "norm": "l2",
  "eps": 0.1,
  "eps_actual": 153.83734005615236,
  "attack_init_mode": "exact",
  "eval_init_mode": "exact"
}