{
  "num_examples": 32,
  "gt_norm_mean": 19.554032936692238,
  "gt_norm_ci95": 3.175656556464896,
  "gt_norm_median": 19.43148136138916,
  "gt_norm_q25": 13.664082050323486,
  "gt_norm_q75": 22.861806869506836,
  "clean_mse_mean": 1.0495388490738833e-05,
  "clean_mse_ci95": 3.614849470066708e-06,
  "clean_mse_median": 6.547749535457115e-06,
  "clean_mse_q25": 2.716479571063246e-06,
  "clean_mse_q75": 1.4935000763216522e-05,
  "adv_mse_mean": 0.4937623456971778,
  "adv_mse_ci95": 0.23049744354449708,
  "adv_mse_median": 0.25150661170482635,
  "adv_mse_q25": 0.16071832738816738,
  "adv_mse_q75": 0.43903861939907074,
  "mse_ratio_mean": 62144.33715300482,
  "mse_ratio_ci95": 17042.193394406142,
  "mse_ratio_median": 50593.02543700373,
  "mse_ratio_q25": 31472.80616396034,
  "mse_ratio_q75": 77083.30086558023,
  "clean_rel_l2_mean": 0.020059730566572398,
  "clean_rel_l2_ci95": 0.0043137690677338995,
  "clean_rel_l2_median": 0.01590473484247923,
  "clean_rel_l2_q25": 0.013792262645438313,
  "clean_rel_l2_q75": 0.01940204482525587,
  "adv_rel_l2_mean": 3.705433776602149,
  "adv_rel_l2_ci95": 0.3051890219387944,
  "adv_rel_l2_median": 3.6761491298675537,
  "adv_rel_l2_q25": 3.1473276615142822,
  "adv_rel_l2_q75": 4.2905802726745605,
  "rel_l2_ratio_mean": 227.9409026915253,
  "rel_l2_ratio_ci95": 35.53068252625334,
  "rel_l2_ratio_median": 224.90452611693016,
  "rel_l2_ratio_q25": 177.26632808994276,
  "rel_l2_ratio_q75": 277.36842169435147,
  "clean_psnr_mean": 47.792881318475466,
  "clean_psnr_ci95": 1.3066600591427144,
  "clean_psnr_median": 48.83813521959547,
  "clean_psnr_q25": 46.3559548316005,
  "clean_psnr_q75": 50.50386070214706,
  "adv_psnr_mean": 1.873868946383734,
  "adv_psnr_ci95": 1.639858632792306,
  "adv_psnr_median": 2.243050253751807,
  "adv_psnr_q25": -0.8007779119704983,
  "adv_psnr_q75": 5.060374080821686,
  "clean_ssim_mean": 0.9930179666291059,
  "clean_ssim_ci95": 0.0012907342887925838,
  "clean_ssim_median": 0.9938976838243677,
  "clean_ssim_q25": 0.9920214830450483,
  "clean_ssim_q75": 0.9958007619524757,
  "adv_ssim_mean": 0.6945532135926966,
  "adv_ssim_ci95": 0.04077790713586103,
  "adv_ssim_median": 0.7225466295827934,
  "adv_ssim_q25": 0.6519421906904939,
  "adv_ssim_q75": 0.7804958002090722,
  "pred_shift_rel_l2_mean": 3.7070434615015984,
  "pred_shift_rel_l2_ci95": 0.305936484085717,
  "pred_shift_rel_l2_median": 3.6642324924468994,
  "pred_shift_rel_l2_q25": 3.14771044254303,
  "pred_shift_rel_l2_q75": 4.300461411476135,
  "init_shift_rel_l2_mean": 0.309147831518203,
  "init_shift_rel_l2_ci95": 0.02033060974870599,
  "init_shift_rel_l2_median": 0.3040858507156372,
  "init_shift_rel_l2_q25": 0.26977112144231796,
  "init_shift_rel_l2_q75": 0.34144510328769684,
  "delta_l2_mean": 111.83473479747772,
  "delta_l2_ci95": 21.203733649103185,
  "delta_l2_median": 105.38117599487305,
  "delta_l2_q25": 75.8511734008789,
  "delta_l2_q75": 129.2472686767578,
  "delta_linf_mean": 2.035384548828006,
  "delta_linf_ci95": 0.40474045969793954,
  "delta_linf_median": 1.7766442894935608,
  "delta_linf_q25": 1.3064181804656982,
  "delta_linf_q75": 2.3802544474601746,
  "delta_mean_abs_mean": 0.4013048456981778,
  "delta_mean_abs_ci95": 0.07453558655807765,
  "delta_mean_abs_median": 0.38112717866897583,
  "delta_mean_abs_q25": 0.27653761953115463,
  "delta_mean_abs_q75": 0.4627890959382057,
  "delta_rel_l2_mean": 0.09897022658135587,
  "delta_rel_l2_ci95": 0.0018986118829168713,
  "delta_rel_l2_median": 0.10000005627488537,
  "delta_rel_l2_q25": 0.10000004958551423,
  "delta_rel_l2_q75": 0.10000006399309042,
  "success_rel_l2_mean": 1.0,
  "success_rel_l2_ci95": 0.0,
  "success_rel_l2_median": 1.0,
  "success_rel_l2_q25": 1.0,
  "success_rel_l2_q75": 1.0,
  "success_mse_mean": 1.0,
  "success_mse_ci95": 0.0,
  "success_mse_median": 1.0,
  "success_mse_q25": 1.0,
  "success_mse_q75": 1.0,
  "clean_e_ran_l2_mean": 0.27356535010039806,
  "clean_e_ran_l2_ci95": 0.04978142212326442,
  "clean_e_ran_l2_median": 0.24494683742523193,
  "clean_e_ran_l2_q25": 0.16096367686986923,
  "clean_e_ran_l2_q75": 0.3704134002327919,
  "clean_e_nul_l2_mean": 0.24163308436982334,
  "clean_e_nul_l2_ci95": 0.04818263524731038,
  "clean_e_nul_l2_median": 0.19822188466787338,
  "clean_e_nul_l2_q25": 0.12803003564476967,
  "clean_e_nul_l2_q75": 0.31488481909036636,
  "clean_e_ran_frac_mean": 0.7528498178343836,
  "clean_e_ran_frac_ci95": 0.018993016298058274,
  "clean_e_ran_frac_median": 0.7493951243518098,
  "clean_e_ran_frac_q25": 0.7221202973953669,
  "clean_e_ran_frac_q75": 0.7930194840809878,
  "clean_e_nul_frac_mean": 0.6533708533174419,
  "clean_e_nul_frac_ci95": 0.020565142492702894,
  "clean_e_nul_frac_median": 0.6621186060454819,
  "clean_e_nul_frac_q25": 0.6091450856965718,
  "clean_e_nul_frac_q75": 0.6917657972724601,
  "adv_e_ran_l2_mean": 46.883990719914436,
  "adv_e_ran_l2_ci95": 11.43222816009925,
  "adv_e_ran_l2_median": 37.64156150817871,
  "adv_e_ran_l2_q25": 28.992084980010986,
  "adv_e_ran_l2_q75": 53.17126274108887,
  "adv_e_nul_l2_mean": 60.16311156749725,
  "adv_e_nul_l2_ci95": 12.282827760063448,
  "adv_e_nul_l2_median": 52.49492073059082,
  "adv_e_nul_l2_q25": 38.54708003997803,
  "adv_e_nul_l2_q75": 72.72946548461914,
  "adv_e_ran_frac_mean": 0.6029774769360408,
  "adv_e_ran_frac_ci95": 0.029814693437280923,
  "adv_e_ran_frac_median": 0.5980081668296426,
  "adv_e_ran_frac_q25": 0.5426443969042526,
  "adv_e_ran_frac_q75": 0.6526267258452296,
  "adv_e_nul_frac_mean": 0.7889966878894294,
  "adv_e_nul_frac_ci95": 0.028879001825840488,
  "adv_e_nul_frac_median": 0.8014890039181689,
  "adv_e_nul_frac_q25": 0.7576660893268139,
  "adv_e_nul_frac_q75": 0.839960755117963,
  "attack_runtime_total_sec": 1215.8028434887528,
  "attack_runtime_per_example_sec": 37.993838859023526,
  "model_name": "resnet",
  "attack_name": "adam",
  "norm": "l2",
  "eps": 0.1,
  "eps_actual": 127.69250320068359,
  "eps_budget_mode": "per_sample_l2",
  "attack_init_mode": "exact",
  "eval_init_mode": "exact"
}