{
  "num_examples": 32,
  "gt_norm_mean": 19.10678167641163,
  "gt_norm_ci95": 3.4833903043152117,
  "gt_norm_median": 16.756710529327393,
  "gt_norm_q25": 12.742112159729004,
  "gt_norm_q75": 21.370549201965332,
  "clean_mse_mean": 0.00027638890128400817,
  "clean_mse_ci95": 6.712016490322704e-05,
  "clean_mse_median": 0.00023686107306275517,
  "clean_mse_q25": 0.0001161249110737117,
  "clean_mse_q75": 0.0003859057178488001,
  "adv_mse_mean": 0.000276405209206132,
  "adv_mse_ci95": 6.712372713059719e-05,
  "adv_mse_median": 0.00023693425464443862,
  "adv_mse_q25": 0.00011613113565545063,
  "adv_mse_q75": 0.000385918581741862,
  "mse_ratio_mean": 1.0000579739824982,
  "mse_ratio_ci95": 3.364311300698926e-05,
  "mse_ratio_median": 1.0000462676984105,
  "mse_ratio_q25": 1.000026817844629,
  "mse_ratio_q75": 1.000059248570824,
  "clean_rel_l2_mean": 0.11245803418569267,
  "clean_rel_l2_ci95": 0.008704213009158253,
  "clean_rel_l2_median": 0.1135103739798069,
  "clean_rel_l2_q25": 0.09323267638683319,
  "clean_rel_l2_q75": 0.12188530713319778,
  "adv_rel_l2_mean": 0.11246172641403973,
  "adv_rel_l2_ci95": 0.008705473919404383,
  "adv_rel_l2_median": 0.11351325735449791,
  "adv_rel_l2_q25": 0.09323536604642868,
  "adv_rel_l2_q75": 0.12188684940338135,
  "rel_l2_ratio_mean": 1.0000289867017487,
  "rel_l2_ratio_ci95": 1.681187285793422e-05,
  "rel_l2_ratio_median": 1.0000231063612173,
  "rel_l2_ratio_q25": 1.000013433077512,
  "rel_l2_ratio_q75": 1.0000295976886393,
  "clean_psnr_mean": 32.24125215775135,
  "clean_psnr_ci95": 0.4122670077333718,
  "clean_psnr_median": 32.05672595089986,
  "clean_psnr_q25": 31.314489118155393,
  "clean_psnr_q75": 33.083222007921535,
  "adv_psnr_mean": 32.24100047215385,
  "adv_psnr_ci95": 0.4123116698784436,
  "adv_psnr_median": 32.05646156298932,
  "adv_psnr_q25": 31.31437292754741,
  "adv_psnr_q75": 33.08316097079103,
  "clean_ssim_mean": 0.9217629099657447,
  "clean_ssim_ci95": 0.00618343404386955,
  "clean_ssim_median": 0.9210925225692319,
  "clean_ssim_q25": 0.9106303254989848,
  "clean_ssim_q75": 0.9342832282236613,
  "adv_ssim_mean": 0.9217641560762002,
  "adv_ssim_ci95": 0.006184838463301445,
  "adv_ssim_median": 0.9210947608108186,
  "adv_ssim_q25": 0.910645551196953,
  "adv_ssim_q75": 0.9342868325477093,
  "pred_shift_rel_l2_mean": 0.00029273409381858073,
  "pred_shift_rel_l2_ci95": 7.051706033658908e-05,
  "pred_shift_rel_l2_median": 0.00018980892491526902,
  "pred_shift_rel_l2_q25": 0.0001450453928555362,
  "pred_shift_rel_l2_q75": 0.0004116890631848946,
  "init_shift_rel_l2_mean": 0.0004548657066152373,
  "init_shift_rel_l2_ci95": 0.00015737894107364824,
  "init_shift_rel_l2_median": 0.00023526940640294924,
  "init_shift_rel_l2_q25": 0.00017043052866938524,
  "init_shift_rel_l2_q75": 0.0005270003312034532,
  "delta_l2_mean": 0.00017623387338971952,
  "delta_l2_ci95": 9.418573246996197e-07,
  "delta_l2_median": 0.0001754637632984668,
  "delta_l2_q25": 0.00017463567201048136,
  "delta_l2_q75": 0.0001777512334228959,
  "delta_linf_mean": 6.297521395026706e-06,
  "delta_linf_ci95": 1.9872511765656658e-07,
  "delta_linf_median": 6.122514605522156e-06,
  "delta_linf_q25": 5.895810318179429e-06,
  "delta_linf_q75": 6.547292286995798e-06,
  "delta_mean_abs_mean": 5.571830925532595e-07,
  "delta_mean_abs_ci95": 6.3572931832106906e-09,
  "delta_mean_abs_median": 5.641971370096144e-07,
  "delta_mean_abs_q25": 5.560942781812628e-07,
  "delta_mean_abs_q75": 5.683621111529646e-07,
  "delta_rel_l2_mean": 2.2954830512413493e-07,
  "delta_rel_l2_ci95": 4.8026142258652993e-08,
  "delta_rel_l2_median": 2.0988159793493283e-07,
  "delta_rel_l2_q25": 1.3383749686733713e-07,
  "delta_rel_l2_q75": 2.856102139647438e-07,
  "success_rel_l2_mean": 0.0,
  "success_rel_l2_ci95": 0.0,
  "success_rel_l2_median": 0.0,
  "success_rel_l2_q25": 0.0,
  "success_rel_l2_q75": 0.0,
  "success_mse_mean": 0.0,
  "success_mse_ci95": 0.0,
  "success_mse_median": 0.0,
  "success_mse_q25": 0.0,
  "success_mse_q75": 0.0,
  "clean_e_ran_l2_mean": 1.467962834984064,
  "clean_e_ran_l2_ci95": 0.1991634589894239,
  "clean_e_ran_l2_median": 1.3799903392791748,
  "clean_e_ran_l2_q25": 1.0279322862625122,
  "clean_e_ran_l2_q75": 1.7673651576042175,
  "clean_e_nul_l2_mean": 1.3447564356029034,
  "clean_e_nul_l2_ci95": 0.17423822071015513,
  "clean_e_nul_l2_median": 1.3605948686599731,
  "clean_e_nul_l2_q25": 0.9259719550609589,
  "clean_e_nul_l2_q75": 1.790343850851059,
  "clean_e_ran_frac_mean": 0.7312204400225835,
  "clean_e_ran_frac_ci95": 0.023607974060003367,
  "clean_e_ran_frac_median": 0.7427919748880567,
  "clean_e_ran_frac_q25": 0.6975291103833331,
  "clean_e_ran_frac_q75": 0.7626070611368011,
  "clean_e_nul_frac_mean": 0.6749534446990542,
  "clean_e_nul_frac_ci95": 0.025523928620885816,
  "clean_e_nul_frac_median": 0.6695212211613825,
  "clean_e_nul_frac_q25": 0.646855251608721,
  "clean_e_nul_frac_q75": 0.7165558316403394,
  "adv_e_ran_l2_mean": 1.4679579865187407,
  "adv_e_ran_l2_ci95": 0.1991636788576943,
  "adv_e_ran_l2_median": 1.380039632320404,
  "adv_e_ran_l2_q25": 1.027932494878769,
  "adv_e_ran_l2_q75": 1.7673468887805939,
  "adv_e_nul_l2_mean": 1.3448498621582985,
  "adv_e_nul_l2_ci95": 0.1742487214973712,
  "adv_e_nul_l2_median": 1.3607391715049744,
  "adv_e_nul_l2_q25": 0.9260309338569641,
  "adv_e_nul_l2_q75": 1.7904684245586395,
  "adv_e_ran_frac_mean": 0.7311957498282838,
  "adv_e_ran_frac_ci95": 0.023608688097002197,
  "adv_e_ran_frac_median": 0.7427710824395202,
  "adv_e_ran_frac_q25": 0.6974798363646365,
  "adv_e_ran_frac_q75": 0.762586750744816,
  "adv_e_nul_frac_mean": 0.6749801774590698,
  "adv_e_nul_frac_ci95": 0.02552330723047253,
  "adv_e_nul_frac_median": 0.6695444012372429,
  "adv_e_nul_frac_q25": 0.6468792694330665,
  "adv_e_nul_frac_q75": 0.716603790617043,
  "attack_runtime_total_sec": 275.34999703615904,
  "attack_runtime_per_example_sec": 8.60468740737997,
  "model_name": "nsn",
  "attack_name": "adam",
  "norm": "l2",
  "eps": 0.1,
  "eps_actual": 128.65460538513184,
  "eps_budget_mode": "per_sample_l2",
  "attack_init_mode": "exact",
  "eval_init_mode": "exact"
}