{
  "num_examples": 32,
  "gt_norm_mean": 19.670156359672546,
  "gt_norm_ci95": 3.306666391339513,
  "gt_norm_median": 18.95488929748535,
  "gt_norm_q25": 11.325607061386108,
  "gt_norm_q75": 25.38380765914917,
  "clean_mse_mean": 5.612949143252166e-07,
  "clean_mse_ci95": 1.9777864721603885e-07,
  "clean_mse_median": 3.6571930195350433e-07,
  "clean_mse_q25": 2.130579730419413e-07,
  "clean_mse_q75": 6.864816555207653e-07,
  "adv_mse_mean": 0.08941649254848016,
  "adv_mse_ci95": 0.040258447796218004,
  "adv_mse_median": 0.05057172477245331,
  "adv_mse_q25": 0.011116416193544865,
  "adv_mse_q75": 0.14992696791887283,
  "mse_ratio_mean": 156828.14687697327,
  "mse_ratio_ci95": 46160.480767954876,
  "mse_ratio_median": 115695.66922489738,
  "mse_ratio_q25": 45714.201209815175,
  "mse_ratio_q75": 238521.92805966435,
  "clean_rel_l2_mean": 0.004997396870749071,
  "clean_rel_l2_ci95": 0.0008900302157751416,
  "clean_rel_l2_median": 0.004206398734822869,
  "clean_rel_l2_q25": 0.0034254661295562983,
  "clean_rel_l2_q75": 0.005473889643326402,
  "adv_rel_l2_mean": 1.4703024663031101,
  "adv_rel_l2_ci95": 0.12630946644214086,
  "adv_rel_l2_median": 1.3715742230415344,
  "adv_rel_l2_q25": 1.2095116674900055,
  "adv_rel_l2_q75": 1.6933521330356598,
  "rel_l2_ratio_mean": 357.49558868469444,
  "rel_l2_ratio_ci95": 59.97381991069173,
  "rel_l2_ratio_median": 340.09661852271665,
  "rel_l2_ratio_q25": 213.76920964351172,
  "rel_l2_ratio_q75": 487.7481812811104,
  "clean_psnr_mean": 59.209447005332066,
  "clean_psnr_ci95": 0.9578187055440011,
  "clean_psnr_median": 59.96873730239413,
  "clean_psnr_q25": 57.95121406880232,
  "clean_psnr_q75": 60.84446046836932,
  "adv_psnr_mean": 9.330151490846426,
  "adv_psnr_ci95": 1.5737341954406814,
  "adv_psnr_median": 10.372906967477029,
  "adv_psnr_q25": 6.006741793086121,
  "adv_psnr_q75": 12.485655261812386,
  "clean_ssim_mean": 0.9979702168899154,
  "clean_ssim_ci95": 0.0008418021814384995,
  "clean_ssim_median": 0.9988135510124017,
  "clean_ssim_q25": 0.9975698251358303,
  "clean_ssim_q75": 0.9991351841790994,
  "adv_ssim_mean": 0.046711250298313446,
  "adv_ssim_ci95": 0.009489066481311667,
  "adv_ssim_median": 0.043621657583623116,
  "adv_ssim_q25": 0.022161292671838258,
  "adv_ssim_q75": 0.06505969464376746,
  "clean_mae_mean": 0.0003681171897369495,
  "clean_mae_ci95": 6.210615973757269e-05,
  "clean_mae_median": 0.000319573053275235,
  "clean_mae_q25": 0.0002524823066778481,
  "clean_mae_q75": 0.0004401093610795215,
  "adv_mae_mean": 0.12683753203600645,
  "adv_mae_ci95": 0.03049628942717453,
  "adv_mae_median": 0.11620032787322998,
  "adv_mae_q25": 0.05037617310881615,
  "adv_mae_q75": 0.1937161162495613,
  "clean_nrmse_mean": 0.0011573000523242847,
  "clean_nrmse_ci95": 0.00015424621875596788,
  "clean_nrmse_median": 0.0010037557464428635,
  "clean_nrmse_q25": 0.0009073824051793343,
  "clean_nrmse_q75": 0.0012662015647871418,
  "adv_nrmse_mean": 0.39118292399594734,
  "adv_nrmse_ci95": 0.07428262840173953,
  "adv_nrmse_median": 0.30324028659418767,
  "adv_nrmse_q25": 0.2375293350787054,
  "adv_nrmse_q75": 0.5007996180987765,
  "clean_max_err_mean": 0.014933580649085343,
  "clean_max_err_ci95": 0.0033303609393555956,
  "clean_max_err_median": 0.011397391557693481,
  "clean_max_err_q25": 0.008980536833405495,
  "clean_max_err_q75": 0.01632840931415558,
  "adv_max_err_mean": 3.1566612608730793,
  "adv_max_err_ci95": 0.6620053228956544,
  "adv_max_err_median": 3.1541049480438232,
  "adv_max_err_q25": 1.3474019765853882,
  "adv_max_err_q75": 4.195049285888672,
  "clean_init_rel_l2_mean": 0.2520770381670445,
  "clean_init_rel_l2_ci95": 0.04474757835515376,
  "clean_init_rel_l2_median": 0.21722742170095444,
  "clean_init_rel_l2_q25": 0.17055825889110565,
  "clean_init_rel_l2_q75": 0.28996142745018005,
  "adv_init_rel_l2_mean": 0.8502145241945982,
  "adv_init_rel_l2_ci95": 0.03196586021100082,
  "adv_init_rel_l2_median": 0.8237276375293732,
  "adv_init_rel_l2_q25": 0.7940566837787628,
  "adv_init_rel_l2_q75": 0.8960219621658325,
  "init_rel_l2_ratio_mean": 4.002299449191868,
  "init_rel_l2_ratio_ci95": 0.5364491599685008,
  "init_rel_l2_ratio_median": 3.692795107385221,
  "init_rel_l2_ratio_q25": 3.0642213726250693,
  "init_rel_l2_ratio_q75": 5.261968327227959,
  "clean_init_psnr_mean": 25.194284395610136,
  "clean_init_psnr_ci95": 1.053763380803202,
  "clean_init_psnr_median": 24.783990491579146,
  "clean_init_psnr_q25": 23.15347558332141,
  "clean_init_psnr_q75": 27.63229479466916,
  "adv_init_psnr_mean": 13.883460035141303,
  "adv_init_psnr_ci95": 1.1467092282928208,
  "adv_init_psnr_median": 14.757318553533427,
  "adv_init_psnr_q25": 11.321709011003819,
  "adv_init_psnr_q75": 16.593403129953558,
  "clean_init_ssim_mean": 0.4360748676610561,
  "clean_init_ssim_ci95": 0.038615712195724655,
  "clean_init_ssim_median": 0.4156293124047607,
  "clean_init_ssim_q25": 0.3746017818907749,
  "clean_init_ssim_q75": 0.4684293510924116,
  "adv_init_ssim_mean": 0.0620174334205275,
  "adv_init_ssim_ci95": 0.005387186188365857,
  "adv_init_ssim_median": 0.05730151406084625,
  "adv_init_ssim_q25": 0.05279649303353407,
  "adv_init_ssim_q75": 0.0684747518075802,
  "clean_init_mae_mean": 0.019345941531355493,
  "clean_init_mae_ci95": 0.0033431355899844186,
  "clean_init_mae_median": 0.0176046434789896,
  "clean_init_mae_q25": 0.012700640596449375,
  "clean_init_mae_q75": 0.023134255316108465,
  "adv_init_mae_mean": 0.09518517542164773,
  "adv_init_mae_ci95": 0.01882584955150871,
  "adv_init_mae_median": 0.08600513637065887,
  "adv_init_mae_q25": 0.04802830331027508,
  "adv_init_mae_q75": 0.13177099078893661,
  "pred_shift_rel_l2_mean": 1.469784652814269,
  "pred_shift_rel_l2_ci95": 0.12633582966328483,
  "pred_shift_rel_l2_median": 1.3709943890571594,
  "pred_shift_rel_l2_q25": 1.208986073732376,
  "pred_shift_rel_l2_q75": 1.6926611065864563,
  "init_shift_rel_l2_mean": 0.8305557332932949,
  "init_shift_rel_l2_ci95": 0.03642240589813209,
  "init_shift_rel_l2_median": 0.8047226965427399,
  "init_shift_rel_l2_q25": 0.7549403756856918,
  "init_shift_rel_l2_q75": 0.8908513188362122,
  "delta_l2_mean": 12.281680427491665,
  "delta_l2_ci95": 2.6430116634567544,
  "delta_l2_median": 11.635647296905518,
  "delta_l2_q25": 5.349681735038757,
  "delta_l2_q75": 16.278320789337158,
  "delta_linf_mean": 0.3143180161714554,
  "delta_linf_ci95": 0.07188886602549442,
  "delta_linf_median": 0.3010875731706619,
  "delta_linf_q25": 0.127660620957613,
  "delta_linf_q75": 0.41608358174562454,
  "delta_mean_abs_mean": 0.044059143314370885,
  "delta_mean_abs_ci95": 0.009570200609357175,
  "delta_mean_abs_median": 0.04164855740964413,
  "delta_mean_abs_q25": 0.019132464192807674,
  "delta_mean_abs_q75": 0.058690174482762814,
  "delta_rel_l2_mean": 0.01000000097561828,
  "delta_rel_l2_ci95": 6.000875791236279e-10,
  "delta_rel_l2_median": 0.01000000063430247,
  "delta_rel_l2_q25": 0.009999999731494706,
  "delta_rel_l2_q75": 0.010000001501550719,
  "success_rel_l2_mean": 1.0,
  "success_rel_l2_ci95": 0.0,
  "success_rel_l2_median": 1.0,
  "success_rel_l2_q25": 1.0,
  "success_rel_l2_q75": 1.0,
  "success_mse_mean": 1.0,
  "success_mse_ci95": 0.0,
  "success_mse_median": 1.0,
  "success_mse_q25": 1.0,
  "success_mse_q75": 1.0,
  "clean_e_ran_l2_mean": 1.1741585289826162e-05,
  "clean_e_ran_l2_ci95": 2.589065731757267e-06,
  "clean_e_ran_l2_median": 1.152363074652385e-05,
  "clean_e_ran_l2_q25": 5.10649101670424e-06,
  "clean_e_ran_l2_q75": 1.4750985656064586e-05,
  "clean_e_nul_l2_mean": 0.08739241550210863,
  "clean_e_nul_l2_ci95": 0.01389867574300725,
  "clean_e_nul_l2_median": 0.0774075947701931,
  "clean_e_nul_l2_q25": 0.0590744698420167,
  "clean_e_nul_l2_q75": 0.10605190135538578,
  "clean_e_ran_frac_mean": 0.00013606957618292003,
  "clean_e_ran_frac_ci95": 2.1786677677283374e-05,
  "clean_e_ran_frac_median": 0.0001313153690224375,
  "clean_e_ran_frac_q25": 9.319375286701167e-05,
  "clean_e_ran_frac_q75": 0.00017622928866082785,