{
  "num_examples": 32,
  "gt_norm_mean": 19.246901780366898,
  "gt_norm_ci95": 3.3146818493907912,
  "gt_norm_median": 15.661028385162354,
  "clean_mse_mean": 0.0010802682797930174,
  "clean_mse_ci95": 0.00043825656391010566,
  "clean_mse_median": 0.0004372976254671812,
  "adv_mse_mean": 0.03448739479063079,
  "adv_mse_ci95": 0.00546248138311134,
  "adv_mse_median": 0.028079967945814133,
  "mse_ratio_mean": 73.73449436512053,
  "mse_ratio_ci95": 19.868500418236508,
  "mse_ratio_median": 64.4955172997509,
  "clean_rel_l2_mean": 0.1851788512431085,
  "clean_rel_l2_ci95": 0.006548032356378378,
  "clean_rel_l2_median": 0.18163354694843292,
  "adv_rel_l2_mean": 1.4389783963561058,
  "adv_rel_l2_ci95": 0.1863167654613537,
  "adv_rel_l2_median": 1.4503094553947449,
  "rel_l2_ratio_mean": 7.95995713375911,
  "rel_l2_ratio_ci95": 1.1338078768807025,
  "rel_l2_ratio_median": 8.030904694002942,
  "clean_psnr_mean": 27.290176986866747,
  "clean_psnr_ci95": 1.0854173650704422,
  "clean_psnr_median": 27.707658508936035,
  "adv_psnr_mean": 10.08169046863005,
  "adv_psnr_ci95": 1.0410070935909346,
  "adv_psnr_median": 10.001697319905876,
  "clean_ssim_mean": 0.43681568194082554,
  "clean_ssim_ci95": 0.04522888163089567,
  "clean_ssim_median": 0.4232770525941711,
  "adv_ssim_mean": 0.04725519095825617,
  "adv_ssim_ci95": 0.009639828446757088,
  "adv_ssim_median": 0.04216062743099283,
  "pred_shift_rel_l2_mean": 1.3918445771560073,
  "pred_shift_rel_l2_ci95": 0.19166693781938918,
  "pred_shift_rel_l2_median": 1.424587070941925,
  "init_shift_rel_l2_mean": 1.4255379885435104,
  "init_shift_rel_l2_ci95": 0.2390058784765498,
  "init_shift_rel_l2_median": 1.489989161491394,
  "delta_l2_mean": 12.805586725473404,
  "delta_l2_ci95": 2.1165207835013178e-07,
  "delta_l2_median": 12.805586814880371,
  "delta_linf_mean": 0.3066343702375889,
  "delta_linf_ci95": 0.011222283497947596,
  "delta_linf_median": 0.2997322529554367,
  "delta_mean_abs_mean": 0.0462733784224838,
  "delta_mean_abs_ci95": 0.00012400531002006602,
  "delta_mean_abs_median": 0.04616577923297882,
  "delta_rel_l2_mean": 0.015453809652725418,
  "delta_rel_l2_ci95": 0.0026091863471734075,
  "delta_rel_l2_median": 0.015840913655423144,
  "success_rel_l2_mean": 1.0,
  "success_rel_l2_ci95": 0.0,
  "success_rel_l2_median": 1.0,
  "success_mse_mean": 1.0,
  "success_mse_ci95": 0.0,
  "success_mse_median": 1.0,
  "clean_e_ran_l2_mean": 3.130324300378561,
  "clean_e_ran_l2_ci95": 0.6675030835691327,
  "clean_e_ran_l2_median": 2.2424978017807007,
  "clean_e_nul_l2_mean": 1.8522361926734447,
  "clean_e_nul_l2_ci95": 0.32908959786442465,
  "clean_e_nul_l2_median": 1.565009355545044,
  "clean_e_ran_frac_mean": 0.8461286954998428,
  "clean_e_ran_frac_ci95": 0.023401181862104763,
  "clean_e_ran_frac_median": 0.8598926975925376,
  "clean_e_nul_frac_mean": 0.5214822584449903,
  "clean_e_nul_frac_ci95": 0.03089715346364362,
  "clean_e_nul_frac_median": 0.5104641226983511,
  "adv_e_ran_l2_mean": 18.434482097625732,
  "adv_e_ran_l2_ci95": 0.6450965725675261,
  "adv_e_ran_l2_median": 19.035240173339844,
  "adv_e_nul_l2_mean": 12.53215628862381,
  "adv_e_nul_l2_ci95": 2.8337195950245144,
  "adv_e_nul_l2_median": 7.81545352935791,
  "adv_e_ran_frac_mean": 0.8212842815134029,
  "adv_e_ran_frac_ci95": 0.060688201615640834,
  "adv_e_ran_frac_median": 0.9309790764389327,
  "adv_e_nul_frac_mean": 0.5017222135329316,
  "adv_e_nul_frac_ci95": 0.07388051810124192,
  "adv_e_nul_frac_median": 0.36503444496208703,
  "attack_runtime_total_sec": 116.50819643214345,
  "attack_runtime_per_example_sec": 3.640881138504483,
  "model_name": "dpnsn",
  "attack_name": "adam",
  "norm": "l2",
  "eps": 0.01,
  "eps_actual": 12.805586398406984,
  "attack_init_mode": "exact",
  "eval_init_mode": "exact"
}