{
  "num_examples": 32,
  "gt_norm_mean": 27.30239450931549,
  "gt_norm_ci95": 2.6899918874387048,
  "gt_norm_median": 24.237028121948242,
  "clean_mse_mean": 7.934221639516181e-05,
  "clean_mse_ci95": 9.049392128369676e-06,
  "clean_mse_median": 7.42936936148908e-05,
  "adv_mse_mean": 0.008377826074138284,
  "adv_mse_ci95": 5.139571765625841e-05,
  "adv_mse_median": 0.008367256261408329,
  "mse_ratio_mean": 118.62542203540607,
  "mse_ratio_ci95": 15.39615186976886,
  "mse_ratio_median": 112.43872365210021,
  "clean_rel_l2_mean": 0.04325784422690049,
  "clean_rel_l2_ci95": 0.0035552868322882318,
  "clean_rel_l2_median": 0.04376314766705036,
  "adv_rel_l2_mean": 0.45528639666736126,
  "adv_rel_l2_ci95": 0.03426857354201262,
  "adv_rel_l2_median": 0.48408931493759155,
  "rel_l2_ratio_mean": 10.727322608754498,
  "rel_l2_ratio_ci95": 0.6632656513854571,
  "rel_l2_ratio_median": 10.603701758141812,
  "clean_psnr_mean": 41.25306133370114,
  "clean_psnr_ci95": 0.5332837794213112,
  "clean_psnr_median": 41.29056475958671,
  "adv_psnr_mean": 20.76935136795243,
  "adv_psnr_ci95": 0.026805674906421197,
  "adv_psnr_median": 20.77416907600432,
  "clean_ssim_mean": 0.9430486512941316,
  "clean_ssim_ci95": 0.005802572298618587,
  "clean_ssim_median": 0.9394630679574882,
  "adv_ssim_mean": 0.16030237873564618,
  "adv_ssim_ci95": 0.00525179980978175,
  "adv_ssim_median": 0.15591232042552355,
  "pred_shift_rel_l2_mean": 0.4447954408824444,
  "pred_shift_rel_l2_ci95": 0.033697695766960085,
  "pred_shift_rel_l2_median": 0.47164444625377655,
  "init_shift_rel_l2_mean": 0.5170218842104077,
  "init_shift_rel_l2_ci95": 0.04118455770168341,
  "init_shift_rel_l2_median": 0.5520083010196686,
  "delta_l2_mean": 7.7249584048986435,
  "delta_l2_ci95": 1.989874717736481e-07,
  "delta_l2_median": 7.724958419799805,
  "delta_linf_mean": 0.16966285603120923,
  "delta_linf_ci95": 0.003322210492856004,
  "delta_linf_median": 0.1700231209397316,
  "delta_mean_abs_mean": 0.029615542327519506,
  "delta_mean_abs_ci95": 1.9504040438235268e-05,
  "delta_mean_abs_median": 0.029614721424877644,
  "delta_rel_l2_mean": 0.0058911924582772815,
  "delta_rel_l2_ci95": 0.00065583223836145,
  "delta_rel_l2_median": 0.006193899390414167,
  "success_rel_l2_mean": 1.0,
  "success_rel_l2_ci95": 0.0,
  "success_rel_l2_median": 1.0,
  "success_mse_mean": 1.0,
  "success_mse_ci95": 0.0,
  "success_mse_median": 1.0,
  "clean_e_ran_l2_mean": 0.6806412972509861,
  "clean_e_ran_l2_ci95": 0.04496522161660325,
  "clean_e_ran_l2_median": 0.7123907804489136,
  "clean_e_nul_l2_mean": 0.8930317591875792,
  "clean_e_nul_l2_ci95": 0.053211824294216885,
  "clean_e_nul_l2_median": 0.8828655183315277,
  "clean_e_ran_frac_mean": 0.6034365681523142,
  "clean_e_ran_frac_ci95": 0.016360497993316663,
  "clean_e_ran_frac_median": 0.5981130175068872,
  "clean_e_nul_frac_mean": 0.795282710713165,
  "clean_e_nul_frac_ci95": 0.012344574504912428,
  "clean_e_nul_frac_median": 0.8013960625194618,
  "adv_e_ran_l2_mean": 10.950076550245285,
  "adv_e_ran_l2_ci95": 0.03418326006769009,
  "adv_e_ran_l2_median": 10.943377494812012,
  "adv_e_nul_l2_mean": 4.162119925022125,
  "adv_e_nul_l2_ci95": 0.05616583149732686,
  "adv_e_nul_l2_median": 4.178006649017334,
  "adv_e_ran_frac_mean": 0.9346805872053927,
  "adv_e_ran_frac_ci95": 0.0016608380116744817,
  "adv_e_ran_frac_median": 0.93455075379656,
  "adv_e_nul_frac_mean": 0.355238178415482,
  "adv_e_nul_frac_ci95": 0.00439378261999241,
  "adv_e_nul_frac_median": 0.3558282191258163,
  "attack_runtime_total_sec": 23.332117967307568,
  "attack_runtime_per_example_sec": 0.7291286864783615,
  "model_name": "dpnsn",
  "attack_name": "adam",
  "norm": "l2",
  "eps": 0.005,
  "eps_actual": 7.724958533508301,
  "attack_init_mode": "exact",
  "eval_init_mode": "exact"
}