{
  "num_examples": 32,
  "gt_norm_mean": 26.229215562343597,
  "gt_norm_ci95": 1.7699003430208013,
  "gt_norm_median": 25.09980010986328,
  "clean_mse_mean": 1.025996945180907e-07,
  "clean_mse_ci95": 1.1660480789548427e-08,
  "clean_mse_median": 9.5558977619703e-08,
  "adv_mse_mean": 0.49749202467501163,
  "adv_mse_ci95": 0.002118693996432772,
  "adv_mse_median": 0.49778030812740326,
  "mse_ratio_mean": 5429904.042926232,
  "mse_ratio_ci95": 704471.8226060577,
  "mse_ratio_median": 5249070.987392053,
  "clean_rel_l2_mean": 0.0015774143212183844,
  "clean_rel_l2_ci95": 0.00011414332912521247,
  "clean_rel_l2_median": 0.0015505558694712818,
  "adv_rel_l2_mean": 3.5536124482750893,
  "adv_rel_l2_ci95": 0.21045128488471085,
  "adv_rel_l2_median": 3.5936886072158813,
  "rel_l2_ratio_mean": 2295.474440223895,
  "rel_l2_ratio_ci95": 141.1187062392584,
  "rel_l2_ratio_median": 2291.053385495945,
  "clean_psnr_mean": 70.12463475941186,
  "clean_psnr_ci95": 0.5150265275794176,
  "clean_psnr_median": 70.19731557562864,
  "adv_psnr_mean": 3.0324569384569786,
  "adv_psnr_ci95": 0.018516019672694835,
  "adv_psnr_median": 3.0296228821776783,
  "clean_ssim_mean": 0.9997977814985025,
  "clean_ssim_ci95": 3.338262120056758e-05,
  "clean_ssim_median": 0.9998101007730946,
  "adv_ssim_mean": 0.021596868088358527,
  "adv_ssim_ci95": 0.001933365376307945,
  "adv_ssim_median": 0.022193313293642544,
  "pred_shift_rel_l2_mean": 3.5540626496076584,
  "pred_shift_rel_l2_ci95": 0.21055894278420348,
  "pred_shift_rel_l2_median": 3.594235420227051,
  "init_shift_rel_l2_mean": 3.6778449714183807,
  "init_shift_rel_l2_ci95": 0.23706646453292118,
  "init_shift_rel_l2_median": 3.6855785846710205,
  "delta_l2_mean": 53.800310015678406,
  "delta_l2_ci95": 0.07415498393322646,
  "delta_l2_median": 53.81393241882324,
  "delta_linf_mean": 1.1298174802213907,
  "delta_linf_ci95": 0.029074283604144862,
  "delta_linf_median": 1.124346911907196,
  "delta_mean_abs_mean": 0.2097946284338832,
  "delta_mean_abs_ci95": 0.0003637202929088161,
  "delta_mean_abs_median": 0.2100065052509308,
  "delta_rel_l2_mean": 0.0409335691881875,
  "delta_rel_l2_ci95": 0.0036459585127839736,
  "delta_rel_l2_median": 0.04014916606025064,
  "success_rel_l2_mean": 1.0,
  "success_rel_l2_ci95": 0.0,
  "success_rel_l2_median": 1.0,
  "success_mse_mean": 1.0,
  "success_mse_ci95": 0.0,
  "success_mse_median": 1.0,
  "clean_e_ran_l2_mean": 9.589977111090775e-06,
  "clean_e_ran_l2_ci95": 1.290083452111422e-06,
  "clean_e_ran_l2_median": 8.932406672101934e-06,
  "clean_e_nul_l2_mean": 0.04045848536770791,
  "clean_e_nul_l2_ci95": 0.002337844378583584,
  "clean_e_nul_l2_median": 0.03956807777285576,
  "clean_e_ran_frac_mean": 0.00023874202005407292,
  "clean_e_ran_frac_ci95": 2.8000483469117344e-05,
  "clean_e_ran_frac_median": 0.00023929188680478876,
  "clean_e_nul_frac_mean": 0.9999999675110711,
  "clean_e_nul_frac_ci95": 1.9963878364630995e-08,
  "clean_e_nul_frac_median": 1.0,
  "adv_e_ran_l2_mean": 90.03337860107422,
  "adv_e_ran_l2_ci95": 0.1943862261263783,
  "adv_e_ran_l2_median": 90.04246520996094,
  "adv_e_nul_l2_mean": 6.621080666780472,
  "adv_e_nul_l2_ci95": 0.30614452857763214,
  "adv_e_nul_l2_median": 6.8987061977386475,
  "adv_e_ran_frac_mean": 0.9972598800215978,
  "adv_e_ran_frac_ci95": 0.00023856251198842314,
  "adv_e_ran_frac_median": 0.9970645461591954,
  "adv_e_nul_frac_mean": 0.07334194385309607,
  "adv_e_nul_frac_ci95": 0.0033984939329515305,
  "adv_e_nul_frac_median": 0.07656133550676977,
  "attack_runtime_total_sec": 12.937026061117649,
  "attack_runtime_per_example_sec": 0.40428206440992653,
  "model_name": "nsn",
  "attack_name": "adam",
  "norm": "l2",
  "eps": 0.05,
  "eps_actual": 76.59952872680664,
  "attack_init_mode": "exact",
  "eval_init_mode": "exact"
}