{
  "num_examples": 32,
  "gt_norm_mean": 27.580802619457245,
  "gt_norm_ci95": 2.1336641054187684,
  "gt_norm_median": 26.626888275146484,
  "clean_mse_mean": 7.050997218982502e-06,
  "clean_mse_ci95": 1.476663994989349e-06,
  "clean_mse_median": 5.843177632414154e-06,
  "adv_mse_mean": 0.006457553074142197,
  "adv_mse_ci95": 0.0008616983401477741,
  "adv_mse_median": 0.006278380285948515,
  "mse_ratio_mean": 1161.1917550639168,
  "mse_ratio_ci95": 249.06555550538943,
  "mse_ratio_median": 984.1001687129118,
  "clean_rel_l2_mean": 0.011853363219415769,
  "clean_rel_l2_ci95": 0.00043245050545510493,
  "clean_rel_l2_median": 0.011533250100910664,
  "adv_rel_l2_mean": 0.3833686774596572,
  "adv_rel_l2_ci95": 0.04078971561885992,
  "adv_rel_l2_median": 0.3585134744644165,
  "rel_l2_ratio_mean": 32.61825038254563,
  "rel_l2_ratio_ci95": 3.471370328052496,
  "rel_l2_ratio_median": 31.3658999721973,
  "clean_psnr_mean": 52.09839611019163,
  "clean_psnr_ci95": 0.7493930701575438,
  "clean_psnr_median": 52.3353482440351,
  "adv_psnr_mean": 22.22254440869016,
  "adv_psnr_ci95": 0.6129219906027259,
  "adv_psnr_median": 22.021683169321236,
  "clean_ssim_mean": 0.9894606261477835,
  "clean_ssim_ci95": 0.0019892488264436578,
  "clean_ssim_median": 0.9909052238152636,
  "adv_ssim_mean": 0.20818189306175242,
  "adv_ssim_ci95": 0.04610650034452669,
  "adv_ssim_median": 0.17157231527210137,
  "pred_shift_rel_l2_mean": 0.38223387114703655,
  "pred_shift_rel_l2_ci95": 0.040655998541979516,
  "pred_shift_rel_l2_median": 0.3584127873182297,
  "init_shift_rel_l2_mean": 0.8780875140801072,
  "init_shift_rel_l2_ci95": 0.06964868713697102,
  "init_shift_rel_l2_median": 0.8579274415969849,
  "delta_l2_mean": 15.383733749389648,
  "delta_l2_ci95": 2.0558477314127855e-07,
  "delta_l2_median": 15.383733749389648,
  "delta_linf_mean": 0.508797200396657,
  "delta_linf_ci95": 0.029273310639628347,
  "delta_linf_median": 0.48749643564224243,
  "delta_mean_abs_mean": 0.05428459483664483,
  "delta_mean_abs_ci95": 0.00022638683664441978,
  "delta_mean_abs_median": 0.05403974838554859,
  "delta_rel_l2_mean": 0.011006484742886445,
  "delta_rel_l2_ci95": 0.001193152414093477,
  "delta_rel_l2_median": 0.010766584166396195,
  "success_rel_l2_mean": 1.0,
  "success_rel_l2_ci95": 0.0,
  "success_rel_l2_median": 1.0,
  "success_mse_mean": 1.0,
  "success_mse_ci95": 0.0,
  "success_mse_median": 1.0,
  "clean_e_ran_l2_mean": 0.2817896483466029,
  "clean_e_ran_l2_ci95": 0.028480255590778512,
  "clean_e_ran_l2_median": 0.26633520424366,
  "clean_e_nul_l2_mean": 0.16739655169658363,
  "clean_e_nul_l2_ci95": 0.013864267165281063,
  "clean_e_nul_l2_median": 0.15786196291446686,
  "clean_e_ran_frac_mean": 0.8557871177858765,
  "clean_e_ran_frac_ci95": 0.007948990617919632,
  "clean_e_ran_frac_median": 0.8563566974323826,
  "clean_e_nul_frac_mean": 0.515329415723506,
  "clean_e_nul_frac_ci95": 0.013877681167868442,
  "clean_e_nul_frac_median": 0.5163847451875081,
  "adv_e_ran_l2_mean": 9.5227569937706,
  "adv_e_ran_l2_ci95": 0.8382592967223249,
  "adv_e_ran_l2_median": 9.78972339630127,
  "adv_e_nul_l2_mean": 2.507911592721939,
  "adv_e_nul_l2_ci95": 0.6255504928072432,
  "adv_e_nul_l2_median": 1.5001843571662903,
  "adv_e_ran_frac_mean": 0.9333591199929955,
  "adv_e_ran_frac_ci95": 0.03196680631656831,
  "adv_e_ran_frac_median": 0.9884866650870875,
  "adv_e_nul_frac_mean": 0.2743119485224087,
  "adv_e_nul_frac_ci95": 0.07496397849557357,
  "adv_e_nul_frac_median": 0.15093906136645785,
  "attack_runtime_total_sec": 57.99884992465377,
  "attack_runtime_per_example_sec": 1.8124640601454303,
  "model_name": "resnet",
  "attack_name": "adam",
  "norm": "l2",
  "eps": 0.01,
  "eps_actual": 15.383734005615233,
  "attack_init_mode": "exact",
  "eval_init_mode": "exact"
}