{
  "num_examples": 32,
  "gt_norm_mean": 23.754662096500397,
  "gt_norm_ci95": 4.601683904984259,
  "gt_norm_median": 21.811461448669434,
  "gt_norm_q25": 15.35843276977539,
  "gt_norm_q75": 26.589324474334717,
  "clean_mse_mean": 0.004453448833828588,
  "clean_mse_ci95": 0.004138750341354504,
  "clean_mse_median": 0.001584171608556062,
  "clean_mse_q25": 0.0007427511736750603,
  "clean_mse_q75": 0.0028652401524595916,
  "adv_mse_mean": 0.01860468973774232,
  "adv_mse_ci95": 0.027441205801164974,
  "adv_mse_median": 0.0009658653871156275,
  "adv_mse_q25": 0.00019548177442629822,
  "adv_mse_q75": 0.003952253609895706,
  "mse_ratio_mean": 1.6793144621630876,
  "mse_ratio_ci95": 0.6654397875221207,
  "mse_ratio_median": 1.2277916187893674,
  "mse_ratio_q25": 0.15592211478947843,
  "mse_ratio_q75": 1.9566775806162822,
  "clean_rel_l2_mean": 0.24415049888193607,
  "clean_rel_l2_ci95": 0.018848890434222484,
  "clean_rel_l2_median": 0.23167190700769424,
  "clean_rel_l2_q25": 0.20662584900856018,
  "clean_rel_l2_q75": 0.26333267241716385,
  "adv_rel_l2_mean": 0.27277554507600144,
  "adv_rel_l2_ci95": 0.08264300535151842,
  "adv_rel_l2_median": 0.25772595405578613,
  "adv_rel_l2_q25": 0.08607164211571217,
  "adv_rel_l2_q75": 0.33296525478363037,
  "rel_l2_ratio_mean": 1.0797956016479855,
  "rel_l2_ratio_ci95": 0.25222286029987034,
  "rel_l2_ratio_median": 1.1079857868775385,
  "rel_l2_ratio_q25": 0.39332176343049086,
  "rel_l2_ratio_q75": 1.398571487619669,
  "clean_psnr_mean": 24.511367167274067,
  "clean_psnr_ci95": 1.6473640121802762,
  "clean_psnr_median": 25.37684672396821,
  "clean_psnr_q25": 22.530596148184237,
  "clean_psnr_q75": 27.75955379846101,
  "adv_psnr_mean": 26.699324867874207,
  "adv_psnr_ci95": 3.4444648979685994,
  "adv_psnr_median": 24.6202724717983,
  "adv_psnr_q25": 22.111696022110632,
  "adv_psnr_q75": 35.18445801663947,
  "clean_ssim_mean": 0.3030001932137156,
  "clean_ssim_ci95": 0.04288720229141535,
  "clean_ssim_median": 0.28665699894812574,
  "clean_ssim_q25": 0.22066142338624842,
  "clean_ssim_q75": 0.397863380420974,
  "adv_ssim_mean": 0.4427512313448386,
  "adv_ssim_ci95": 0.11317733912076511,
  "adv_ssim_median": 0.2951608739809684,
  "adv_ssim_q25": 0.19014705727566591,
  "adv_ssim_q75": 0.8170171073073252,
  "clean_mae_mean": 0.038348902511643246,
  "clean_mae_ci95": 0.012117006768557754,
  "clean_mae_median": 0.030673017725348473,
  "clean_mae_q25": 0.021119844168424606,
  "clean_mae_q75": 0.04119985271245241,
  "adv_mae_mean": 0.04361941780371126,
  "adv_mae_ci95": 0.030364793900865387,
  "adv_mae_median": 0.019308043643832207,
  "adv_mae_q25": 0.00793818524107337,
  "adv_mae_q75": 0.03800464607775211,
  "clean_nrmse_mean": 0.0709617083698891,
  "clean_nrmse_ci95": 0.01945791858513623,
  "clean_nrmse_median": 0.053846593627778744,
  "clean_nrmse_q25": 0.040940371276935866,
  "clean_nrmse_q75": 0.07477717260694475,
  "adv_nrmse_mean": 0.09268118098225253,
  "adv_nrmse_ci95": 0.0542852200562469,
  "adv_nrmse_median": 0.05874711652789728,
  "adv_nrmse_q25": 0.01740970860772889,
  "adv_nrmse_q75": 0.07843079367115938,
  "clean_max_err_mean": 0.23413449130021036,
  "clean_max_err_ci95": 0.07310233364745324,
  "clean_max_err_median": 0.18309850990772247,
  "clean_max_err_q25": 0.12438721396028996,
  "clean_max_err_q75": 0.24962687864899635,
  "adv_max_err_mean": 0.6887787355808541,
  "adv_max_err_ci95": 0.20878007765355358,
  "adv_max_err_median": 0.5744233131408691,
  "adv_max_err_q25": 0.44499271363019943,
  "adv_max_err_q75": 0.7501820921897888,
  "clean_init_rel_l2_mean": 0.366861276794225,
  "clean_init_rel_l2_ci95": 0.03152444344214459,
  "clean_init_rel_l2_median": 0.36029042303562164,
  "clean_init_rel_l2_q25": 0.29334304481744766,
  "clean_init_rel_l2_q75": 0.40606728941202164,
  "adv_init_rel_l2_mean": 0.32430923380889,
  "adv_init_rel_l2_ci95": 0.05381190147546073,
  "adv_init_rel_l2_median": 0.3361292630434036,
  "adv_init_rel_l2_q25": 0.16498150303959846,
  "adv_init_rel_l2_q75": 0.41523756831884384,
  "init_rel_l2_ratio_mean": 0.8441678453207033,
  "init_rel_l2_ratio_ci95": 0.08928200143944737,
  "init_rel_l2_ratio_median": 0.9353126198955577,
  "init_rel_l2_ratio_q25": 0.5964619585749773,
  "init_rel_l2_ratio_q75": 0.9882232135160252,
  "clean_init_psnr_mean": 21.024198357103216,
  "clean_init_psnr_ci95": 1.3133071014538316,
  "clean_init_psnr_median": 21.49619999182156,
  "clean_init_psnr_q25": 19.05544682365106,
  "clean_init_psnr_q75": 22.902154609085816,
  "adv_init_psnr_mean": 22.965651193184506,
  "adv_init_psnr_ci95": 2.0153902094215734,
  "adv_init_psnr_median": 22.404539458939453,
  "adv_init_psnr_q25": 19.984234725684985,
  "adv_init_psnr_q75": 28.36907278637015,
  "clean_init_ssim_mean": 0.1743840809098594,
  "clean_init_ssim_ci95": 0.02923498627594725,
  "clean_init_ssim_median": 0.14508139024346195,
  "clean_init_ssim_q25": 0.11093792671430568,
  "clean_init_ssim_q75": 0.20026092482636282,
  "adv_init_ssim_mean": 0.30887061152545225,
  "adv_init_ssim_ci95": 0.07740207903491575,
  "adv_init_ssim_median": 0.18459310863632858,
  "adv_init_ssim_q25": 0.13954938416123977,
  "adv_init_ssim_q75": 0.5285835165446658,
  "clean_init_mae_mean": 0.05040182883385569,
  "clean_init_mae_ci95": 0.01268355232735942,
  "clean_init_mae_median": 0.042117148637771606,
  "clean_init_mae_q25": 0.02878977032378316,
  "clean_init_mae_q75": 0.057425303384661674,
  "adv_init_mae_mean": 0.04367340245516971,
  "adv_init_mae_ci95": 0.017221904263311338,
  "adv_init_mae_median": 0.030986076220870018,
  "adv_init_mae_q25": 0.0152686417568475,
  "adv_init_mae_q75": 0.04890787973999977,
  "pred_shift_rel_l2_mean": 0.321203482337296,
  "pred_shift_rel_l2_ci95": 0.059180765263812905,
  "pred_shift_rel_l2_median": 0.2859289050102234,
  "pred_shift_rel_l2_q25": 0.2341776303946972,
  "pred_shift_rel_l2_q75": 0.32214871793985367,
  "init_shift_rel_l2_mean": 0.24545331904664636,
  "init_shift_rel_l2_ci95": 0.021488459113685986,
  "init_shift_rel_l2_median": 0.23260406404733658,
  "init_shift_rel_l2_q25": 0.21283818781375885,
  "init_shift_rel_l2_q75": 0.2582835629582405,
  "delta_l2_mean": 7.667709559202194,
  "delta_l2_ci95": 2.3923496445079944,
  "delta_l2_median": 6.214751482009888,
  "delta_l2_q25": 4.272911310195923,
  "delta_l2_q75": 8.209375381469727,
  "delta_linf_mean": 0.25128599093295634,
  "delta_linf_ci95": 0.08948136080330542,
  "delta_linf_median": 0.2138790339231491,
  "delta_linf_q25": 0.12387051060795784,
  "delta_linf_q75": 0.25478582829236984,
  "delta_mean_abs_mean": 0.027230106745264493,
  "delta_mean_abs_ci95": 0.00887135350477568,
  "delta_mean_abs_median": 0.021500906907022,
  "delta_mean_abs_q25": 0.014799817465245724,
  "delta_mean_abs_q75": 0.02852411149069667,
  "delta_rel_l2_mean": 0.005000002406386606,
  "delta_rel_l2_ci95": 3.4498167260119535e-10,
  "delta_rel_l2_median": 0.00500000212751255,
  "delta_rel_l2_q25": 0.005000001683501907,
  "delta_rel_l2_q75": 0.005000003093637281,
  "success_rel_l2_mean": 0.21875,
  "success_rel_l2_ci95": 0.14552723251414426,
  "success_rel_l2_median": 0.0,
  "success_rel_l2_q25": 0.0,
  "success_rel_l2_q75": 0.0,
  "success_mse_mean": 0.25,
  "success_mse_ci95": 0.1524318991253725,
  "success_mse_median": 0.0,
  "success_mse_q25": 0.0,
  "success_mse_q75": 0.25,
  "clean_e_ran_l2_mean": 6.334442708641291,
  "clean_e_ran_l2_ci95": 2.007376389065238,
  "clean_e_ran_l2_median": 5.092525482177734,
  "clean_e_ran_l2_q25": 3.4838529229164124,
  "clean_e_ran_l2_q75": 6.849535703659058,
  "clean_e_nul_l2_mean": 0.28933638241142035,
  "clean_e_nul_l2_ci95": 0.17233985822022604,
  "clean_e_nul_l2_median": 0.17317601293325424,
  "clean_e_nul_l2_q25": 0.10244953446090221,
  "clean_e_nul_l2_q75": 0.27917658537626266,
  "clean_e_ran_frac_mean": 0.99885144094247,
  "clean_e_ran_frac_ci95": 0.0005073744836312028,
  "clean_e_ran_frac_median": 0.9993391694944336,
  "clean_e_ran_frac_q25": 0.9987169389448404,
  "clean_e_ran_frac_q75": 0.9997495655142594,