{
  "num_examples": 32,
  "gt_norm_mean": 19.554032936692238,
  "gt_norm_ci95": 3.175656556464896,
  "gt_norm_median": 19.43148136138916,
  "gt_norm_q25": 13.664082050323486,
  "gt_norm_q75": 22.861806869506836,
  "clean_mse_mean": 0.0011342021898599342,
  "clean_mse_ci95": 0.0005445552811869841,
  "clean_mse_median": 0.0007189511088654399,
  "clean_mse_q25": 0.0003874075337080285,
  "clean_mse_q75": 0.0010221929696854204,
  "adv_mse_mean": 0.03887985301093977,
  "adv_mse_ci95": 0.07442236749132616,
  "adv_mse_median": 0.0007189636526163667,
  "adv_mse_q25": 0.0003874156536767259,
  "adv_mse_q75": 0.0010254889202769846,
  "mse_ratio_mean": 5.5804085183249486,
  "mse_ratio_ci95": 8.97481308795871,
  "mse_ratio_median": 1.000020224529926,
  "mse_ratio_q25": 1.0000172567655703,
  "mse_ratio_q75": 1.0000213883856237,
  "clean_rel_l2_mean": 0.18589467136189342,
  "clean_rel_l2_ci95": 0.007185605500314222,
  "clean_rel_l2_median": 0.17879388481378555,
  "clean_rel_l2_q25": 0.1720423772931099,
  "clean_rel_l2_q75": 0.193845447152853,
  "adv_rel_l2_mean": 0.2735318709164858,
  "adv_rel_l2_ci95": 0.17572593211898627,
  "adv_rel_l2_median": 0.17879561334848404,
  "adv_rel_l2_q25": 0.17232255637645721,
  "adv_rel_l2_q75": 0.19384748488664627,
  "rel_l2_ratio_mean": 1.3490024183422455,
  "rel_l2_ratio_ci95": 0.6826590650306642,
  "rel_l2_ratio_median": 1.0000101097124343,
  "rel_l2_ratio_q25": 1.0000085418845164,
  "rel_l2_ratio_q75": 1.0000107353311725,
  "clean_psnr_mean": 27.55817465843262,
  "clean_psnr_ci95": 1.1035217157889887,
  "clean_psnr_median": 28.227475017396607,
  "clean_psnr_q25": 26.055675139984363,
  "clean_psnr_q75": 29.978643347734035,
  "adv_psnr_mean": 26.874481326603732,
  "adv_psnr_ci95": 2.1243991669788667,
  "adv_psnr_median": 28.218074546898038,
  "adv_psnr_q25": 26.05558437586576,
  "adv_psnr_q75": 29.97856346973186,
  "clean_ssim_mean": 0.4317298656773858,
  "clean_ssim_ci95": 0.04553041731059458,
  "clean_ssim_median": 0.4432430366818557,
  "clean_ssim_q25": 0.3377199835764448,
  "clean_ssim_q75": 0.5265224321816168,
  "adv_ssim_mean": 0.42636977284399274,
  "adv_ssim_ci95": 0.050058731468254146,
  "adv_ssim_median": 0.44272069320196794,
  "adv_ssim_q25": 0.3377163702092947,
  "adv_ssim_q75": 0.5265177650954318,
  "pred_shift_rel_l2_mean": 0.08916136463693647,
  "pred_shift_rel_l2_ci95": 0.17394351217391124,
  "pred_shift_rel_l2_median": 1.1183472906850511e-05,
  "pred_shift_rel_l2_q25": 1.0208025059910142e-05,
  "pred_shift_rel_l2_q75": 1.3861495517630829e-05,
  "init_shift_rel_l2_mean": 0.0859602369692567,
  "init_shift_rel_l2_ci95": 0.16756842817813022,
  "init_shift_rel_l2_median": 6.44654460302263e-06,
  "init_shift_rel_l2_q25": 5.2249679356464185e-06,
  "init_shift_rel_l2_q75": 1.0711065215218696e-05,
  "delta_l2_mean": 2.4996738030231427,
  "delta_l2_ci95": 4.855092669927547,
  "delta_l2_median": 0.00018069709767587483,
  "delta_l2_q25": 0.00017633859170018695,
  "delta_l2_q75": 0.00019145041733281687,
  "delta_linf_mean": 0.07512017778935842,
  "delta_linf_ci95": 0.1393331251307353,
  "delta_linf_median": 7.194932550191879e-06,
  "delta_linf_q25": 6.474554538726807e-06,
  "delta_linf_q75": 1.0013580322265625e-05,
  "delta_mean_abs_mean": 0.00842407193299266,
  "delta_mean_abs_ci95": 0.01646491175784794,
  "delta_mean_abs_median": 5.748988201048633e-07,
  "delta_mean_abs_q25": 5.698592246972112e-07,
  "delta_mean_abs_q75": 5.873194197647535e-07,
  "delta_rel_l2_mean": 0.0006357498227288738,
  "delta_rel_l2_ci95": 0.001224392841257967,
  "delta_rel_l2_median": 2.1721095362214526e-07,
  "delta_rel_l2_q25": 1.5897211141912417e-07,
  "delta_rel_l2_q75": 4.0856692061025437e-07,
  "success_rel_l2_mean": 0.03125,
  "success_rel_l2_ci95": 0.06124999999999999,
  "success_rel_l2_median": 0.0,
  "success_rel_l2_q25": 0.0,
  "success_rel_l2_q75": 0.0,
  "success_mse_mean": 0.03125,
  "success_mse_ci95": 0.06124999999999999,
  "success_mse_median": 0.0,
  "success_mse_q25": 0.0,
  "success_mse_q75": 0.0,
  "clean_e_ran_l2_mean": 3.2822710014879704,
  "clean_e_ran_l2_ci95": 0.7058654150374748,
  "clean_e_ran_l2_median": 2.9622809886932373,
  "clean_e_ran_l2_q25": 2.20460706949234,
  "clean_e_ran_l2_q75": 3.700905740261078,
  "clean_e_nul_l2_mean": 1.771011283621192,
  "clean_e_nul_l2_ci95": 0.2843276675042319,
  "clean_e_nul_l2_median": 1.7230495810508728,
  "clean_e_nul_l2_q25": 1.189131885766983,
  "clean_e_nul_l2_q75": 2.071072518825531,
  "clean_e_ran_frac_mean": 0.8620818088959625,
  "clean_e_ran_frac_ci95": 0.015679448433123966,
  "clean_e_ran_frac_median": 0.8657160777740261,
  "clean_e_ran_frac_q25": 0.8405338092256226,
  "clean_e_ran_frac_q75": 0.8940694001673287,
  "clean_e_nul_frac_mean": 0.4999121047017087,
  "clean_e_nul_frac_ci95": 0.024689564344172937,
  "clean_e_nul_frac_median": 0.500529639073731,
  "clean_e_nul_frac_q25": 0.44792627526120193,
  "clean_e_nul_frac_q75": 0.5417474810787155,
  "adv_e_ran_l2_mean": 6.8155166152864695,
  "adv_e_ran_l2_ci95": 7.403924531051957,
  "adv_e_ran_l2_median": 2.9623141288757324,
  "adv_e_ran_l2_q25": 2.2046337723731995,
  "adv_e_ran_l2_q75": 3.70094895362854,
  "adv_e_nul_l2_mean": 3.7599452566355467,
  "adv_e_nul_l2_ci95": 4.0759339336907,
  "adv_e_nul_l2_median": 1.7230536937713623,
  "adv_e_nul_l2_q25": 1.1891378462314606,
  "adv_e_nul_l2_q75": 2.072450041770935,
  "adv_e_ran_frac_mean": 0.8607522541795142,
  "adv_e_ran_frac_ci95": 0.015262670134422911,
  "adv_e_ran_frac_median": 0.8659110784224411,
  "adv_e_ran_frac_q25": 0.8408850775170329,
  "adv_e_ran_frac_q75": 0.8930459825453237,
  "adv_e_nul_frac_mean": 0.5026779993000466,
  "adv_e_nul_frac_ci95": 0.023720937574835014,
  "adv_e_nul_frac_median": 0.5001903317617653,
  "adv_e_nul_frac_q25": 0.4499646625291512,
  "adv_e_nul_frac_q75": 0.5411993195134971,
  "attack_runtime_total_sec": 284.57534212619066,
  "attack_runtime_per_example_sec": 8.892979441443458,
  "model_name": "nsn",
  "attack_name": "adam",
  "norm": "l2",
  "eps": 0.02,
  "eps_actual": 25.538500640136718,
  "eps_budget_mode": "per_sample_l2",
  "attack_init_mode": "exact",
  "eval_init_mode": "exact"
}