{
  "num_examples": 32,
  "gt_norm_mean": 19.10678167641163,
  "gt_norm_ci95": 3.4833903043152117,
  "gt_norm_median": 16.756710529327393,
  "gt_norm_q25": 12.742112159729004,
  "gt_norm_q75": 21.370549201965332,
  "clean_mse_mean": 0.00013198901223177018,
  "clean_mse_ci95": 3.234215378138444e-05,
  "clean_mse_median": 0.00011484555943752639,
  "clean_mse_q25": 5.0991910029551946e-05,
  "clean_mse_q75": 0.00020180757928756066,
  "adv_mse_mean": 0.00013198915843304349,
  "adv_mse_ci95": 3.2342177388033966e-05,
  "adv_mse_median": 0.00011484579590614885,
  "adv_mse_q25": 5.099197915114928e-05,
  "adv_mse_q75": 0.00020180776482447982,
  "mse_ratio_mean": 1.0000016037144541,
  "mse_ratio_ci95": 1.5436580815892709e-06,
  "mse_ratio_median": 1.0000007464521814,
  "mse_ratio_q25": 1.0,
  "mse_ratio_q75": 1.0000030297016993,
  "clean_rel_l2_mean": 0.0782920076744631,
  "clean_rel_l2_ci95": 0.007855770026993676,
  "clean_rel_l2_median": 0.0752459205687046,
  "clean_rel_l2_q25": 0.05952897761017084,
  "clean_rel_l2_q75": 0.09706782177090645,
  "adv_rel_l2_mean": 0.07829207670874894,
  "adv_rel_l2_ci95": 0.007855778630403841,
  "adv_rel_l2_median": 0.07524590194225311,
  "adv_rel_l2_q25": 0.05952905770391226,
  "adv_rel_l2_q75": 0.09706861712038517,
  "rel_l2_ratio_mean": 1.0000008217825616,
  "rel_l2_ratio_ci95": 7.686973060421869e-07,
  "rel_l2_ratio_median": 1.0000004027163536,
  "rel_l2_ratio_q25": 1.0,
  "rel_l2_ratio_q75": 1.0000015427659288,
  "clean_psnr_mean": 35.52735004583441,
  "clean_psnr_ci95": 0.5068594004900783,
  "clean_psnr_median": 35.705187179974104,
  "clean_psnr_q25": 34.47943708623423,
  "clean_psnr_q75": 36.534115355259566,
  "adv_psnr_mean": 35.52734317414866,
  "adv_psnr_ci95": 0.5068587554045855,
  "adv_psnr_median": 35.705178405975495,
  "adv_psnr_q25": 34.47943280253848,
  "adv_psnr_q75": 36.53410157005825,
  "clean_ssim_mean": 0.8859582505650836,
  "clean_ssim_ci95": 0.011522134277112722,
  "clean_ssim_median": 0.8910043964543408,
  "clean_ssim_q25": 0.8771283620619559,
  "clean_ssim_q75": 0.9081736840435359,
  "adv_ssim_mean": 0.8859579234366058,
  "adv_ssim_ci95": 0.01152214575657987,
  "adv_ssim_median": 0.8910046201224322,
  "adv_ssim_q25": 0.8771279361171589,
  "adv_ssim_q75": 0.9081735208052897,
  "pred_shift_rel_l2_mean": 7.113895193811004e-06,
  "pred_shift_rel_l2_ci95": 8.021690358029536e-07,
  "pred_shift_rel_l2_median": 6.654896424151957e-06,
  "pred_shift_rel_l2_q25": 5.4394539574786904e-06,
  "pred_shift_rel_l2_q75": 8.213641194743104e-06,
  "init_shift_rel_l2_mean": 6.338091239399546e-06,
  "init_shift_rel_l2_ci95": 1.1644801507541857e-06,
  "init_shift_rel_l2_median": 5.959720510873012e-06,
  "init_shift_rel_l2_q25": 4.4605947095988085e-06,
  "init_shift_rel_l2_q75": 7.566780254819605e-06,
  "delta_l2_mean": 0.00017633603283684351,
  "delta_l2_ci95": 9.5904136778286e-07,
  "delta_l2_median": 0.000175591092556715,
  "delta_l2_q25": 0.00017459920491091907,
  "delta_l2_q75": 0.00017775120795704424,
  "delta_linf_mean": 6.415904863388278e-06,
  "delta_linf_ci95": 2.5405444516580824e-07,
  "delta_linf_median": 6.22280640527606e-06,
  "delta_linf_q25": 5.83217479288578e-06,
  "delta_linf_q75": 6.681308150291443e-06,
  "delta_mean_abs_mean": 5.571036556517583e-07,
  "delta_mean_abs_ci95": 6.650878615965016e-09,
  "delta_mean_abs_median": 5.626992845009227e-07,
  "delta_mean_abs_q25": 5.560115425851109e-07,
  "delta_mean_abs_q75": 5.683722292815219e-07,
  "delta_rel_l2_mean": 2.2983331429587567e-07,
  "delta_rel_l2_ci95": 4.819719012735919e-08,
  "delta_rel_l2_median": 2.080107978194048e-07,
  "delta_rel_l2_q25": 1.3479245047849367e-07,
  "delta_rel_l2_q75": 2.861676988926305e-07,
  "success_rel_l2_mean": 0.0,
  "success_rel_l2_ci95": 0.0,
  "success_rel_l2_median": 0.0,
  "success_rel_l2_q25": 0.0,
  "success_rel_l2_q75": 0.0,
  "success_mse_mean": 0.0,
  "success_mse_ci95": 0.0,
  "success_mse_median": 0.0,
  "success_mse_q25": 0.0,
  "success_mse_q75": 0.0,
  "clean_e_ran_l2_mean": 0.4763784729875624,
  "clean_e_ran_l2_ci95": 0.08134664745519703,
  "clean_e_ran_l2_median": 0.41296227276325226,
  "clean_e_ran_l2_q25": 0.31342317909002304,
  "clean_e_ran_l2_q75": 0.5882557928562164,
  "clean_e_nul_l2_mean": 1.2854020986706018,
  "clean_e_nul_l2_ci95": 0.16879455110712988,
  "clean_e_nul_l2_median": 1.27644681930542,
  "clean_e_nul_l2_q25": 0.8710883259773254,
  "clean_e_nul_l2_q75": 1.7147288620471954,
  "clean_e_ran_frac_mean": 0.34379351369271205,
  "clean_e_ran_frac_ci95": 0.028531019715228464,
  "clean_e_ran_frac_median": 0.33265376414907,
  "clean_e_ran_frac_q25": 0.2892520296836573,
  "clean_e_ran_frac_q75": 0.3808962315262196,
  "clean_e_nul_frac_mean": 0.9349683361187454,
  "clean_e_nul_frac_ci95": 0.011523091322048493,
  "clean_e_nul_frac_median": 0.9430141803446308,
  "clean_e_nul_frac_q25": 0.9246136408617294,
  "clean_e_nul_frac_q75": 0.9572528857655127,
  "adv_e_ran_l2_mean": 0.47637992445379496,
  "adv_e_ran_l2_ci95": 0.0813465746740517,
  "adv_e_ran_l2_median": 0.412964403629303,
  "adv_e_ran_l2_q25": 0.31342482566833496,
  "adv_e_ran_l2_q75": 0.5882550030946732,
  "adv_e_nul_l2_mean": 1.285402461886406,
  "adv_e_nul_l2_ci95": 0.16879460556710385,
  "adv_e_nul_l2_median": 1.2764467000961304,
  "adv_e_nul_l2_q25": 0.8710891008377075,
  "adv_e_nul_l2_q75": 1.7147307693958282,
  "adv_e_ran_frac_mean": 0.34379453270029725,
  "adv_e_ran_frac_ci95": 0.028531228971397326,
  "adv_e_ran_frac_median": 0.3326549805048922,
  "adv_e_ran_frac_q25": 0.28925144342678205,
  "adv_e_ran_frac_q75": 0.380897276180248,
  "adv_e_nul_frac_mean": 0.9349678741875809,
  "adv_e_nul_frac_ci95": 0.01152324251116635,
  "adv_e_nul_frac_median": 0.9430137215390391,
  "adv_e_nul_frac_q25": 0.9246132192570793,
  "adv_e_nul_frac_q75": 0.9572532114470319,
  "attack_runtime_total_sec": 284.52617233246565,
  "attack_runtime_per_example_sec": 8.891442885389552,
  "model_name": "nsn",
  "attack_name": "adam",
  "norm": "l2",
  "eps": 0.05,
  "eps_actual": 64.32730269256592,
  "eps_budget_mode": "per_sample_l2",
  "attack_init_mode": "exact",
  "eval_init_mode": "exact"
}