{
  "num_examples": 32,
  "gt_norm_mean": 21.939702212810516,
  "gt_norm_ci95": 3.9247519621992337,
  "gt_norm_median": 20.571069717407227,
  "gt_norm_q25": 14.864426374435425,
  "gt_norm_q75": 25.995609283447266,
  "clean_mse_mean": 0.012489894186728634,
  "clean_mse_ci95": 0.008646799125557776,
  "clean_mse_median": 0.005611394997686148,
  "clean_mse_q25": 0.002593012584839016,
  "clean_mse_q75": 0.012176325311884284,
  "adv_mse_mean": 0.5143649438396096,
  "adv_mse_ci95": 0.21184388156464776,
  "adv_mse_median": 0.34717904031276703,
  "adv_mse_q25": 0.1489110328257084,
  "adv_mse_q75": 0.6196701228618622,
  "mse_ratio_mean": 52.481763351668874,
  "mse_ratio_ci95": 3.5004382644808003,
  "mse_ratio_median": 55.39732553436364,
  "mse_ratio_q25": 48.295698694976274,
  "mse_ratio_q75": 60.40668025345403,
  "clean_rel_l2_mean": 0.49675575736910105,
  "clean_rel_l2_ci95": 0.029992169105078247,
  "clean_rel_l2_median": 0.4736618548631668,
  "clean_rel_l2_q25": 0.4383295252919197,
  "clean_rel_l2_q75": 0.545915350317955,
  "adv_rel_l2_mean": 3.5477081015706062,
  "adv_rel_l2_ci95": 0.17928233373710686,
  "adv_rel_l2_median": 3.519674301147461,
  "adv_rel_l2_q25": 3.257804572582245,
  "adv_rel_l2_q75": 3.9345253109931946,
  "rel_l2_ratio_mean": 7.2051196383516665,
  "rel_l2_ratio_ci95": 0.26531041442815284,
  "rel_l2_ratio_median": 7.442795908652224,
  "rel_l2_ratio_q25": 6.949412263784682,
  "rel_l2_ratio_q75": 7.772173221672907,
  "clean_psnr_mean": 18.317877293833536,
  "clean_psnr_ci95": 1.4130127544769702,
  "clean_psnr_median": 18.943971967933134,
  "clean_psnr_q25": 15.254707800149957,
  "clean_psnr_q75": 21.06507564402597,
  "adv_psnr_mean": 1.2204446522095451,
  "adv_psnr_ci95": 1.2766474926265658,
  "adv_psnr_median": 1.5943612193558512,
  "adv_psnr_q25": -1.9941597728922045,
  "adv_psnr_q75": 3.7574573620652827,
  "clean_ssim_mean": 0.13311747625100523,
  "clean_ssim_ci95": 0.014336500698712597,
  "clean_ssim_median": 0.130721432340678,
  "clean_ssim_q25": 0.09961181380443576,
  "clean_ssim_q75": 0.15195746509134372,
  "adv_ssim_mean": 0.0009046475959059967,
  "adv_ssim_ci95": 0.0019084616713145178,
  "adv_ssim_median": -0.000323935367162885,
  "adv_ssim_q25": -0.0013197633934647116,
  "adv_ssim_q75": 0.002737398164679234,
  "clean_mae_mean": 0.07004449452506378,
  "clean_mae_ci95": 0.017880978263907606,
  "clean_mae_median": 0.058120282366871834,
  "clean_mae_q25": 0.03941717278212309,
  "clean_mae_q75": 0.08488917723298073,
  "adv_mae_mean": 0.4566584106069058,
  "adv_mae_ci95": 0.08852645181077669,
  "adv_mae_median": 0.4266780614852905,
  "adv_mae_q25": 0.2872697189450264,
  "adv_mae_q75": 0.5516480356454849,
  "clean_nrmse_mean": 0.13703168557385273,
  "clean_nrmse_ci95": 0.028060961518899957,
  "clean_nrmse_median": 0.1129295861754557,
  "clean_nrmse_q25": 0.08847313323804548,
  "clean_nrmse_q75": 0.1726907136835969,
  "adv_nrmse_mean": 0.9507804738899357,
  "adv_nrmse_ci95": 0.15098852312300068,
  "adv_nrmse_median": 0.8326137099477253,
  "adv_nrmse_q25": 0.6489550533384036,
  "adv_nrmse_q75": 1.2581919048815584,
  "clean_max_err_mean": 0.4223327918443829,
  "clean_max_err_ci95": 0.10558955125708926,
  "clean_max_err_median": 0.3407019376754761,
  "clean_max_err_q25": 0.24020782485604286,
  "clean_max_err_q75": 0.5068585127592087,
  "adv_max_err_mean": 4.223101936280727,
  "adv_max_err_ci95": 0.8126883774115227,
  "adv_max_err_median": 3.969308018684387,
  "adv_max_err_q25": 2.43585741519928,
  "adv_max_err_q75": 5.554746508598328,
  "clean_init_rel_l2_mean": 0.5536772310733795,
  "clean_init_rel_l2_ci95": 0.02506772902256389,
  "clean_init_rel_l2_median": 0.5395685136318207,
  "clean_init_rel_l2_q25": 0.5074928402900696,
  "clean_init_rel_l2_q75": 0.5876893401145935,
  "adv_init_rel_l2_mean": 3.154844395816326,
  "adv_init_rel_l2_ci95": 0.15550144224996537,
  "adv_init_rel_l2_median": 3.164605140686035,
  "adv_init_rel_l2_q25": 2.9022908210754395,
  "adv_init_rel_l2_q75": 3.498148798942566,
  "init_rel_l2_ratio_mean": 5.773822651178908,
  "init_rel_l2_ratio_ci95": 0.3474367715957848,
  "init_rel_l2_ratio_median": 5.911047036122026,
  "init_rel_l2_ratio_q25": 5.144520784396624,
  "init_rel_l2_ratio_q75": 6.439789059625519,
  "clean_init_psnr_mean": 17.32811655528948,
  "clean_init_psnr_ci95": 1.277972040417629,
  "clean_init_psnr_median": 18.486651408331085,
  "clean_init_psnr_q25": 14.726242622631924,
  "clean_init_psnr_q75": 19.917953138892184,
  "adv_init_psnr_mean": 2.2360293489684944,
  "adv_init_psnr_ci95": 1.162398724317686,
  "adv_init_psnr_median": 2.335537507793413,
  "adv_init_psnr_q25": -0.2148597658925253,
  "adv_init_psnr_q75": 4.5169163971680995,
  "clean_init_ssim_mean": 0.089813785677639,
  "clean_init_ssim_ci95": 0.011960331601667429,
  "clean_init_ssim_median": 0.0773485782316394,
  "clean_init_ssim_q25": 0.06890477600312231,
  "clean_init_ssim_q75": 0.09774976727847494,
  "adv_init_ssim_mean": 0.01662376345545564,
  "adv_init_ssim_ci95": 0.0022796165682493546,
  "adv_init_ssim_median": 0.016948049224850298,
  "adv_init_ssim_q25": 0.012219741304226288,
  "adv_init_ssim_q75": 0.02098207916202574,
  "clean_init_mae_mean": 0.07636199059197679,
  "clean_init_mae_ci95": 0.018004814122315953,
  "clean_init_mae_median": 0.06415321677923203,
  "clean_init_mae_q25": 0.04510226845741272,
  "clean_init_mae_q75": 0.09492911025881767,
  "adv_init_mae_mean": 0.41858280822634697,
  "adv_init_mae_ci95": 0.07705042657852969,
  "adv_init_mae_median": 0.40854114294052124,
  "adv_init_mae_q25": 0.27325723320245743,
  "adv_init_mae_q75": 0.4979466199874878,
  "pred_shift_rel_l2_mean": 3.130193203687668,
  "pred_shift_rel_l2_ci95": 0.13691053900877184,
  "pred_shift_rel_l2_median": 3.175248861312866,
  "pred_shift_rel_l2_q25": 2.9320805072784424,
  "pred_shift_rel_l2_q75": 3.4279794692993164,
  "init_shift_rel_l2_mean": 2.8357953503727913,
  "init_shift_rel_l2_ci95": 0.12752825200493012,
  "init_shift_rel_l2_median": 2.8334014415740967,
  "init_shift_rel_l2_q25": 2.6836644411087036,
  "init_shift_rel_l2_q75": 3.0827125310897827,
  "delta_l2_mean": 66.98430508375168,
  "delta_l2_ci95": 13.351708658794719,
  "delta_l2_median": 59.03126907348633,
  "delta_l2_q25": 39.94144916534424,
  "delta_l2_q75": 84.1366138458252,
  "delta_linf_mean": 2.448941607028246,
  "delta_linf_ci95": 0.4405514339688776,
  "delta_linf_median": 2.119726300239563,
  "delta_linf_q25": 1.4858385622501373,
  "delta_linf_q75": 3.090449333190918,
  "delta_mean_abs_mean": 0.2415122806560248,
  "delta_mean_abs_ci95": 0.04738134193504193,
  "delta_mean_abs_median": 0.21198458969593048,
  "delta_mean_abs_q25": 0.14496365189552307,
  "delta_mean_abs_q75": 0.3065604269504547,
  "delta_rel_l2_mean": 0.049411392717753556,
  "delta_rel_l2_ci95": 0.0011537041317726462,
  "delta_rel_l2_median": 0.05000001614210182,
  "delta_rel_l2_q25": 0.050000013117655555,
  "delta_rel_l2_q75": 0.050000020447501056,
  "success_rel_l2_mean": 1.0,
  "success_rel_l2_ci95": 0.0,
  "success_rel_l2_median": 1.0,
  "success_rel_l2_q25": 1.0,
  "success_rel_l2_q75": 1.0,
  "success_mse_mean": 1.0,
  "success_mse_ci95": 0.0,
  "success_mse_median": 1.0,
  "success_mse_q25": 1.0,
  "success_mse_q75": 1.0,
  "clean_e_ran_l2_mean": 11.585059136152267,
  "clean_e_ran_l2_ci95": 2.9522027683146335,
  "clean_e_ran_l2_median": 9.58735990524292,
  "clean_e_ran_l2_q25": 6.517334222793579,
  "clean_e_ran_l2_q75": 14.115809202194214,
  "clean_e_nul_l2_mean": 0.1760684965411201,
  "clean_e_nul_l2_ci95": 0.08595035851411344,
  "clean_e_nul_l2_median": 0.12069869413971901,
  "clean_e_nul_l2_q25": 0.06746348924934864,
  "clean_e_nul_l2_q75": 0.158787090331316,
  "clean_e_ran_frac_mean": 0.9998980434856173,
  "clean_e_ran_frac_ci95": 3.5726665437752443e-05,
  "clean_e_ran_frac_median": 0.9999294756912683,
  "clean_e_ran_frac_q25": 0.9999068523086194,
  "clean_e_ran_frac_q75": 0.9999487736014766,
  "clean_e_nul_frac_mean": 0.013215718040903053,
  "clean_e_nul_frac_ci95": 0.0019023836866113755,