{
  "num_examples": 32,
  "gt_norm_mean": 27.580802619457245,
  "gt_norm_ci95": 2.1336641054187684,
  "gt_norm_median": 26.626888275146484,
  "clean_mse_mean": 0.0027865669635502854,
  "clean_mse_ci95": 0.0007161234140830824,
  "clean_mse_median": 0.00198779022321105,
  "adv_mse_mean": 0.018322135758353397,
  "adv_mse_ci95": 0.0014091765292767503,
  "adv_mse_median": 0.01665056124329567,
  "mse_ratio_mean": 8.887490504879597,
  "mse_ratio_ci95": 1.3671947060793417,
  "mse_ratio_median": 8.376820656121552,
  "clean_rel_l2_mean": 0.22601599199697375,
  "clean_rel_l2_ci95": 0.009560788977181005,
  "clean_rel_l2_median": 0.2178731933236122,
  "adv_rel_l2_mean": 0.6407170351594687,
  "adv_rel_l2_ci95": 0.026940827759049726,
  "adv_rel_l2_median": 0.6203122138977051,
  "rel_l2_ratio_mean": 2.9087739863319593,
  "rel_l2_ratio_ci95": 0.22990438104077077,
  "rel_l2_ratio_median": 2.894259387228005,
  "clean_psnr_mean": 26.510726791390294,
  "clean_psnr_ci95": 0.9954974718156355,
  "clean_psnr_median": 27.016421069071733,
  "adv_psnr_mean": 17.460726822135065,
  "adv_psnr_ci95": 0.3027555629421434,
  "adv_psnr_median": 17.785714933907904,
  "clean_ssim_mean": 0.3432713319762301,
  "clean_ssim_ci95": 0.03860172798208318,
  "clean_ssim_median": 0.3443001187987149,
  "adv_ssim_mean": 0.09005285643631736,
  "adv_ssim_ci95": 0.0023136881862119317,
  "adv_ssim_median": 0.08868093391816037,
  "pred_shift_rel_l2_mean": 0.4942986574023962,
  "pred_shift_rel_l2_ci95": 0.039785223248029924,
  "pred_shift_rel_l2_median": 0.4913806915283203,
  "init_shift_rel_l2_mean": 0.5098880054429173,
  "init_shift_rel_l2_ci95": 0.04310683965401981,
  "init_shift_rel_l2_median": 0.5105208158493042,
  "delta_l2_mean": 7.691867023706436,
  "delta_l2_ci95": 1.5945249632927084e-07,
  "delta_l2_median": 7.691866874694824,
  "delta_linf_mean": 0.16348161781206727,
  "delta_linf_ci95": 0.0041520692708231265,
  "delta_linf_median": 0.16311262547969818,
  "delta_mean_abs_mean": 0.02919518807902932,
  "delta_mean_abs_ci95": 7.580665429849928e-05,
  "delta_mean_abs_median": 0.029154278337955475,
  "delta_rel_l2_mean": 0.0055032424793773375,
  "delta_rel_l2_ci95": 0.0005965762143954767,
  "delta_rel_l2_median": 0.005383292083198097,
  "success_rel_l2_mean": 1.0,
  "success_rel_l2_ci95": 0.0,
  "success_rel_l2_median": 1.0,
  "success_mse_mean": 1.0,
  "success_mse_ci95": 0.0,
  "success_mse_median": 1.0,
  "clean_e_ran_l2_mean": 6.38833761960268,
  "clean_e_ran_l2_ci95": 0.7746328407655684,
  "clean_e_ran_l2_median": 5.7066850662231445,
  "clean_e_nul_l2_mean": 0.040588701667729765,
  "clean_e_nul_l2_ci95": 0.007243109474321901,
  "clean_e_nul_l2_median": 0.03725036419928074,
  "clean_e_ran_frac_mean": 0.9999760273035279,
  "clean_e_ran_frac_ci95": 8.148847246243692e-06,
  "clean_e_ran_frac_median": 0.9999835546175612,
  "clean_e_nul_frac_mean": 0.0065213386275739995,
  "clean_e_nul_frac_ci95": 0.0008188765853026245,
  "clean_e_nul_frac_median": 0.005735572440919436,
  "adv_e_ran_l2_mean": 17.232971519231796,
  "adv_e_ran_l2_ci95": 0.6299886244089198,
  "adv_e_ran_l2_median": 16.516501426696777,
  "adv_e_nul_l2_mean": 0.1064572911709547,
  "adv_e_nul_l2_ci95": 0.008221316305433138,
  "adv_e_nul_l2_median": 0.09803503006696701,
  "adv_e_ran_frac_mean": 0.9999802027587528,
  "adv_e_ran_frac_ci95": 2.7495685635163126e-06,
  "adv_e_ran_frac_median": 0.9999823205573386,
  "adv_e_nul_frac_mean": 0.006183450389077669,
  "adv_e_nul_frac_ci95": 0.0004108242506889839,
  "adv_e_nul_frac_median": 0.005951277490112418,
  "attack_runtime_total_sec": 64.72316312044859,
  "attack_runtime_per_example_sec": 2.0225988475140184,
  "model_name": "nsn",
  "attack_name": "adam",
  "norm": "l2",
  "eps": 0.005,
  "eps_actual": 7.691867002807617,
  "attack_init_mode": "exact",
  "eval_init_mode": "exact"
}