{
  "eps": 0.05,
  "attack": "adam",
  "matrix": {
    "nsn": {
      "mse": {
        "l2_nul": 11.124979496002197,
        "l2_ran": 82.24083709716797,
        "rel_l2_nul": 0.7166149020195007,
        "rel_l2_ran": 5.041473627090454,
        "psnr_nul": 15.989756533448404,
        "psnr_ran": -0.6918122412576724,
        "ssim_nul": 0.28444273696935884,
        "ssim_ran": 0.021473580750724634,
        "mae_nul": 0.03714786935597658,
        "mae_ran": 0.5001432001590729,
        "nrmse_nul": 0.15871569842273933,
        "nrmse_ran": 1.0834637369558546,
        "max_err_nul": 0.9560648798942566,
        "max_err_ran": 3.147001624107361
      },
      "null": {
        "l2_nul": 32.55552673339844,
        "l2_ran": 54.419952392578125,
        "rel_l2_nul": 1.9210729598999023,
        "rel_l2_ran": 3.2359620332717896,
        "psnr_nul": 7.636754041449064,
        "psnr_ran": 3.299644159119342,
        "ssim_nul": 0.0861730855519747,
        "ssim_ran": 0.022185236918797147,
        "mae_nul": 0.10244402289390564,
        "mae_ran": 0.3189644068479538,
        "nrmse_nul": 0.41511937946594396,
        "nrmse_ran": 0.683968295426618,
        "max_err_nul": 2.737904906272888,
        "max_err_ran": 3.3247294425964355
      }
    },
    "resnet": {
      "mse": {
        "l2_nul": 32.33039855957031,
        "l2_ran": 14.523818016052246,
        "rel_l2_nul": 1.823155164718628,
        "rel_l2_ran": 0.7868256270885468,
        "psnr_nul": 7.640050949013268,
        "psnr_ran": 15.676391660748017,
        "ssim_nul": 0.10209023433445846,
        "ssim_ran": 0.11215627032168943,
        "mae_nul": 0.08795638382434845,
        "mae_ran": 0.06384625099599361,
        "nrmse_nul": 0.4150554626199242,
        "nrmse_ran": 0.1645059261331392,
        "max_err_nul": 3.549550414085388,
        "max_err_ran": 1.1044369339942932
      },
      "null": {
        "l2_nul": 31.868999481201172,
        "l2_ran": 12.90771770477295,
        "rel_l2_nul": 1.8275226950645447,
        "rel_l2_ran": 0.7344681918621063,
        "psnr_nul": 7.663540627495177,
        "psnr_ran": 16.184963638314,
        "ssim_nul": 0.10836226460065482,
        "ssim_ran": 0.12542744444450218,
        "mae_nul": 0.08497701585292816,
        "mae_ran": 0.059311721473932266,
        "nrmse_nul": 0.41389142006465673,
        "nrmse_ran": 0.15516182749974963,
        "max_err_nul": 3.4519072771072388,
        "max_err_ran": 1.0361003875732422
      }
    }
  },
  "shift_weight_sweep": {},
  "lipschitz_nullspace": {
    "nsn": {
      "mean": 0.7031686706468463,
      "max": 3.556713581085205,
      "std": 0.7616784440492866,
      "n": 32
    },
    "resnet": {
      "mean": 1.417053923010826,
      "max": 3.179372549057007,
      "std": 0.5522673272029244,
      "n": 32
    }
  }
}