{
  "num_examples": 32,
  "gt_norm_mean": 19.10678167641163,
  "gt_norm_ci95": 3.4833903043152117,
  "gt_norm_median": 16.756710529327393,
  "gt_norm_q25": 12.742112159729004,
  "gt_norm_q75": 21.370549201965332,
  "clean_mse_mean": 0.00027638890128400817,
  "clean_mse_ci95": 6.712016490322704e-05,
  "clean_mse_median": 0.00023686107306275517,
  "clean_mse_q25": 0.0001161249110737117,
  "clean_mse_q75": 0.0003859057178488001,
  "adv_mse_mean": 0.0002764051885151275,
  "adv_mse_ci95": 6.712382886626417e-05,
  "adv_mse_median": 0.00023693373805144802,
  "adv_mse_q25": 0.00011613116294029169,
  "adv_mse_q75": 0.0003859164280584082,
  "mse_ratio_mean": 1.0000569581498704,
  "mse_ratio_ci95": 3.324753054741637e-05,
  "mse_ratio_median": 1.0000437131448991,
  "mse_ratio_q25": 1.0000255641908833,
  "mse_ratio_q75": 1.00006230816038,
  "clean_rel_l2_mean": 0.11245803418569267,
  "clean_rel_l2_ci95": 0.008704213009158253,
  "clean_rel_l2_median": 0.1135103739798069,
  "clean_rel_l2_q25": 0.09323267638683319,
  "clean_rel_l2_q75": 0.12188530713319778,
  "adv_rel_l2_mean": 0.11246166075579822,
  "adv_rel_l2_ci95": 0.008705459847924495,
  "adv_rel_l2_median": 0.11351332813501358,
  "adv_rel_l2_q25": 0.09323541633784771,
  "adv_rel_l2_q75": 0.12188705429434776,
  "rel_l2_ratio_mean": 1.0000284547936005,
  "rel_l2_ratio_ci95": 1.6611459971625222e-05,
  "rel_l2_ratio_median": 1.0000218403790588,
  "rel_l2_ratio_q25": 1.0000127579320024,
  "rel_l2_ratio_q75": 1.0000312456647735,
  "clean_psnr_mean": 32.24125215775135,
  "clean_psnr_ci95": 0.4122670077333718,
  "clean_psnr_median": 32.05672595089986,
  "clean_psnr_q25": 31.314489118155393,
  "clean_psnr_q75": 33.083222007921535,
  "adv_psnr_mean": 32.241004910669304,
  "adv_psnr_ci95": 0.4123128539611593,
  "adv_psnr_median": 32.056450212415825,
  "adv_psnr_q25": 31.314370435361326,
  "adv_psnr_q75": 33.08317264567202,
  "clean_ssim_mean": 0.9217629099657447,
  "clean_ssim_ci95": 0.00618343404386955,
  "clean_ssim_median": 0.9210925225692319,
  "clean_ssim_q25": 0.9106303254989848,
  "clean_ssim_q75": 0.9342832282236613,
  "adv_ssim_mean": 0.9217644426534197,
  "adv_ssim_ci95": 0.006184797522792014,
  "adv_ssim_median": 0.9210918894452081,
  "adv_ssim_q25": 0.910654237232118,
  "adv_ssim_q75": 0.9342874418615617,
  "pred_shift_rel_l2_mean": 0.00029267570653246366,
  "pred_shift_rel_l2_ci95": 7.046938766088367e-05,
  "pred_shift_rel_l2_median": 0.000189772283192724,
  "pred_shift_rel_l2_q25": 0.00014492276750388555,
  "pred_shift_rel_l2_q75": 0.00041141786641674116,
  "init_shift_rel_l2_mean": 0.00045486442172659736,
  "init_shift_rel_l2_ci95": 0.00015737922865419123,
  "init_shift_rel_l2_median": 0.0002352695373701863,
  "init_shift_rel_l2_q25": 0.000170432042068569,
  "init_shift_rel_l2_q75": 0.0005269961548037827,
  "delta_l2_mean": 0.00017578775032234262,
  "delta_l2_ci95": 8.293404235568697e-07,
  "delta_l2_median": 0.00017519862012704834,
  "delta_l2_q25": 0.00017424174802727066,
  "delta_l2_q75": 0.00017634715550229885,
  "delta_linf_mean": 6.206094724348077e-06,
  "delta_linf_ci95": 2.204996031696395e-07,
  "delta_linf_median": 5.963491275906563e-06,
  "delta_linf_q25": 5.7478900998830795e-06,
  "delta_linf_q75": 6.359128747135401e-06,
  "delta_mean_abs_mean": 5.558974240926773e-07,
  "delta_mean_abs_ci95": 7.029829674621664e-09,
  "delta_mean_abs_median": 5.629167674214841e-07,
  "delta_mean_abs_q25": 5.51621809563585e-07,
  "delta_mean_abs_q75": 5.691978799404751e-07,
  "delta_rel_l2_mean": 2.2960707331756295e-07,
  "delta_rel_l2_ci95": 4.8599243795494366e-08,
  "delta_rel_l2_median": 2.070272144521981e-07,
  "delta_rel_l2_q25": 1.3275455284201916e-07,
  "delta_rel_l2_q75": 2.841188028170685e-07,
  "success_rel_l2_mean": 0.0,
  "success_rel_l2_ci95": 0.0,
  "success_rel_l2_median": 0.0,
  "success_rel_l2_q25": 0.0,
  "success_rel_l2_q75": 0.0,
  "success_mse_mean": 0.0,
  "success_mse_ci95": 0.0,
  "success_mse_median": 0.0,
  "success_mse_q25": 0.0,
  "success_mse_q75": 0.0,
  "clean_e_ran_l2_mean": 1.467962834984064,
  "clean_e_ran_l2_ci95": 0.1991634589894239,
  "clean_e_ran_l2_median": 1.3799903392791748,
  "clean_e_ran_l2_q25": 1.0279322862625122,
  "clean_e_ran_l2_q75": 1.7673651576042175,
  "clean_e_nul_l2_mean": 1.3447564356029034,
  "clean_e_nul_l2_ci95": 0.17423822071015513,
  "clean_e_nul_l2_median": 1.3605948686599731,
  "clean_e_nul_l2_q25": 0.9259719550609589,
  "clean_e_nul_l2_q75": 1.790343850851059,
  "clean_e_ran_frac_mean": 0.7312204400225835,
  "clean_e_ran_frac_ci95": 0.023607974060003367,
  "clean_e_ran_frac_median": 0.7427919748880567,
  "clean_e_ran_frac_q25": 0.6975291103833331,
  "clean_e_ran_frac_q75": 0.7626070611368011,
  "clean_e_nul_frac_mean": 0.6749534446990542,
  "clean_e_nul_frac_ci95": 0.025523928620885816,
  "clean_e_nul_frac_median": 0.6695212211613825,
  "clean_e_nul_frac_q25": 0.646855251608721,
  "clean_e_nul_frac_q75": 0.7165558316403394,
  "adv_e_ran_l2_mean": 1.4679579548537731,
  "adv_e_ran_l2_ci95": 0.19916380939958506,
  "adv_e_ran_l2_median": 1.3800387978553772,
  "adv_e_ran_l2_q25": 1.0279310643672943,
  "adv_e_ran_l2_q75": 1.7673461735248566,
  "adv_e_nul_l2_mean": 1.3448493909090757,
  "adv_e_nul_l2_ci95": 0.17424888480837966,
  "adv_e_nul_l2_median": 1.3607336282730103,
  "adv_e_nul_l2_q25": 0.9260341972112656,
  "adv_e_nul_l2_q75": 1.7904694080352783,
  "adv_e_ran_frac_mean": 0.7311959637723324,
  "adv_e_ran_frac_ci95": 0.023608446447670888,
  "adv_e_ran_frac_median": 0.7427719117328793,
  "adv_e_ran_frac_q25": 0.697480152155031,
  "adv_e_ran_frac_q75": 0.7625870768018362,
  "adv_e_nul_frac_mean": 0.6749801172165499,
  "adv_e_nul_frac_ci95": 0.025523110635679826,
  "adv_e_nul_frac_median": 0.669543609076226,
  "adv_e_nul_frac_q25": 0.6468788457677271,
  "adv_e_nul_frac_q75": 0.716603559337067,
  "attack_runtime_total_sec": 275.3527646958828,
  "attack_runtime_per_example_sec": 8.604773896746337,
  "model_name": "nsn",
  "attack_name": "adam",
  "norm": "l2",
  "eps": 0.2,
  "eps_actual": 257.3092107702637,
  "eps_budget_mode": "per_sample_l2",
  "attack_init_mode": "exact",
  "eval_init_mode": "exact"
}