{
  "num_examples": 32,
  "gt_norm_mean": 19.10678167641163,
  "gt_norm_ci95": 3.4833903043152117,
  "gt_norm_median": 16.756710529327393,
  "gt_norm_q25": 12.742112159729004,
  "gt_norm_q75": 21.370549201965332,
  "clean_mse_mean": 0.00027638890128400817,
  "clean_mse_ci95": 6.712016490322704e-05,
  "clean_mse_median": 0.00023686107306275517,
  "clean_mse_q25": 0.0001161249110737117,
  "clean_mse_q75": 0.0003859057178488001,
  "adv_mse_mean": 0.00027640518533189606,
  "adv_mse_ci95": 6.712385737576597e-05,
  "adv_mse_median": 0.00023693176626693457,
  "adv_mse_q25": 0.00011613146853051148,
  "adv_mse_q75": 0.0003859157077386044,
  "mse_ratio_mean": 1.0000573194206062,
  "mse_ratio_ci95": 3.215973954520341e-05,
  "mse_ratio_median": 1.0000467175429075,
  "mse_ratio_q25": 1.000025715265884,
  "mse_ratio_q75": 1.0000603339244236,
  "clean_rel_l2_mean": 0.11245803418569267,
  "clean_rel_l2_ci95": 0.008704213009158253,
  "clean_rel_l2_median": 0.1135103739798069,
  "clean_rel_l2_q25": 0.09323267638683319,
  "clean_rel_l2_q75": 0.12188530713319778,
  "adv_rel_l2_mean": 0.11246166820637882,
  "adv_rel_l2_ci95": 0.008705428233510634,
  "adv_rel_l2_median": 0.1135132946074009,
  "adv_rel_l2_q25": 0.0932354275137186,
  "adv_rel_l2_q75": 0.12188685685396194,
  "rel_l2_ratio_mean": 1.0000286554976254,
  "rel_l2_ratio_ci95": 1.6072844721374952e-05,
  "rel_l2_ratio_median": 1.0000233470642286,
  "rel_l2_ratio_q25": 1.0000128474869163,
  "rel_l2_ratio_q75": 1.0000302720697867,
  "clean_psnr_mean": 32.24125215775135,
  "clean_psnr_ci95": 0.4122670077333718,
  "clean_psnr_median": 32.05672595089986,
  "clean_psnr_q25": 31.314489118155393,
  "clean_psnr_q75": 33.083222007921535,
  "adv_psnr_mean": 32.241003339454906,
  "adv_psnr_ci95": 0.4123125322495268,
  "adv_psnr_median": 32.056458297415084,
  "adv_psnr_q25": 31.31436392738384,
  "adv_psnr_q75": 33.08315831701961,
  "clean_ssim_mean": 0.9217629099657447,
  "clean_ssim_ci95": 0.00618343404386955,
  "clean_ssim_median": 0.9210925225692319,
  "clean_ssim_q25": 0.9106303254989848,
  "clean_ssim_q75": 0.9342832282236613,
  "adv_ssim_mean": 0.921763944157693,
  "adv_ssim_ci95": 0.006184739967493329,
  "adv_ssim_median": 0.921092528243642,
  "adv_ssim_q25": 0.910648601001441,
  "adv_ssim_q75": 0.9342857874633689,
  "pred_shift_rel_l2_mean": 0.00029247529982967535,
  "pred_shift_rel_l2_ci95": 7.041987228464116e-05,
  "pred_shift_rel_l2_median": 0.00018986333452630788,
  "pred_shift_rel_l2_q25": 0.00014493569324258715,
  "pred_shift_rel_l2_q75": 0.0004105975676793605,
  "init_shift_rel_l2_mean": 0.0004548666729533579,
  "init_shift_rel_l2_ci95": 0.00015738000583739127,
  "init_shift_rel_l2_median": 0.00023526838049292564,
  "init_shift_rel_l2_q25": 0.0001704309215710964,
  "init_shift_rel_l2_q75": 0.0005270160181680694,
  "delta_l2_mean": 0.0001759113770276599,
  "delta_l2_ci95": 9.24611293038023e-07,
  "delta_l2_median": 0.00017534750077174976,
  "delta_l2_q25": 0.00017383806334692053,
  "delta_l2_q75": 0.00017718461822369136,
  "delta_linf_mean": 6.3419752223126125e-06,
  "delta_linf_ci95": 2.5534121138664334e-07,
  "delta_linf_median": 6.045447662472725e-06,
  "delta_linf_q25": 5.7220458984375e-06,
  "delta_linf_q75": 6.67572021484375e-06,
  "delta_mean_abs_mean": 5.556215612045889e-07,
  "delta_mean_abs_ci95": 6.558402678210163e-09,
  "delta_mean_abs_median": 5.618854856948019e-07,
  "delta_mean_abs_q25": 5.573278230031065e-07,
  "delta_mean_abs_q75": 5.67325912470551e-07,
  "delta_rel_l2_mean": 2.2910166643330946e-07,
  "delta_rel_l2_ci95": 4.785041825806645e-08,
  "delta_rel_l2_median": 2.0866456972236406e-07,
  "delta_rel_l2_q25": 1.3333274336609319e-07,
  "delta_rel_l2_q75": 2.847340551429196e-07,
  "success_rel_l2_mean": 0.0,
  "success_rel_l2_ci95": 0.0,
  "success_rel_l2_median": 0.0,
  "success_rel_l2_q25": 0.0,
  "success_rel_l2_q75": 0.0,
  "success_mse_mean": 0.0,
  "success_mse_ci95": 0.0,
  "success_mse_median": 0.0,
  "success_mse_q25": 0.0,
  "success_mse_q75": 0.0,
  "clean_e_ran_l2_mean": 1.467962834984064,
  "clean_e_ran_l2_ci95": 0.1991634589894239,
  "clean_e_ran_l2_median": 1.3799903392791748,
  "clean_e_ran_l2_q25": 1.0279322862625122,
  "clean_e_ran_l2_q75": 1.7673651576042175,
  "clean_e_nul_l2_mean": 1.3447564356029034,
  "clean_e_nul_l2_ci95": 0.17423822071015513,
  "clean_e_nul_l2_median": 1.3605948686599731,
  "clean_e_nul_l2_q25": 0.9259719550609589,
  "clean_e_nul_l2_q75": 1.790343850851059,
  "clean_e_ran_frac_mean": 0.7312204400225835,
  "clean_e_ran_frac_ci95": 0.023607974060003367,
  "clean_e_ran_frac_median": 0.7427919748880567,
  "clean_e_ran_frac_q25": 0.6975291103833331,
  "clean_e_ran_frac_q75": 0.7626070611368011,
  "clean_e_nul_frac_mean": 0.6749534446990542,
  "clean_e_nul_frac_ci95": 0.025523928620885816,
  "clean_e_nul_frac_median": 0.6695212211613825,
  "clean_e_nul_frac_q25": 0.646855251608721,
  "clean_e_nul_frac_q75": 0.7165558316403394,
  "adv_e_ran_l2_mean": 1.4679582100361586,
  "adv_e_ran_l2_ci95": 0.19916369849265161,
  "adv_e_ran_l2_median": 1.3800449967384338,
  "adv_e_ran_l2_q25": 1.027930200099945,
  "adv_e_ran_l2_q75": 1.7673468887805939,
  "adv_e_nul_l2_mean": 1.3448491804301739,
  "adv_e_nul_l2_ci95": 0.17424891410496812,
  "adv_e_nul_l2_median": 1.3607362508773804,
  "adv_e_nul_l2_q25": 0.9260340929031372,
  "adv_e_nul_l2_q75": 1.7904686629772186,
  "adv_e_ran_frac_mean": 0.7311960838592009,
  "adv_e_ran_frac_ci95": 0.023608503118960282,
  "adv_e_ran_frac_median": 0.7427716595959627,
  "adv_e_ran_frac_q25": 0.697481112268795,
  "adv_e_ran_frac_q75": 0.7625870027219934,
  "adv_e_nul_frac_mean": 0.6749799168250505,
  "adv_e_nul_frac_ci95": 0.0255231470672601,
  "adv_e_nul_frac_median": 0.6695436904100104,
  "adv_e_nul_frac_q25": 0.646878940493016,
  "adv_e_nul_frac_q75": 0.7166025653113406,
  "attack_runtime_total_sec": 275.295909024775,
  "attack_runtime_per_example_sec": 8.60299715702422,
  "model_name": "nsn",
  "attack_name": "adam",
  "norm": "l2",
  "eps": 0.05,
  "eps_actual": 64.32730269256592,
  "eps_budget_mode": "per_sample_l2",
  "attack_init_mode": "exact",
  "eval_init_mode": "exact"
}