{
  "num_examples": 32,
  "gt_norm_mean": 27.738729596138,
  "gt_norm_ci95": 2.5816190747523273,
  "gt_norm_median": 25.455814361572266,
  "clean_mse_mean": 5.049279053537248e-06,
  "clean_mse_ci95": 8.032603383760962e-07,
  "clean_mse_median": 4.599298335961066e-06,
  "adv_mse_mean": 0.601032892242074,
  "adv_mse_ci95": 0.03199439873113046,
  "adv_mse_median": 0.5921652317047119,
  "mse_ratio_mean": 145001.83468943503,
  "mse_ratio_ci95": 24058.93477024809,
  "mse_ratio_median": 138691.41138211457,
  "clean_rel_l2_mean": 0.010430590555188246,
  "clean_rel_l2_ci95": 0.0007407585692852903,
  "clean_rel_l2_median": 0.010544126387685537,
  "adv_rel_l2_mean": 3.827983785420656,
  "adv_rel_l2_ci95": 0.373827428623529,
  "adv_rel_l2_median": 3.8353410959243774,
  "rel_l2_ratio_mean": 370.2855723769843,
  "rel_l2_ratio_ci95": 31.269825269724834,
  "rel_l2_ratio_median": 372.3948943412073,
  "clean_psnr_mean": 53.365842349782355,
  "clean_psnr_ci95": 0.645719601225113,
  "clean_psnr_median": 53.37427516647102,
  "adv_psnr_mean": 2.2563395786401106,
  "adv_psnr_ci95": 0.21646382980774465,
  "adv_psnr_median": 2.275685792602621,
  "clean_ssim_mean": 0.992408756370619,
  "clean_ssim_ci95": 0.0009031870651006331,
  "clean_ssim_median": 0.9923824670173186,
  "adv_ssim_mean": 0.02541174138935042,
  "adv_ssim_ci95": 0.00360639586612842,
  "adv_ssim_median": 0.024462695939309193,
  "pred_shift_rel_l2_mean": 3.8199076019227505,
  "pred_shift_rel_l2_ci95": 0.3738577428427276,
  "pred_shift_rel_l2_median": 3.8271385431289673,
  "init_shift_rel_l2_mean": 3.23347108066082,
  "init_shift_rel_l2_ci95": 0.2550910928135943,
  "init_shift_rel_l2_median": 3.37942111492157,
  "delta_l2_mean": 49.88868749141693,
  "delta_l2_ci95": 0.5289817919126903,
  "delta_l2_median": 50.15072059631348,
  "delta_linf_mean": 1.1973334532231092,
  "delta_linf_ci95": 0.05005084480280327,
  "delta_linf_median": 1.1587254405021667,
  "delta_mean_abs_mean": 0.18805412575602531,
  "delta_mean_abs_ci95": 0.002775577626400349,
  "delta_mean_abs_median": 0.18939409404993057,
  "success_rel_l2_mean": 1.0,
  "success_rel_l2_ci95": 0.0,
  "success_rel_l2_median": 1.0,
  "success_mse_mean": 1.0,
  "success_mse_ci95": 0.0,
  "success_mse_median": 1.0,
  "clean_e_ran_l2_mean": 0.23089684965088964,
  "clean_e_ran_l2_ci95": 0.018417831940032613,
  "clean_e_ran_l2_median": 0.22686003893613815,
  "clean_e_nul_l2_mean": 0.1600210815668106,
  "clean_e_nul_l2_ci95": 0.011514867892848758,
  "clean_e_nul_l2_median": 0.15713585913181305,
  "clean_e_ran_frac_mean": 0.8200481052514046,
  "clean_e_ran_frac_ci95": 0.005929794415235735,
  "clean_e_ran_frac_median": 0.8220521880685905,
  "clean_e_nul_frac_mean": 0.5715449284862677,
  "clean_e_nul_frac_ci95": 0.008432091106165098,
  "clean_e_nul_frac_median": 0.5694119054057531,
  "adv_e_ran_l2_mean": 98.09071660041809,
  "adv_e_ran_l2_ci95": 2.558593267053319,
  "adv_e_ran_l2_median": 97.64984512329102,
  "adv_e_nul_l2_mean": 13.105235666036606,
  "adv_e_nul_l2_ci95": 0.3450265453922395,
  "adv_e_nul_l2_median": 13.270697116851807,
  "adv_e_ran_frac_mean": 0.9910457653554643,
  "adv_e_ran_frac_ci95": 0.0005687069611676192,
  "adv_e_ran_frac_median": 0.9911825461752664,
  "adv_e_nul_frac_mean": 0.1329555456958068,
  "adv_e_nul_frac_ci95": 0.004290356313619472,
  "adv_e_nul_frac_median": 0.13250027218954427,
  "attack_runtime_total_sec": 23.487308353185654,
  "attack_runtime_per_example_sec": 0.7339783860370517,
  "model_name": "dpnsn_res",
  "attack_name": "adam",
  "norm": "l2",
  "eps": 1.0,
  "attack_init_mode": "exact",
  "eval_init_mode": "exact"
}