{
  "num_examples": 32,
  "gt_norm_mean": 19.554032936692238,
  "gt_norm_ci95": 3.175656556464896,
  "gt_norm_median": 19.43148136138916,
  "gt_norm_q25": 13.664082050323486,
  "gt_norm_q75": 22.861806869506836,
  "clean_mse_mean": 1.0495388490738833e-05,
  "clean_mse_ci95": 3.614849470066708e-06,
  "clean_mse_median": 6.547749535457115e-06,
  "clean_mse_q25": 2.716479571063246e-06,
  "clean_mse_q75": 1.4935000763216522e-05,
  "adv_mse_mean": 0.013822250509292644,
  "adv_mse_ci95": 0.012036989531308682,
  "adv_mse_median": 0.00372801732737571,
  "adv_mse_q25": 0.0017137213726527989,
  "adv_mse_q75": 0.009226616937667131,
  "mse_ratio_mean": 999.9706205374567,
  "mse_ratio_ci95": 418.68267069898667,
  "mse_ratio_median": 759.3415616989716,
  "mse_ratio_q25": 303.45502950690104,
  "mse_ratio_q75": 987.1377393057747,
  "clean_rel_l2_mean": 0.020059730566572398,
  "clean_rel_l2_ci95": 0.0043137690677338995,
  "clean_rel_l2_median": 0.01590473484247923,
  "clean_rel_l2_q25": 0.013792262645438313,
  "clean_rel_l2_q75": 0.01940204482525587,
  "adv_rel_l2_mean": 0.4791642711497843,
  "adv_rel_l2_ci95": 0.08826555858053108,
  "adv_rel_l2_median": 0.43086330592632294,
  "adv_rel_l2_q25": 0.33280612528324127,
  "adv_rel_l2_q75": 0.5525475144386292,
  "rel_l2_ratio_mean": 27.567327327096766,
  "rel_l2_ratio_ci95": 5.453713537209888,
  "rel_l2_ratio_median": 27.53127432124098,
  "rel_l2_ratio_q25": 17.39624563829441,
  "rel_l2_ratio_q75": 31.415599155778693,
  "clean_psnr_mean": 47.792881318475466,
  "clean_psnr_ci95": 1.3066600591427144,
  "clean_psnr_median": 48.83813521959547,
  "clean_psnr_q25": 46.3559548316005,
  "clean_psnr_q75": 50.50386070214706,
  "adv_psnr_mean": 20.404001342461918,
  "adv_psnr_ci95": 2.194945734488016,
  "adv_psnr_median": 21.03284591153507,
  "adv_psnr_q25": 17.161624048636124,
  "adv_psnr_q75": 24.32022549327516,
  "clean_ssim_mean": 0.9930179666291059,
  "clean_ssim_ci95": 0.0012907342887925838,
  "clean_ssim_median": 0.9938976838243677,
  "clean_ssim_q25": 0.9920214830450483,
  "clean_ssim_q75": 0.9958007619524757,
  "adv_ssim_mean": 0.898458063183886,
  "adv_ssim_ci95": 0.0234808421768654,
  "adv_ssim_median": 0.9024020597178687,
  "adv_ssim_q25": 0.8736637778572129,
  "adv_ssim_q75": 0.9448421981767718,
  "pred_shift_rel_l2_mean": 0.4772357859183103,
  "pred_shift_rel_l2_ci95": 0.0885331360076032,
  "pred_shift_rel_l2_median": 0.4287468045949936,
  "pred_shift_rel_l2_q25": 0.324710950255394,
  "pred_shift_rel_l2_q75": 0.5484178960323334,
  "init_shift_rel_l2_mean": 0.05826015933416784,
  "init_shift_rel_l2_ci95": 0.004081752465975238,
  "init_shift_rel_l2_median": 0.05605110339820385,
  "init_shift_rel_l2_q25": 0.04921500477939844,
  "init_shift_rel_l2_q75": 0.06341545656323433,
  "delta_l2_mean": 23.167691349983215,
  "delta_l2_ci95": 5.162190718109613,
  "delta_l2_median": 21.076234817504883,
  "delta_l2_q25": 15.17023515701294,
  "delta_l2_q75": 25.84945249557495,
  "delta_linf_mean": 0.4666949645616114,
  "delta_linf_ci95": 0.0861653771565913,
  "delta_linf_median": 0.44865143299102783,
  "delta_linf_q25": 0.3235988914966583,
  "delta_linf_q75": 0.4808615744113922,
  "delta_mean_abs_mean": 0.08225340768694878,
  "delta_mean_abs_ci95": 0.019455679565459263,
  "delta_mean_abs_median": 0.07492295652627945,
  "delta_mean_abs_q25": 0.053723227232694626,
  "delta_mean_abs_q75": 0.0909455195069313,
  "delta_rel_l2_mean": 0.02000001064305774,
  "delta_rel_l2_ci95": 1.1193564192580574e-09,
  "delta_rel_l2_median": 0.020000010037807044,
  "delta_rel_l2_q25": 0.020000009172178482,
  "delta_rel_l2_q75": 0.02000001147647708,
  "success_rel_l2_mean": 1.0,
  "success_rel_l2_ci95": 0.0,
  "success_rel_l2_median": 1.0,
  "success_rel_l2_q25": 1.0,
  "success_rel_l2_q75": 1.0,
  "success_mse_mean": 1.0,
  "success_mse_ci95": 0.0,
  "success_mse_median": 1.0,
  "success_mse_q25": 1.0,
  "success_mse_q75": 1.0,
  "clean_e_ran_l2_mean": 0.27356535010039806,
  "clean_e_ran_l2_ci95": 0.04978142212326442,
  "clean_e_ran_l2_median": 0.24494683742523193,
  "clean_e_ran_l2_q25": 0.16096367686986923,
  "clean_e_ran_l2_q75": 0.3704134002327919,
  "clean_e_nul_l2_mean": 0.24163308436982334,
  "clean_e_nul_l2_ci95": 0.04818263524731038,
  "clean_e_nul_l2_median": 0.19822188466787338,
  "clean_e_nul_l2_q25": 0.12803003564476967,
  "clean_e_nul_l2_q75": 0.31488481909036636,
  "clean_e_ran_frac_mean": 0.7528498178343836,
  "clean_e_ran_frac_ci95": 0.018993016298058274,
  "clean_e_ran_frac_median": 0.7493951243518098,
  "clean_e_ran_frac_q25": 0.7221202973953669,
  "clean_e_ran_frac_q75": 0.7930194840809878,
  "clean_e_nul_frac_mean": 0.6533708533174419,
  "clean_e_nul_frac_ci95": 0.020565142492702894,
  "clean_e_nul_frac_median": 0.6621186060454819,
  "clean_e_nul_frac_q25": 0.6091450856965718,
  "clean_e_nul_frac_q75": 0.6917657972724601,
  "adv_e_ran_l2_mean": 7.162443837150931,
  "adv_e_ran_l2_ci95": 2.6608431350138724,
  "adv_e_ran_l2_median": 5.354589939117432,
  "adv_e_ran_l2_q25": 2.922193229198456,
  "adv_e_ran_l2_q75": 8.399685859680176,
  "adv_e_nul_l2_mean": 7.879093676805496,
  "adv_e_nul_l2_ci95": 2.633145603978683,
  "adv_e_nul_l2_median": 6.148958206176758,
  "adv_e_nul_l2_q25": 4.53385853767395,
  "adv_e_nul_l2_q75": 9.473881006240845,
  "adv_e_ran_frac_mean": 0.6478140478573895,
  "adv_e_ran_frac_ci95": 0.03057281060773936,
  "adv_e_ran_frac_median": 0.6700566653435498,
  "adv_e_ran_frac_q25": 0.6187534255102762,
  "adv_e_ran_frac_q75": 0.7065343508809567,
  "adv_e_nul_frac_mean": 0.7538612986512201,
  "adv_e_nul_frac_ci95": 0.023583365729570177,
  "adv_e_nul_frac_median": 0.7422486031181055,
  "adv_e_nul_frac_q25": 0.7076757748136557,
  "adv_e_nul_frac_q75": 0.7855767667475946,
  "attack_runtime_total_sec": 1215.735842075199,
  "attack_runtime_per_example_sec": 37.991745064849965,
  "model_name": "resnet",
  "attack_name": "adam",
  "norm": "l2",
  "eps": 0.02,
  "eps_actual": 25.538500640136718,
  "eps_budget_mode": "per_sample_l2",
  "attack_init_mode": "exact",
  "eval_init_mode": "exact"
}