{
  "num_examples": 32,
  "gt_norm_mean": 19.670156359672546,
  "gt_norm_ci95": 3.306666391339513,
  "gt_norm_median": 18.95488929748535,
  "gt_norm_q25": 11.325607061386108,
  "gt_norm_q75": 25.38380765914917,
  "clean_mse_mean": 4.233089482497121e-06,
  "clean_mse_ci95": 1.3959376967791498e-06,
  "clean_mse_median": 3.1469310215470614e-06,
  "clean_mse_q25": 2.0588170173141407e-06,
  "clean_mse_q75": 4.839670509682037e-06,
  "adv_mse_mean": 1.3843723242171109,
  "adv_mse_ci95": 0.563765260725085,
  "adv_mse_median": 0.8405223488807678,
  "adv_mse_q25": 0.19221583008766174,
  "adv_mse_q75": 2.006887525320053,
  "mse_ratio_mean": 357360.92425988754,
  "mse_ratio_ci95": 96222.0765726636,
  "mse_ratio_median": 261956.8902484685,
  "mse_ratio_q25": 169190.4516516459,
  "mse_ratio_q75": 581070.3337753703,
  "clean_rel_l2_mean": 0.013990804654895328,
  "clean_rel_l2_ci95": 0.0027437009112949223,
  "clean_rel_l2_median": 0.011366177350282669,
  "clean_rel_l2_q25": 0.00963209429755807,
  "clean_rel_l2_q75": 0.014316188171505928,
  "adv_rel_l2_mean": 6.181106597185135,
  "adv_rel_l2_ci95": 0.42371826009905983,
  "adv_rel_l2_median": 6.021757364273071,
  "adv_rel_l2_q25": 5.277875542640686,
  "adv_rel_l2_q75": 7.077151536941528,
  "rel_l2_ratio_mean": 547.5759814737085,
  "rel_l2_ratio_ci95": 84.42866912009343,
  "rel_l2_ratio_median": 511.6243187060793,
  "rel_l2_ratio_q25": 411.3275581732296,
  "rel_l2_ratio_q75": 762.193711451103,
  "clean_psnr_mean": 50.400617942905725,
  "clean_psnr_ci95": 0.9582306673935479,
  "clean_psnr_median": 51.221854017716126,
  "clean_psnr_q25": 49.48024605897111,
  "clean_psnr_q75": 52.436419130903055,
  "adv_psnr_mean": -3.2275971918293447,
  "adv_psnr_ci95": 1.4020860203493746,
  "adv_psnr_median": -2.588472179604324,
  "adv_psnr_q25": -6.921983995157957,
  "adv_psnr_q75": -0.641829181253299,
  "clean_ssim_mean": 0.9970423391374046,
  "clean_ssim_ci95": 0.0004126937372226774,
  "clean_ssim_median": 0.9971779241078693,
  "clean_ssim_q25": 0.9962558470800563,
  "clean_ssim_q75": 0.9980665856771606,
  "adv_ssim_mean": 0.2318529888388865,
  "adv_ssim_ci95": 0.05099957353312512,
  "adv_ssim_median": 0.22897067039677638,
  "adv_ssim_q25": 0.1005986906597768,
  "adv_ssim_q75": 0.327090983147135,
  "clean_mae_mean": 0.0007804920123817283,
  "clean_mae_ci95": 0.00011871629601624852,
  "clean_mae_median": 0.0007144018309190869,
  "clean_mae_q25": 0.0005749216361436993,
  "clean_mae_q75": 0.0009444958850508556,
  "adv_mae_mean": 0.17904553830157965,
  "adv_mae_ci95": 0.04158435257021495,
  "adv_mae_median": 0.14940623939037323,
  "adv_mae_q25": 0.07619820162653923,
  "adv_mae_q75": 0.2202576994895935,
  "clean_nrmse_mean": 0.0031891418470423455,
  "clean_nrmse_ci95": 0.00041450302620432884,
  "clean_nrmse_median": 0.002748937135148914,
  "clean_nrmse_q25": 0.002388820186285068,
  "clean_nrmse_q75": 0.0033585040753390354,
  "adv_nrmse_mean": 1.613127659969013,
  "adv_nrmse_ci95": 0.271584163604965,
  "adv_nrmse_median": 1.3472982643360925,
  "adv_nrmse_q25": 1.0768448119603968,
  "adv_nrmse_q75": 2.219147696621034,
  "clean_max_err_mean": 0.05555336375255138,
  "clean_max_err_ci95": 0.009189805164417952,
  "clean_max_err_median": 0.049076568335294724,
  "clean_max_err_q25": 0.0329882875084877,
  "clean_max_err_q75": 0.07740922272205353,
  "adv_max_err_mean": 15.536251567304134,
  "adv_max_err_ci95": 3.366932385611693,
  "adv_max_err_median": 15.129753589630127,
  "adv_max_err_q25": 6.745010495185852,
  "adv_max_err_q75": 22.82493305206299,
  "clean_init_rel_l2_mean": 0.2520770381670445,
  "clean_init_rel_l2_ci95": 0.04474757835515376,
  "clean_init_rel_l2_median": 0.21722742170095444,
  "clean_init_rel_l2_q25": 0.17055825889110565,
  "clean_init_rel_l2_q75": 0.28996142745018005,
  "adv_init_rel_l2_mean": 3.768951989710331,
  "adv_init_rel_l2_ci95": 0.2589084478739035,
  "adv_init_rel_l2_median": 3.82735013961792,
  "adv_init_rel_l2_q25": 3.37476509809494,
  "adv_init_rel_l2_q75": 4.120765209197998,
  "init_rel_l2_ratio_mean": 18.330040920551,
  "init_rel_l2_ratio_ci95": 2.8504972225462084,
  "init_rel_l2_ratio_median": 17.254297196597037,
  "init_rel_l2_ratio_q25": 12.998322981407966,
  "init_rel_l2_ratio_q75": 25.42902858491529,
  "clean_init_psnr_mean": 25.194284395610136,
  "clean_init_psnr_ci95": 1.053763380803202,
  "clean_init_psnr_median": 24.783990491579146,
  "clean_init_psnr_q25": 23.15347558332141,
  "clean_init_psnr_q75": 27.63229479466916,
  "adv_init_psnr_mean": 1.083933402350634,
  "adv_init_psnr_ci95": 1.4585759259202313,
  "adv_init_psnr_median": 1.1890677153325766,
  "adv_init_psnr_q25": -1.9170265421300967,
  "adv_init_psnr_q75": 3.929070056447154,
  "clean_init_ssim_mean": 0.4360748676610561,
  "clean_init_ssim_ci95": 0.038615712195724655,
  "clean_init_ssim_median": 0.4156293124047607,
  "clean_init_ssim_q25": 0.3746017818907749,
  "clean_init_ssim_q75": 0.4684293510924116,
  "adv_init_ssim_mean": 0.021767891716158304,
  "adv_init_ssim_ci95": 0.003183762352272615,
  "adv_init_ssim_median": 0.01935044239803449,
  "adv_init_ssim_q25": 0.01669223340184954,
  "adv_init_ssim_q75": 0.02408215894824179,
  "clean_init_mae_mean": 0.019345941531355493,
  "clean_init_mae_ci95": 0.0033431355899844186,
  "clean_init_mae_median": 0.0176046434789896,
  "clean_init_mae_q25": 0.012700640596449375,
  "clean_init_mae_q75": 0.023134255316108465,
  "adv_init_mae_mean": 0.42084208969026804,
  "adv_init_mae_ci95": 0.09201745644094038,
  "adv_init_mae_median": 0.41627436876296997,
  "adv_init_mae_q25": 0.18156187236309052,
  "adv_init_mae_q75": 0.589273527264595,
  "pred_shift_rel_l2_mean": 6.186609849333763,
  "pred_shift_rel_l2_ci95": 0.42625115534951075,
  "pred_shift_rel_l2_median": 6.028010845184326,
  "pred_shift_rel_l2_q25": 5.272865295410156,
  "pred_shift_rel_l2_q75": 7.078753709793091,
  "init_shift_rel_l2_mean": 3.900070808827877,
  "init_shift_rel_l2_ci95": 0.23277767740830754,
  "init_shift_rel_l2_median": 3.929569125175476,
  "init_shift_rel_l2_q25": 3.453400433063507,
  "init_shift_rel_l2_q75": 4.22367787361145,
  "delta_l2_mean": 61.40840667486191,
  "delta_l2_ci95": 13.215059680631565,
  "delta_l2_median": 58.17823600769043,
  "delta_l2_q25": 26.74841022491455,
  "delta_l2_q75": 81.39160919189453,
  "delta_linf_mean": 1.4761315314099193,
  "delta_linf_ci95": 0.3210057671386757,
  "delta_linf_median": 1.3496204018592834,
  "delta_linf_q25": 0.6279850155115128,
  "delta_linf_q75": 2.165271282196045,
  "delta_mean_abs_mean": 0.22536363452672958,
  "delta_mean_abs_ci95": 0.048799353395202465,
  "delta_mean_abs_median": 0.21489020437002182,
  "delta_mean_abs_q25": 0.09773576818406582,
  "delta_mean_abs_q75": 0.2996051609516144,
  "delta_rel_l2_mean": 0.05000000812679601,
  "delta_rel_l2_ci95": 2.483351106240385e-09,
  "delta_rel_l2_median": 0.050000006892259065,
  "delta_rel_l2_q25": 0.05000000303988492,
  "delta_rel_l2_q75": 0.050000010834040196,
  "success_rel_l2_mean": 1.0,
  "success_rel_l2_ci95": 0.0,
  "success_rel_l2_median": 1.0,
  "success_rel_l2_q25": 1.0,
  "success_rel_l2_q75": 1.0,
  "success_mse_mean": 1.0,
  "success_mse_ci95": 0.0,
  "success_mse_median": 1.0,
  "success_mse_q25": 1.0,
  "success_mse_q75": 1.0,
  "clean_e_ran_l2_mean": 0.17228506109677255,
  "clean_e_ran_l2_ci95": 0.024773381249984038,
  "clean_e_ran_l2_median": 0.15739762783050537,
  "clean_e_ran_l2_q25": 0.12449581734836102,
  "clean_e_ran_l2_q75": 0.21829743310809135,
  "clean_e_nul_l2_mean": 0.16710232058539987,
  "clean_e_nul_l2_ci95": 0.029022772908131485,
  "clean_e_nul_l2_median": 0.14983142167329788,
  "clean_e_nul_l2_q25": 0.12005991861224174,
  "clean_e_nul_l2_q75": 0.18146085366606712,
  "clean_e_ran_frac_mean": 0.7217032111356882,
  "clean_e_ran_frac_ci95": 0.022452118520550065,
  "clean_e_ran_frac_median": 0.7492634411527208,
  "clean_e_ran_frac_q25": 0.6845589207454497,
  "clean_e_ran_frac_q75": 0.7669260220969667,
  "clean_e_nul_frac_mean": 0.6865996513384425,
  "clean_e_nul_frac_ci95": 0.021289732566257536,