{
  "num_examples": 32,
  "gt_norm_mean": 19.10678167641163,
  "gt_norm_ci95": 3.4833903043152117,
  "gt_norm_median": 16.756710529327393,
  "clean_mse_mean": 8.843375994160851e-06,
  "clean_mse_ci95": 2.7519022650824865e-06,
  "clean_mse_median": 6.181682010719669e-06,
  "adv_mse_mean": 0.1296743705170229,
  "adv_mse_ci95": 0.028862288983556757,
  "adv_mse_median": 0.09906725585460663,
  "mse_ratio_mean": 25451.864066194044,
  "mse_ratio_ci95": 7358.464614693336,
  "mse_ratio_median": 18998.94690343889,
  "clean_rel_l2_mean": 0.0200345172197558,
  "clean_rel_l2_ci95": 0.003151300402619934,
  "clean_rel_l2_median": 0.016435040161013603,
  "adv_rel_l2_mean": 2.6398384533822536,
  "adv_rel_l2_ci95": 0.302036504974695,
  "adv_rel_l2_median": 2.369271993637085,
  "rel_l2_ratio_mean": 148.22451751870108,
  "rel_l2_ratio_ci95": 20.770615125594247,
  "rel_l2_ratio_median": 137.82337416482176,
  "clean_psnr_mean": 47.765172938798585,
  "clean_psnr_ci95": 0.9003122279186407,
  "clean_psnr_median": 48.48047978493125,
  "adv_psnr_mean": 5.029469751083402,
  "adv_psnr_ci95": 0.9371680941457153,
  "adv_psnr_median": 5.072114034486997,
  "clean_ssim_mean": 0.9889715226305857,
  "clean_ssim_ci95": 0.0016066172664913005,
  "clean_ssim_median": 0.9905324106361718,
  "adv_ssim_mean": 0.12132620132405313,
  "adv_ssim_ci95": 0.020463284238573323,
  "adv_ssim_median": 0.13164294169405333,
  "pred_shift_rel_l2_mean": 2.631025694310665,
  "pred_shift_rel_l2_ci95": 0.30099127941621195,
  "pred_shift_rel_l2_median": 2.363534092903137,
  "init_shift_rel_l2_mean": 2.4215298909693956,
  "init_shift_rel_l2_ci95": 0.40644183459106004,
  "init_shift_rel_l2_median": 2.2286206483840942,
  "delta_l2_mean": 25.730920374393463,
  "delta_l2_ci95": 2.7757116797283985e-07,
  "delta_l2_median": 25.730920791625977,
  "delta_linf_mean": 0.6804699376225471,
  "delta_linf_ci95": 0.031653580394969176,
  "delta_linf_median": 0.659603625535965,
  "delta_mean_abs_mean": 0.0934982243925333,
  "delta_mean_abs_ci95": 0.0002516732919735614,
  "delta_mean_abs_median": 0.09353382885456085,
  "delta_rel_l2_mean": 0.03373750311572976,
  "delta_rel_l2_ci95": 0.007161889660463576,
  "delta_rel_l2_median": 0.030690658188728563,
  "success_rel_l2_mean": 1.0,
  "success_rel_l2_ci95": 0.0,
  "success_rel_l2_median": 1.0,
  "success_mse_mean": 1.0,
  "success_mse_ci95": 0.0,
  "success_mse_median": 1.0,
  "clean_e_ran_l2_mean": 0.2332250231411308,
  "clean_e_ran_l2_ci95": 0.036767732192424345,
  "clean_e_ran_l2_median": 0.21223297715187073,
  "clean_e_nul_l2_mean": 0.25436562835238874,
  "clean_e_nul_l2_ci95": 0.042948842957437616,
  "clean_e_nul_l2_median": 0.23184172809123993,
  "clean_e_ran_frac_mean": 0.6792161228490077,
  "clean_e_ran_frac_ci95": 0.019441329702788664,
  "clean_e_ran_frac_median": 0.6801848047019097,
  "clean_e_nul_frac_mean": 0.7302116340174626,
  "clean_e_nul_frac_ci95": 0.017268747773017155,
  "clean_e_nul_frac_median": 0.7330393031963305,
  "adv_e_ran_l2_mean": 19.879144608974457,
  "adv_e_ran_l2_ci95": 1.9673377431261325,
  "adv_e_ran_l2_median": 17.63971996307373,
  "adv_e_nul_l2_mean": 39.441535115242004,
  "adv_e_nul_l2_ci95": 4.202805613365353,
  "adv_e_nul_l2_median": 36.08592224121094,
  "adv_e_ran_frac_mean": 0.45546781177477247,
  "adv_e_ran_frac_ci95": 0.020951083390851683,
  "adv_e_ran_frac_median": 0.44310431338834283,
  "adv_e_nul_frac_mean": 0.8877218650140294,
  "adv_e_nul_frac_ci95": 0.010889404070668568,
  "adv_e_nul_frac_median": 0.8964573630971613,
  "attack_runtime_total_sec": 116.5657250508666,
  "attack_runtime_per_example_sec": 3.6426789078395814,
  "model_name": "dpnsn_res",
  "attack_name": "adam",
  "norm": "l2",
  "eps": 0.02,
  "eps_actual": 25.73092107702637,
  "attack_init_mode": "exact",
  "eval_init_mode": "exact"
}