{
  "num_examples": 32,
  "gt_norm_mean": 20.065786242485046,
  "gt_norm_ci95": 2.6439993761407936,
  "gt_norm_median": 18.550631523132324,
  "clean_mse_mean": 0.2511020527454093,
  "clean_mse_ci95": 0.10022149072164059,
  "clean_mse_median": 0.14312346279621124,
  "adv_mse_mean": 0.2774110205937177,
  "adv_mse_ci95": 0.10467398581897536,
  "adv_mse_median": 0.16463583707809448,
  "mse_ratio_mean": 1.1518084310636103,
  "mse_ratio_ci95": 0.020018290792140105,
  "mse_ratio_median": 1.1503027856634453,
  "clean_rel_l2_mean": 2.8201087564229965,
  "clean_rel_l2_ci95": 0.11811233824929637,
  "clean_rel_l2_median": 2.7740403413772583,
  "adv_rel_l2_mean": 3.021116279065609,
  "adv_rel_l2_ci95": 0.11413872291270864,
  "adv_rel_l2_median": 3.032713770866394,
  "rel_l2_ratio_mean": 1.0728996466473308,
  "rel_l2_ratio_ci95": 0.009278561569531408,
  "rel_l2_ratio_median": 1.0725214396277478,
  "clean_psnr_mean": 3.988018829701324,
  "clean_psnr_ci95": 1.1986764678360333,
  "clean_psnr_median": 5.002813092097896,
  "adv_psnr_mean": 3.379441350486206,
  "adv_psnr_ci95": 1.1491606667781045,
  "adv_psnr_median": 4.243197496835,
  "clean_ssim_mean": 0.00991870820547812,
  "clean_ssim_ci95": 0.0011128405075268605,
  "clean_ssim_median": 0.00968495755998881,
  "adv_ssim_mean": 0.009913156161362837,
  "adv_ssim_ci95": 0.0010731909319751875,
  "adv_ssim_median": 0.00951113733645494,
  "pred_shift_rel_l2_mean": 0.11483757582027465,
  "pred_shift_rel_l2_ci95": 0.019600052699857626,
  "pred_shift_rel_l2_median": 0.10714448243379593,
  "init_shift_rel_l2_mean": 0.08568265539361164,
  "init_shift_rel_l2_ci95": 0.013803553002317833,
  "init_shift_rel_l2_median": 0.08405376970767975,
  "delta_l2_mean": 25.640163242816925,
  "delta_l2_ci95": 3.8859963516197575e-07,
  "delta_l2_median": 25.64016342163086,
  "delta_linf_mean": 0.6041260920464993,
  "delta_linf_ci95": 0.01929583604071157,
  "delta_linf_median": 0.5906336307525635,
  "delta_mean_abs_mean": 0.09786161943338811,
  "delta_mean_abs_ci95": 8.918188386212677e-05,
  "delta_mean_abs_median": 0.09785449504852295,
  "delta_rel_l2_mean": 0.020849213676862613,
  "delta_rel_l2_ci95": 0.0033924606328789536,
  "delta_rel_l2_median": 0.020142290638565333,
  "success_rel_l2_mean": 0.0,
  "success_rel_l2_ci95": 0.0,
  "success_rel_l2_median": 0.0,
  "success_mse_mean": 0.0,
  "success_mse_ci95": 0.0,
  "success_mse_median": 0.0,
  "clean_e_ran_l2_mean": 47.75946801900864,
  "clean_e_ran_l2_ci95": 7.512926833326912,
  "clean_e_ran_l2_median": 40.83388900756836,
  "clean_e_nul_l2_mean": 32.48372036218643,
  "clean_e_nul_l2_ci95": 6.320993333660962,
  "clean_e_nul_l2_median": 26.372713088989258,
  "clean_e_ran_frac_mean": 0.8362930485994584,
  "clean_e_ran_frac_ci95": 0.008916902978395268,
  "clean_e_ran_frac_median": 0.8354798602137178,
  "clean_e_nul_frac_mean": 0.546219846619368,
  "clean_e_nul_frac_ci95": 0.014152060669362455,
  "clean_e_nul_frac_median": 0.5495179840178324,
  "adv_e_ran_l2_mean": 50.60541421175003,
  "adv_e_ran_l2_ci95": 7.531523523310859,
  "adv_e_ran_l2_median": 43.642940521240234,
  "adv_e_nul_l2_mean": 34.6888390481472,
  "adv_e_nul_l2_ci95": 6.328084476368445,
  "adv_e_nul_l2_median": 28.602961540222168,
  "adv_e_ran_frac_mean": 0.8329292951811651,
  "adv_e_ran_frac_ci95": 0.008205414053236165,
  "adv_e_ran_frac_median": 0.8331308990461828,
  "adv_e_nul_frac_mean": 0.5516939279752063,
  "adv_e_nul_frac_ci95": 0.012786358670562162,
  "adv_e_nul_frac_median": 0.5530755989401546,
  "attack_runtime_total_sec": 116.50798719748855,
  "attack_runtime_per_example_sec": 3.640874599921517,
  "model_name": "dpnsn_res",
  "attack_name": "adam",
  "norm": "l2",
  "eps": 0.02,
  "eps_actual": 25.640163162719727,
  "attack_init_mode": "exact",
  "eval_init_mode": "exact"
}