{
  "num_examples": 32,
  "gt_norm_mean": 20.065786242485046,
  "gt_norm_ci95": 2.6439993761407936,
  "gt_norm_median": 18.550631523132324,
  "clean_mse_mean": 0.2511020527454093,
  "clean_mse_ci95": 0.10022149072164059,
  "clean_mse_median": 0.14312346279621124,
  "adv_mse_mean": 0.30700622336007655,
  "adv_mse_ci95": 0.10911384360258358,
  "adv_mse_median": 0.18938066810369492,
  "mse_ratio_mean": 1.3299351353901663,
  "mse_ratio_ci95": 0.046838440725577024,
  "mse_ratio_median": 1.3231900145836164,
  "clean_rel_l2_mean": 2.8201087564229965,
  "clean_rel_l2_ci95": 0.11811233824929637,
  "clean_rel_l2_median": 2.7740403413772583,
  "adv_rel_l2_mean": 3.238598257303238,
  "adv_rel_l2_ci95": 0.11623029424896757,
  "adv_rel_l2_median": 3.2458720207214355,
  "rel_l2_ratio_mean": 1.1518166392906917,
  "rel_l2_ratio_ci95": 0.020079374249705604,
  "rel_l2_ratio_median": 1.1502990443176968,
  "clean_psnr_mean": 3.988018829701324,
  "clean_psnr_ci95": 1.1986764678360333,
  "clean_psnr_median": 5.002813092097896,
  "adv_psnr_mean": 2.770867042888901,
  "adv_psnr_ci95": 1.1020589334459279,
  "adv_psnr_median": 3.5312674307647414,
  "clean_ssim_mean": 0.00991870820547812,
  "clean_ssim_ci95": 0.0011128405075268605,
  "clean_ssim_median": 0.00968495755998881,
  "adv_ssim_mean": 0.009587181038384818,
  "adv_ssim_ci95": 0.0012386754625846655,
  "adv_ssim_median": 0.009106133288102242,
  "pred_shift_rel_l2_mean": 0.22715519764460623,
  "pred_shift_rel_l2_ci95": 0.033863078912869805,
  "pred_shift_rel_l2_median": 0.22002534568309784,
  "init_shift_rel_l2_mean": 0.17566969816107303,
  "init_shift_rel_l2_ci95": 0.028827993687249157,
  "init_shift_rel_l2_median": 0.17172075062990189,
  "delta_l2_mean": 51.28032660484314,
  "delta_l2_ci95": 6.661708031348157e-07,
  "delta_l2_median": 51.28032684326172,
  "delta_linf_mean": 1.2655835337936878,
  "delta_linf_ci95": 0.04562990300435074,
  "delta_linf_median": 1.2767181396484375,
  "delta_mean_abs_mean": 0.19498834758996964,
  "delta_mean_abs_ci95": 0.0001673227550192359,
  "delta_mean_abs_median": 0.1949174404144287,
  "delta_rel_l2_mean": 0.0416984275247536,
  "delta_rel_l2_ci95": 0.006784921438424312,
  "delta_rel_l2_median": 0.04028458126515874,
  "success_rel_l2_mean": 0.0,
  "success_rel_l2_ci95": 0.0,
  "success_rel_l2_median": 0.0,
  "success_mse_mean": 0.0,
  "success_mse_ci95": 0.0,
  "success_mse_median": 0.0,
  "clean_e_ran_l2_mean": 47.75946801900864,
  "clean_e_ran_l2_ci95": 7.512926833326912,
  "clean_e_ran_l2_median": 40.83388900756836,
  "clean_e_nul_l2_mean": 32.48372036218643,
  "clean_e_nul_l2_ci95": 6.320993333660962,
  "clean_e_nul_l2_median": 26.372713088989258,
  "clean_e_ran_frac_mean": 0.8362930485994584,
  "clean_e_ran_frac_ci95": 0.008916902978395268,
  "clean_e_ran_frac_median": 0.8354798602137178,
  "clean_e_nul_frac_mean": 0.546219846619368,
  "clean_e_nul_frac_ci95": 0.014152060669362455,
  "clean_e_nul_frac_median": 0.5495179840178324,
  "adv_e_ran_l2_mean": 53.6917929649353,
  "adv_e_ran_l2_ci95": 7.521835282004875,
  "adv_e_ran_l2_median": 46.70266914367676,
  "adv_e_nul_l2_mean": 36.98751935362816,
  "adv_e_nul_l2_ci95": 6.322236243753068,
  "adv_e_nul_l2_median": 30.93467426300049,
  "adv_e_ran_frac_mean": 0.8305386380599691,
  "adv_e_ran_frac_ci95": 0.007591135340693713,
  "adv_e_ran_frac_median": 0.8300592191952995,
  "adv_e_nul_frac_mean": 0.5555631023027863,
  "adv_e_nul_frac_ci95": 0.011623300168666558,
  "adv_e_nul_frac_median": 0.5576730721648255,
  "attack_runtime_total_sec": 116.5239904820919,
  "attack_runtime_per_example_sec": 3.641374702565372,
  "model_name": "dpnsn_res",
  "attack_name": "adam",
  "norm": "l2",
  "eps": 0.04,
  "eps_actual": 51.280326325439454,
  "attack_init_mode": "exact",
  "eval_init_mode": "exact"
}