{
  "num_examples": 32,
  "gt_norm_mean": 19.10678167641163,
  "gt_norm_ci95": 3.4833903043152117,
  "gt_norm_median": 16.756710529327393,
  "clean_mse_mean": 8.843375994160851e-06,
  "clean_mse_ci95": 2.7519022650824865e-06,
  "clean_mse_median": 6.181682010719669e-06,
  "adv_mse_mean": 0.34693484101444483,
  "adv_mse_ci95": 0.0699788946597675,
  "adv_mse_median": 0.2775318771600723,
  "mse_ratio_mean": 71163.93263655656,
  "mse_ratio_ci95": 21412.707552897733,
  "mse_ratio_median": 52087.25973732739,
  "clean_rel_l2_mean": 0.0200345172197558,
  "clean_rel_l2_ci95": 0.003151300402619934,
  "clean_rel_l2_median": 0.016435040161013603,
  "adv_rel_l2_mean": 4.419291079044342,
  "adv_rel_l2_ci95": 0.542510034407109,
  "adv_rel_l2_median": 4.016579508781433,
  "rel_l2_ratio_mean": 247.15904460232076,
  "rel_l2_ratio_ci95": 35.33674064416247,
  "rel_l2_ratio_median": 228.22545283026346,
  "clean_psnr_mean": 47.765172938798585,
  "clean_psnr_ci95": 0.9003122279186407,
  "clean_psnr_median": 48.48047978493125,
  "adv_psnr_mean": 0.6097477614023677,
  "adv_psnr_ci95": 0.9195347151465473,
  "adv_psnr_median": 0.8147508611872117,
  "clean_ssim_mean": 0.9889715226305857,
  "clean_ssim_ci95": 0.0016066172664913005,
  "clean_ssim_median": 0.9905324106361718,
  "adv_ssim_mean": 0.033027131928854606,
  "adv_ssim_ci95": 0.00674263280384311,
  "adv_ssim_median": 0.03465560328255771,
  "pred_shift_rel_l2_mean": 4.405005604028702,
  "pred_shift_rel_l2_ci95": 0.5407081151784231,
  "pred_shift_rel_l2_median": 4.020234227180481,
  "init_shift_rel_l2_mean": 4.645838368684053,
  "init_shift_rel_l2_ci95": 0.7988394207040479,
  "init_shift_rel_l2_median": 4.216400623321533,
  "delta_l2_mean": 51.461840987205505,
  "delta_l2_ci95": 8.298005204187237e-07,
  "delta_l2_median": 51.46184158325195,
  "delta_linf_mean": 1.4341983273625374,
  "delta_linf_ci95": 0.07086622463293724,
  "delta_linf_median": 1.379715919494629,
  "delta_mean_abs_mean": 0.18895913381129503,
  "delta_mean_abs_ci95": 0.0004340150783333243,
  "delta_mean_abs_median": 0.18895676732063293,
  "delta_rel_l2_mean": 0.06747500681061486,
  "delta_rel_l2_ci95": 0.014323779425229888,
  "delta_rel_l2_median": 0.061381316377457126,
  "success_rel_l2_mean": 1.0,
  "success_rel_l2_ci95": 0.0,
  "success_rel_l2_median": 1.0,
  "success_mse_mean": 1.0,
  "success_mse_ci95": 0.0,
  "success_mse_median": 1.0,
  "clean_e_ran_l2_mean": 0.2332250231411308,
  "clean_e_ran_l2_ci95": 0.036767732192424345,
  "clean_e_ran_l2_median": 0.21223297715187073,
  "clean_e_nul_l2_mean": 0.25436562835238874,
  "clean_e_nul_l2_ci95": 0.042948842957437616,
  "clean_e_nul_l2_median": 0.23184172809123993,
  "clean_e_ran_frac_mean": 0.6792161228490077,
  "clean_e_ran_frac_ci95": 0.019441329702788664,
  "clean_e_ran_frac_median": 0.6801848047019097,
  "clean_e_nul_frac_mean": 0.7302116340174626,
  "clean_e_nul_frac_ci95": 0.017268747773017155,
  "clean_e_nul_frac_median": 0.7330393031963305,
  "adv_e_ran_l2_mean": 33.686476707458496,
  "adv_e_ran_l2_ci95": 2.3529436480726127,
  "adv_e_ran_l2_median": 32.913055419921875,
  "adv_e_nul_l2_mean": 64.63587462902069,
  "adv_e_nul_l2_ci95": 6.365055419484823,
  "adv_e_nul_l2_median": 60.25803184509277,
  "adv_e_ran_frac_mean": 0.4699137327240013,
  "adv_e_ran_frac_ci95": 0.018649756291816366,
  "adv_e_ran_frac_median": 0.4656148329245259,
  "adv_e_nul_frac_mean": 0.8806537415493212,
  "adv_e_nul_frac_ci95": 0.010101424819196597,
  "adv_e_nul_frac_median": 0.8849841103268459,
  "attack_runtime_total_sec": 116.55080363154411,
  "attack_runtime_per_example_sec": 3.6422126134857535,
  "model_name": "dpnsn_res",
  "attack_name": "adam",
  "norm": "l2",
  "eps": 0.04,
  "eps_actual": 51.46184215405274,
  "attack_init_mode": "exact",
  "eval_init_mode": "exact"
}