{
  "num_examples": 32,
  "gt_norm_mean": 18.47541281580925,
  "gt_norm_ci95": 3.0632711958288747,
  "gt_norm_median": 16.971742630004883,
  "clean_mse_mean": 1.0666261069047778e-05,
  "clean_mse_ci95": 3.4832741253779163e-06,
  "clean_mse_median": 6.275413625189685e-06,
  "adv_mse_mean": 0.013111603650031611,
  "adv_mse_ci95": 0.005495141089412783,
  "adv_mse_median": 0.006390440743416548,
  "mse_ratio_mean": 1629.5463464345594,
  "mse_ratio_ci95": 789.0718520584758,
  "mse_ratio_median": 513.208291733838,
  "clean_rel_l2_mean": 0.021611966309137642,
  "clean_rel_l2_ci95": 0.002384767544701199,
  "clean_rel_l2_median": 0.01893364917486906,
  "adv_rel_l2_mean": 0.72534089256078,
  "adv_rel_l2_ci95": 0.21777114204037465,
  "adv_rel_l2_median": 0.497194841504097,
  "rel_l2_ratio_mean": 32.31619972263344,
  "rel_l2_ratio_ci95": 8.515899325809004,
  "rel_l2_ratio_median": 22.651431366736265,
  "clean_psnr_mean": 46.77085706190423,
  "clean_psnr_ci95": 1.1484779104559577,
  "clean_psnr_median": 48.177736500654014,
  "adv_psnr_mean": 18.963915415864502,
  "adv_psnr_ci95": 2.916908624568803,
  "adv_psnr_median": 17.849952116803195,
  "clean_ssim_mean": 0.9936264729710983,
  "clean_ssim_ci95": 0.001649202099606576,
  "clean_ssim_median": 0.9952005389111718,
  "adv_ssim_mean": 0.8788650008113673,
  "adv_ssim_ci95": 0.036629900192045296,
  "adv_ssim_median": 0.9109818433677488,
  "pred_shift_rel_l2_mean": 0.7180552729405463,
  "pred_shift_rel_l2_ci95": 0.21712992432133918,
  "pred_shift_rel_l2_median": 0.4916598051786423,
  "init_shift_rel_l2_mean": 0.14396973641123623,
  "init_shift_rel_l2_ci95": 0.0372358187249517,
  "init_shift_rel_l2_median": 0.12418149039149284,
  "delta_l2_mean": 28.39146065711975,
  "delta_l2_ci95": 2.376924310873723,
  "delta_l2_median": 27.729517936706543,
  "delta_linf_mean": 0.5998788811266422,
  "delta_linf_ci95": 0.02705585174606928,
  "delta_linf_median": 0.5856494903564453,
  "delta_mean_abs_mean": 0.09639030485413969,
  "delta_mean_abs_ci95": 0.01004844263455608,
  "delta_mean_abs_median": 0.09294871613383293,
  "success_rel_l2_mean": 1.0,
  "success_rel_l2_ci95": 0.0,
  "success_rel_l2_median": 1.0,
  "success_mse_mean": 1.0,
  "success_mse_ci95": 0.0,
  "success_mse_median": 1.0,
  "clean_e_ran_l2_mean": 0.31355910236015916,
  "clean_e_ran_l2_ci95": 0.04746038406060141,
  "clean_e_ran_l2_median": 0.277195543050766,
  "clean_e_nul_l2_mean": 0.2113745694514364,
  "clean_e_nul_l2_ci95": 0.041024178250446665,
  "clean_e_nul_l2_median": 0.17449891567230225,
  "clean_e_ran_frac_mean": 0.8329772942677642,
  "clean_e_ran_frac_ci95": 0.026339258032596156,
  "clean_e_ran_frac_median": 0.8529254256581833,
  "clean_e_nul_frac_mean": 0.5380324260916749,
  "clean_e_nul_frac_ci95": 0.03704086285215379,
  "clean_e_nul_frac_median": 0.5219836018032493,
  "adv_e_ran_l2_mean": 7.750521294772625,
  "adv_e_ran_l2_ci95": 2.156019946606132,
  "adv_e_ran_l2_median": 6.724454879760742,
  "adv_e_nul_l2_mean": 8.817716863006353,
  "adv_e_nul_l2_ci95": 2.2120905269819864,
  "adv_e_nul_l2_median": 7.178573846817017,
  "adv_e_ran_frac_mean": 0.6438361591082005,
  "adv_e_ran_frac_ci95": 0.028347808841578254,
  "adv_e_ran_frac_median": 0.6480121650012025,
  "adv_e_nul_frac_mean": 0.758106209186961,
  "adv_e_nul_frac_ci95": 0.022991964158113287,
  "adv_e_nul_frac_median": 0.7616252032891229,
  "attack_runtime_total_sec": 39.259411074221134,
  "attack_runtime_per_example_sec": 1.2268565960694104,
  "model_name": "resnet",
  "attack_name": "adam",
  "norm": "l2",
  "eps": 1.0,
  "attack_init_mode": "exact",
  "eval_init_mode": "exact"
}