{
  "num_examples": 32,
  "gt_norm_mean": 18.47541281580925,
  "gt_norm_ci95": 3.0632711958288747,
  "gt_norm_median": 16.971742630004883,
  "clean_mse_mean": 1.0666261069047778e-05,
  "clean_mse_ci95": 3.4832741253779163e-06,
  "clean_mse_median": 6.275413625189685e-06,
  "adv_mse_mean": 0.013146034564670117,
  "adv_mse_ci95": 0.005510358208221082,
  "adv_mse_median": 0.006374845048412681,
  "mse_ratio_mean": 1637.094838451562,
  "mse_ratio_ci95": 795.1764434681558,
  "mse_ratio_median": 512.6179204102142,
  "clean_rel_l2_mean": 0.021611966309137642,
  "clean_rel_l2_ci95": 0.002384767544701199,
  "clean_rel_l2_median": 0.01893364917486906,
  "adv_rel_l2_mean": 0.72652603010647,
  "adv_rel_l2_ci95": 0.21897093094308417,
  "adv_rel_l2_median": 0.4972263425588608,
  "rel_l2_ratio_mean": 32.36056806570826,
  "rel_l2_ratio_ci95": 8.549875097762639,
  "rel_l2_ratio_median": 22.63818300565415,
  "clean_psnr_mean": 46.77085706190423,
  "clean_psnr_ci95": 1.1484779104559577,
  "clean_psnr_median": 48.177736500654014,
  "adv_psnr_mean": 18.960101194961837,
  "adv_psnr_ci95": 2.9197934416414175,
  "adv_psnr_median": 17.854904952499528,
  "clean_ssim_mean": 0.9936264729710983,
  "clean_ssim_ci95": 0.001649202099606576,
  "clean_ssim_median": 0.9952005389111718,
  "adv_ssim_mean": 0.8788248174628067,
  "adv_ssim_ci95": 0.03665623746744276,
  "adv_ssim_median": 0.9110447016901337,
  "pred_shift_rel_l2_mean": 0.7192315231077373,
  "pred_shift_rel_l2_ci95": 0.21831826471972066,
  "pred_shift_rel_l2_median": 0.4916919320821762,
  "init_shift_rel_l2_mean": 0.14417128870263696,
  "init_shift_rel_l2_ci95": 0.037525293072119395,
  "init_shift_rel_l2_median": 0.12419672310352325,
  "delta_l2_mean": 28.405017614364624,
  "delta_l2_ci95": 2.3802199427936017,
  "delta_l2_median": 27.72846794128418,
  "delta_linf_mean": 0.5998310055583715,
  "delta_linf_ci95": 0.02700432285559064,
  "delta_linf_median": 0.5857162475585938,
  "delta_mean_abs_mean": 0.09644783369731158,
  "delta_mean_abs_ci95": 0.010062418990780399,
  "delta_mean_abs_median": 0.09294825047254562,
  "success_rel_l2_mean": 1.0,
  "success_rel_l2_ci95": 0.0,
  "success_rel_l2_median": 1.0,
  "success_mse_mean": 1.0,
  "success_mse_ci95": 0.0,
  "success_mse_median": 1.0,
  "clean_e_ran_l2_mean": 0.31355910236015916,
  "clean_e_ran_l2_ci95": 0.04746038406060141,
  "clean_e_ran_l2_median": 0.277195543050766,
  "clean_e_nul_l2_mean": 0.2113745694514364,
  "clean_e_nul_l2_ci95": 0.041024178250446665,
  "clean_e_nul_l2_median": 0.17449891567230225,
  "clean_e_ran_frac_mean": 0.8329772942677642,
  "clean_e_ran_frac_ci95": 0.026339258032596156,
  "clean_e_ran_frac_median": 0.8529254256581833,
  "clean_e_nul_frac_mean": 0.5380324260916749,
  "clean_e_nul_frac_ci95": 0.03704086285215379,
  "clean_e_nul_frac_median": 0.5219836018032493,
  "adv_e_ran_l2_mean": 7.759127363562584,
  "adv_e_ran_l2_ci95": 2.1576335899899535,
  "adv_e_ran_l2_median": 6.722540855407715,
  "adv_e_nul_l2_mean": 8.82699030265212,
  "adv_e_nul_l2_ci95": 2.217988242501729,
  "adv_e_nul_l2_median": 7.169994354248047,
  "adv_e_ran_frac_mean": 0.6439620100973031,
  "adv_e_ran_frac_ci95": 0.02820303093844258,
  "adv_e_ran_frac_median": 0.6479257185741987,
  "adv_e_nul_frac_mean": 0.7580585661409205,
  "adv_e_nul_frac_ci95": 0.022927786702388663,
  "adv_e_nul_frac_median": 0.7616991746014437,
  "attack_runtime_total_sec": 39.71678379923105,
  "attack_runtime_per_example_sec": 1.2411494937259704,
  "model_name": "resnet",
  "attack_name": "adam",
  "norm": "l2",
  "eps": 1.0,
  "attack_init_mode": "exact",
  "eval_init_mode": "exact"
}