{
  "num_examples": 32,
  "gt_norm_mean": 18.47541281580925,
  "gt_norm_ci95": 3.0632711958288747,
  "gt_norm_median": 16.971742630004883,
  "clean_mse_mean": 1.0673477163436473e-05,
  "clean_mse_ci95": 3.490598382353038e-06,
  "clean_mse_median": 6.2644799072586466e-06,
  "adv_mse_mean": 0.013109665164847684,
  "adv_mse_ci95": 0.005494577814371927,
  "adv_mse_median": 0.0063821307849138975,
  "mse_ratio_mean": 1630.5193978762445,
  "mse_ratio_ci95": 790.6938613802956,
  "mse_ratio_median": 512.5235243072821,
  "clean_rel_l2_mean": 0.02161325720953755,
  "clean_rel_l2_ci95": 0.0023897935277900828,
  "clean_rel_l2_median": 0.01893112063407898,
  "adv_rel_l2_mean": 0.7252741544507444,
  "adv_rel_l2_ci95": 0.21776115767940277,
  "adv_rel_l2_median": 0.49723686277866364,
  "rel_l2_ratio_mean": 32.31753028499936,
  "rel_l2_ratio_ci95": 8.522351230532985,
  "rel_l2_ratio_median": 22.635801491909838,
  "clean_psnr_mean": 46.77147830727962,
  "clean_psnr_ci95": 1.150900461929012,
  "clean_psnr_median": 48.18234400406163,
  "adv_psnr_mean": 18.965030094091723,
  "adv_psnr_ci95": 2.9170794782091543,
  "adv_psnr_median": 17.851909755248055,
  "clean_ssim_mean": 0.9936296292940883,
  "clean_ssim_ci95": 0.001649104803561407,
  "clean_ssim_median": 0.9952026030703982,
  "adv_ssim_mean": 0.8788764388969355,
  "adv_ssim_ci95": 0.036642027157556004,
  "adv_ssim_median": 0.9109622099444412,
  "pred_shift_rel_l2_mean": 0.7180001400411129,
  "pred_shift_rel_l2_ci95": 0.21713305494871327,
  "pred_shift_rel_l2_median": 0.49171142280101776,
  "init_shift_rel_l2_mean": 0.14392440242227167,
  "init_shift_rel_l2_ci95": 0.03723621750199468,
  "init_shift_rel_l2_median": 0.12419147789478302,
  "delta_l2_mean": 28.390911042690277,
  "delta_l2_ci95": 2.3766906944012693,
  "delta_l2_median": 27.72999858856201,
  "delta_linf_mean": 0.5998563580214977,
  "delta_linf_ci95": 0.02701512322256386,
  "delta_linf_median": 0.5856771469116211,
  "delta_mean_abs_mean": 0.09639036166481674,
  "delta_mean_abs_ci95": 0.010048251165591538,
  "delta_mean_abs_median": 0.09295123443007469,
  "success_rel_l2_mean": 1.0,
  "success_rel_l2_ci95": 0.0,
  "success_rel_l2_median": 1.0,
  "success_mse_mean": 1.0,
  "success_mse_ci95": 0.0,
  "success_mse_median": 1.0,
  "clean_e_ran_l2_mean": 0.31359336618334055,
  "clean_e_ran_l2_ci95": 0.04751508118882964,
  "clean_e_ran_l2_median": 0.27698850631713867,
  "clean_e_nul_l2_mean": 0.2114031494129449,
  "clean_e_nul_l2_ci95": 0.04108866867138674,
  "clean_e_nul_l2_median": 0.17458166927099228,
  "clean_e_ran_frac_mean": 0.8330003525277173,
  "clean_e_ran_frac_ci95": 0.026328530131726657,
  "clean_e_ran_frac_median": 0.8528927050112947,
  "clean_e_nul_frac_mean": 0.5379942388976826,
  "clean_e_nul_frac_ci95": 0.03705297012195232,
  "clean_e_nul_frac_median": 0.5220385221498589,
  "adv_e_ran_l2_mean": 7.74661660194397,
  "adv_e_ran_l2_ci95": 2.155667768219447,
  "adv_e_ran_l2_median": 6.72525954246521,
  "adv_e_nul_l2_mean": 8.819144826382399,
  "adv_e_nul_l2_ci95": 2.2125332693666517,
  "adv_e_nul_l2_median": 7.174334526062012,
  "adv_e_ran_frac_mean": 0.6436583461429892,
  "adv_e_ran_frac_ci95": 0.028385374023780014,
  "adv_e_ran_frac_median": 0.645758412202651,
  "adv_e_nul_frac_mean": 0.7582405401000445,
  "adv_e_nul_frac_ci95": 0.023013580888844642,
  "adv_e_nul_frac_median": 0.763542089196722,
  "attack_runtime_total_sec": 38.81916978210211,
  "attack_runtime_per_example_sec": 1.2130990556906909,
  "model_name": "resnet",
  "attack_name": "adam",
  "norm": "l2",
  "eps": 1.0,
  "attack_init_mode": "exact",
  "eval_init_mode": "exact"
}