{
  "num_examples": 32,
  "gt_norm_mean": 18.47541281580925,
  "gt_norm_ci95": 3.0632711958288747,
  "gt_norm_median": 16.971742630004883,
  "clean_mse_mean": 1.0673477163436473e-05,
  "clean_mse_ci95": 3.490598382353038e-06,
  "clean_mse_median": 6.2644799072586466e-06,
  "adv_mse_mean": 0.013136413038409955,
  "adv_mse_ci95": 0.005506720635820952,
  "adv_mse_median": 0.00638720253482461,
  "mse_ratio_mean": 1635.0876177886032,
  "mse_ratio_ci95": 794.2537676533883,
  "mse_ratio_median": 512.7028105221443,
  "clean_rel_l2_mean": 0.02161325720953755,
  "clean_rel_l2_ci95": 0.0023897935277900828,
  "clean_rel_l2_median": 0.01893112063407898,
  "adv_rel_l2_mean": 0.7262626027222723,
  "adv_rel_l2_ci95": 0.21883372322620562,
  "adv_rel_l2_median": 0.49716441333293915,
  "rel_l2_ratio_mean": 32.34707275846995,
  "rel_l2_ratio_ci95": 8.541652841021444,
  "rel_l2_ratio_median": 22.640001539752898,
  "clean_psnr_mean": 46.77147830727962,
  "clean_psnr_ci95": 1.150900461929012,
  "clean_psnr_median": 48.18234400406163,
  "adv_psnr_mean": 18.961416636364014,
  "adv_psnr_ci95": 2.9189107188024206,
  "adv_psnr_median": 17.852141961761323,
  "clean_ssim_mean": 0.9936296292940883,
  "clean_ssim_ci95": 0.001649104803561407,
  "clean_ssim_median": 0.9952026030703982,
  "adv_ssim_mean": 0.878887405958984,
  "adv_ssim_ci95": 0.036633469796813124,
  "adv_ssim_median": 0.9110291754050697,
  "pred_shift_rel_l2_mean": 0.7189802583307028,
  "pred_shift_rel_l2_ci95": 0.21819468228993222,
  "pred_shift_rel_l2_median": 0.4916404038667679,
  "init_shift_rel_l2_mean": 0.1440988490357995,
  "init_shift_rel_l2_ci95": 0.03751650769319528,
  "init_shift_rel_l2_median": 0.12417128309607506,
  "delta_l2_mean": 28.398902535438538,
  "delta_l2_ci95": 2.379632072205355,
  "delta_l2_median": 27.727688789367676,
  "delta_linf_mean": 0.5999477356672287,
  "delta_linf_ci95": 0.027041847385835753,
  "delta_linf_median": 0.5855846405029297,
  "delta_mean_abs_mean": 0.0964241053443402,
  "delta_mean_abs_ci95": 0.010059450452034564,
  "delta_mean_abs_median": 0.09294098615646362,
  "success_rel_l2_mean": 1.0,
  "success_rel_l2_ci95": 0.0,
  "success_rel_l2_median": 1.0,
  "success_mse_mean": 1.0,
  "success_mse_ci95": 0.0,
  "success_mse_median": 1.0,
  "clean_e_ran_l2_mean": 0.31359336618334055,
  "clean_e_ran_l2_ci95": 0.04751508118882964,
  "clean_e_ran_l2_median": 0.27698850631713867,
  "clean_e_nul_l2_mean": 0.2114031494129449,
  "clean_e_nul_l2_ci95": 0.04108866867138674,
  "clean_e_nul_l2_median": 0.17458166927099228,
  "clean_e_ran_frac_mean": 0.8330003525277173,
  "clean_e_ran_frac_ci95": 0.026328530131726657,
  "clean_e_ran_frac_median": 0.8528927050112947,
  "clean_e_nul_frac_mean": 0.5379942388976826,
  "clean_e_nul_frac_ci95": 0.03705297012195232,
  "clean_e_nul_frac_median": 0.5220385221498589,
  "adv_e_ran_l2_mean": 7.753877725452185,
  "adv_e_ran_l2_ci95": 2.156342662768166,
  "adv_e_ran_l2_median": 6.724784851074219,
  "adv_e_nul_l2_mean": 8.82658501341939,
  "adv_e_nul_l2_ci95": 2.2173145683196633,
  "adv_e_nul_l2_median": 7.1770007610321045,
  "adv_e_ran_frac_mean": 0.6437783196962378,
  "adv_e_ran_frac_ci95": 0.028215902469329836,
  "adv_e_ran_frac_median": 0.6457738619923687,
  "adv_e_nul_frac_mean": 0.758205905650352,
  "adv_e_nul_frac_ci95": 0.022947409684956704,
  "adv_e_nul_frac_median": 0.7635290446198508,
  "attack_runtime_total_sec": 38.859846614301205,
  "attack_runtime_per_example_sec": 1.2143702066969126,
  "model_name": "resnet",
  "attack_name": "adam",
  "norm": "l2",
  "eps": 1.0,
  "attack_init_mode": "exact",
  "eval_init_mode": "exact"
}