{
  "num_examples": 32,
  "gt_norm_mean": 19.554032936692238,
  "gt_norm_ci95": 3.175656556464896,
  "gt_norm_median": 19.43148136138916,
  "gt_norm_q25": 13.664082050323486,
  "gt_norm_q75": 22.861806869506836,
  "clean_mse_mean": 0.00026567452528070135,
  "clean_mse_ci95": 6.432926170533863e-05,
  "clean_mse_median": 0.0002584782778285444,
  "clean_mse_q25": 0.00010624203423503786,
  "clean_mse_q75": 0.00033532691304571927,
  "adv_mse_mean": 0.00026567073177830025,
  "adv_mse_ci95": 6.432679288710247e-05,
  "adv_mse_median": 0.00025848724180832505,
  "adv_mse_q25": 0.00010624019341776147,
  "adv_mse_q75": 0.0003353258071001619,
  "mse_ratio_mean": 0.9999951159143153,
  "mse_ratio_ci95": 1.674385202783854e-05,
  "mse_ratio_median": 1.000007317964402,
  "mse_ratio_q25": 0.9999616275763519,
  "mse_ratio_q75": 1.000027771702261,
  "clean_rel_l2_mean": 0.10566292330622673,
  "clean_rel_l2_ci95": 0.006199647105670782,
  "clean_rel_l2_median": 0.104661975055933,
  "clean_rel_l2_q25": 0.09610028564929962,
  "clean_rel_l2_q75": 0.11224446073174477,
  "adv_rel_l2_mean": 0.10566278523765504,
  "adv_rel_l2_ci95": 0.006199938646544674,
  "adv_rel_l2_median": 0.10466016083955765,
  "adv_rel_l2_q25": 0.09610165096819401,
  "adv_rel_l2_q75": 0.11224206537008286,
  "rel_l2_ratio_mean": 0.9999975652172332,
  "rel_l2_ratio_ci95": 8.377609837689326e-06,
  "rel_l2_ratio_median": 1.0000037376825344,
  "rel_l2_ratio_q25": 0.9999807350655403,
  "rel_l2_ratio_q75": 1.0000139199180191,
  "clean_psnr_mean": 32.525919010126216,
  "clean_psnr_ci95": 0.5163817660070772,
  "clean_psnr_median": 32.612159844657945,
  "clean_psnr_q25": 31.690702323403492,
  "clean_psnr_q75": 33.81583856855497,
  "adv_psnr_mean": 32.525940220711945,
  "adv_psnr_ci95": 0.5163852988619653,
  "adv_psnr_median": 32.61187453977552,
  "adv_psnr_q25": 31.69082159504032,
  "adv_psnr_q75": 33.81607483368408,
  "clean_ssim_mean": 0.8976910951445387,
  "clean_ssim_ci95": 0.018496159420789866,
  "clean_ssim_median": 0.9057646284276082,
  "clean_ssim_q25": 0.88879670807757,
  "clean_ssim_q75": 0.9352546233199642,
  "adv_ssim_mean": 0.897711290421039,
  "adv_ssim_ci95": 0.018489463170119808,
  "adv_ssim_median": 0.9057734284066394,
  "adv_ssim_q25": 0.8888359583831498,
  "adv_ssim_q75": 0.9352687959985627,
  "pred_shift_rel_l2_mean": 0.0007227642581710825,
  "pred_shift_rel_l2_ci95": 3.875892250045599e-05,
  "pred_shift_rel_l2_median": 0.0007374577398877591,
  "pred_shift_rel_l2_q25": 0.0006601464556297287,
  "pred_shift_rel_l2_q75": 0.0007688032783335075,
  "init_shift_rel_l2_mean": 0.0009920145512296585,
  "init_shift_rel_l2_ci95": 0.00012050521278626738,
  "init_shift_rel_l2_median": 0.0009208047122228891,
  "init_shift_rel_l2_q25": 0.0008132697257678956,
  "init_shift_rel_l2_q75": 0.0011011587921530008,
  "delta_l2_mean": 0.00017584766646905337,
  "delta_l2_ci95": 8.60599159674223e-07,
  "delta_l2_median": 0.0001751952659105882,
  "delta_l2_q25": 0.00017449561346438713,
  "delta_l2_q75": 0.00017726268561091274,
  "delta_linf_mean": 6.328045856207609e-06,
  "delta_linf_ci95": 2.4359008119397187e-07,
  "delta_linf_median": 6.198883056640625e-06,
  "delta_linf_q25": 5.7220458984375e-06,
  "delta_linf_q75": 6.624031811952591e-06,
  "delta_mean_abs_mean": 5.556315523236321e-07,
  "delta_mean_abs_ci95": 6.801453464505371e-09,
  "delta_mean_abs_median": 5.611464075627737e-07,
  "delta_mean_abs_q25": 5.535017351121496e-07,
  "delta_mean_abs_q75": 5.656732042780277e-07,
  "delta_rel_l2_mean": 2.1042716307491357e-07,
  "delta_rel_l2_ci95": 4.423223814703035e-08,
  "delta_rel_l2_median": 1.6667539151082875e-07,
  "delta_rel_l2_q25": 1.3610497582998445e-07,
  "delta_rel_l2_q75": 2.3032564313289317e-07,
  "success_rel_l2_mean": 0.0,
  "success_rel_l2_ci95": 0.0,
  "success_rel_l2_median": 0.0,
  "success_rel_l2_q25": 0.0,
  "success_rel_l2_q75": 0.0,
  "success_mse_mean": 0.0,
  "success_mse_ci95": 0.0,
  "success_mse_median": 0.0,
  "success_mse_q25": 0.0,
  "success_mse_q75": 0.0,
  "clean_e_ran_l2_mean": 1.4532191734761,
  "clean_e_ran_l2_ci95": 0.2000973269966429,
  "clean_e_ran_l2_median": 1.5127142071723938,
  "clean_e_ran_l2_q25": 0.9548222720623016,
  "clean_e_ran_l2_q75": 1.6509729623794556,
  "clean_e_nul_l2_mean": 1.3124435804784298,
  "clean_e_nul_l2_ci95": 0.1555943799234541,
  "clean_e_nul_l2_median": 1.3449245691299438,
  "clean_e_nul_l2_q25": 0.9415098428726196,
  "clean_e_nul_l2_q75": 1.6041132807731628,
  "clean_e_ran_frac_mean": 0.7341794180506468,
  "clean_e_ran_frac_ci95": 0.01818112314797396,
  "clean_e_ran_frac_median": 0.7339697694740155,
  "clean_e_ran_frac_q25": 0.7062641252842922,
  "clean_e_ran_frac_q75": 0.7637990415918998,
  "clean_e_nul_frac_mean": 0.6747174634543467,
  "clean_e_nul_frac_ci95": 0.0195034238284467,
  "clean_e_nul_frac_median": 0.6791810629424655,
  "clean_e_nul_frac_q25": 0.6454536987692115,
  "clean_e_nul_frac_q75": 0.7079457634274284,
  "adv_e_ran_l2_mean": 1.4531453922390938,
  "adv_e_ran_l2_ci95": 0.20008081168555936,
  "adv_e_ran_l2_median": 1.5126387476921082,
  "adv_e_ran_l2_q25": 0.9547958076000214,
  "adv_e_ran_l2_q75": 1.6508761942386627,
  "adv_e_nul_l2_mean": 1.3125110510736704,
  "adv_e_nul_l2_ci95": 0.15560571661736328,
  "adv_e_nul_l2_median": 1.3449814319610596,
  "adv_e_nul_l2_q25": 0.9415695816278458,
  "adv_e_nul_l2_q75": 1.604184478521347,
  "adv_e_ran_frac_mean": 0.7341463951011232,
  "adv_e_ran_frac_ci95": 0.018183530383999252,
  "adv_e_ran_frac_median": 0.7339388235373705,
  "adv_e_ran_frac_q25": 0.7062393316898088,
  "adv_e_ran_frac_q75": 0.7637726234351209,
  "adv_e_nul_frac_mean": 0.6747528974716108,
  "adv_e_nul_frac_ci95": 0.01950324481195261,
  "adv_e_nul_frac_median": 0.6792145804457981,
  "adv_e_nul_frac_q25": 0.6454849835949523,
  "adv_e_nul_frac_q75": 0.7079705642527127,
  "attack_runtime_total_sec": 275.37188129872084,
  "attack_runtime_per_example_sec": 8.605371290585026,
  "model_name": "nsn",
  "attack_name": "adam",
  "norm": "l2",
  "eps": 0.1,
  "eps_actual": 127.69250320068359,
  "eps_budget_mode": "per_sample_l2",
  "attack_init_mode": "exact",
  "eval_init_mode": "exact"
}