{
  "num_examples": 32,
  "gt_norm_mean": 19.10678167641163,
  "gt_norm_ci95": 3.4833903043152117,
  "gt_norm_median": 16.756710529327393,
  "clean_mse_mean": 1.957722669754247e-06,
  "clean_mse_ci95": 9.89738328026982e-07,
  "clean_mse_median": 8.055008038354572e-07,
  "adv_mse_mean": 0.0860933787189424,
  "adv_mse_ci95": 0.013963749521306554,
  "adv_mse_median": 0.08340917527675629,
  "mse_ratio_mean": 118390.13191019514,
  "mse_ratio_ci95": 44286.21730649741,
  "mse_ratio_median": 88187.03372663038,
  "clean_rel_l2_mean": 0.009064431542356033,
  "clean_rel_l2_ci95": 0.002387528005385162,
  "clean_rel_l2_median": 0.0064170153345912695,
  "adv_rel_l2_mean": 2.2990648448467255,
  "adv_rel_l2_ci95": 0.401497730164169,
  "adv_rel_l2_median": 2.091323971748352,
  "rel_l2_ratio_mean": 309.47351987164313,
  "rel_l2_ratio_ci95": 52.940223247669806,
  "rel_l2_ratio_median": 296.92720942815026,
  "clean_psnr_mean": 55.35154978236515,
  "clean_psnr_ci95": 1.302505239813912,
  "clean_psnr_median": 56.10053265120885,
  "adv_psnr_mean": 6.626635052073523,
  "adv_psnr_ci95": 1.0660804860476183,
  "adv_psnr_median": 7.452548854662718,
  "clean_ssim_mean": 0.9957795228653752,
  "clean_ssim_ci95": 0.001261959707525621,
  "clean_ssim_median": 0.9970786727642507,
  "adv_ssim_mean": 0.02389651056050879,
  "adv_ssim_ci95": 0.0054276844971804265,
  "adv_ssim_median": 0.025694896220966282,
  "pred_shift_rel_l2_mean": 2.300882324576378,
  "pred_shift_rel_l2_ci95": 0.4025964846542865,
  "pred_shift_rel_l2_median": 2.0853006839752197,
  "init_shift_rel_l2_mean": 1.437192072160542,
  "init_shift_rel_l2_ci95": 0.2729361048658105,
  "init_shift_rel_l2_median": 1.2888435125350952,
  "delta_l2_mean": 12.865460097789764,
  "delta_l2_ci95": 2.288910488356161e-07,
  "delta_l2_median": 12.865460395812988,
  "delta_linf_mean": 0.32362099178135395,
  "delta_linf_ci95": 0.014042244088972134,
  "delta_linf_median": 0.31811806559562683,
  "delta_mean_abs_mean": 0.046095168916508555,
  "delta_mean_abs_ci95": 0.00017385061645529843,
  "delta_mean_abs_median": 0.04603622294962406,
  "delta_rel_l2_mean": 0.016868751545443324,
  "delta_rel_l2_ci95": 0.0035809449105580933,
  "delta_rel_l2_median": 0.015345329094364282,
  "success_rel_l2_mean": 1.0,
  "success_rel_l2_ci95": 0.0,
  "success_rel_l2_median": 1.0,
  "success_mse_mean": 1.0,
  "success_mse_ci95": 0.0,
  "success_mse_median": 1.0,
  "clean_e_ran_l2_mean": 1.0879851458867051e-05,
  "clean_e_ran_l2_ci95": 2.7357687887222925e-06,
  "clean_e_ran_l2_median": 7.997972033990663e-06,
  "clean_e_nul_l2_mean": 0.15207682619802654,
  "clean_e_nul_l2_ci95": 0.033299477824608494,
  "clean_e_nul_l2_median": 0.1148621253669262,
  "clean_e_ran_frac_mean": 8.252142791887493e-05,
  "clean_e_ran_frac_ci95": 1.6217378508151025e-05,
  "clean_e_ran_frac_median": 7.863959840546429e-05,
  "clean_e_nul_frac_mean": 0.9999999933895116,
  "clean_e_nul_frac_ci95": 2.127406843147796e-08,
  "clean_e_nul_frac_median": 1.0,
  "adv_e_ran_l2_mean": 19.901425689458847,
  "adv_e_ran_l2_ci95": 0.719293855870229,
  "adv_e_ran_l2_median": 19.825072288513184,
  "adv_e_nul_l2_mean": 28.58588282763958,
  "adv_e_nul_l2_ci95": 4.892526352345651,
  "adv_e_nul_l2_median": 31.354190826416016,
  "adv_e_ran_frac_mean": 0.5913188638779823,
  "adv_e_ran_frac_ci95": 0.07446517417713824,
  "adv_e_ran_frac_median": 0.5011128839281487,
  "adv_e_nul_frac_mean": 0.7281914067067863,
  "adv_e_nul_frac_ci95": 0.0966202483151073,
  "adv_e_nul_frac_median": 0.8651943879510656,
  "attack_runtime_total_sec": 64.61791935935616,
  "attack_runtime_per_example_sec": 2.01930997997988,
  "model_name": "nsn",
  "attack_name": "adam",
  "norm": "l2",
  "eps": 0.01,
  "eps_actual": 12.865460538513185,
  "attack_init_mode": "exact",
  "eval_init_mode": "exact"
}