{
  "num_examples": 32,
  "gt_norm_mean": 20.065786242485046,
  "gt_norm_ci95": 2.6439993761407936,
  "gt_norm_median": 18.550631523132324,
  "clean_mse_mean": 19.504284624010324,
  "clean_mse_ci95": 8.901575561772624,
  "clean_mse_median": 9.643728256225586,
  "adv_mse_mean": 20.42912307009101,
  "adv_mse_ci95": 9.07369104741412,
  "adv_mse_median": 10.38862419128418,
  "mse_ratio_mean": 1.0799116151790322,
  "mse_ratio_ci95": 0.013620389832985764,
  "mse_ratio_median": 1.0769780050197362,
  "clean_rel_l2_mean": 23.404385089874268,
  "clean_rel_l2_ci95": 1.4466901634052205,
  "clean_rel_l2_median": 21.632630348205566,
  "adv_rel_l2_mean": 24.260114133358,
  "adv_rel_l2_ci95": 1.3786093270188715,
  "adv_rel_l2_median": 22.482203483581543,
  "rel_l2_ratio_mean": 1.039024177145551,
  "rel_l2_ratio_ci95": 0.0064947977992725085,
  "rel_l2_ratio_median": 1.0377755568056461,
  "clean_psnr_mean": -14.326258762420618,
  "clean_psnr_ci95": 1.3685778043143835,
  "clean_psnr_median": -13.07460149136302,
  "adv_psnr_mean": -14.657418206753498,
  "adv_psnr_ci95": 1.3297637152765758,
  "adv_psnr_median": -13.407912060418695,
  "clean_ssim_mean": 0.0022781784367303585,
  "clean_ssim_ci95": 0.0006170280755123265,
  "clean_ssim_median": 0.002341633265503162,
  "adv_ssim_mean": 0.002112201736015812,
  "adv_ssim_ci95": 0.0005774124867647696,
  "adv_ssim_median": 0.002113478829126966,
  "pred_shift_rel_l2_mean": 0.04694746440509334,
  "pred_shift_rel_l2_ci95": 0.007795623504903249,
  "pred_shift_rel_l2_median": 0.04567753151059151,
  "init_shift_rel_l2_mean": 0.04695084996637888,
  "init_shift_rel_l2_ci95": 0.007796472166617537,
  "init_shift_rel_l2_median": 0.04567896947264671,
  "delta_l2_mean": 12.820081889629364,
  "delta_l2_ci95": 2.1294818402405604e-07,
  "delta_l2_median": 12.82008171081543,
  "delta_linf_mean": 0.2796383798122406,
  "delta_linf_ci95": 0.009759646798408394,
  "delta_linf_median": 0.27034711837768555,
  "delta_mean_abs_mean": 0.04978508735075593,
  "delta_mean_abs_ci95": 2.681094446135687e-05,
  "delta_mean_abs_median": 0.049773912876844406,
  "delta_rel_l2_mean": 0.010424607052587184,
  "delta_rel_l2_ci95": 0.0016962303515385638,
  "delta_rel_l2_median": 0.010071145319282666,
  "success_rel_l2_mean": 0.0,
  "success_rel_l2_ci95": 0.0,
  "success_rel_l2_median": 0.0,
  "success_mse_mean": 0.0,
  "success_mse_ci95": 0.0,
  "success_mse_median": 0.0,
  "clean_e_ran_l2_mean": 493.140832901001,
  "clean_e_ran_l2_ci95": 97.2786357590227,
  "clean_e_ran_l2_median": 397.4880676269531,
  "clean_e_nul_l2_mean": 2.4533347710967064,
  "clean_e_nul_l2_ci95": 0.35688617646202564,
  "clean_e_nul_l2_median": 2.0915669202804565,
  "clean_e_ran_frac_mean": 0.999977346152342,
  "clean_e_ran_frac_ci95": 1.3561015216512225e-05,
  "clean_e_ran_frac_median": 0.9999866445867445,
  "clean_e_nul_frac_mean": 0.00583750710101698,
  "clean_e_nul_frac_ci95": 0.0011794662072690998,
  "clean_e_nul_frac_median": 0.005167597762708311,
  "adv_e_ran_l2_mean": 508.30145502090454,
  "adv_e_ran_l2_ci95": 97.25952590504441,
  "adv_e_ran_l2_median": 412.55442810058594,
  "adv_e_nul_l2_mean": 2.46132168546319,
  "adv_e_nul_l2_ci95": 0.3624366223579353,
  "adv_e_nul_l2_median": 2.1093738079071045,
  "adv_e_ran_frac_mean": 0.9999791283128081,
  "adv_e_ran_frac_ci95": 1.2594584174510726e-05,
  "adv_e_ran_frac_median": 0.9999876976515537,
  "adv_e_nul_frac_mean": 0.005609181011416883,
  "adv_e_nul_frac_ci95": 0.0011278002559498615,
  "adv_e_nul_frac_median": 0.004976589139495283,
  "attack_runtime_total_sec": 64.58784369006753,
  "attack_runtime_per_example_sec": 2.0183701153146103,
  "model_name": "nsn",
  "attack_name": "adam",
  "norm": "l2",
  "eps": 0.01,
  "eps_actual": 12.820081581359863,
  "attack_init_mode": "exact",
  "eval_init_mode": "exact"
}