{
  "num_examples": 32,
  "gt_norm_mean": 19.554032936692238,
  "gt_norm_ci95": 3.175656556464896,
  "gt_norm_median": 19.43148136138916,
  "gt_norm_q25": 13.664082050323486,
  "gt_norm_q75": 22.861806869506836,
  "clean_mse_mean": 0.0011342021898599342,
  "clean_mse_ci95": 0.0005445552811869841,
  "clean_mse_median": 0.0007189511088654399,
  "clean_mse_q25": 0.0003874075337080285,
  "clean_mse_q75": 0.0010221929696854204,
  "adv_mse_mean": 0.3057186104192624,
  "adv_mse_ci95": 0.5974236324296074,
  "adv_mse_median": 0.0007189625757746398,
  "adv_mse_q25": 0.00038741510070394725,
  "adv_mse_q75": 0.0010350641678087413,
  "mse_ratio_mean": 37.95624295202916,
  "mse_ratio_ci95": 72.42919203902017,
  "mse_ratio_median": 1.0000194442836383,
  "mse_ratio_q25": 1.0000173917466206,
  "mse_ratio_q75": 1.0000215415291274,
  "clean_rel_l2_mean": 0.18589467136189342,
  "clean_rel_l2_ci95": 0.007185605500314222,
  "clean_rel_l2_median": 0.17879388481378555,
  "clean_rel_l2_q25": 0.1720423772931099,
  "clean_rel_l2_q75": 0.193845447152853,
  "adv_rel_l2_mean": 0.44834909588098526,
  "adv_rel_l2_ci95": 0.5181070641052834,
  "adv_rel_l2_median": 0.17879560589790344,
  "adv_rel_l2_q25": 0.17264129221439362,
  "adv_rel_l2_q75": 0.19384752586483955,
  "rel_l2_ratio_mean": 2.0450625941957012,
  "rel_l2_ratio_ci95": 2.045814428358702,
  "rel_l2_ratio_median": 1.0000098161375264,
  "rel_l2_ratio_q25": 1.000008704744839,
  "rel_l2_ratio_q75": 1.0000108562685528,
  "clean_psnr_mean": 27.55817465843262,
  "clean_psnr_ci95": 1.1035217157889887,
  "clean_psnr_median": 28.227475017396607,
  "clean_psnr_q25": 26.055675139984363,
  "clean_psnr_q75": 29.978643347734035,
  "adv_psnr_mean": 26.58709543283705,
  "adv_psnr_ci95": 2.6315295029149346,
  "adv_psnr_median": 28.191067951859505,
  "adv_psnr_q25": 26.05557798057614,
  "adv_psnr_q75": 29.978568582609725,
  "clean_ssim_mean": 0.4317298656773858,
  "clean_ssim_ci95": 0.04553041731059458,
  "clean_ssim_median": 0.4432430366818557,
  "clean_ssim_q25": 0.3377199835764448,
  "clean_ssim_q75": 0.5265224321816168,
  "adv_ssim_mean": 0.4258743480943259,
  "adv_ssim_ci95": 0.050233215966671275,
  "adv_ssim_median": 0.4412011659226849,
  "adv_ssim_q25": 0.3377160059422799,
  "adv_ssim_q75": 0.5265184839077652,
  "pred_shift_rel_l2_mean": 0.25862441003724257,
  "pred_shift_rel_l2_ci95": 0.5056345632387383,
  "pred_shift_rel_l2_median": 1.1235609235882293e-05,
  "pred_shift_rel_l2_q25": 1.0339949085391709e-05,
  "pred_shift_rel_l2_q75": 1.3139395150574273e-05,
  "init_shift_rel_l2_mean": 0.2720284450144277,
  "init_shift_rel_l2_ci95": 0.5316267010209492,
  "init_shift_rel_l2_median": 6.477832357631996e-06,
  "init_shift_rel_l2_q25": 5.24688107361726e-06,
  "init_shift_rel_l2_q75": 1.0926200957328547e-05,
  "delta_l2_mean": 7.79385752579401,
  "delta_l2_ci95": 15.208873936342375,
  "delta_l2_median": 0.00018064682080876082,
  "delta_l2_q25": 0.00017651776215643622,
  "delta_l2_q75": 0.00019155029076500796,
  "delta_linf_mean": 0.22500473836407764,
  "delta_linf_ci95": 0.4318085020236052,
  "delta_linf_median": 6.67572021484375e-06,
  "delta_linf_q25": 6.2112812884151936e-06,
  "delta_linf_q75": 9.651761502027512e-06,
  "delta_mean_abs_mean": 0.026827599745413266,
  "delta_mean_abs_ci95": 0.05246236473022473,
  "delta_mean_abs_median": 5.760233250384772e-07,
  "delta_mean_abs_q25": 5.700683232134907e-07,
  "delta_mean_abs_q75": 5.844012918032604e-07,
  "delta_rel_l2_mean": 0.0019785199670692526,
  "delta_rel_l2_ci95": 0.003835633609208992,
  "delta_rel_l2_median": 2.1798034368721675e-07,
  "delta_rel_l2_q25": 1.5846180186284816e-07,
  "delta_rel_l2_q75": 4.12213959126041e-07,
  "success_rel_l2_mean": 0.03125,
  "success_rel_l2_ci95": 0.06124999999999999,
  "success_rel_l2_median": 0.0,
  "success_rel_l2_q25": 0.0,
  "success_rel_l2_q75": 0.0,
  "success_mse_mean": 0.03125,
  "success_mse_ci95": 0.06124999999999999,
  "success_mse_median": 0.0,
  "success_mse_q25": 0.0,
  "success_mse_q75": 0.0,
  "clean_e_ran_l2_mean": 3.2822710014879704,
  "clean_e_ran_l2_ci95": 0.7058654150374748,
  "clean_e_ran_l2_median": 2.9622809886932373,
  "clean_e_ran_l2_q25": 2.20460706949234,
  "clean_e_ran_l2_q75": 3.700905740261078,
  "clean_e_nul_l2_mean": 1.771011283621192,
  "clean_e_nul_l2_ci95": 0.2843276675042319,
  "clean_e_nul_l2_median": 1.7230495810508728,
  "clean_e_nul_l2_q25": 1.189131885766983,
  "clean_e_nul_l2_q75": 2.071072518825531,
  "clean_e_ran_frac_mean": 0.8620818088959625,
  "clean_e_ran_frac_ci95": 0.015679448433123966,
  "clean_e_ran_frac_median": 0.8657160777740261,
  "clean_e_ran_frac_q25": 0.8405338092256226,
  "clean_e_ran_frac_q75": 0.8940694001673287,
  "clean_e_nul_frac_mean": 0.4999121047017087,
  "clean_e_nul_frac_ci95": 0.024689564344172937,
  "clean_e_nul_frac_median": 0.500529639073731,
  "clean_e_nul_frac_q25": 0.44792627526120193,
  "clean_e_nul_frac_q75": 0.5417474810787155,
  "adv_e_ran_l2_mean": 14.840997410938144,
  "adv_e_ran_l2_ci95": 23.11630783426296,
  "adv_e_ran_l2_median": 2.9623104333877563,
  "adv_e_ran_l2_q25": 2.2046321034431458,
  "adv_e_ran_l2_q75": 3.700949728488922,
  "adv_e_nul_l2_mean": 5.47767947986722,
  "adv_e_nul_l2_ci95": 7.438980671585773,
  "adv_e_nul_l2_median": 1.7230570912361145,
  "adv_e_nul_l2_q25": 1.1891383826732635,
  "adv_e_nul_l2_q75": 2.0769476890563965,
  "adv_e_ran_frac_mean": 0.8632303078315938,
  "adv_e_ran_frac_ci95": 0.016207188206490638,
  "adv_e_ran_frac_median": 0.8663741996337779,
  "adv_e_ran_frac_q25": 0.8419074482517992,
  "adv_e_ran_frac_q75": 0.8940706448909422,
  "adv_e_nul_frac_mean": 0.4970339723363393,
  "adv_e_nul_frac_ci95": 0.02650970917171243,
  "adv_e_nul_frac_median": 0.49938159641858637,
  "adv_e_nul_frac_q25": 0.44792371619633997,
  "adv_e_nul_frac_q75": 0.5395984530606686,
  "attack_runtime_total_sec": 284.5925626754761,
  "attack_runtime_per_example_sec": 8.893517583608627,
  "model_name": "nsn",
  "attack_name": "adam",
  "norm": "l2",
  "eps": 0.2,
  "eps_actual": 255.38500640136718,
  "eps_budget_mode": "per_sample_l2",
  "attack_init_mode": "exact",
  "eval_init_mode": "exact"
}