{
  "num_examples": 32,
  "gt_norm_mean": 19.554032936692238,
  "gt_norm_ci95": 3.175656556464896,
  "gt_norm_median": 19.43148136138916,
  "gt_norm_q25": 13.664082050323486,
  "gt_norm_q75": 22.861806869506836,
  "clean_mse_mean": 0.00614151487025083,
  "clean_mse_ci95": 0.002302202533300484,
  "clean_mse_median": 0.00471172365359962,
  "clean_mse_q25": 0.0024037493858486414,
  "clean_mse_q75": 0.007504416280426085,
  "adv_mse_mean": 0.011265567252394248,
  "adv_mse_ci95": 0.0054201500664657655,
  "adv_mse_median": 0.006662256550043821,
  "adv_mse_q25": 0.003971464582718909,
  "adv_mse_q75": 0.011018006131052971,
  "mse_ratio_mean": 1.6527229522004843,
  "mse_ratio_ci95": 0.19747437314711722,
  "mse_ratio_median": 1.4427777907079833,
  "mse_ratio_q25": 1.2644610147000903,
  "mse_ratio_q75": 1.8299478141023693,
  "clean_rel_l2_mean": 0.4487072783522308,
  "clean_rel_l2_ci95": 0.0333620242090129,
  "clean_rel_l2_median": 0.47253550589084625,
  "clean_rel_l2_q25": 0.393066868185997,
  "clean_rel_l2_q75": 0.501271203160286,
  "adv_rel_l2_mean": 0.5672325864434242,
  "adv_rel_l2_ci95": 0.04671630070012456,
  "adv_rel_l2_median": 0.5562940239906311,
  "adv_rel_l2_q25": 0.5167194604873657,
  "adv_rel_l2_q75": 0.64152991771698,
  "rel_l2_ratio_mean": 1.2702443324727797,
  "rel_l2_ratio_ci95": 0.06969973497100912,
  "rel_l2_ratio_median": 1.2011559934272975,
  "rel_l2_ratio_q25": 1.1244825794290882,
  "rel_l2_ratio_q75": 1.352747801578993,
  "clean_psnr_mean": 20.08274867731494,
  "clean_psnr_ci95": 1.0883253521376384,
  "clean_psnr_median": 20.28936131704193,
  "clean_psnr_q25": 18.338172457488653,
  "clean_psnr_q75": 22.00765373543176,
  "adv_psnr_mean": 18.09936660475392,
  "adv_psnr_ci95": 1.3630234450722232,
  "adv_psnr_median": 18.618530452784434,
  "adv_psnr_q25": 15.44695453472832,
  "adv_psnr_q75": 20.382027738661172,
  "clean_ssim_mean": 0.18738438523835738,
  "clean_ssim_ci95": 0.018575628031040712,
  "clean_ssim_median": 0.1796151387174037,
  "clean_ssim_q25": 0.16287905462104268,
  "clean_ssim_q75": 0.21127825510098017,
  "adv_ssim_mean": 0.1609982009117394,
  "adv_ssim_ci95": 0.021766236189306034,
  "adv_ssim_median": 0.1557084689637737,
  "adv_ssim_q25": 0.11417690523279977,
  "adv_ssim_q75": 0.19369868166723705,
  "pred_shift_rel_l2_mean": 0.40883040125481784,
  "pred_shift_rel_l2_ci95": 0.06530446768337918,
  "pred_shift_rel_l2_median": 0.35952046513557434,
  "pred_shift_rel_l2_q25": 0.30097050219774246,
  "pred_shift_rel_l2_q75": 0.4903848469257355,
  "init_shift_rel_l2_mean": 0.04159222455928102,
  "init_shift_rel_l2_ci95": 0.002388856705483004,
  "init_shift_rel_l2_median": 0.039822064340114594,
  "init_shift_rel_l2_q25": 0.03717042785137892,
  "init_shift_rel_l2_q75": 0.04567032586783171,
  "delta_l2_mean": 11.583845563232899,
  "delta_l2_ci95": 2.581095161193062,
  "delta_l2_median": 10.538117408752441,
  "delta_l2_q25": 7.585117340087891,
  "delta_l2_q75": 12.924725770950317,
  "delta_linf_mean": 0.22900498774833977,
  "delta_linf_ci95": 0.04376042935952843,
  "delta_linf_median": 0.20069590955972672,
  "delta_linf_q25": 0.1434912160038948,
  "delta_linf_q75": 0.2662554383277893,
  "delta_mean_abs_mean": 0.041987695352872834,
  "delta_mean_abs_ci95": 0.009753888948953774,
  "delta_mean_abs_median": 0.038151681423187256,
  "delta_mean_abs_q25": 0.02660883544012904,
  "delta_mean_abs_q75": 0.04639836214482784,
  "delta_rel_l2_mean": 0.010000005313462363,
  "delta_rel_l2_ci95": 5.031705303061439e-10,
  "delta_rel_l2_median": 0.010000004932417237,
  "delta_rel_l2_q25": 0.01000000463322281,
  "delta_rel_l2_q75": 0.010000005756986044,
  "success_rel_l2_mean": 0.09375,
  "success_rel_l2_ci95": 0.10260886233182911,
  "success_rel_l2_median": 0.0,
  "success_rel_l2_q25": 0.0,
  "success_rel_l2_q75": 0.0,
  "success_mse_mean": 0.1875,
  "success_mse_ci95": 0.13740025707822126,
  "success_mse_median": 0.0,
  "success_mse_q25": 0.0,
  "success_mse_q75": 0.0,
  "clean_e_ran_l2_mean": 8.92330402508378,
  "clean_e_ran_l2_ci95": 1.612269287309876,
  "clean_e_ran_l2_median": 8.782703876495361,
  "clean_e_ran_l2_q25": 6.272414684295654,
  "clean_e_ran_l2_q75": 11.083015203475952,
  "clean_e_nul_l2_mean": 0.13234482961706817,
  "clean_e_nul_l2_ci95": 0.02115468058208829,
  "clean_e_nul_l2_median": 0.12297752499580383,
  "clean_e_nul_l2_q25": 0.0893249437212944,
  "clean_e_nul_l2_q75": 0.17174392938613892,
  "clean_e_ran_frac_mean": 0.9998502677998627,
  "clean_e_ran_frac_ci95": 4.875362585469841e-05,
  "clean_e_ran_frac_median": 0.9998984770169486,
  "clean_e_ran_frac_q25": 0.9998508700597566,
  "clean_e_ran_frac_q75": 0.9999231813362067,
  "clean_e_nul_frac_mean": 0.016198124799551357,
  "clean_e_nul_frac_ci95": 0.002143372094560393,
  "clean_e_nul_frac_median": 0.014252564859380205,
  "clean_e_nul_frac_q25": 0.012405127993525545,
  "clean_e_nul_frac_q75": 0.01726100847272909,
  "adv_e_ran_l2_mean": 8.961712129414082,
  "adv_e_ran_l2_ci95": 1.6162608204844016,
  "adv_e_ran_l2_median": 8.806365966796875,
  "adv_e_ran_l2_q25": 6.310532450675964,
  "adv_e_ran_l2_q75": 11.111381769180298,
  "adv_e_nul_l2_mean": 7.088256133720279,
  "adv_e_nul_l2_ci95": 2.0203770534922914,
  "adv_e_nul_l2_median": 5.52582859992981,
  "adv_e_nul_l2_q25": 4.629642605781555,
  "adv_e_nul_l2_q75": 7.435009121894836,
  "adv_e_ran_frac_mean": 0.8083547009435046,
  "adv_e_ran_frac_ci95": 0.038298434942144154,
  "adv_e_ran_frac_median": 0.8343482509575237,
  "adv_e_ran_frac_q25": 0.7444077215516589,
  "adv_e_ran_frac_q75": 0.8917210065513943,
  "adv_e_nul_frac_mean": 0.5570283428263945,
  "adv_e_nul_frac_ci95": 0.055039964969706166,
  "adv_e_nul_frac_median": 0.5512332234298526,
  "adv_e_nul_frac_q25": 0.45258559460873404,
  "adv_e_nul_frac_q75": 0.6677215946758546,
  "attack_runtime_total_sec": 1136.3572717644274,
  "attack_runtime_per_example_sec": 35.51116474263836,
  "model_name": "nsn",
  "attack_name": "adam",
  "norm": "l2",
  "eps": 0.01,
  "eps_actual": 12.769250320068359,
  "eps_budget_mode": "per_sample_l2",
  "attack_init_mode": "exact",
  "eval_init_mode": "exact"
}