{
  "num_examples": 32,
  "gt_norm_mean": 26.229215562343597,
  "gt_norm_ci95": 1.7699003430208013,
  "gt_norm_median": 25.09980010986328,
  "clean_mse_mean": 1.025996945180907e-07,
  "clean_mse_ci95": 1.1660480789548427e-08,
  "clean_mse_median": 9.5558977619703e-08,
  "adv_mse_mean": 0.4974920554086566,
  "adv_mse_ci95": 0.0021190264100181535,
  "adv_mse_median": 0.49778030812740326,
  "mse_ratio_mean": 5429907.6501516625,
  "mse_ratio_ci95": 704476.2791128118,
  "mse_ratio_median": 5249076.353312939,
  "clean_rel_l2_mean": 0.0015774143212183844,
  "clean_rel_l2_ci95": 0.00011414332912521247,
  "clean_rel_l2_median": 0.0015505558694712818,
  "adv_rel_l2_mean": 3.5536117032170296,
  "adv_rel_l2_ci95": 0.2104493431505955,
  "adv_rel_l2_median": 3.5936912298202515,
  "rel_l2_ratio_mean": 2295.4748621181902,
  "rel_l2_ratio_ci95": 141.11950945018617,
  "rel_l2_ratio_median": 2291.0547012286397,
  "clean_psnr_mean": 70.12463475941186,
  "clean_psnr_ci95": 0.5150265275794176,
  "clean_psnr_median": 70.19731557562864,
  "adv_psnr_mean": 3.0324569085764574,
  "adv_psnr_ci95": 0.018518941878465523,
  "adv_psnr_median": 3.029623012646619,
  "clean_ssim_mean": 0.9997977814985025,
  "clean_ssim_ci95": 3.338262120056758e-05,
  "clean_ssim_median": 0.9998101007730946,
  "adv_ssim_mean": 0.021596881267927668,
  "adv_ssim_ci95": 0.0019332747755112468,
  "adv_ssim_median": 0.02219305805587111,
  "pred_shift_rel_l2_mean": 3.5540619120001793,
  "pred_shift_rel_l2_ci95": 0.2105570436068106,
  "pred_shift_rel_l2_median": 3.594237804412842,
  "init_shift_rel_l2_mean": 3.6778442561626434,
  "init_shift_rel_l2_ci95": 0.23706438493879545,
  "init_shift_rel_l2_median": 3.6855642795562744,
  "delta_l2_mean": 53.80043840408325,
  "delta_l2_ci95": 0.07412268151176911,
  "delta_l2_median": 53.813920974731445,
  "delta_linf_mean": 1.129882289096713,
  "delta_linf_ci95": 0.029077352985066734,
  "delta_linf_median": 1.1252269744873047,
  "delta_mean_abs_mean": 0.20979614043608308,
  "delta_mean_abs_ci95": 0.00036328567132587686,
  "delta_mean_abs_median": 0.21000690758228302,
  "delta_rel_l2_mean": 0.040933664299583145,
  "delta_rel_l2_ci95": 0.003645959841219997,
  "delta_rel_l2_median": 0.04014989238918029,
  "success_rel_l2_mean": 1.0,
  "success_rel_l2_ci95": 0.0,
  "success_rel_l2_median": 1.0,
  "success_mse_mean": 1.0,
  "success_mse_ci95": 0.0,
  "success_mse_median": 1.0,
  "clean_e_ran_l2_mean": 9.589977111090775e-06,
  "clean_e_ran_l2_ci95": 1.290083452111422e-06,
  "clean_e_ran_l2_median": 8.932406672101934e-06,
  "clean_e_nul_l2_mean": 0.04045848536770791,
  "clean_e_nul_l2_ci95": 0.002337844378583584,
  "clean_e_nul_l2_median": 0.03956807777285576,
  "clean_e_ran_frac_mean": 0.00023874202005407292,
  "clean_e_ran_frac_ci95": 2.8000483469117344e-05,
  "clean_e_ran_frac_median": 0.00023929188680478876,
  "clean_e_nul_frac_mean": 0.9999999675110711,
  "clean_e_nul_frac_ci95": 1.9963878364630995e-08,
  "clean_e_nul_frac_median": 1.0,
  "adv_e_ran_l2_mean": 90.03338551521301,
  "adv_e_ran_l2_ci95": 0.19441912470530015,
  "adv_e_ran_l2_median": 90.04253005981445,
  "adv_e_nul_l2_mean": 6.6210146099328995,
  "adv_e_nul_l2_ci95": 0.30614191505570565,
  "adv_e_nul_l2_median": 6.8986804485321045,
  "adv_e_ran_frac_mean": 0.9972599217051378,
  "adv_e_ran_frac_ci95": 0.00023854863149442958,
  "adv_e_ran_frac_median": 0.9970645509522461,
  "adv_e_nul_frac_mean": 0.07334121784813091,
  "adv_e_nul_frac_ci95": 0.0033984856482758277,
  "adv_e_nul_frac_median": 0.07656092250434365,
  "attack_runtime_total_sec": 12.930087957531214,
  "attack_runtime_per_example_sec": 0.40406524867285043,
  "model_name": "nsn",
  "attack_name": "adam",
  "norm": "l2",
  "eps": 0.1,
  "eps_actual": 153.19905745361328,
  "attack_init_mode": "exact",
  "eval_init_mode": "exact"
}