{
  "num_examples": 32,
  "gt_norm_mean": 27.580802619457245,
  "gt_norm_ci95": 2.1336641054187684,
  "gt_norm_median": 26.626888275146484,
  "clean_mse_mean": 0.0014744857217010576,
  "clean_mse_ci95": 0.0003569780333900354,
  "clean_mse_median": 0.0011209662188775837,
  "adv_mse_mean": 12.300956457853317,
  "adv_mse_ci95": 0.06422736982023423,
  "adv_mse_median": 12.288918495178223,
  "mse_ratio_mean": 12119.788587772677,
  "mse_ratio_ci95": 2326.3072014834784,
  "mse_ratio_median": 10969.397892524834,
  "clean_rel_l2_mean": 0.165856861975044,
  "clean_rel_l2_ci95": 0.006022646427444827,
  "clean_rel_l2_median": 0.16253682225942612,
  "adv_rel_l2_mean": 17.02679291367531,
  "adv_rel_l2_ci95": 1.2314383403519098,
  "adv_rel_l2_median": 16.8320894241333,
  "rel_l2_ratio_mean": 105.68074698319512,
  "rel_l2_ratio_ci95": 10.857996521467793,
  "rel_l2_ratio_median": 104.70451345816613,
  "clean_psnr_mean": 29.182754348186975,
  "clean_psnr_ci95": 0.9472921232701044,
  "clean_psnr_median": 29.51232787554746,
  "adv_psnr_mean": -10.898913429494113,
  "adv_psnr_ci95": 0.022594403422138094,
  "adv_psnr_median": -10.895136360462281,
  "clean_ssim_mean": 0.49085925251548473,
  "clean_ssim_ci95": 0.04321741063617996,
  "clean_ssim_median": 0.49438416259876383,
  "adv_ssim_mean": 0.003380402907341486,
  "adv_ssim_ci95": 0.0005895869268650504,
  "adv_ssim_median": 0.003200415833787742,
  "pred_shift_rel_l2_mean": 16.735857039690018,
  "pred_shift_rel_l2_ci95": 1.2364654659253966,
  "pred_shift_rel_l2_median": 16.55670928955078,
  "init_shift_rel_l2_mean": 19.076259285211563,
  "init_shift_rel_l2_ci95": 1.4932729476216815,
  "init_shift_rel_l2_median": 19.10550308227539,
  "delta_l2_mean": 307.67468070983887,
  "delta_l2_ci95": 2.600464541501798e-06,
  "delta_l2_median": 307.6746826171875,
  "delta_linf_mean": 7.090247288346291,
  "delta_linf_ci95": 0.19694965330622774,
  "delta_linf_median": 7.005805969238281,
  "delta_mean_abs_mean": 1.179882675409317,
  "delta_mean_abs_ci95": 0.0006408189287434236,
  "delta_mean_abs_median": 1.1802852153778076,
  "delta_rel_l2_mean": 0.22012969931498264,
  "delta_rel_l2_ci95": 0.023863048916776278,
  "delta_rel_l2_median": 0.21533168198099734,
  "success_rel_l2_mean": 1.0,
  "success_rel_l2_ci95": 0.0,
  "success_rel_l2_median": 1.0,
  "success_mse_mean": 1.0,
  "success_mse_ci95": 0.0,
  "success_mse_median": 1.0,
  "clean_e_ran_l2_mean": 4.280051112174988,
  "clean_e_ran_l2_ci95": 0.5128654924837006,
  "clean_e_ran_l2_median": 3.8943002223968506,
  "clean_e_nul_l2_mean": 1.8646375313401222,
  "clean_e_nul_l2_ci95": 0.1723564485537361,
  "clean_e_nul_l2_median": 1.7958595752716064,
  "clean_e_ran_frac_mean": 0.9120667142246492,
  "clean_e_ran_frac_ci95": 0.00635447396284897,
  "clean_e_ran_frac_median": 0.9122568431456777,
  "clean_e_nul_frac_mean": 0.40784999304230934,
  "clean_e_nul_frac_ci95": 0.013482546395330766,
  "clean_e_nul_frac_median": 0.40961816402356765,
  "adv_e_ran_l2_mean": 424.91301918029785,
  "adv_e_ran_l2_ci95": 1.2395931031133927,
  "adv_e_ran_l2_median": 425.3009490966797,
  "adv_e_nul_l2_mean": 144.80097341537476,
  "adv_e_nul_l2_ci95": 1.0000737694646533,
  "adv_e_nul_l2_median": 144.3884506225586,
  "adv_e_ran_frac_mean": 0.9465219957927125,
  "adv_e_ran_frac_ci95": 0.0007807289475152258,
  "adv_e_ran_frac_median": 0.9465495482795151,
  "adv_e_nul_frac_mean": 0.3225666983901953,
  "adv_e_nul_frac_ci95": 0.0022787129073469393,
  "adv_e_nul_frac_median": 0.3225585962206447,
  "attack_runtime_total_sec": 116.58981178700924,
  "attack_runtime_per_example_sec": 3.6434316183440387,
  "model_name": "dpnsn",
  "attack_name": "adam",
  "norm": "l2",
  "eps": 0.2,
  "eps_actual": 307.6746801123047,
  "attack_init_mode": "exact",
  "eval_init_mode": "exact"
}