{
  "num_examples": 32,
  "gt_norm_mean": 19.246901780366898,
  "gt_norm_ci95": 3.3146818493907912,
  "gt_norm_median": 15.661028385162354,
  "clean_mse_mean": 0.0010802682797930174,
  "clean_mse_ci95": 0.00043825656391010566,
  "clean_mse_median": 0.0004372976254671812,
  "adv_mse_mean": 0.5936300233006477,
  "adv_mse_ci95": 0.009956578949798333,
  "adv_mse_median": 0.5815489590167999,
  "mse_ratio_mean": 1497.581207529849,
  "mse_ratio_ci95": 457.77587134986624,
  "mse_ratio_median": 1321.9812442852863,
  "clean_rel_l2_mean": 0.1851788512431085,
  "clean_rel_l2_ci95": 0.006548032356378378,
  "clean_rel_l2_median": 0.18163354694843292,
  "adv_rel_l2_mean": 6.330061987042427,
  "adv_rel_l2_ci95": 0.9626102708854326,
  "adv_rel_l2_median": 6.251441717147827,
  "rel_l2_ratio_mean": 35.09805429505932,
  "rel_l2_ratio_ci95": 5.7382220358171825,
  "rel_l2_ratio_median": 36.3414978021771,
  "clean_psnr_mean": 27.290176986866747,
  "clean_psnr_ci95": 1.0854173650704422,
  "clean_psnr_median": 27.707658508936035,
  "adv_psnr_mean": -2.569617558925177,
  "adv_psnr_ci95": 1.0808785527828264,
  "adv_psnr_median": -2.225278156418563,
  "clean_ssim_mean": 0.43681568194082554,
  "clean_ssim_ci95": 0.04522888163089567,
  "clean_ssim_median": 0.4232770525941711,
  "adv_ssim_mean": 0.008865768730709158,
  "adv_ssim_ci95": 0.003012330108633754,
  "adv_ssim_median": 0.005834685451106549,
  "pred_shift_rel_l2_mean": 6.219748854637146,
  "pred_shift_rel_l2_ci95": 0.9567833267864133,
  "pred_shift_rel_l2_median": 6.2170796394348145,
  "init_shift_rel_l2_mean": 7.181844674050808,
  "init_shift_rel_l2_ci95": 1.1226052752251923,
  "init_shift_rel_l2_median": 7.4920783042907715,
  "delta_l2_mean": 64.02793192863464,
  "delta_l2_ci95": 1.0313445868606182e-06,
  "delta_l2_median": 64.0279312133789,
  "delta_linf_mean": 1.4483743011951447,
  "delta_linf_ci95": 0.034034052734824204,
  "delta_linf_median": 1.4509233832359314,
  "delta_mean_abs_mean": 0.24006103491410613,
  "delta_mean_abs_ci95": 0.0002052145383497015,
  "delta_mean_abs_median": 0.2401614785194397,
  "delta_rel_l2_mean": 0.0772690460945388,
  "delta_rel_l2_ci95": 0.01304593129916265,
  "delta_rel_l2_median": 0.07920456473794034,
  "success_rel_l2_mean": 1.0,
  "success_rel_l2_ci95": 0.0,
  "success_rel_l2_median": 1.0,
  "success_mse_mean": 1.0,
  "success_mse_ci95": 0.0,
  "success_mse_median": 1.0,
  "clean_e_ran_l2_mean": 3.130324300378561,
  "clean_e_ran_l2_ci95": 0.6675030835691327,
  "clean_e_ran_l2_median": 2.2424978017807007,
  "clean_e_nul_l2_mean": 1.8522361926734447,
  "clean_e_nul_l2_ci95": 0.32908959786442465,
  "clean_e_nul_l2_median": 1.565009355545044,
  "clean_e_ran_frac_mean": 0.8461286954998428,
  "clean_e_ran_frac_ci95": 0.023401181862104763,
  "clean_e_ran_frac_median": 0.8598926975925376,
  "clean_e_nul_frac_mean": 0.5214822584449903,
  "clean_e_nul_frac_ci95": 0.03089715346364362,
  "clean_e_nul_frac_median": 0.5104641226983511,
  "adv_e_ran_l2_mean": 91.48920321464539,
  "adv_e_ran_l2_ci95": 0.342503712411085,
  "adv_e_ran_l2_median": 91.50557327270508,
  "adv_e_nul_l2_mean": 36.18798893690109,
  "adv_e_nul_l2_ci95": 2.3678252708198078,
  "adv_e_nul_l2_median": 32.56615447998047,
  "adv_e_ran_frac_mean": 0.9285249591282565,
  "adv_e_ran_frac_ci95": 0.00922333828717967,
  "adv_e_ran_frac_median": 0.9422932392616566,
  "adv_e_nul_frac_mean": 0.36574704666741564,
  "adv_e_nul_frac_ci95": 0.02047822614430346,
  "adv_e_nul_frac_median": 0.3347879483511381,
  "attack_runtime_total_sec": 116.4829233661294,
  "attack_runtime_per_example_sec": 3.6400913551915437,
  "model_name": "dpnsn",
  "attack_name": "adam",
  "norm": "l2",
  "eps": 0.05,
  "eps_actual": 64.02793199203492,
  "attack_init_mode": "exact",
  "eval_init_mode": "exact"
}