{
  "num_examples": 32,
  "gt_norm_mean": 19.10678167641163,
  "gt_norm_ci95": 3.4833903043152117,
  "gt_norm_median": 16.756710529327393,
  "clean_mse_mean": 1.957722669754247e-06,
  "clean_mse_ci95": 9.89738328026982e-07,
  "clean_mse_median": 8.055008038354572e-07,
  "adv_mse_mean": 0.32942444644868374,
  "adv_mse_ci95": 0.07301688460904784,
  "adv_mse_median": 0.20188777893781662,
  "mse_ratio_mean": 428149.74672870635,
  "mse_ratio_ci95": 140889.98858806625,
  "mse_ratio_median": 301000.369970551,
  "clean_rel_l2_mean": 0.009064431542356033,
  "clean_rel_l2_ci95": 0.002387528005385162,
  "clean_rel_l2_median": 0.0064170153345912695,
  "adv_rel_l2_mean": 4.419255547225475,
  "adv_rel_l2_ci95": 0.7883765233369008,
  "adv_rel_l2_median": 3.8625956773757935,
  "rel_l2_ratio_mean": 593.0356782682907,
  "rel_l2_ratio_ci95": 97.3392275683149,
  "rel_l2_ratio_median": 548.5627401645836,
  "clean_psnr_mean": 55.35154978236515,
  "clean_psnr_ci95": 1.302505239813912,
  "clean_psnr_median": 56.10053265120885,
  "adv_psnr_mean": 0.9499286069922064,
  "adv_psnr_ci95": 1.0806748717827532,
  "adv_psnr_median": 1.5185691217216069,
  "clean_ssim_mean": 0.9957795228653752,
  "clean_ssim_ci95": 0.001261959707525621,
  "clean_ssim_median": 0.9970786727642507,
  "adv_ssim_mean": 0.017263894915642154,
  "adv_ssim_ci95": 0.004522277166096005,
  "adv_ssim_median": 0.017892804466337668,
  "pred_shift_rel_l2_mean": 4.42431677877903,
  "pred_shift_rel_l2_ci95": 0.7907586386139422,
  "pred_shift_rel_l2_median": 3.865896224975586,
  "init_shift_rel_l2_mean": 3.879751328378916,
  "init_shift_rel_l2_ci95": 0.7090582455378132,
  "init_shift_rel_l2_median": 3.7915927171707153,
  "delta_l2_mean": 32.163650155067444,
  "delta_l2_ci95": 5.156722934303091e-07,
  "delta_l2_median": 32.16365051269531,
  "delta_linf_mean": 0.7296392377465963,
  "delta_linf_ci95": 0.030521414779612305,
  "delta_linf_median": 0.7033742964267731,
  "delta_mean_abs_mean": 0.11800050269812346,
  "delta_mean_abs_ci95": 0.00044708854088147866,
  "delta_mean_abs_median": 0.11868881434202194,
  "delta_rel_l2_mean": 0.042171878530007985,
  "delta_rel_l2_ci95": 0.008952362114843444,
  "delta_rel_l2_median": 0.03836332216716129,
  "success_rel_l2_mean": 1.0,
  "success_rel_l2_ci95": 0.0,
  "success_rel_l2_median": 1.0,
  "success_mse_mean": 1.0,
  "success_mse_ci95": 0.0,
  "success_mse_median": 1.0,
  "clean_e_ran_l2_mean": 1.0879851458867051e-05,
  "clean_e_ran_l2_ci95": 2.7357687887222925e-06,
  "clean_e_ran_l2_median": 7.997972033990663e-06,
  "clean_e_nul_l2_mean": 0.15207682619802654,
  "clean_e_nul_l2_ci95": 0.033299477824608494,
  "clean_e_nul_l2_median": 0.1148621253669262,
  "clean_e_ran_frac_mean": 8.252142791887493e-05,
  "clean_e_ran_frac_ci95": 1.6217378508151025e-05,
  "clean_e_ran_frac_median": 7.863959840546429e-05,
  "clean_e_nul_frac_mean": 0.9999999933895116,
  "clean_e_nul_frac_ci95": 2.127406843147796e-08,
  "clean_e_nul_frac_median": 1.0,
  "adv_e_ran_l2_mean": 53.67461705207825,
  "adv_e_ran_l2_ci95": 1.7520455351653772,
  "adv_e_ran_l2_median": 56.95328903198242,
  "adv_e_nul_l2_mean": 31.549870867282152,
  "adv_e_nul_l2_ci95": 13.616462413922536,
  "adv_e_nul_l2_median": 4.900576591491699,
  "adv_e_ran_frac_mean": 0.8259263918877193,
  "adv_e_ran_frac_ci95": 0.08395616412789599,
  "adv_e_ran_frac_median": 0.9963236018796304,
  "adv_e_nul_frac_mean": 0.3474960377862967,
  "adv_e_nul_frac_ci95": 0.13181626434136182,
  "adv_e_nul_frac_median": 0.08554562524421663,
  "attack_runtime_total_sec": 64.66370073705912,
  "attack_runtime_per_example_sec": 2.0207406480330974,
  "model_name": "nsn",
  "attack_name": "adam",
  "norm": "l2",
  "eps": 0.025,
  "eps_actual": 32.16365134628296,
  "attack_init_mode": "exact",
  "eval_init_mode": "exact"
}