{
  "num_examples": 32,
  "gt_norm_mean": 20.065786242485046,
  "gt_norm_ci95": 2.6439993761407936,
  "gt_norm_median": 18.550631523132324,
  "clean_mse_mean": 19.504284624010324,
  "clean_mse_ci95": 8.901575561772624,
  "clean_mse_median": 9.643728256225586,
  "adv_mse_mean": 21.888457655906677,
  "adv_mse_ci95": 9.332351638932204,
  "adv_mse_median": 11.577574729919434,
  "mse_ratio_mean": 1.2091374976033262,
  "mse_ratio_ci95": 0.03708714916568521,
  "mse_ratio_median": 1.1998577404846804,
  "clean_rel_l2_mean": 23.404385089874268,
  "clean_rel_l2_ci95": 1.4466901634052205,
  "clean_rel_l2_median": 21.632630348205566,
  "adv_rel_l2_mean": 25.565882205963135,
  "adv_rel_l2_ci95": 1.2845445448655906,
  "adv_rel_l2_median": 24.052990913391113,
  "rel_l2_ratio_mean": 1.0986072466430201,
  "rel_l2_ratio_ci95": 0.016510134231007688,
  "rel_l2_ratio_median": 1.095380052739063,
  "clean_psnr_mean": -14.326258762420618,
  "clean_psnr_ci95": 1.3685778043143835,
  "clean_psnr_median": -13.07460149136302,
  "adv_psnr_mean": -15.135396726956191,
  "adv_psnr_ci95": 1.2770227305518285,
  "adv_psnr_median": -13.89252000954718,
  "clean_ssim_mean": 0.0022781784367303585,
  "clean_ssim_ci95": 0.0006170280755123265,
  "clean_ssim_median": 0.002341633265503162,
  "adv_ssim_mean": 0.001888088575313121,
  "adv_ssim_ci95": 0.0005246930568266557,
  "adv_ssim_median": 0.0018164221881440009,
  "pred_shift_rel_l2_mean": 0.11977888992987573,
  "pred_shift_rel_l2_ci95": 0.020333550238019915,
  "pred_shift_rel_l2_median": 0.1161140501499176,
  "init_shift_rel_l2_mean": 0.1197875349316746,
  "init_shift_rel_l2_ci95": 0.02033574082445996,
  "init_shift_rel_l2_median": 0.11611760780215263,
  "delta_l2_mean": 32.05020594596863,
  "delta_l2_ci95": 7.072036511590465e-07,
  "delta_l2_median": 32.05020523071289,
  "delta_linf_mean": 0.6948439031839371,
  "delta_linf_ci95": 0.02387905210560072,
  "delta_linf_median": 0.6792550086975098,
  "delta_mean_abs_mean": 0.12448457442224026,
  "delta_mean_abs_ci95": 7.280005114081221e-05,
  "delta_mean_abs_median": 0.12451303750276566,
  "delta_rel_l2_mean": 0.02606151856954597,
  "delta_rel_l2_ci95": 0.004240576034290771,
  "delta_rel_l2_median": 0.025177864980128188,
  "success_rel_l2_mean": 0.0,
  "success_rel_l2_ci95": 0.0,
  "success_rel_l2_median": 0.0,
  "success_mse_mean": 0.0,
  "success_mse_ci95": 0.0,
  "success_mse_median": 0.0,
  "clean_e_ran_l2_mean": 493.140832901001,
  "clean_e_ran_l2_ci95": 97.2786357590227,
  "clean_e_ran_l2_median": 397.4880676269531,
  "clean_e_nul_l2_mean": 2.4533347710967064,
  "clean_e_nul_l2_ci95": 0.35688617646202564,
  "clean_e_nul_l2_median": 2.0915669202804565,
  "clean_e_ran_frac_mean": 0.999977346152342,
  "clean_e_ran_frac_ci95": 1.3561015216512225e-05,
  "clean_e_ran_frac_median": 0.9999866445867445,
  "clean_e_nul_frac_mean": 0.00583750710101698,
  "clean_e_nul_frac_ci95": 0.0011794662072690998,
  "clean_e_nul_frac_median": 0.005167597762708311,
  "adv_e_ran_l2_mean": 531.3978476524353,
  "adv_e_ran_l2_ci95": 97.19344365861562,
  "adv_e_ran_l2_median": 435.5236358642578,
  "adv_e_nul_l2_mean": 2.477899592369795,
  "adv_e_nul_l2_ci95": 0.37073482024418847,
  "adv_e_nul_l2_median": 2.1371904611587524,
  "adv_e_ran_frac_mean": 0.9999812864899761,
  "adv_e_ran_frac_ci95": 1.1372226650641203e-05,
  "adv_e_ran_frac_median": 0.9999889107960207,
  "adv_e_nul_frac_mean": 0.005316352881917512,
  "adv_e_nul_frac_ci95": 0.0010652087082159381,
  "adv_e_nul_frac_median": 0.0047096485404450215,
  "attack_runtime_total_sec": 64.59507464617491,
  "attack_runtime_per_example_sec": 2.018596082692966,
  "model_name": "nsn",
  "attack_name": "adam",
  "norm": "l2",
  "eps": 0.025,
  "eps_actual": 32.05020395339966,
  "attack_init_mode": "exact",
  "eval_init_mode": "exact"
}