{
  "num_examples": 32,
  "gt_norm_mean": 19.554032936692238,
  "gt_norm_ci95": 3.175656556464896,
  "gt_norm_median": 19.43148136138916,
  "gt_norm_q25": 13.664082050323486,
  "gt_norm_q75": 22.861806869506836,
  "clean_mse_mean": 0.00625221734162551,
  "clean_mse_ci95": 0.002343699229532902,
  "clean_mse_median": 0.004796583671122789,
  "clean_mse_q25": 0.002446916711051017,
  "clean_mse_q75": 0.007639780407771468,
  "adv_mse_mean": 0.6491536570829339,
  "adv_mse_ci95": 0.25134793084179896,
  "adv_mse_median": 0.43952426314353943,
  "adv_mse_q25": 0.257267564535141,
  "adv_mse_q75": 0.6571391969919205,
  "mse_ratio_mean": 118.98019518856317,
  "mse_ratio_ci95": 26.75175325515902,
  "mse_ratio_median": 84.34082474910056,
  "mse_ratio_q25": 73.38288490262,
  "mse_ratio_q75": 152.14277539177226,
  "clean_rel_l2_mean": 0.4527448872104287,
  "clean_rel_l2_ci95": 0.033662529492583075,
  "clean_rel_l2_median": 0.47681303322315216,
  "clean_rel_l2_q25": 0.39657796174287796,
  "clean_rel_l2_q75": 0.505777046084404,
  "adv_rel_l2_mean": 4.5279688984155655,
  "adv_rel_l2_ci95": 0.29398767253842634,
  "adv_rel_l2_median": 4.373584032058716,
  "adv_rel_l2_q25": 4.151663541793823,
  "adv_rel_l2_q75": 4.94888710975647,
  "rel_l2_ratio_mean": 10.476527381151513,
  "rel_l2_ratio_ci95": 1.0690575082391263,
  "rel_l2_ratio_median": 9.183705936962488,
  "rel_l2_ratio_q25": 8.56599170892921,
  "rel_l2_ratio_q75": 12.333896116864775,
  "clean_psnr_mean": 20.00492661661705,
  "clean_psnr_ci95": 1.088123313613076,
  "clean_psnr_median": 20.211312118627866,
  "clean_psnr_q25": 18.26064963921863,
  "clean_psnr_q75": 21.929352073111964,
  "adv_psnr_mean": -0.0817392370961627,
  "adv_psnr_ci95": 1.2297367539987756,
  "adv_psnr_median": 0.5530159182036998,
  "adv_psnr_q25": -2.1925912163146557,
  "adv_psnr_q75": 2.660559458110283,
  "clean_ssim_mean": 0.1853855925293058,
  "clean_ssim_ci95": 0.0185132567263006,
  "clean_ssim_median": 0.17790832441938706,
  "clean_ssim_q25": 0.16105561997119147,
  "clean_ssim_q75": 0.20851218808374877,
  "adv_ssim_mean": 0.012146681765702123,
  "adv_ssim_ci95": 0.004356942788769397,
  "adv_ssim_median": 0.009784104787970333,
  "adv_ssim_q25": 0.0057873558162384285,
  "adv_ssim_q75": 0.01627300873907523,
  "pred_shift_rel_l2_mean": 5.49339172244072,
  "pred_shift_rel_l2_ci95": 0.3950185597760941,
  "pred_shift_rel_l2_median": 5.299357652664185,
  "pred_shift_rel_l2_q25": 4.830472230911255,
  "pred_shift_rel_l2_q75": 6.555919528007507,
  "init_shift_rel_l2_mean": 0.4027006821706891,
  "init_shift_rel_l2_ci95": 0.022500204068561767,
  "init_shift_rel_l2_median": 0.38859374821186066,
  "init_shift_rel_l2_q25": 0.3580540269613266,
  "init_shift_rel_l2_q75": 0.44690897315740585,
  "delta_l2_mean": 112.65656733512878,
  "delta_l2_ci95": 21.995778738147692,
  "delta_l2_median": 105.38117599487305,
  "delta_l2_q25": 75.85117530822754,
  "delta_l2_q75": 129.2472686767578,
  "delta_linf_mean": 1.9710035808384418,
  "delta_linf_ci95": 0.3951749513971392,
  "delta_linf_median": 1.754185974597931,
  "delta_linf_q25": 1.284477859735489,
  "delta_linf_q75": 2.2359721660614014,
  "delta_mean_abs_mean": 0.426435922505334,
  "delta_mean_abs_ci95": 0.08240711638793694,
  "delta_mean_abs_median": 0.4025542438030243,
  "delta_mean_abs_q25": 0.2878252640366554,
  "delta_mean_abs_q75": 0.4911467507481575,
  "delta_rel_l2_mean": 0.0991974342225945,
  "delta_rel_l2_ci95": 0.001573139725683389,
  "delta_rel_l2_median": 0.10000005461442826,
  "delta_rel_l2_q25": 0.10000004954940381,
  "delta_rel_l2_q75": 0.10000006061754027,
  "success_rel_l2_mean": 1.0,
  "success_rel_l2_ci95": 0.0,
  "success_rel_l2_median": 1.0,
  "success_rel_l2_q25": 1.0,
  "success_rel_l2_q75": 1.0,
  "success_mse_mean": 1.0,
  "success_mse_ci95": 0.0,
  "success_mse_median": 1.0,
  "success_mse_q25": 1.0,
  "success_mse_q75": 1.0,
  "clean_e_ran_l2_mean": 9.003265250474215,
  "clean_e_ran_l2_ci95": 1.6267428034847022,
  "clean_e_ran_l2_median": 8.86169147491455,
  "clean_e_ran_l2_q25": 6.328351855278015,
  "clean_e_ran_l2_q75": 11.182336330413818,
  "clean_e_nul_l2_mean": 0.1404148784931749,
  "clean_e_nul_l2_ci95": 0.02060681905031728,
  "clean_e_nul_l2_median": 0.13802596181631088,
  "clean_e_nul_l2_q25": 0.09527385234832764,
  "clean_e_nul_l2_q75": 0.18846970796585083,
  "clean_e_ran_frac_mean": 0.9998057178276969,
  "clean_e_ran_frac_ci95": 8.906641631256154e-05,
  "clean_e_ran_frac_median": 0.9998848297198222,
  "clean_e_ran_frac_q25": 0.9998347813222227,
  "clean_e_ran_frac_q75": 0.9999201573525427,
  "clean_e_nul_frac_mean": 0.017763479625379462,
  "clean_e_nul_frac_ci95": 0.0030055097963264756,
  "clean_e_nul_frac_median": 0.015171436953999874,
  "clean_e_nul_frac_q25": 0.012631723006693841,
  "clean_e_nul_frac_q75": 0.018174202085779294,
  "adv_e_ran_l2_mean": 11.015214338898659,
  "adv_e_ran_l2_ci95": 1.9660170819332734,
  "adv_e_ran_l2_median": 10.645753860473633,
  "adv_e_ran_l2_q25": 7.253838062286377,
  "adv_e_ran_l2_q75": 13.112441301345825,
  "adv_e_nul_l2_mean": 90.33756148815155,
  "adv_e_nul_l2_ci95": 16.96435766020046,
  "adv_e_nul_l2_median": 84.15654373168945,
  "adv_e_nul_l2_q25": 64.13282489776611,
  "adv_e_nul_l2_q75": 102.95318222045898,
  "adv_e_ran_frac_mean": 0.12420298401949363,
  "adv_e_ran_frac_ci95": 0.007057850074976358,
  "adv_e_ran_frac_median": 0.12571203441421988,
  "adv_e_ran_frac_q25": 0.1136580134763391,
  "adv_e_ran_frac_q75": 0.13711451870744032,
  "adv_e_nul_frac_mean": 0.9920511769916462,
  "adv_e_nul_frac_ci95": 0.0008703512382812568,
  "adv_e_nul_frac_median": 0.9920666406647511,
  "adv_e_nul_frac_q25": 0.990553436428022,
  "adv_e_nul_frac_q75": 0.9935185682376826,
  "attack_runtime_total_sec": 73.88427976891398,
  "attack_runtime_per_example_sec": 2.308883742778562,
  "model_name": "nsn",
  "attack_name": "adam",
  "norm": "l2",
  "eps": 0.1,
  "eps_actual": 127.69250320068359,
  "eps_budget_mode": "per_sample_l2",
  "attack_init_mode": "exact",
  "eval_init_mode": "exact"
}