{
  "num_examples": 32,
  "gt_norm_mean": 19.554032936692238,
  "gt_norm_ci95": 3.175656556464896,
  "gt_norm_median": 19.43148136138916,
  "gt_norm_q25": 13.664082050323486,
  "gt_norm_q75": 22.861806869506836,
  "clean_mse_mean": 0.00026567452528070135,
  "clean_mse_ci95": 6.432926170533863e-05,
  "clean_mse_median": 0.0002584782778285444,
  "clean_mse_q25": 0.00010624203423503786,
  "clean_mse_q75": 0.00033532691304571927,
  "adv_mse_mean": 1.0224208768922836,
  "adv_mse_ci95": 0.44579222987493333,
  "adv_mse_median": 0.5318194627761841,
  "adv_mse_q25": 0.3444921672344208,
  "adv_mse_q75": 1.0499940514564514,
  "mse_ratio_mean": 3268.982662039891,
  "mse_ratio_ci95": 695.3340201656077,
  "mse_ratio_median": 3035.874676647176,
  "mse_ratio_q25": 1543.2519114792804,
  "mse_ratio_q75": 3982.2799790458807,
  "clean_rel_l2_mean": 0.10566292330622673,
  "clean_rel_l2_ci95": 0.006199647105670782,
  "clean_rel_l2_median": 0.104661975055933,
  "clean_rel_l2_q25": 0.09610028564929962,
  "clean_rel_l2_q75": 0.11224446073174477,
  "adv_rel_l2_mean": 5.525542005896568,
  "adv_rel_l2_ci95": 0.3919326272960071,
  "adv_rel_l2_median": 5.5102081298828125,
  "adv_rel_l2_q25": 4.640994310379028,
  "adv_rel_l2_q75": 6.2087424993515015,
  "rel_l2_ratio_mean": 54.57288648978361,
  "rel_l2_ratio_ci95": 6.002878691593042,
  "rel_l2_ratio_median": 55.03458559497426,
  "rel_l2_ratio_q25": 39.28386524867016,
  "rel_l2_ratio_q75": 63.103334318949805,
  "clean_psnr_mean": 32.525919010126216,
  "clean_psnr_ci95": 0.5163817660070772,
  "clean_psnr_median": 32.612159844657945,
  "clean_psnr_q25": 31.690702323403492,
  "clean_psnr_q75": 33.81583856855497,
  "adv_psnr_mean": -1.7775730481755896,
  "adv_psnr_ci95": 1.3345885986287156,
  "adv_psnr_median": -1.0305084535687512,
  "adv_psnr_q25": -4.279146100472905,
  "adv_psnr_q75": 1.5794943809141795,
  "clean_ssim_mean": 0.8976910951445387,
  "clean_ssim_ci95": 0.018496159420789866,
  "clean_ssim_median": 0.9057646284276082,
  "clean_ssim_q25": 0.88879670807757,
  "clean_ssim_q75": 0.9352546233199642,
  "adv_ssim_mean": 0.02258851912004793,
  "adv_ssim_ci95": 0.010429059152252382,
  "adv_ssim_median": 0.012234243377925171,
  "adv_ssim_q25": 0.006829398627741515,
  "adv_ssim_q75": 0.026206863783249004,
  "pred_shift_rel_l2_mean": 5.596981458365917,
  "pred_shift_rel_l2_ci95": 0.391436580297565,
  "pred_shift_rel_l2_median": 5.562410593032837,
  "pred_shift_rel_l2_q25": 4.695291042327881,
  "pred_shift_rel_l2_q75": 6.24704122543335,
  "init_shift_rel_l2_mean": 0.403199159540236,
  "init_shift_rel_l2_ci95": 0.022567594992913255,
  "init_shift_rel_l2_median": 0.39149709045886993,
  "init_shift_rel_l2_q25": 0.3603612408041954,
  "init_shift_rel_l2_q75": 0.44543956220149994,
  "delta_l2_mean": 112.95866590738297,
  "delta_l2_ci95": 22.311183746355802,
  "delta_l2_median": 105.38117599487305,
  "delta_l2_q25": 75.85117530822754,
  "delta_l2_q75": 129.2472686767578,
  "delta_linf_mean": 2.01529710739851,
  "delta_linf_ci95": 0.38606294455752244,
  "delta_linf_median": 1.8039526343345642,
  "delta_linf_q25": 1.3287683427333832,
  "delta_linf_q75": 2.2548426389694214,
  "delta_mean_abs_mean": 0.4227412997279316,
  "delta_mean_abs_ci95": 0.08222536072867757,
  "delta_mean_abs_median": 0.4025098532438278,
  "delta_mean_abs_q25": 0.2842104956507683,
  "delta_mean_abs_q75": 0.4812198430299759,
  "delta_rel_l2_mean": 0.09927363797939351,
  "delta_rel_l2_ci95": 0.0014237808173969122,
  "delta_rel_l2_median": 0.10000005461442826,
  "delta_rel_l2_q25": 0.10000004983653576,
  "delta_rel_l2_q75": 0.10000006326063314,
  "success_rel_l2_mean": 1.0,
  "success_rel_l2_ci95": 0.0,
  "success_rel_l2_median": 1.0,
  "success_rel_l2_q25": 1.0,
  "success_rel_l2_q75": 1.0,
  "success_mse_mean": 1.0,
  "success_mse_ci95": 0.0,
  "success_mse_median": 1.0,
  "success_mse_q25": 1.0,
  "success_mse_q75": 1.0,
  "clean_e_ran_l2_mean": 1.4532191734761,
  "clean_e_ran_l2_ci95": 0.2000973269966429,
  "clean_e_ran_l2_median": 1.5127142071723938,
  "clean_e_ran_l2_q25": 0.9548222720623016,
  "clean_e_ran_l2_q75": 1.6509729623794556,
  "clean_e_nul_l2_mean": 1.3124435804784298,
  "clean_e_nul_l2_ci95": 0.1555943799234541,
  "clean_e_nul_l2_median": 1.3449245691299438,
  "clean_e_nul_l2_q25": 0.9415098428726196,
  "clean_e_nul_l2_q75": 1.6041132807731628,
  "clean_e_ran_frac_mean": 0.7341794180506468,
  "clean_e_ran_frac_ci95": 0.01818112314797396,
  "clean_e_ran_frac_median": 0.7339697694740155,
  "clean_e_ran_frac_q25": 0.7062641252842922,
  "clean_e_ran_frac_q75": 0.7637990415918998,
  "clean_e_nul_frac_mean": 0.6747174634543467,
  "clean_e_nul_frac_ci95": 0.0195034238284467,
  "clean_e_nul_frac_median": 0.6791810629424655,
  "clean_e_nul_frac_q25": 0.6454536987692115,
  "clean_e_nul_frac_q75": 0.7079457634274284,
  "adv_e_ran_l2_mean": 69.00217896699905,
  "adv_e_ran_l2_ci95": 14.082029656011942,
  "adv_e_ran_l2_median": 58.43971252441406,
  "adv_e_ran_l2_q25": 45.36547565460205,
  "adv_e_ran_l2_q75": 84.6052188873291,
  "adv_e_nul_l2_mean": 87.68727052211761,
  "adv_e_nul_l2_ci95": 18.294414051584585,
  "adv_e_nul_l2_median": 76.45325088500977,
  "adv_e_nul_l2_q25": 59.194090843200684,
  "adv_e_nul_l2_q75": 101.86211585998535,
  "adv_e_ran_frac_mean": 0.6174922507719092,
  "adv_e_ran_frac_ci95": 0.015562140785399392,
  "adv_e_ran_frac_median": 0.6120978211912282,
  "adv_e_ran_frac_q25": 0.5839378067884747,
  "adv_e_ran_frac_q75": 0.6425320385600471,
  "adv_e_nul_frac_mean": 0.7844622713495852,
  "adv_e_nul_frac_ci95": 0.013020206290097987,
  "adv_e_nul_frac_median": 0.7907818365947151,
  "adv_e_nul_frac_q25": 0.7662584474602738,
  "adv_e_nul_frac_q75": 0.8117963137453714,
  "attack_runtime_total_sec": 275.5081348121166,
  "attack_runtime_per_example_sec": 8.609629212878644,
  "model_name": "nsn",
  "attack_name": "adam",
  "norm": "l2",
  "eps": 0.1,
  "eps_actual": 127.69250320068359,
  "eps_budget_mode": "per_sample_l2",
  "attack_init_mode": "exact",
  "eval_init_mode": "exact"
}