{
  "num_examples": 32,
  "gt_norm_mean": 20.065786242485046,
  "gt_norm_ci95": 2.6439993761407936,
  "gt_norm_median": 18.550631523132324,
  "clean_mse_mean": 0.006183219678860041,
  "clean_mse_ci95": 0.002363341799444001,
  "clean_mse_median": 0.004231042927131057,
  "adv_mse_mean": 0.01002864187466912,
  "adv_mse_ci95": 0.0024805777880651764,
  "adv_mse_median": 0.007742775604128838,
  "mse_ratio_mean": 2.1926993964970034,
  "mse_ratio_ci95": 0.4750057550999636,
  "mse_ratio_median": 1.7210496104587691,
  "clean_rel_l2_mean": 0.4488188084214926,
  "clean_rel_l2_ci95": 0.021548765821428773,
  "clean_rel_l2_median": 0.4298713803291321,
  "adv_rel_l2_mean": 0.6381072793155909,
  "adv_rel_l2_ci95": 0.05972342521704113,
  "adv_rel_l2_median": 0.5779650211334229,
  "rel_l2_ratio_mean": 1.4334518558743243,
  "rel_l2_ratio_ci95": 0.13073177910318076,
  "rel_l2_ratio_median": 1.311815850855657,
  "clean_psnr_mean": 19.963957320865624,
  "clean_psnr_ci95": 1.1801890290791668,
  "clean_psnr_median": 21.27207421809475,
  "adv_psnr_mean": 17.069701531878863,
  "adv_psnr_ci95": 1.0582265297903277,
  "adv_psnr_median": 18.28266960150297,
  "clean_ssim_mean": 0.1325875817914598,
  "clean_ssim_ci95": 0.020139036700641256,
  "clean_ssim_median": 0.11027060768567143,
  "adv_ssim_mean": 0.10645629884226945,
  "adv_ssim_ci95": 0.01825596703641347,
  "adv_ssim_median": 0.09035419579974935,
  "pred_shift_rel_l2_mean": 0.3540223410818726,
  "pred_shift_rel_l2_ci95": 0.07490725830232883,
  "pred_shift_rel_l2_median": 0.30217012763023376,
  "init_shift_rel_l2_mean": 0.09316758124623448,
  "init_shift_rel_l2_ci95": 0.015189861587279993,
  "init_shift_rel_l2_median": 0.09057124331593513,
  "delta_l2_mean": 32.0502063035965,
  "delta_l2_ci95": 7.680822478590639e-07,
  "delta_l2_median": 32.05020523071289,
  "delta_linf_mean": 0.8836081642657518,
  "delta_linf_ci95": 0.06154741657180834,
  "delta_linf_median": 0.8491864204406738,
  "delta_mean_abs_mean": 0.12023967574350536,
  "delta_mean_abs_ci95": 0.000432029644253876,
  "delta_mean_abs_median": 0.12022528424859047,
  "delta_rel_l2_mean": 0.02606151900612772,
  "delta_rel_l2_ci95": 0.00424057624272899,
  "delta_rel_l2_median": 0.02517786348774726,
  "success_rel_l2_mean": 0.25,
  "success_rel_l2_ci95": 0.1524318991253725,
  "success_rel_l2_median": 0.0,
  "success_mse_mean": 0.40625,
  "success_mse_ci95": 0.17289153205070137,
  "success_mse_median": 0.0,
  "clean_e_ran_l2_mean": 7.712452948093414,
  "clean_e_ran_l2_ci95": 1.2999072415063377,
  "clean_e_ran_l2_median": 6.773916482925415,
  "clean_e_nul_l2_mean": 4.8605454452335835,
  "clean_e_nul_l2_ci95": 0.7520058510399594,
  "clean_e_nul_l2_median": 4.363865852355957,
  "clean_e_ran_frac_mean": 0.8410908043603228,
  "clean_e_ran_frac_ci95": 0.01631977274951405,
  "clean_e_ran_frac_median": 0.856352453737071,
  "clean_e_nul_frac_mean": 0.5352241547032565,
  "clean_e_nul_frac_ci95": 0.022130510644111645,
  "clean_e_nul_frac_median": 0.5163912562266719,
  "adv_e_ran_l2_mean": 9.461704015731812,
  "adv_e_ran_l2_ci95": 1.243159022453175,
  "adv_e_ran_l2_median": 8.689991474151611,
  "adv_e_nul_l2_mean": 7.327020816504955,
  "adv_e_nul_l2_ci95": 1.0340914671887722,
  "adv_e_nul_l2_median": 6.842235565185547,
  "adv_e_ran_frac_mean": 0.7810575877719216,
  "adv_e_ran_frac_ci95": 0.04915720531008851,
  "adv_e_ran_frac_median": 0.8341658439205311,
  "adv_e_nul_frac_mean": 0.5929854685512636,
  "adv_e_nul_frac_ci95": 0.04829021144050627,
  "adv_e_nul_frac_median": 0.5514202058267381,
  "attack_runtime_total_sec": 57.91345515847206,
  "attack_runtime_per_example_sec": 1.809795473702252,
  "model_name": "resnet",
  "attack_name": "adam",
  "norm": "l2",
  "eps": 0.025,
  "eps_actual": 32.05020395339966,
  "attack_init_mode": "exact",
  "eval_init_mode": "exact"
}