{
  "num_examples": 32,
  "gt_norm_mean": 19.246901780366898,
  "gt_norm_ci95": 3.3146818493907912,
  "gt_norm_median": 15.661028385162354,
  "clean_mse_mean": 0.0010802682797930174,
  "clean_mse_ci95": 0.00043825656391010566,
  "clean_mse_median": 0.0004372976254671812,
  "adv_mse_mean": 8.646040320396423,
  "adv_mse_ci95": 0.05857484008632959,
  "adv_mse_median": 8.645383834838867,
  "mse_ratio_mean": 22251.125566349463,
  "mse_ratio_ci95": 6856.927746018089,
  "mse_ratio_median": 19673.546162361316,
  "clean_rel_l2_mean": 0.1851788512431085,
  "clean_rel_l2_ci95": 0.006548032356378378,
  "clean_rel_l2_median": 0.18163354694843292,
  "adv_rel_l2_mean": 24.303835600614548,
  "adv_rel_l2_ci95": 3.7746433966800628,
  "adv_rel_l2_median": 24.180452346801758,
  "rel_l2_ratio_mean": 134.83726178876435,
  "rel_l2_ratio_ci95": 22.458175220212823,
  "rel_l2_ratio_median": 140.2009863712479,
  "clean_psnr_mean": 27.290176986866747,
  "clean_psnr_ci95": 1.0854173650704422,
  "clean_psnr_median": 27.707658508936035,
  "adv_psnr_mean": -14.20658028803315,
  "adv_psnr_ci95": 1.1054138496617578,
  "adv_psnr_median": -13.913304192695637,
  "clean_ssim_mean": 0.43681568194082554,
  "clean_ssim_ci95": 0.04522888163089567,
  "clean_ssim_median": 0.4232770525941711,
  "adv_ssim_mean": 0.001682462265270311,
  "adv_ssim_ci95": 0.0007042438763019497,
  "adv_ssim_median": 0.0007573616174907389,
  "pred_shift_rel_l2_mean": 24.005620300769806,
  "pred_shift_rel_l2_ci95": 3.7463941359384183,
  "pred_shift_rel_l2_median": 24.153697967529297,
  "init_shift_rel_l2_mean": 28.176405906677246,
  "init_shift_rel_l2_ci95": 4.346871115347993,
  "init_shift_rel_l2_median": 29.43057632446289,
  "delta_l2_mean": 256.111722946167,
  "delta_l2_ci95": 5.329366425078526e-06,
  "delta_l2_median": 256.1117248535156,
  "delta_linf_mean": 5.8551018089056015,
  "delta_linf_ci95": 0.16169880434634282,
  "delta_linf_median": 5.750792503356934,
  "delta_mean_abs_mean": 0.9802473932504654,
  "delta_mean_abs_ci95": 0.0016134769369836538,
  "delta_mean_abs_median": 0.9819555580615997,
  "delta_rel_l2_mean": 0.3090761778467982,
  "delta_rel_l2_ci95": 0.05218372413126475,
  "delta_rel_l2_median": 0.31681825895176136,
  "success_rel_l2_mean": 1.0,
  "success_rel_l2_ci95": 0.0,
  "success_rel_l2_median": 1.0,
  "success_mse_mean": 1.0,
  "success_mse_ci95": 0.0,
  "success_mse_median": 1.0,
  "clean_e_ran_l2_mean": 3.130324300378561,
  "clean_e_ran_l2_ci95": 0.6675030835691327,
  "clean_e_ran_l2_median": 2.2424978017807007,
  "clean_e_nul_l2_mean": 1.8522361926734447,
  "clean_e_nul_l2_ci95": 0.32908959786442465,
  "clean_e_nul_l2_median": 1.565009355545044,
  "clean_e_ran_frac_mean": 0.8461286954998428,
  "clean_e_ran_frac_ci95": 0.023401181862104763,
  "clean_e_ran_frac_median": 0.8598926975925376,
  "clean_e_nul_frac_mean": 0.5214822584449903,
  "clean_e_nul_frac_ci95": 0.03089715346364362,
  "clean_e_nul_frac_median": 0.5104641226983511,
  "adv_e_ran_l2_mean": 356.15290451049805,
  "adv_e_ran_l2_ci95": 1.255740592021543,
  "adv_e_ran_l2_median": 355.66322326660156,
  "adv_e_nul_l2_mean": 121.62527894973755,
  "adv_e_nul_l2_ci95": 0.8903923417039428,
  "adv_e_nul_l2_median": 121.57221221923828,
  "adv_e_ran_frac_mean": 0.9463184715827015,
  "adv_e_ran_frac_ci95": 0.0007379568607742611,
  "adv_e_ran_frac_median": 0.9459777847995505,
  "adv_e_nul_frac_mean": 0.32317012675853996,
  "adv_e_nul_frac_ci95": 0.0021705517125526325,
  "adv_e_nul_frac_median": 0.3242311275319911,
  "attack_runtime_total_sec": 116.47826101258397,
  "attack_runtime_per_example_sec": 3.639945656643249,
  "model_name": "dpnsn",
  "attack_name": "adam",
  "norm": "l2",
  "eps": 0.2,
  "eps_actual": 256.1117279681397,
  "attack_init_mode": "exact",
  "eval_init_mode": "exact"
}