{
  "num_examples": 32,
  "gt_norm_mean": 20.065786242485046,
  "gt_norm_ci95": 2.6439993761407936,
  "gt_norm_median": 18.550631523132324,
  "clean_mse_mean": 0.006183219678860041,
  "clean_mse_ci95": 0.002363341799444001,
  "clean_mse_median": 0.004231042927131057,
  "adv_mse_mean": 0.010848424324649386,
  "adv_mse_ci95": 0.0025313137994903852,
  "adv_mse_median": 0.008722335565835238,
  "mse_ratio_mean": 2.4387425924142487,
  "mse_ratio_ci95": 0.554008721040253,
  "mse_ratio_median": 1.8883823461933624,
  "clean_rel_l2_mean": 0.4488188084214926,
  "clean_rel_l2_ci95": 0.021548765821428773,
  "clean_rel_l2_median": 0.4298713803291321,
  "adv_rel_l2_mean": 0.6697117071598768,
  "adv_rel_l2_ci95": 0.06540244418797835,
  "adv_rel_l2_median": 0.6001857817173004,
  "rel_l2_ratio_mean": 1.5060356396524384,
  "rel_l2_ratio_ci95": 0.145399774330672,
  "rel_l2_ratio_median": 1.374180395719216,
  "clean_psnr_mean": 19.963957320865624,
  "clean_psnr_ci95": 1.1801890290791668,
  "clean_psnr_median": 21.27207421809475,
  "adv_psnr_mean": 16.670964020143735,
  "adv_psnr_ci95": 1.049406630535517,
  "adv_psnr_median": 17.773971547824097,
  "clean_ssim_mean": 0.1325875817914598,
  "clean_ssim_ci95": 0.020139036700641256,
  "clean_ssim_median": 0.11027060768567143,
  "adv_ssim_mean": 0.10249616751118187,
  "adv_ssim_ci95": 0.017880140537830918,
  "adv_ssim_median": 0.08755219032477086,
  "pred_shift_rel_l2_mean": 0.3965260670520365,
  "pred_shift_rel_l2_ci95": 0.08119171230484272,
  "pred_shift_rel_l2_median": 0.32940615713596344,
  "init_shift_rel_l2_mean": 0.11108584224712104,
  "init_shift_rel_l2_ci95": 0.01820546412373659,
  "init_shift_rel_l2_median": 0.10907735675573349,
  "delta_l2_mean": 38.460243225097656,
  "delta_l2_ci95": 3.357185287213123e-07,
  "delta_l2_median": 38.460243225097656,
  "delta_linf_mean": 1.099114365875721,
  "delta_linf_ci95": 0.08417550880265463,
  "delta_linf_median": 1.0337932109832764,
  "delta_mean_abs_mean": 0.14397527603432536,
  "delta_mean_abs_ci95": 0.0005370670188248122,
  "delta_mean_abs_median": 0.14394572377204895,
  "delta_rel_l2_mean": 0.03127381924812021,
  "delta_rel_l2_ci95": 0.005088690806606336,
  "delta_rel_l2_median": 0.030213437071147733,
  "success_rel_l2_mean": 0.34375,
  "success_rel_l2_ci95": 0.1671980607909615,
  "success_rel_l2_median": 0.0,
  "success_mse_mean": 0.40625,
  "success_mse_ci95": 0.17289153205070137,
  "success_mse_median": 0.0,
  "clean_e_ran_l2_mean": 7.712452948093414,
  "clean_e_ran_l2_ci95": 1.2999072415063377,
  "clean_e_ran_l2_median": 6.773916482925415,
  "clean_e_nul_l2_mean": 4.8605454452335835,
  "clean_e_nul_l2_ci95": 0.7520058510399594,
  "clean_e_nul_l2_median": 4.363865852355957,
  "clean_e_ran_frac_mean": 0.8410908043603228,
  "clean_e_ran_frac_ci95": 0.01631977274951405,
  "clean_e_ran_frac_median": 0.856352453737071,
  "clean_e_nul_frac_mean": 0.5352241547032565,
  "clean_e_nul_frac_ci95": 0.022130510644111645,
  "clean_e_nul_frac_median": 0.5163912562266719,
  "adv_e_ran_l2_mean": 9.82503454387188,
  "adv_e_ran_l2_ci95": 1.2399365787677068,
  "adv_e_ran_l2_median": 9.071573734283447,
  "adv_e_nul_l2_mean": 7.672606699168682,
  "adv_e_nul_l2_ci95": 1.1095202978873921,
  "adv_e_nul_l2_median": 7.068475008010864,
  "adv_e_ran_frac_mean": 0.7793289194115367,
  "adv_e_ran_frac_ci95": 0.051466757005603235,
  "adv_e_ran_frac_median": 0.8332118443120377,
  "adv_e_nul_frac_mean": 0.5921920668655385,
  "adv_e_nul_frac_ci95": 0.05050093018258435,
  "adv_e_nul_frac_median": 0.5528615910613246,
  "attack_runtime_total_sec": 57.90307803824544,
  "attack_runtime_per_example_sec": 1.80947118869517,
  "model_name": "resnet",
  "attack_name": "adam",
  "norm": "l2",
  "eps": 0.03,
  "eps_actual": 38.46024474407959,
  "attack_init_mode": "exact",
  "eval_init_mode": "exact"
}