{
  "num_examples": 32,
  "gt_norm_mean": 19.10678167641163,
  "gt_norm_ci95": 3.4833903043152117,
  "gt_norm_median": 16.756710529327393,
  "clean_mse_mean": 6.416605716097479e-06,
  "clean_mse_ci95": 2.6674439557957226e-06,
  "clean_mse_median": 4.135314611630747e-06,
  "adv_mse_mean": 0.21062279329635203,
  "adv_mse_ci95": 0.035527239674302005,
  "adv_mse_median": 0.18803667277097702,
  "mse_ratio_mean": 83575.15409682502,
  "mse_ratio_ci95": 30936.87461916781,
  "mse_ratio_median": 55623.5507072427,
  "clean_rel_l2_mean": 0.01678586457273923,
  "clean_rel_l2_ci95": 0.003438985048320894,
  "clean_rel_l2_median": 0.012342006899416447,
  "adv_rel_l2_mean": 3.5787508748471737,
  "adv_rel_l2_ci95": 0.49337732164091047,
  "adv_rel_l2_median": 3.249747157096863,
  "rel_l2_ratio_mean": 258.5197739106701,
  "rel_l2_ratio_ci95": 45.549917584817756,
  "rel_l2_ratio_median": 235.84643534116537,
  "clean_psnr_mean": 49.75496066424722,
  "clean_psnr_ci95": 1.1658724608332747,
  "clean_psnr_median": 50.89056074239741,
  "adv_psnr_mean": 2.581849211179258,
  "adv_psnr_ci95": 0.9410606831721617,
  "adv_psnr_median": 3.354125309548718,
  "clean_ssim_mean": 0.996245467109399,
  "clean_ssim_ci95": 0.0006774410548380454,
  "clean_ssim_median": 0.9969707590614683,
  "adv_ssim_mean": 0.3016417871416693,
  "adv_ssim_ci95": 0.03709378055412034,
  "adv_ssim_median": 0.3282274984914775,
  "pred_shift_rel_l2_mean": 3.5744546093046665,
  "pred_shift_rel_l2_ci95": 0.4906955516440399,
  "pred_shift_rel_l2_median": 3.243091583251953,
  "init_shift_rel_l2_mean": 3.576501600444317,
  "init_shift_rel_l2_ci95": 0.6412272175658242,
  "init_shift_rel_l2_median": 3.4560911655426025,
  "delta_l2_mean": 38.59638297557831,
  "delta_l2_ci95": 5.551423359456797e-07,
  "delta_l2_median": 38.59638214111328,
  "delta_linf_mean": 1.120800456032157,
  "delta_linf_ci95": 0.05634127812852173,
  "delta_linf_median": 1.0910959243774414,
  "delta_mean_abs_mean": 0.1389211406931281,
  "delta_mean_abs_ci95": 0.00045109963085593373,
  "delta_mean_abs_median": 0.13892552256584167,
  "delta_rel_l2_mean": 0.05060625821039172,
  "delta_rel_l2_ci95": 0.010742835374392284,
  "delta_rel_l2_median": 0.046035988420591686,
  "success_rel_l2_mean": 1.0,
  "success_rel_l2_ci95": 0.0,
  "success_rel_l2_median": 1.0,
  "success_mse_mean": 1.0,
  "success_mse_ci95": 0.0,
  "success_mse_median": 1.0,
  "clean_e_ran_l2_mean": 0.2011636367533356,
  "clean_e_ran_l2_ci95": 0.033401052826784836,
  "clean_e_ran_l2_median": 0.1907423883676529,
  "clean_e_nul_l2_mean": 0.19930626754648983,
  "clean_e_nul_l2_ci95": 0.044440778916197306,
  "clean_e_nul_l2_median": 0.1675281673669815,
  "clean_e_ran_frac_mean": 0.7256512746736496,
  "clean_e_ran_frac_ci95": 0.020474987463070193,
  "clean_e_ran_frac_median": 0.7420922912572887,
  "clean_e_nul_frac_mean": 0.6832951501736647,
  "clean_e_nul_frac_ci95": 0.019773096779135742,
  "clean_e_nul_frac_median": 0.6702851347961667,
  "adv_e_ran_l2_mean": 30.67758220434189,
  "adv_e_ran_l2_ci95": 1.2460666943651513,
  "adv_e_ran_l2_median": 29.555099487304688,
  "adv_e_nul_l2_mean": 48.454389572143555,
  "adv_e_nul_l2_ci95": 4.302396761612898,
  "adv_e_nul_l2_median": 46.28046989440918,
  "adv_e_ran_frac_mean": 0.5433611623628894,
  "adv_e_ran_frac_ci95": 0.023330022644111072,
  "adv_e_ran_frac_median": 0.5486372738658147,
  "adv_e_nul_frac_mean": 0.835737016931774,
  "adv_e_nul_frac_ci95": 0.015385736006112687,
  "adv_e_nul_frac_median": 0.8360605018980947,
  "attack_runtime_total_sec": 57.97275597974658,
  "attack_runtime_per_example_sec": 1.8116486243670806,
  "model_name": "resnet",
  "attack_name": "adam",
  "norm": "l2",
  "eps": 0.03,
  "eps_actual": 38.59638161553955,
  "attack_init_mode": "exact",
  "eval_init_mode": "exact"
}