{
  "num_examples": 32,
  "gt_norm_mean": 27.580802619457245,
  "gt_norm_ci95": 2.1336641054187684,
  "gt_norm_median": 26.626888275146484,
  "clean_mse_mean": 3.833550471199487e-05,
  "clean_mse_ci95": 8.471788937433505e-06,
  "clean_mse_median": 2.9399278901109938e-05,
  "adv_mse_mean": 0.0006688436742479098,
  "adv_mse_ci95": 6.683353687636073e-05,
  "adv_mse_median": 0.0006237021589186043,
  "mse_ratio_mean": 22.848979779898762,
  "mse_ratio_ci95": 4.201560522131388,
  "mse_ratio_median": 19.927362678506988,
  "clean_rel_l2_mean": 0.02719426655676216,
  "clean_rel_l2_ci95": 0.0006821109065866329,
  "clean_rel_l2_median": 0.02664567343890667,
  "adv_rel_l2_mean": 0.12387450318783522,
  "adv_rel_l2_ci95": 0.009782963852594554,
  "adv_rel_l2_median": 0.12402379140257835,
  "rel_l2_ratio_mean": 4.618440254151567,
  "rel_l2_ratio_ci95": 0.43386290047204656,
  "rel_l2_ratio_median": 4.463950367194705,
  "clean_psnr_mean": 44.86432785848921,
  "clean_psnr_ci95": 0.840529112554273,
  "clean_psnr_median": 45.31802255383403,
  "adv_psnr_mean": 31.891463447067807,
  "adv_psnr_ci95": 0.3791746938886649,
  "adv_psnr_median": 32.05023979795225,
  "clean_ssim_mean": 0.9465326428336052,
  "clean_ssim_ci95": 0.007553204541450436,
  "clean_ssim_median": 0.9530123365430767,
  "adv_ssim_mean": 0.39310803841032205,
  "adv_ssim_ci95": 0.03785897053096151,
  "adv_ssim_median": 0.39241608628691305,
  "pred_shift_rel_l2_mean": 0.11705454718321562,
  "pred_shift_rel_l2_ci95": 0.009791621066860184,
  "pred_shift_rel_l2_median": 0.1168745905160904,
  "init_shift_rel_l2_mean": 0.38278419291600585,
  "init_shift_rel_l2_ci95": 0.022075405328258413,
  "init_shift_rel_l2_median": 0.3670976907014847,
  "delta_l2_mean": 7.691866800189018,
  "delta_l2_ci95": 1.8818482981592945e-07,
  "delta_l2_median": 7.691866874694824,
  "delta_linf_mean": 0.22650035191327333,
  "delta_linf_ci95": 0.012001468126778178,
  "delta_linf_median": 0.2207179144024849,
  "delta_mean_abs_mean": 0.027196369133889675,
  "delta_mean_abs_ci95": 0.00011857984555520848,
  "delta_mean_abs_median": 0.027193859219551086,
  "delta_rel_l2_mean": 0.0055032423246949335,
  "delta_rel_l2_ci95": 0.0005965762030861963,
  "delta_rel_l2_median": 0.005383291750076711,
  "success_rel_l2_mean": 1.0,
  "success_rel_l2_ci95": 0.0,
  "success_rel_l2_median": 1.0,
  "success_mse_mean": 1.0,
  "success_mse_ci95": 0.0,
  "success_mse_median": 1.0,
  "clean_e_ran_l2_mean": 0.6136870579794049,
  "clean_e_ran_l2_ci95": 0.06086218317349462,
  "clean_e_ran_l2_median": 0.5644590258598328,
  "clean_e_nul_l2_mean": 0.44870602525770664,
  "clean_e_nul_l2_ci95": 0.05009263985582145,
  "clean_e_nul_l2_median": 0.4116035997867584,
  "clean_e_ran_frac_mean": 0.8097064924328918,
  "clean_e_ran_frac_ci95": 0.004580328181891245,
  "clean_e_ran_frac_median": 0.8085077322625207,
  "clean_e_nul_frac_mean": 0.5864088099088817,
  "clean_e_nul_frac_ci95": 0.006402936015562022,
  "clean_e_nul_frac_median": 0.5884855383677227,
  "adv_e_ran_l2_mean": 2.971464663743973,
  "adv_e_ran_l2_ci95": 0.18618460109584758,
  "adv_e_ran_l2_median": 2.891124963760376,
  "adv_e_nul_l2_mean": 1.2985533867031336,
  "adv_e_nul_l2_ci95": 0.14202095141505633,
  "adv_e_nul_l2_median": 1.1977640390396118,
  "adv_e_ran_frac_mean": 0.9024348885144586,
  "adv_e_ran_frac_ci95": 0.02453811765597008,
  "adv_e_ran_frac_median": 0.9208791858597867,
  "adv_e_nul_frac_mean": 0.40368579715888475,
  "adv_e_nul_frac_ci95": 0.046953285296407236,
  "adv_e_nul_frac_median": 0.3897672782896119,
  "attack_runtime_total_sec": 116.60038300603628,
  "attack_runtime_per_example_sec": 3.643761968938634,
  "model_name": "dpnsn_res",
  "attack_name": "adam",
  "norm": "l2",
  "eps": 0.005,
  "eps_actual": 7.691867002807617,
  "attack_init_mode": "exact",
  "eval_init_mode": "exact"
}