{
  "num_examples": 32,
  "clean_mse_mean": 0.013990149829623988,
  "clean_mse_ci95": 0.0071519640474373295,
  "clean_mse_median": 0.0068255753722041845,
  "adv_mse_mean": 0.01704200867243344,
  "adv_mse_ci95": 0.007847855696916217,
  "adv_mse_median": 0.009403017349541187,
  "mse_ratio_mean": 1.4206282031284898,
  "mse_ratio_ci95": 0.3712933840270417,
  "mse_ratio_median": 1.1429882734593484,
  "clean_rel_l2_mean": 0.6763497732770991,
  "clean_rel_l2_ci95": 0.03523837896077096,
  "clean_rel_l2_median": 0.6809328844557909,
  "adv_rel_l2_mean": 0.7867435042708739,
  "adv_rel_l2_ci95": 0.09713270428418362,
  "adv_rel_l2_median": 0.7207356627369592,
  "rel_l2_ratio_mean": 1.1551765437402657,
  "rel_l2_ratio_ci95": 0.1033515147052844,
  "rel_l2_ratio_median": 1.069105984533215,
  "clean_psnr_mean": 21.70463107677309,
  "clean_psnr_ci95": 1.9675658287021534,
  "clean_psnr_median": 21.658746735938607,
  "adv_psnr_mean": 20.626528191217936,
  "adv_psnr_ci95": 1.8712317795385558,
  "adv_psnr_median": 20.314217390293933,
  "clean_ssim_mean": 0.3358549487396578,
  "clean_ssim_ci95": 0.07008751053256762,
  "clean_ssim_median": 0.28005708893440356,
  "adv_ssim_mean": 0.2683003618249347,
  "adv_ssim_ci95": 0.06378693794708115,
  "adv_ssim_median": 0.25232235036291056,
  "pred_shift_rel_l2_mean": 0.5120618754471886,
  "pred_shift_rel_l2_ci95": 0.21852897688010203,
  "pred_shift_rel_l2_median": 0.29704965857102383,
  "init_shift_rel_l2_mean": 0.20850893564830442,
  "init_shift_rel_l2_ci95": 0.058409581991635394,
  "init_shift_rel_l2_median": 0.16076003573655892,
  "delta_l2_mean": 29.478474974632263,
  "delta_l2_ci95": 1.3255436925689819,
  "delta_l2_median": 29.10472011566162,
  "delta_linf_mean": 0.43579896725714207,
  "delta_linf_ci95": 0.006212337127550241,
  "delta_linf_median": 0.43969249725341797,
  "delta_mean_abs_mean": 0.10095726582221687,
  "delta_mean_abs_ci95": 0.005556546085388183,
  "delta_mean_abs_median": 0.09911777451634407,
  "success_rel_l2_mean": 0.0625,
  "success_rel_l2_ci95": 0.08521202209593091,
  "success_rel_l2_median": 0.0,
  "success_mse_mean": 0.0625,
  "success_mse_ci95": 0.08521202209593091,
  "success_mse_median": 0.0,
  "attack_runtime_total_sec": 8.22246708534658,
  "attack_runtime_per_example_sec": 0.2569520964170806,
  "model_name": "nsn",
  "attack_name": "adam",
  "norm": "l2",
  "eps": 1.0,
  "attack_init_mode": "surrogate",
  "eval_init_mode": "exact"
}