{
  "num_examples": 32,
  "clean_mse_mean": 0.01657795889150293,
  "clean_mse_ci95": 0.0076420839596026665,
  "clean_mse_median": 0.006398194702342153,
  "adv_mse_mean": 0.020809503257623874,
  "adv_mse_ci95": 0.008994973850185335,
  "adv_mse_median": 0.009340428281575441,
  "mse_ratio_mean": 1.4656808023196868,
  "mse_ratio_ci95": 0.1761327682498005,
  "mse_ratio_median": 1.2284273820365708,
  "clean_rel_l2_mean": 0.6715299520889231,
  "clean_rel_l2_ci95": 0.055112596354607,
  "clean_rel_l2_median": 0.7070483380592625,
  "adv_rel_l2_mean": 0.8115227005443701,
  "adv_rel_l2_ci95": 0.09321382306065515,
  "adv_rel_l2_median": 0.7657127027502328,
  "rel_l2_ratio_mean": 1.1966047224850231,
  "rel_l2_ratio_ci95": 0.06473645275464705,
  "rel_l2_ratio_median": 1.1083416999003437,
  "clean_psnr_mean": 21.892241537598466,
  "clean_psnr_ci95": 2.251099344425088,
  "clean_psnr_median": 21.943621280885306,
  "adv_psnr_mean": 20.42306449335744,
  "adv_psnr_ci95": 2.13131370388504,
  "adv_psnr_median": 20.299912496360804,
  "clean_ssim_mean": 0.3437161873195939,
  "clean_ssim_ci95": 0.07887908965382393,
  "clean_ssim_median": 0.328247845509006,
  "adv_ssim_mean": 0.27579951522351187,
  "adv_ssim_ci95": 0.07403496442255815,
  "adv_ssim_median": 0.2155147793421226,
  "pred_shift_rel_l2_mean": 0.7146123389568911,
  "pred_shift_rel_l2_ci95": 0.2353338950364775,
  "pred_shift_rel_l2_median": 0.425913488313748,
  "init_shift_rel_l2_mean": 0.24547436900433997,
  "init_shift_rel_l2_ci95": 0.06703296594439014,
  "init_shift_rel_l2_median": 0.18996592838050402,
  "delta_l2_mean": 28.65027755498886,
  "delta_l2_ci95": 1.7883953454585966,
  "delta_l2_median": 27.207305908203125,
  "delta_linf_mean": 0.4325184915214777,
  "delta_linf_ci95": 0.0069398100548898195,
  "delta_linf_median": 0.4365537762641907,
  "delta_mean_abs_mean": 0.09725600644014776,
  "delta_mean_abs_ci95": 0.00788092328479061,
  "delta_mean_abs_median": 0.09203651547431946,
  "success_rel_l2_mean": 0.09375,
  "success_rel_l2_ci95": 0.10260886233182911,
  "success_rel_l2_median": 0.0,
  "success_mse_mean": 0.125,
  "success_mse_ci95": 0.11642178601131538,
  "success_mse_median": 0.0,
  "clean_e_ran_l2_mean": 13.35343836992979,
  "clean_e_ran_l2_ci95": 3.3910036825931598,
  "clean_e_ran_l2_median": 10.23252010345459,
  "clean_e_nul_l2_mean": 0.49317788262851536,
  "clean_e_nul_l2_ci95": 0.18098670945112622,
  "clean_e_nul_l2_median": 0.3367103338241577,
  "clean_e_ran_frac_mean": 0.9983502551707417,
  "clean_e_ran_frac_ci95": 0.001121113668658627,
  "clean_e_ran_frac_median": 0.9994002260170396,
  "clean_e_nul_frac_mean": 0.043210774455898986,
  "clean_e_nul_frac_ci95": 0.013263121221150326,
  "clean_e_nul_frac_median": 0.03460400009597893,
  "adv_e_ran_l2_mean": 13.701949015259743,
  "adv_e_ran_l2_ci95": 3.343557647286874,
  "adv_e_ran_l2_median": 10.521273136138916,
  "adv_e_nul_l2_mean": 5.9520265609025955,
  "adv_e_nul_l2_ci95": 1.848063931385182,
  "adv_e_nul_l2_median": 4.16039764881134,
  "adv_e_ran_frac_mean": 0.8973221214521406,
  "adv_e_ran_frac_ci95": 0.040955235821571796,
  "adv_e_ran_frac_median": 0.9317590865593265,
  "adv_e_nul_frac_mean": 0.3632487406456643,
  "adv_e_nul_frac_ci95": 0.07818422661333915,
  "adv_e_nul_frac_median": 0.36303435240101817,
  "attack_runtime_total_sec": 8.236894473433495,
  "attack_runtime_per_example_sec": 0.2574029522947967,
  "model_name": "nsn",
  "attack_name": "adam",
  "norm": "l2",
  "eps": 1.0,
  "attack_init_mode": "surrogate",
  "eval_init_mode": "exact"
}