{
  "num_examples": 32,
  "clean_mse_mean": 0.21711801674427988,
  "clean_mse_ci95": 0.09979014986514446,
  "clean_mse_median": 0.08573922887444496,
  "adv_mse_mean": 13246.650115966797,
  "adv_mse_ci95": 84.53032509110575,
  "adv_mse_median": 13254.1337890625,
  "mse_ratio_mean": 1636611.965420498,
  "mse_ratio_ci95": 1541383.1859640933,
  "mse_ratio_median": 152359.31577276805,
  "clean_rel_l2_mean": 3.8292632326269667,
  "clean_rel_l2_ci95": 0.7829269844811951,
  "clean_rel_l2_median": 3.199574786441028,
  "adv_rel_l2_mean": 2466.033598900349,
  "adv_rel_l2_ci95": 1073.5744833914175,
  "adv_rel_l2_median": 1259.864895654446,
  "rel_l2_ratio_mean": 777.1723566368335,
  "rel_l2_ratio_ci95": 357.7210173016672,
  "rel_l2_ratio_median": 390.2377312195792,
  "clean_psnr_mean": 8.509410920708884,
  "clean_psnr_ci95": 2.6146175127691955,
  "clean_psnr_median": 7.208057400661231,
  "adv_psnr_mean": -44.552000142130574,
  "adv_psnr_ci95": 0.8393340246752076,
  "adv_psnr_median": -44.1921000613311,
  "clean_ssim_mean": 0.03721964574040136,
  "clean_ssim_ci95": 0.0158580123225164,
  "clean_ssim_median": 0.02206003954430054,
  "adv_ssim_mean": 4.7191203128276057e-08,
  "adv_ssim_ci95": 1.0046304689390682e-07,
  "adv_ssim_median": 3.6524206270067346e-08,
  "pred_shift_rel_l2_mean": 735.7956940782062,
  "pred_shift_rel_l2_ci95": 338.6513429918336,
  "pred_shift_rel_l2_median": 375.97437467633813,
  "init_shift_rel_l2_mean": 736.038925353978,
  "init_shift_rel_l2_ci95": 338.80629939793346,
  "init_shift_rel_l2_median": 375.9903697131132,
  "delta_l2_mean": 23.37524700164795,
  "delta_l2_ci95": 1.6187761224913592e-06,
  "delta_l2_median": 23.375246047973633,
  "delta_linf_mean": 0.5213348940014839,
  "delta_linf_ci95": 0.015002527894425603,
  "delta_linf_median": 0.5069693028926849,
  "delta_mean_abs_mean": 0.09282794059254229,
  "delta_mean_abs_ci95": 8.030791972494852e-05,
  "delta_mean_abs_median": 0.09281233698129654,
  "success_rel_l2_mean": 1.0,
  "success_rel_l2_ci95": 0.0,
  "success_rel_l2_median": 1.0,
  "success_mse_mean": 1.0,
  "success_mse_ci95": 0.0,
  "success_mse_median": 1.0,
  "clean_e_ran_l2_mean": 47.56150150299072,
  "clean_e_ran_l2_ci95": 12.668749604722505,
  "clean_e_ran_l2_median": 37.461015701293945,
  "clean_e_nul_l2_mean": 0.12432300340151414,
  "clean_e_nul_l2_ci95": 0.03282635744405733,
  "clean_e_nul_l2_median": 0.10619501024484634,
  "clean_e_ran_frac_mean": 0.9999912531939552,
  "clean_e_ran_frac_ci95": 4.705604284063285e-06,
  "clean_e_ran_frac_median": 0.9999968260853822,
  "clean_e_nul_frac_mean": 0.003445076946153874,
  "clean_e_nul_frac_ci95": 0.0008355236284240809,
  "clean_e_nul_frac_median": 0.002532735211508254,
  "adv_e_ran_l2_mean": 14731.358093261719,
  "adv_e_ran_l2_ci95": 47.05139664211155,
  "adv_e_ran_l2_median": 14736.18701171875,
  "adv_e_nul_l2_mean": 36.21676981449127,
  "adv_e_nul_l2_ci95": 11.237685833215107,
  "adv_e_nul_l2_median": 24.09019660949707,
  "adv_e_ran_frac_mean": 0.9999946282689725,
  "adv_e_ran_frac_ci95": 4.9071707113739095e-06,
  "adv_e_ran_frac_median": 0.9999986016627153,
  "adv_e_nul_frac_mean": 0.002458207990465061,
  "adv_e_nul_frac_ci95": 0.0007629424756774732,
  "adv_e_nul_frac_median": 0.0016426084909678213,
  "attack_runtime_total_sec": 16.696757584810257,
  "attack_runtime_per_example_sec": 0.5217736745253205,
  "model_name": "nsn",
  "attack_name": "adam",
  "norm": "l2",
  "eps": 1.0,
  "attack_init_mode": "surrogate",
  "eval_init_mode": "exact"
}