{
  "num_examples": 32,
  "clean_mse_mean": 0.013989688908623066,
  "clean_mse_ci95": 0.0071514239820591454,
  "clean_mse_median": 0.00682426244020462,
  "adv_mse_mean": 0.017043309317159583,
  "adv_mse_ci95": 0.007848944297095418,
  "adv_mse_median": 0.009401053190231323,
  "mse_ratio_mean": 1.4209594599624422,
  "mse_ratio_ci95": 0.37148079079877055,
  "mse_ratio_median": 1.1429166838473255,
  "clean_rel_l2_mean": 0.6763368573795194,
  "clean_rel_l2_ci95": 0.03524522976041864,
  "clean_rel_l2_median": 0.6810168763059691,
  "adv_rel_l2_mean": 0.7867966807782947,
  "adv_rel_l2_ci95": 0.09713400906327803,
  "adv_rel_l2_median": 0.7207267100756095,
  "rel_l2_ratio_mean": 1.1553011581062607,
  "rel_l2_ratio_ci95": 0.10337757914768415,
  "rel_l2_ratio_median": 1.0690726003720061,
  "clean_psnr_mean": 21.70482696158013,
  "clean_psnr_ci95": 1.967697169961339,
  "clean_psnr_median": 21.659587033393148,
  "adv_psnr_mean": 20.625803307638463,
  "adv_psnr_ci95": 1.8710361459227152,
  "adv_psnr_median": 20.31493762040978,
  "clean_ssim_mean": 0.3358868129414428,
  "clean_ssim_ci95": 0.07008806100869626,
  "clean_ssim_median": 0.28003488689434425,
  "adv_ssim_mean": 0.2682171858743356,
  "adv_ssim_ci95": 0.06378334085923917,
  "adv_ssim_median": 0.2521367588315379,
  "pred_shift_rel_l2_mean": 0.5123807891682274,
  "pred_shift_rel_l2_ci95": 0.21845111541689236,
  "pred_shift_rel_l2_median": 0.29795510803157943,
  "init_shift_rel_l2_mean": 0.2085026569977072,
  "init_shift_rel_l2_ci95": 0.05842527539235386,
  "init_shift_rel_l2_median": 0.1607823272093592,
  "delta_l2_mean": 29.476873338222504,
  "delta_l2_ci95": 1.3262733383065763,
  "delta_l2_median": 29.104514122009277,
  "delta_linf_mean": 0.4358083913102746,
  "delta_linf_ci95": 0.006201498168605835,
  "delta_linf_median": 0.4392685890197754,
  "delta_mean_abs_mean": 0.10094996565021574,
  "delta_mean_abs_ci95": 0.005558980386217183,
  "delta_mean_abs_median": 0.09911978989839554,
  "success_rel_l2_mean": 0.0625,
  "success_rel_l2_ci95": 0.08521202209593091,
  "success_rel_l2_median": 0.0,
  "success_mse_mean": 0.0625,
  "success_mse_ci95": 0.08521202209593091,
  "success_mse_median": 0.0,
  "clean_e_ran_l2_mean": 12.749101433902979,
  "clean_e_ran_l2_ci95": 2.8662344993480615,
  "clean_e_ran_l2_median": 10.499395370483398,
  "clean_e_nul_l2_mean": 0.38215785601641983,
  "clean_e_nul_l2_ci95": 0.16802924505383676,
  "clean_e_nul_l2_median": 0.20882576704025269,
  "clean_e_ran_frac_mean": 0.998617126626103,
  "clean_e_ran_frac_ci95": 0.0015091981236061939,
  "clean_e_ran_frac_median": 0.9998118370622883,
  "clean_e_nul_frac_mean": 0.03291546978797878,
  "clean_e_nul_frac_ci95": 0.014344682599991282,
  "clean_e_nul_frac_median": 0.019428642617431713,
  "adv_e_ran_l2_mean": 13.055616445839405,
  "adv_e_ran_l2_ci95": 2.839382590001593,
  "adv_e_ran_l2_median": 10.797046661376953,
  "adv_e_nul_l2_mean": 4.463054780848324,
  "adv_e_nul_l2_ci95": 1.7178056207742005,
  "adv_e_nul_l2_median": 3.7507787942886353,
  "adv_e_ran_frac_mean": 0.9330156808130394,
  "adv_e_ran_frac_ci95": 0.04081711758920381,
  "adv_e_ran_frac_median": 0.9734219081266492,
  "adv_e_nul_frac_mean": 0.28587861100996964,
  "adv_e_nul_frac_ci95": 0.06520699202593626,
  "adv_e_nul_frac_median": 0.22897927699813142,
  "attack_runtime_total_sec": 8.236463390290737,
  "attack_runtime_per_example_sec": 0.25738948094658554,
  "model_name": "nsn",
  "attack_name": "adam",
  "norm": "l2",
  "eps": 1.0,
  "attack_init_mode": "surrogate",
  "eval_init_mode": "exact"
}