{
  "num_examples": 32,
  "clean_mse_mean": 0.005214737098413331,
  "clean_mse_ci95": 0.005012292206605754,
  "clean_mse_median": 0.0007965172117110342,
  "adv_mse_mean": 0.005534364182820109,
  "adv_mse_ci95": 0.00506465016237357,
  "adv_mse_median": 0.0010481468052603304,
  "mse_ratio_mean": 1.7087670829773671,
  "mse_ratio_ci95": 0.5775807689548479,
  "mse_ratio_median": 1.2781265491305485,
  "clean_rel_l2_mean": 395881.5518738907,
  "clean_rel_l2_ci95": 775926.7017092046,
  "clean_rel_l2_median": 0.6014566313302867,
  "adv_rel_l2_mean": 12906631.784652947,
  "adv_rel_l2_ci95": 25296996.96816344,
  "adv_rel_l2_median": 0.7065057780994703,
  "rel_l2_ratio_mean": 2.162820956999345,
  "rel_l2_ratio_ci95": 1.925605513373157,
  "rel_l2_ratio_median": 1.1305372965287197,
  "clean_psnr_mean": 27.974120598027856,
  "clean_psnr_ci95": 7.432011297242942,
  "clean_psnr_median": 23.476036250427295,
  "adv_psnr_mean": 25.715333429938937,
  "adv_psnr_ci95": 5.649414215966946,
  "adv_psnr_median": 22.358019424558123,
  "clean_ssim_mean": 0.4719203181223952,
  "clean_ssim_ci95": 0.09956070609428581,
  "clean_ssim_median": 0.4000595454581021,
  "adv_ssim_mean": 0.34345357966420764,
  "adv_ssim_ci95": 0.08523749817511303,
  "adv_ssim_median": 0.2718308898035112,
  "pred_shift_rel_l2_mean": 1.3437424165778717,
  "pred_shift_rel_l2_ci95": 1.9706284398582201,
  "pred_shift_rel_l2_median": 0.2742924085195838,
  "init_shift_rel_l2_mean": 12898185.871871421,
  "init_shift_rel_l2_ci95": 25280443.677085828,
  "init_shift_rel_l2_median": 0.26241680132232176,
  "delta_l2_mean": 22.56749336871144,
  "delta_l2_ci95": 1.4532480912499754,
  "delta_l2_median": 23.54024314880371,
  "delta_linf_mean": 0.40437410637605353,
  "delta_linf_ci95": 0.0318449425226654,
  "delta_linf_median": 0.40810737013816833,
  "delta_mean_abs_mean": 0.08549271102697276,
  "delta_mean_abs_ci95": 0.0056949112841800055,
  "delta_mean_abs_median": 0.0894227921962738,
  "success_rel_l2_mean": 0.0625,
  "success_rel_l2_ci95": 0.08521202209593091,
  "success_rel_l2_median": 0.0,
  "success_mse_mean": 0.09375,
  "success_mse_ci95": 0.10260886233182911,
  "success_mse_median": 0.0,
  "clean_e_ran_l2_mean": 6.207540720205316,
  "clean_e_ran_l2_ci95": 2.410405980646628,
  "clean_e_ran_l2_median": 3.6114039421081543,
  "clean_e_nul_l2_mean": 0.0876923437784427,
  "clean_e_nul_l2_ci95": 0.03923364466683789,
  "clean_e_nul_l2_median": 0.04811982251703739,
  "clean_e_ran_frac_mean": 0.9933895146117304,
  "clean_e_ran_frac_ci95": 0.012318535104891074,
  "clean_e_ran_frac_median": 0.9999565613862093,
  "clean_e_nul_frac_mean": 0.03518236970198846,
  "clean_e_nul_frac_ci95": 0.036439318784313945,
  "clean_e_nul_frac_median": 0.009331052634603102,
  "adv_e_ran_l2_mean": 6.69459490448935,
  "adv_e_ran_l2_ci95": 2.370060659845853,
  "adv_e_ran_l2_median": 4.1247875690460205,
  "adv_e_nul_l2_mean": 0.4717201326928375,
  "adv_e_nul_l2_ci95": 0.19495546716983675,
  "adv_e_nul_l2_median": 0.22665203362703323,
  "adv_e_ran_frac_mean": 0.99451647609444,
  "adv_e_ran_frac_ci95": 0.004039066618235668,
  "adv_e_ran_frac_median": 0.9986676781098689,
  "adv_e_nul_frac_mean": 0.07599106981122959,
  "adv_e_nul_frac_ci95": 0.024968277134496827,
  "adv_e_nul_frac_median": 0.05151461662877284,
  "attack_runtime_total_sec": 10.336034677922726,
  "attack_runtime_per_example_sec": 0.3230010836850852,
  "model_name": "nsn",
  "attack_name": "adam",
  "norm": "l2",
  "eps": 1.0,
  "attack_init_mode": "surrogate",
  "eval_init_mode": "exact"
}