{
  "num_examples": 32,
  "clean_mse_mean": 0.0002444049357990252,
  "clean_mse_ci95": 9.764264066303282e-05,
  "clean_mse_median": 0.0001561737371957861,
  "adv_mse_mean": 0.005590534059138008,
  "adv_mse_ci95": 0.002182140578292178,
  "adv_mse_median": 0.001736973354127258,
  "mse_ratio_mean": 99.54710370948096,
  "mse_ratio_ci95": 113.65518618056105,
  "mse_ratio_median": 12.805731351990666,
  "clean_rel_l2_mean": 0.20601266166196106,
  "clean_rel_l2_ci95": 0.041005963759138196,
  "clean_rel_l2_median": 0.1627289877600756,
  "adv_rel_l2_mean": 1.8393526865934706,
  "adv_rel_l2_ci95": 1.7160980865243711,
  "adv_rel_l2_median": 0.6199138369868407,
  "rel_l2_ratio_mean": 6.254559326374254,
  "rel_l2_ratio_ci95": 2.736484182302736,
  "rel_l2_ratio_median": 3.5777893298814325,
  "clean_psnr_mean": 33.863947689562025,
  "clean_psnr_ci95": 1.5349965577616693,
  "clean_psnr_median": 33.779344733418355,
  "adv_psnr_mean": 21.65109576075125,
  "adv_psnr_ci95": 2.5154549147560537,
  "adv_psnr_median": 22.86717044435175,
  "clean_ssim_mean": 0.7973920078598666,
  "clean_ssim_ci95": 0.05600569806024207,
  "clean_ssim_median": 0.8635761008671871,
  "adv_ssim_mean": 0.4103186020576224,
  "adv_ssim_ci95": 0.06658992781638673,
  "adv_ssim_median": 0.4277173638832877,
  "pred_shift_rel_l2_mean": 2.535916700597247,
  "pred_shift_rel_l2_ci95": 3.024388686767046,
  "pred_shift_rel_l2_median": 0.5464971222331192,
  "init_shift_rel_l2_mean": 0.44790461984356245,
  "init_shift_rel_l2_ci95": 0.3392184409205587,
  "init_shift_rel_l2_median": 0.20410068992625785,
  "delta_l2_mean": 22.518976002931595,
  "delta_l2_ci95": 0.7078301454226629,
  "delta_l2_median": 23.083614349365234,
  "delta_linf_mean": 0.3842859361320734,
  "delta_linf_ci95": 0.011830723979427443,
  "delta_linf_median": 0.379736065864563,
  "delta_mean_abs_mean": 0.08272615727037191,
  "delta_mean_abs_ci95": 0.0032856283781525983,
  "delta_mean_abs_median": 0.08510085567831993,
  "success_rel_l2_mean": 0.90625,
  "success_rel_l2_ci95": 0.10260886233182911,
  "success_rel_l2_median": 1.0,
  "success_mse_mean": 0.9375,
  "success_mse_ci95": 0.08521202209593091,
  "success_mse_median": 1.0,
  "clean_e_ran_l2_mean": 1.7281862329691648,
  "clean_e_ran_l2_ci95": 0.33622043333972507,
  "clean_e_ran_l2_median": 1.5826269388198853,
  "clean_e_nul_l2_mean": 0.2757556344149634,
  "clean_e_nul_l2_ci95": 0.060406655270341565,
  "clean_e_nul_l2_median": 0.2615845799446106,
  "clean_e_ran_frac_mean": 0.98502040768059,
  "clean_e_ran_frac_ci95": 0.004320692714802795,
  "clean_e_ran_frac_median": 0.9903500268754741,
  "clean_e_nul_frac_mean": 0.15995982205209186,
  "clean_e_nul_frac_ci95": 0.022255620717863172,
  "clean_e_nul_frac_median": 0.13858482634822952,
  "adv_e_ran_l2_mean": 7.879733372479677,
  "adv_e_ran_l2_ci95": 1.8806092132392962,
  "adv_e_ran_l2_median": 5.289504766464233,
  "adv_e_nul_l2_mean": 0.7601911025121808,
  "adv_e_nul_l2_ci95": 0.21918941350249346,
  "adv_e_nul_l2_median": 0.6571744978427887,
  "adv_e_ran_frac_mean": 0.9926951179208113,
  "adv_e_ran_frac_ci95": 0.002745903436814582,
  "adv_e_ran_frac_median": 0.9951478309343482,
  "adv_e_nul_frac_mean": 0.10817352701024464,
  "adv_e_nul_frac_ci95": 0.018607525206962464,
  "adv_e_nul_frac_median": 0.09838760182217811,
  "attack_runtime_total_sec": 15.333327986299992,
  "attack_runtime_per_example_sec": 0.47916649957187474,
  "model_name": "nsn",
  "attack_name": "adam",
  "norm": "l2",
  "eps": 1.0,
  "attack_init_mode": "surrogate",
  "eval_init_mode": "exact"
}