{
  "num_examples": 32,
  "clean_mse_mean": 0.003998774496566025,
  "clean_mse_ci95": 0.0016337170576243467,
  "clean_mse_median": 0.002342303516343236,
  "adv_mse_mean": 0.0039987746013142355,
  "adv_mse_ci95": 0.001633717205975693,
  "adv_mse_median": 0.0023423032835125923,
  "mse_ratio_mean": 0.9690596945752479,
  "mse_ratio_ci95": 0.06064288607508013,
  "mse_ratio_median": 1.0,
  "clean_rel_l2_mean": 398236.774985045,
  "clean_rel_l2_ci95": 780542.9938484716,
  "clean_rel_l2_median": 0.5586861600731814,
  "adv_rel_l2_mean": 398236.7749850209,
  "adv_rel_l2_ci95": 780542.9938484732,
  "adv_rel_l2_median": 0.558686118917578,
  "rel_l2_ratio_mean": 0.9999999548251155,
  "rel_l2_ratio_ci95": 4.237677462465482e-08,
  "rel_l2_ratio_median": 1.0,
  "clean_psnr_mean": 28.377175686923678,
  "clean_psnr_ci95": 7.551103693908109,
  "clean_psnr_median": 23.322754282898448,
  "adv_psnr_mean": 28.37717613064542,
  "adv_psnr_ci95": 7.5511036972933425,
  "adv_psnr_median": 23.32275495805502,
  "clean_ssim_mean": 0.4889459531563545,
  "clean_ssim_ci95": 0.10282324413247186,
  "clean_ssim_median": 0.39262691814374584,
  "adv_ssim_mean": 0.48894578612931344,
  "adv_ssim_ci95": 0.10282326961048781,
  "adv_ssim_median": 0.392626421645314,
  "pred_shift_rel_l2_mean": 3.339579952670674e-05,
  "pred_shift_rel_l2_ci95": 7.219231984885412e-06,
  "pred_shift_rel_l2_median": 2.6067254734947494e-05,
  "init_shift_rel_l2_mean": 3.3712198542782684e-06,
  "init_shift_rel_l2_ci95": 5.482824637544314e-07,
  "init_shift_rel_l2_median": 3.362083329370196e-06,
  "delta_l2_mean": 0.0005274665547148061,
  "delta_l2_ci95": 0.00018119804458086166,
  "delta_l2_median": 0.0003868336934829131,
  "delta_linf_mean": 4.385756831837284e-05,
  "delta_linf_ci95": 1.2080638288509191e-05,
  "delta_linf_median": 4.1961669921875e-05,
  "delta_mean_abs_mean": 1.1886618438150531e-06,
  "delta_mean_abs_ci95": 4.241175169307194e-07,
  "delta_mean_abs_median": 8.2352681829434e-07,
  "success_rel_l2_mean": 0.0,
  "success_rel_l2_ci95": 0.0,
  "success_rel_l2_median": 0.0,
  "success_mse_mean": 0.0,
  "success_mse_ci95": 0.0,
  "success_mse_median": 0.0,
  "clean_e_ran_l2_mean": 6.5540294584153,
  "clean_e_ran_l2_ci95": 1.6718941730515053,
  "clean_e_ran_l2_median": 6.194299697875977,
  "clean_e_nul_l2_mean": 0.056941784739009904,
  "clean_e_nul_l2_ci95": 0.01177551552378338,
  "clean_e_nul_l2_median": 0.054781874641776085,
  "clean_e_ran_frac_mean": 0.9936936934656642,
  "clean_e_ran_frac_ci95": 0.01207725168147357,
  "clean_e_ran_frac_median": 0.9999558072685025,
  "clean_e_nul_frac_mean": 0.03147076479503768,
  "clean_e_nul_frac_ci95": 0.03590914739605345,
  "clean_e_nul_frac_median": 0.009364582239396933,
  "adv_e_ran_l2_mean": 6.554029322442204,
  "adv_e_ran_l2_ci95": 1.671894157388678,
  "adv_e_ran_l2_median": 6.194299697875977,
  "adv_e_nul_l2_mean": 0.056939240336632224,
  "adv_e_nul_l2_ci95": 0.011777184863197156,
  "adv_e_nul_l2_median": 0.05479069985449314,
  "adv_e_ran_frac_mean": 0.9936937047657388,
  "adv_e_ran_frac_ci95": 0.012077252373543557,
  "adv_e_ran_frac_median": 0.999955705817114,
  "adv_e_nul_frac_mean": 0.03147017224548283,
  "adv_e_nul_frac_ci95": 0.035909181499326155,
  "adv_e_nul_frac_median": 0.0093654797135381,
  "attack_runtime_total_sec": 10.353378131985664,
  "attack_runtime_per_example_sec": 0.323543066624552,
  "model_name": "nsn",
  "attack_name": "adam",
  "norm": "l2",
  "eps": 1.0,
  "attack_init_mode": "surrogate",
  "eval_init_mode": "exact"
}