{
  "num_examples": 32,
  "gt_norm_mean": 36.43584167957306,
  "gt_norm_ci95": 4.266847595455006,
  "gt_norm_median": 38.57119941711426,
  "clean_mse_mean": 0.022058071263018064,
  "clean_mse_ci95": 0.006058223481454598,
  "clean_mse_median": 0.018219289369881153,
  "adv_mse_mean": 0.025682376479380764,
  "adv_mse_ci95": 0.007013822686151999,
  "adv_mse_median": 0.020545565523207188,
  "mse_ratio_mean": 1.1911811259759482,
  "mse_ratio_ci95": 0.029209416031542337,
  "mse_ratio_median": 1.164563880498537,
  "clean_rel_l2_mean": 0.4878598526120186,
  "clean_rel_l2_ci95": 0.03670799479799407,
  "clean_rel_l2_median": 0.4787667393684387,
  "adv_rel_l2_mean": 0.5332010956481099,
  "adv_rel_l2_ci95": 0.04307048995134722,
  "adv_rel_l2_median": 0.5243423283100128,
  "rel_l2_ratio_mean": 1.0907605003298828,
  "rel_l2_ratio_ci95": 0.013277681245887645,
  "rel_l2_ratio_median": 1.0791439326472516,
  "clean_psnr_mean": 13.954501059691754,
  "clean_psnr_ci95": 0.8108848721102249,
  "clean_psnr_median": 13.867110590351782,
  "adv_psnr_mean": 13.205055788201616,
  "adv_psnr_ci95": 0.8307377204285149,
  "adv_psnr_median": 13.215124424418487,
  "clean_ssim_mean": 0.12885825456301706,
  "clean_ssim_ci95": 0.005836215413283904,
  "clean_ssim_median": 0.13159771947458582,
  "adv_ssim_mean": 0.08277184314993632,
  "adv_ssim_ci95": 0.008535239851784197,
  "adv_ssim_median": 0.08640246503225125,
  "pred_shift_rel_l2_mean": 0.25097160623408854,
  "pred_shift_rel_l2_ci95": 0.052882680441554496,
  "pred_shift_rel_l2_median": 0.2074960619211197,
  "init_shift_rel_l2_mean": 0.09249645681120455,
  "init_shift_rel_l2_ci95": 0.012929709180878268,
  "init_shift_rel_l2_median": 0.07624149322509766,
  "delta_l2_mean": 41.66076219081879,
  "delta_l2_ci95": 1.2374261814767566,
  "delta_l2_median": 42.45107841491699,
  "delta_linf_mean": 0.8562923818826675,
  "delta_linf_ci95": 0.03946298111728946,
  "delta_linf_median": 0.8210301101207733,
  "delta_mean_abs_mean": 0.15815550950355828,
  "delta_mean_abs_ci95": 0.00560744295716328,
  "delta_mean_abs_median": 0.160350002348423,
  "success_rel_l2_mean": 0.0,
  "success_rel_l2_ci95": 0.0,
  "success_rel_l2_median": 0.0,
  "success_mse_mean": 0.0,
  "success_mse_ci95": 0.0,
  "success_mse_median": 0.0,
  "clean_e_ran_l2_mean": 17.65009495615959,
  "clean_e_ran_l2_ci95": 2.4793992098188755,
  "clean_e_ran_l2_median": 17.268232345581055,
  "clean_e_nul_l2_mean": 0.35379540058784187,
  "clean_e_nul_l2_ci95": 0.13240385958484896,
  "clean_e_nul_l2_median": 0.19621984660625458,
  "clean_e_ran_frac_mean": 0.9997730908755542,
  "clean_e_ran_frac_ci95": 0.00011593582711633393,
  "clean_e_ran_frac_median": 0.9999199257709899,
  "clean_e_nul_frac_mean": 0.017791716196303667,
  "clean_e_nul_frac_ci95": 0.004121668708889225,
  "clean_e_nul_frac_median": 0.012655056007934939,
  "adv_e_ran_l2_mean": 18.151572957634926,
  "adv_e_ran_l2_ci95": 2.4319425762179647,
  "adv_e_ran_l2_median": 17.79806423187256,
  "adv_e_nul_l2_mean": 5.59560782276094,
  "adv_e_nul_l2_ci95": 1.2327705535130844,
  "adv_e_nul_l2_median": 4.84052848815918,
  "adv_e_ran_frac_mean": 0.9512618894718764,
  "adv_e_ran_frac_ci95": 0.011757619055665382,
  "adv_e_ran_frac_median": 0.9589825447394298,
  "adv_e_nul_frac_mean": 0.28607511151799336,
  "adv_e_nul_frac_ci95": 0.03879688598818448,
  "adv_e_nul_frac_median": 0.2834459941698153,
  "attack_runtime_total_sec": 14.841576382517815,
  "attack_runtime_per_example_sec": 0.4637992619536817,
  "model_name": "nsn",
  "attack_name": "adam",
  "norm": "l2",
  "eps": 1.0,
  "attack_init_mode": "exact",
  "eval_init_mode": "exact"
}