{
  "num_examples": 32,
  "clean_mse_mean": 0.01398993363181944,
  "clean_mse_ci95": 0.007151969823922449,
  "clean_mse_median": 0.006825062911957502,
  "adv_mse_mean": 0.017042759251125972,
  "adv_mse_ci95": 0.007848777507465578,
  "adv_mse_median": 0.009397608693689108,
  "mse_ratio_mean": 1.421084702726223,
  "mse_ratio_ci95": 0.37150207729726453,
  "mse_ratio_median": 1.143382598727523,
  "clean_rel_l2_mean": 0.6763143557727876,
  "clean_rel_l2_ci95": 0.0352511854424152,
  "clean_rel_l2_median": 0.6809665428528042,
  "adv_rel_l2_mean": 0.7867911736659166,
  "adv_rel_l2_ci95": 0.09713145267989337,
  "adv_rel_l2_median": 0.7206765982410688,
  "rel_l2_ratio_mean": 1.1553473745145777,
  "rel_l2_ratio_ci95": 0.10338858555700334,
  "rel_l2_ratio_median": 1.0692903962784936,
  "clean_psnr_mean": 21.705169253936667,
  "clean_psnr_ci95": 1.96788769502696,
  "clean_psnr_median": 21.659070937368398,
  "adv_psnr_mean": 20.62584901078008,
  "adv_psnr_ci95": 1.8709721280423315,
  "adv_psnr_median": 20.316682849802536,
  "clean_ssim_mean": 0.3359207027042712,
  "clean_ssim_ci95": 0.07010758545908678,
  "clean_ssim_median": 0.28007634428495876,
  "adv_ssim_mean": 0.2682403872032463,
  "adv_ssim_ci95": 0.06377381704152019,
  "adv_ssim_median": 0.25237543371017973,
  "pred_shift_rel_l2_mean": 0.5123300748751058,
  "pred_shift_rel_l2_ci95": 0.2185071132869278,
  "pred_shift_rel_l2_median": 0.29789305467563887,
  "init_shift_rel_l2_mean": 0.20848607742506056,
  "init_shift_rel_l2_ci95": 0.058396231473220025,
  "init_shift_rel_l2_median": 0.16076964819198547,
  "delta_l2_mean": 29.47598260641098,
  "delta_l2_ci95": 1.3252753993382385,
  "delta_l2_median": 29.1057071685791,
  "delta_linf_mean": 0.4358082124963403,
  "delta_linf_ci95": 0.006199923398645899,
  "delta_linf_median": 0.43945837020874023,
  "delta_mean_abs_mean": 0.10094495746307075,
  "delta_mean_abs_ci95": 0.005555673408715751,
  "delta_mean_abs_median": 0.0991181805729866,
  "success_rel_l2_mean": 0.0625,
  "success_rel_l2_ci95": 0.08521202209593091,
  "success_rel_l2_median": 0.0,
  "success_mse_mean": 0.0625,
  "success_mse_ci95": 0.08521202209593091,
  "success_mse_median": 0.0,
  "clean_e_ran_l2_mean": 12.748990550637245,
  "clean_e_ran_l2_ci95": 2.8663701763939375,
  "clean_e_ran_l2_median": 10.500813961029053,
  "clean_e_nul_l2_mean": 0.3821639565285295,
  "clean_e_nul_l2_ci95": 0.1680160416716695,
  "clean_e_nul_l2_median": 0.20880305767059326,
  "clean_e_ran_frac_mean": 0.9986182332215828,
  "clean_e_ran_frac_ci95": 0.0015089359496199602,
  "clean_e_ran_frac_median": 0.9998106915431841,
  "clean_e_nul_frac_mean": 0.03291940646249164,
  "clean_e_nul_frac_ci95": 0.014344827828374195,
  "clean_e_nul_frac_median": 0.019441447468083614,
  "adv_e_ran_l2_mean": 13.055258952081203,
  "adv_e_ran_l2_ci95": 2.839232222033255,
  "adv_e_ran_l2_median": 10.79499101638794,
  "adv_e_nul_l2_mean": 4.4626529682427645,
  "adv_e_nul_l2_ci95": 1.7181848588131994,
  "adv_e_nul_l2_median": 3.7496392726898193,
  "adv_e_ran_frac_mean": 0.933019258010927,
  "adv_e_ran_frac_ci95": 0.0408288271106165,
  "adv_e_ran_frac_median": 0.9734249686633852,
  "adv_e_nul_frac_mean": 0.28584331398649115,
  "adv_e_nul_frac_ci95": 0.06521078860037532,
  "adv_e_nul_frac_median": 0.22896714954465308,
  "attack_runtime_total_sec": 8.239197194576263,
  "attack_runtime_per_example_sec": 0.25747491233050823,
  "model_name": "nsn",
  "attack_name": "adam",
  "norm": "l2",
  "eps": 1.0,
  "attack_init_mode": "surrogate",
  "eval_init_mode": "exact"
}