{
  "num_examples": 32,
  "clean_mse_mean": 0.14097880121869588,
  "clean_mse_ci95": 0.06500105910761383,
  "clean_mse_median": 0.06462686881422997,
  "adv_mse_mean": 13393.591125488281,
  "adv_mse_ci95": 103.16929070557512,
  "adv_mse_median": 13414.73828125,
  "mse_ratio_mean": 2492916531.4372635,
  "mse_ratio_ci95": 4883048553.24301,
  "mse_ratio_median": 208901.58059598698,
  "clean_rel_l2_mean": 1640852428.3582072,
  "clean_rel_l2_ci95": 3216070751.404007,
  "clean_rel_l2_median": 3.426059217464062,
  "adv_rel_l2_mean": 463304199221149.5,
  "adv_rel_l2_ci95": 908076230468598.1,
  "adv_rel_l2_median": 1988.7957124286936,
  "rel_l2_ratio_mean": 9593.160606021265,
  "rel_l2_ratio_ci95": 17248.889543091875,
  "rel_l2_ratio_median": 456.8898442219107,
  "clean_psnr_mean": 10.81995228350086,
  "clean_psnr_ci95": 4.4846684480726475,
  "clean_psnr_median": 8.741948308557479,
  "adv_psnr_mean": -44.9790075543245,
  "adv_psnr_ci95": 0.9019674967556625,
  "adv_psnr_median": -44.92646929053587,
  "clean_ssim_mean": 0.07968039912395396,
  "clean_ssim_ci95": 0.06741268615822305,
  "clean_ssim_median": 0.021026416031827845,
  "adv_ssim_mean": 9.520092768847688e-09,
  "adv_ssim_ci95": 3.2830556905801474e-07,
  "adv_ssim_median": 2.192970455590227e-08,
  "pred_shift_rel_l2_mean": 9529.736115056432,
  "pred_shift_rel_l2_ci95": 17251.976294193908,
  "pred_shift_rel_l2_median": 431.95760681379,
  "init_shift_rel_l2_mean": 463323699951879.7,
  "init_shift_rel_l2_ci95": 908114451904252.0,
  "init_shift_rel_l2_median": 432.07333741358354,
  "delta_l2_mean": 23.612454056739807,
  "delta_l2_ci95": 2.4752127790566634e-06,
  "delta_l2_median": 23.61245346069336,
  "delta_linf_mean": 0.5298392837867141,
  "delta_linf_ci95": 0.018415741763448068,
  "delta_linf_median": 0.523021012544632,
  "delta_mean_abs_mean": 0.09379835543222725,
  "delta_mean_abs_ci95": 7.682330089224658e-05,
  "delta_mean_abs_median": 0.09381507709622383,
  "success_rel_l2_mean": 1.0,
  "success_rel_l2_ci95": 0.0,
  "success_rel_l2_median": 1.0,
  "success_mse_mean": 1.0,
  "success_mse_ci95": 0.0,
  "success_mse_median": 1.0,
  "clean_e_ran_l2_mean": 38.724546905374154,
  "clean_e_ran_l2_ci95": 10.019867049513106,
  "clean_e_ran_l2_median": 32.527615547180176,
  "clean_e_nul_l2_mean": 0.14755011170605314,
  "clean_e_nul_l2_ci95": 0.048990061082939816,
  "clean_e_nul_l2_median": 0.09828616306185722,
  "clean_e_ran_frac_mean": 0.9999416483914398,
  "clean_e_ran_frac_ci95": 6.464639154334402e-05,
  "clean_e_ran_frac_median": 0.9999948942743515,
  "clean_e_nul_frac_mean": 0.006157576450694144,
  "clean_e_nul_frac_ci95": 0.0031232388184975098,
  "clean_e_nul_frac_median": 0.0031395621354580305,
  "adv_e_ran_l2_mean": 14812.543243408203,
  "adv_e_ran_l2_ci95": 57.20224301111506,
  "adv_e_ran_l2_median": 14825.18115234375,
  "adv_e_nul_l2_mean": 48.72157961130142,
  "adv_e_nul_l2_ci95": 6.805943203267862,
  "adv_e_nul_l2_median": 43.6191349029541,
  "adv_e_ran_frac_mean": 0.9999937602307905,
  "adv_e_ran_frac_ci95": 1.8064091931786782e-06,
  "adv_e_ran_frac_median": 0.9999955869530842,
  "adv_e_nul_frac_mean": 0.0032869469789745193,
  "adv_e_nul_frac_ci95": 0.00045753412138331106,
  "adv_e_nul_frac_median": 0.002964716894548596,
  "attack_runtime_total_sec": 10.150531539693475,
  "attack_runtime_per_example_sec": 0.3172041106154211,
  "model_name": "nsn",
  "attack_name": "adam",
  "norm": "l2",
  "eps": 1.0,
  "attack_init_mode": "surrogate",
  "eval_init_mode": "exact"
}