{
  "num_examples": 32,
  "clean_mse_mean": 0.013990232655942236,
  "clean_mse_ci95": 0.00715213002909428,
  "clean_mse_median": 0.006824921350926161,
  "adv_mse_mean": 0.017039511214534286,
  "adv_mse_ci95": 0.007847050949877699,
  "adv_mse_median": 0.009400782641023397,
  "mse_ratio_mean": 1.4205414113028185,
  "mse_ratio_ci95": 0.37127512874697866,
  "mse_ratio_median": 1.1429956857164125,
  "clean_rel_l2_mean": 0.6763706115209134,
  "clean_rel_l2_ci95": 0.03523193074032238,
  "clean_rel_l2_median": 0.6809379412018965,
  "adv_rel_l2_mean": 0.7867412513869385,
  "adv_rel_l2_ci95": 0.0970921181522349,
  "adv_rel_l2_median": 0.7206381582827611,
  "rel_l2_ratio_mean": 1.1551626317756287,
  "rel_l2_ratio_ci95": 0.10331882725790058,
  "rel_l2_ratio_median": 1.0691094665724483,
  "clean_psnr_mean": 21.704319373568442,
  "clean_psnr_ci95": 1.9673287421814312,
  "clean_psnr_median": 21.659160550954436,
  "adv_psnr_mean": 20.626146712335746,
  "adv_psnr_ci95": 1.8707792914217463,
  "adv_psnr_median": 20.315007792891613,
  "clean_ssim_mean": 0.33588024647978776,
  "clean_ssim_ci95": 0.0700759805289798,
  "clean_ssim_median": 0.2799553379686848,
  "adv_ssim_mean": 0.26824357583575764,
  "adv_ssim_ci95": 0.0637596648578601,
  "adv_ssim_median": 0.2528431879934803,
  "pred_shift_rel_l2_mean": 0.5121086462262338,
  "pred_shift_rel_l2_ci95": 0.21833475718977968,
  "pred_shift_rel_l2_median": 0.2979404436037545,
  "init_shift_rel_l2_mean": 0.20850814039531168,
  "init_shift_rel_l2_ci95": 0.058418027201309425,
  "init_shift_rel_l2_median": 0.16079026691108483,
  "delta_l2_mean": 29.47764152288437,
  "delta_l2_ci95": 1.325809801568734,
  "delta_l2_median": 29.103891372680664,
  "delta_linf_mean": 0.43582160864025354,
  "delta_linf_ci95": 0.006200442754793545,
  "delta_linf_median": 0.43965721130371094,
  "delta_mean_abs_mean": 0.10095415357500315,
  "delta_mean_abs_ci95": 0.005557349702869237,
  "delta_mean_abs_median": 0.0991157591342926,
  "success_rel_l2_mean": 0.0625,
  "success_rel_l2_ci95": 0.08521202209593091,
  "success_rel_l2_median": 0.0,
  "success_mse_mean": 0.0625,
  "success_mse_ci95": 0.08521202209593091,
  "success_mse_median": 0.0,
  "clean_e_ran_l2_mean": 12.749346777796745,
  "clean_e_ran_l2_ci95": 2.8662760728734233,
  "clean_e_ran_l2_median": 10.50019121170044,
  "clean_e_nul_l2_mean": 0.38215863704681396,
  "clean_e_nul_l2_ci95": 0.16801971795182566,
  "clean_e_nul_l2_median": 0.20883582532405853,
  "clean_e_ran_frac_mean": 0.9986176520735445,
  "clean_e_ran_frac_ci95": 0.0015083130288792352,
  "clean_e_ran_frac_median": 0.9998116233410808,
  "clean_e_nul_frac_mean": 0.03290952237059376,
  "clean_e_nul_frac_ci95": 0.014337819277919045,
  "clean_e_nul_frac_median": 0.01942060631636847,
  "adv_e_ran_l2_mean": 13.055502258241177,
  "adv_e_ran_l2_ci95": 2.839155136245702,
  "adv_e_ran_l2_median": 10.796079635620117,
  "adv_e_nul_l2_mean": 4.460595871321857,
  "adv_e_nul_l2_ci95": 1.716841052801622,
  "adv_e_nul_l2_median": 3.7491636276245117,
  "adv_e_ran_frac_mean": 0.933060861955753,
  "adv_e_ran_frac_ci95": 0.04080976209936566,
  "adv_e_ran_frac_median": 0.9734403323098915,
  "adv_e_nul_frac_mean": 0.2857812107527005,
  "adv_e_nul_frac_ci95": 0.06518571859538898,
  "adv_e_nul_frac_median": 0.2289303021172963,
  "attack_runtime_total_sec": 8.226398263126612,
  "attack_runtime_per_example_sec": 0.2570749457227066,
  "model_name": "nsn",
  "attack_name": "adam",
  "norm": "l2",
  "eps": 1.0,
  "attack_init_mode": "surrogate",
  "eval_init_mode": "exact"
}