{
  "num_examples": 32,
  "gt_norm_mean": 36.11315447092056,
  "gt_norm_ci95": 4.385454180357387,
  "gt_norm_median": 36.00058174133301,
  "clean_mse_mean": 0.018984608228493016,
  "clean_mse_ci95": 0.004442256909316779,
  "clean_mse_median": 0.0133665194734931,
  "adv_mse_mean": 0.02165094499650877,
  "adv_mse_ci95": 0.0049001498492661786,
  "adv_mse_median": 0.015442670322954655,
  "mse_ratio_mean": 1.1737558611559273,
  "mse_ratio_ci95": 0.027315436024642176,
  "mse_ratio_median": 1.1550110880863529,
  "clean_rel_l2_mean": 0.4675287315621972,
  "clean_rel_l2_ci95": 0.027572887400620815,
  "clean_rel_l2_median": 0.48156148195266724,
  "adv_rel_l2_mean": 0.5065320944413543,
  "adv_rel_l2_ci95": 0.03128150041808074,
  "adv_rel_l2_median": 0.5070708096027374,
  "rel_l2_ratio_mean": 1.0828263301687255,
  "rel_l2_ratio_ci95": 0.01241118436164422,
  "rel_l2_ratio_median": 1.0747134324134087,
  "clean_psnr_mean": 13.916113260526899,
  "clean_psnr_ci95": 0.6476434486336425,
  "clean_psnr_median": 13.827943888574989,
  "adv_psnr_mean": 13.229449902343873,
  "adv_psnr_ci95": 0.6348793647109184,
  "adv_psnr_median": 13.245945236388936,
  "clean_ssim_mean": 0.1353768335326807,
  "clean_ssim_ci95": 0.006994241322996166,
  "clean_ssim_median": 0.13204744633562449,
  "adv_ssim_mean": 0.08981864205315859,
  "adv_ssim_ci95": 0.007761081176416233,
  "adv_ssim_median": 0.08897347545731851,
  "pred_shift_rel_l2_mean": 0.21307442779652774,
  "pred_shift_rel_l2_ci95": 0.033369161054210346,
  "pred_shift_rel_l2_median": 0.1887153536081314,
  "init_shift_rel_l2_mean": 0.09019277524203062,
  "init_shift_rel_l2_ci95": 0.011679246332331814,
  "init_shift_rel_l2_median": 0.08171139284968376,
  "delta_l2_mean": 41.96701455116272,
  "delta_l2_ci95": 0.9505912632508745,
  "delta_l2_median": 42.33754920959473,
  "delta_linf_mean": 0.8801629915833473,
  "delta_linf_ci95": 0.03507677283119928,
  "delta_linf_median": 0.8517236113548279,
  "delta_mean_abs_mean": 0.15918781515210867,
  "delta_mean_abs_ci95": 0.004277595701369321,
  "delta_mean_abs_median": 0.16113346070051193,
  "success_rel_l2_mean": 0.0,
  "success_rel_l2_ci95": 0.0,
  "success_rel_l2_median": 0.0,
  "success_mse_mean": 0.0,
  "success_mse_ci95": 0.0,
  "success_mse_median": 0.0,
  "clean_e_ran_l2_mean": 16.655762165784836,
  "clean_e_ran_l2_ci95": 2.0397195652049196,
  "clean_e_ran_l2_median": 14.79421854019165,
  "clean_e_nul_l2_mean": 0.2128553392831236,
  "clean_e_nul_l2_ci95": 0.03703642425105483,
  "clean_e_nul_l2_median": 0.18501020967960358,
  "clean_e_ran_frac_mean": 0.9999071922883986,
  "clean_e_ran_frac_ci95": 2.469591448661163e-05,
  "clean_e_ran_frac_median": 0.9999415832489668,
  "clean_e_nul_frac_mean": 0.01286978668288835,
  "clean_e_nul_frac_ci95": 0.0015718087502519214,
  "clean_e_nul_frac_median": 0.010801728065643402,
  "adv_e_ran_l2_mean": 17.161801621317863,
  "adv_e_ran_l2_ci95": 2.0105601874096948,
  "adv_e_ran_l2_median": 15.29178524017334,
  "adv_e_nul_l2_mean": 4.832641288638115,
  "adv_e_nul_l2_ci95": 0.723775666349408,
  "adv_e_nul_l2_median": 4.490904331207275,
  "adv_e_ran_frac_mean": 0.9585232184791059,
  "adv_e_ran_frac_ci95": 0.008177274077434432,
  "adv_e_ran_frac_median": 0.9626637008182888,
  "adv_e_nul_frac_mean": 0.2734722541799798,
  "adv_e_nul_frac_ci95": 0.02705466160680344,
  "adv_e_nul_frac_median": 0.2706896733554712,
  "attack_runtime_total_sec": 56.11921086162329,
  "attack_runtime_per_example_sec": 1.7537253394257277,
  "model_name": "nsn",
  "attack_name": "adam",
  "norm": "l2",
  "eps": 1.0,
  "attack_init_mode": "exact",
  "eval_init_mode": "exact"
}