{
  "num_examples": 32,
  "clean_mse_mean": 0.02341914686257951,
  "clean_mse_ci95": 0.003650519209092413,
  "clean_mse_median": 0.019904201850295067,
  "adv_mse_mean": 0.3322896775789559,
  "adv_mse_ci95": 0.03289682249936716,
  "adv_mse_median": 0.339372456073761,
  "mse_ratio_mean": 15.503427569126806,
  "mse_ratio_ci95": 1.6576848847253387,
  "mse_ratio_median": 15.471705235948718,
  "clean_rel_l2_mean": 0.48866418625844815,
  "clean_rel_l2_ci95": 0.03356712321254711,
  "clean_rel_l2_median": 0.4674879168455116,
  "adv_rel_l2_mean": 1.853383059430438,
  "adv_rel_l2_ci95": 0.08245496050402495,
  "adv_rel_l2_median": 1.8278493234310549,
  "rel_l2_ratio_mean": 3.8873924109929288,
  "rel_l2_ratio_ci95": 0.22029311694334733,
  "rel_l2_ratio_median": 3.9333977145256016,
  "clean_psnr_mean": 16.658497125490953,
  "clean_psnr_ci95": 0.5977579735268983,
  "clean_psnr_median": 17.013095133654783,
  "adv_psnr_mean": 4.989494511802901,
  "adv_psnr_ci95": 0.4958046345505759,
  "adv_psnr_median": 4.693237131226319,
  "clean_ssim_mean": 0.3673120292713504,
  "clean_ssim_ci95": 0.012680506502143408,
  "clean_ssim_median": 0.37049657024879984,
  "adv_ssim_mean": 0.053537171284962534,
  "adv_ssim_ci95": 0.01949837827790153,
  "adv_ssim_median": 0.04732315504988516,
  "pred_shift_rel_l2_mean": 1.524183357648924,
  "pred_shift_rel_l2_ci95": 0.0750055673318712,
  "pred_shift_rel_l2_median": 1.4926873363884992,
  "init_shift_rel_l2_mean": 0.07887299739403157,
  "init_shift_rel_l2_ci95": 0.004647906138702984,
  "init_shift_rel_l2_median": 0.07900829968480313,
  "delta_l2_mean": 45.135120272636414,
  "delta_l2_ci95": 0.9960841539496159,
  "delta_l2_median": 45.33395767211914,
  "delta_linf_mean": 0.46893762797117233,
  "delta_linf_ci95": 0.0006077170695526237,
  "delta_linf_median": 0.4690573215484619,
  "delta_mean_abs_mean": 0.18340002605691552,
  "delta_mean_abs_ci95": 0.004936504794511015,
  "delta_mean_abs_median": 0.18468789011240005,
  "success_rel_l2_mean": 1.0,
  "success_rel_l2_ci95": 0.0,
  "success_rel_l2_median": 1.0,
  "success_mse_mean": 1.0,
  "success_mse_ci95": 0.0,
  "success_mse_median": 1.0,
  "clean_e_ran_l2_mean": 14.571323692798615,
  "clean_e_ran_l2_ci95": 1.3888116992014279,
  "clean_e_ran_l2_median": 13.47878360748291,
  "clean_e_nul_l2_mean": 11.623134672641754,
  "clean_e_nul_l2_ci95": 0.6776267856145065,
  "clean_e_nul_l2_median": 11.620597839355469,
  "clean_e_ran_frac_mean": 0.751988806552699,
  "clean_e_ran_frac_ci95": 0.023005730761746262,
  "clean_e_ran_frac_median": 0.7580721262904415,
  "clean_e_nul_frac_mean": 0.6151013312598664,
  "clean_e_nul_frac_ci95": 0.027233583728477815,
  "clean_e_nul_frac_median": 0.6164533478264731,
  "adv_e_ran_l2_mean": 55.83939027786255,
  "adv_e_ran_l2_ci95": 4.390579868841428,
  "adv_e_ran_l2_median": 58.378190994262695,
  "adv_e_nul_l2_mean": 42.79065161943436,
  "adv_e_nul_l2_ci95": 2.615762521600899,
  "adv_e_nul_l2_median": 40.57590866088867,
  "adv_e_ran_frac_mean": 0.7593064333180166,
  "adv_e_ran_frac_ci95": 0.032213332805844284,
  "adv_e_ran_frac_median": 0.7959514168190944,
  "adv_e_nul_frac_mean": 0.5934289635314183,
  "adv_e_nul_frac_ci95": 0.03562813014599387,
  "adv_e_nul_frac_median": 0.5566494972051854,
  "attack_runtime_total_sec": 7.468786470592022,
  "attack_runtime_per_example_sec": 0.23339957720600069,
  "model_name": "nsn",
  "attack_name": "adam",
  "norm": "l2",
  "eps": 1.0,
  "attack_init_mode": "surrogate",
  "eval_init_mode": "exact"
}