{
  "num_examples": 32,
  "clean_mse_mean": 0.0014023870153323514,
  "clean_mse_ci95": 0.0005037581257593255,
  "clean_mse_median": 0.0008920884865801781,
  "adv_mse_mean": 0.038002260531357024,
  "adv_mse_ci95": 0.011979734640875464,
  "adv_mse_median": 0.02869379334151745,
  "mse_ratio_mean": 31.222771633440146,
  "mse_ratio_ci95": 9.29742789992696,
  "mse_ratio_median": 20.374668409362837,
  "clean_rel_l2_mean": 0.7378177506309833,
  "clean_rel_l2_ci95": 0.20508282536090472,
  "clean_rel_l2_median": 0.5150106156013516,
  "adv_rel_l2_mean": 3.703585599299662,
  "adv_rel_l2_ci95": 1.1668783234596305,
  "adv_rel_l2_median": 2.2128197680574875,
  "rel_l2_ratio_mean": 5.105308870683595,
  "rel_l2_ratio_ci95": 0.7995410732945702,
  "rel_l2_ratio_median": 4.513012138331631,
  "clean_psnr_mean": 25.03065899212958,
  "clean_psnr_ci95": 1.2251683703627676,
  "clean_psnr_median": 25.520136457066666,
  "adv_psnr_mean": 11.759110537747334,
  "adv_psnr_ci95": 1.9334423770035427,
  "adv_psnr_median": 10.63949963931872,
  "clean_ssim_mean": 0.16601394710822073,
  "clean_ssim_ci95": 0.029423795901664884,
  "clean_ssim_median": 0.14908666642027385,
  "adv_ssim_mean": 0.0978302397327522,
  "adv_ssim_ci95": 0.016381222954497784,
  "adv_ssim_median": 0.10116000870861731,
  "pred_shift_rel_l2_mean": 2.306573798471701,
  "pred_shift_rel_l2_ci95": 0.5394708281143525,
  "pred_shift_rel_l2_median": 1.7379923085383329,
  "init_shift_rel_l2_mean": 0.4330567229244212,
  "init_shift_rel_l2_ci95": 0.1425423673791491,
  "init_shift_rel_l2_median": 0.2838055188058254,
  "delta_l2_mean": 30.630127727985382,
  "delta_l2_ci95": 0.2578392712771724,
  "delta_l2_median": 30.952659606933594,
  "delta_linf_mean": 0.4140922175720334,
  "delta_linf_ci95": 0.014159435689835052,
  "delta_linf_median": 0.42980098724365234,
  "delta_mean_abs_mean": 0.11785264988429844,
  "delta_mean_abs_ci95": 0.001866731876096443,
  "delta_mean_abs_median": 0.11914987117052078,
  "success_rel_l2_mean": 1.0,
  "success_rel_l2_ci95": 0.0,
  "success_rel_l2_median": 1.0,
  "success_mse_mean": 1.0,
  "success_mse_ci95": 0.0,
  "success_mse_median": 1.0,
  "clean_e_ran_l2_mean": 4.025109529495239,
  "clean_e_ran_l2_ci95": 0.4449816607912809,
  "clean_e_ran_l2_median": 3.634647488594055,
  "clean_e_nul_l2_mean": 1.5206213505007327,
  "clean_e_nul_l2_ci95": 0.5380311170917362,
  "clean_e_nul_l2_median": 0.9074333906173706,
  "clean_e_ran_frac_mean": 0.919659739498972,
  "clean_e_ran_frac_ci95": 0.034982666617958215,
  "clean_e_ran_frac_median": 0.9667298790983905,
  "clean_e_nul_frac_mean": 0.29396801236423276,
  "clean_e_nul_frac_ci95": 0.07574729590725654,
  "clean_e_nul_frac_median": 0.2486463003844728,
  "adv_e_ran_l2_mean": 12.836967572569847,
  "adv_e_ran_l2_ci95": 2.6052387494693168,
  "adv_e_ran_l2_median": 11.274593830108643,
  "adv_e_nul_l2_mean": 17.083426851779222,
  "adv_e_nul_l2_ci95": 3.0946866927576018,
  "adv_e_nul_l2_median": 15.65342092514038,
  "adv_e_ran_frac_mean": 0.5799721530608625,
  "adv_e_ran_frac_ci95": 0.0488237844343279,
  "adv_e_ran_frac_median": 0.5626546994260706,
  "adv_e_nul_frac_mean": 0.756569900739741,
  "adv_e_nul_frac_ci95": 0.04603254693558589,
  "adv_e_nul_frac_median": 0.7843599035030835,
  "attack_runtime_total_sec": 7.4561764150857925,
  "attack_runtime_per_example_sec": 0.23300551297143102,
  "model_name": "nsn",
  "attack_name": "adam",
  "norm": "l2",
  "eps": 1.0,
  "attack_init_mode": "surrogate",
  "eval_init_mode": "exact"
}