{
  "num_examples": 32,
  "clean_mse_mean": 0.0002785224686476795,
  "clean_mse_ci95": 0.00010500352655485085,
  "clean_mse_median": 0.00015356764197349548,
  "adv_mse_mean": 0.004358595238500129,
  "adv_mse_ci95": 0.002035818681821089,
  "adv_mse_median": 0.001289980486035347,
  "mse_ratio_mean": 30.160922648178673,
  "mse_ratio_ci95": 15.45343857564781,
  "mse_ratio_median": 6.086370258230861,
  "clean_rel_l2_mean": 0.19642778757104146,
  "clean_rel_l2_ci95": 0.038148732210543566,
  "clean_rel_l2_median": 0.16938574797207084,
  "adv_rel_l2_mean": 0.7255944436728509,
  "adv_rel_l2_ci95": 0.1903021159018652,
  "adv_rel_l2_median": 0.4677895302977546,
  "rel_l2_ratio_mean": 4.261867451627316,
  "rel_l2_ratio_ci95": 1.2193234739990884,
  "rel_l2_ratio_median": 2.4665643178498327,
  "clean_psnr_mean": 33.21275073232967,
  "clean_psnr_ci95": 1.361427685633967,
  "clean_psnr_median": 32.41134011472203,
  "adv_psnr_mean": 23.199274882215548,
  "adv_psnr_ci95": 2.6571811885961125,
  "adv_psnr_median": 24.158797816852292,
  "clean_ssim_mean": 0.7808324293738153,
  "clean_ssim_ci95": 0.050389121599885185,
  "clean_ssim_median": 0.8075965461647177,
  "adv_ssim_mean": 0.4455444623969654,
  "adv_ssim_ci95": 0.06854578669107479,
  "adv_ssim_median": 0.4414616734123673,
  "pred_shift_rel_l2_mean": 0.6757371439353398,
  "pred_shift_rel_l2_ci95": 0.2241416234363705,
  "pred_shift_rel_l2_median": 0.3753535190880953,
  "init_shift_rel_l2_mean": 0.28318474284589157,
  "init_shift_rel_l2_ci95": 0.13089779943153976,
  "init_shift_rel_l2_median": 0.17013722738842857,
  "delta_l2_mean": 23.302181273698807,
  "delta_l2_ci95": 0.7774167299242312,
  "delta_l2_median": 23.892803192138672,
  "delta_linf_mean": 0.39341498352587223,
  "delta_linf_ci95": 0.015107168473269657,
  "delta_linf_median": 0.39699001610279083,
  "delta_mean_abs_mean": 0.08653921470977366,
  "delta_mean_abs_ci95": 0.0037308225904288837,
  "delta_mean_abs_median": 0.08901089802384377,
  "success_rel_l2_mean": 0.84375,
  "success_rel_l2_ci95": 0.12781803314389636,
  "success_rel_l2_median": 1.0,
  "success_mse_mean": 0.90625,
  "success_mse_ci95": 0.10260886233182911,
  "success_mse_median": 1.0,
  "clean_e_ran_l2_mean": 1.873479900881648,
  "clean_e_ran_l2_ci95": 0.3413639149544006,
  "clean_e_ran_l2_median": 1.565108299255371,
  "clean_e_nul_l2_mean": 0.28593915118835866,
  "clean_e_nul_l2_ci95": 0.062264332671882784,
  "clean_e_nul_l2_median": 0.23169495165348053,
  "clean_e_ran_frac_mean": 0.9866491088634074,
  "clean_e_ran_frac_ci95": 0.0034461031017328286,
  "clean_e_ran_frac_median": 0.9903468967226243,
  "clean_e_nul_frac_mean": 0.15272271681756913,
  "clean_e_nul_frac_ci95": 0.019611012597778348,
  "clean_e_nul_frac_median": 0.13861065554961347,
  "adv_e_ran_l2_mean": 6.818356614559889,
  "adv_e_ran_l2_ci95": 1.7425704906913133,
  "adv_e_ran_l2_median": 4.54524302482605,
  "adv_e_nul_l2_mean": 0.5605707832146436,
  "adv_e_nul_l2_ci95": 0.11318130581959582,
  "adv_e_nul_l2_median": 0.5013483464717865,
  "adv_e_ran_frac_mean": 0.9940346566300036,
  "adv_e_ran_frac_ci95": 0.0024854314181878773,
  "adv_e_ran_frac_median": 0.9965463701441087,
  "adv_e_nul_frac_mean": 0.09717264784029372,
  "adv_e_nul_frac_ci95": 0.0172554743700575,
  "adv_e_nul_frac_median": 0.08303704557671451,
  "attack_runtime_total_sec": 15.322550632059574,
  "attack_runtime_per_example_sec": 0.4788297072518617,
  "model_name": "nsn",
  "attack_name": "adam",
  "norm": "l2",
  "eps": 1.0,
  "attack_init_mode": "surrogate",
  "eval_init_mode": "exact"
}