{
  "num_examples": 32,
  "clean_mse_mean": 0.003316858800903501,
  "clean_mse_ci95": 0.0018115776445273156,
  "clean_mse_median": 0.0010761203011497855,
  "adv_mse_mean": 0.005087746183562558,
  "adv_mse_ci95": 0.0025164124076407605,
  "adv_mse_median": 0.0022453987039625645,
  "mse_ratio_mean": 8722511.191059766,
  "mse_ratio_ci95": 17096117.66105465,
  "mse_ratio_median": 1.8416302354430854,
  "clean_rel_l2_mean": 11511212.947791893,
  "clean_rel_l2_ci95": 22561976.48355592,
  "clean_rel_l2_median": 0.4660742025271497,
  "adv_rel_l2_mean": 192316859961.19235,
  "adv_rel_l2_ci95": 376941045522.64954,
  "adv_rel_l2_median": 0.5926617095443376,
  "rel_l2_ratio_mean": 523.4860757768733,
  "rel_l2_ratio_ci95": 1023.2104120021847,
  "rel_l2_ratio_median": 1.3570461959781244,
  "clean_psnr_mean": 27.667378631054202,
  "clean_psnr_ci95": 5.770526089931927,
  "clean_psnr_median": 23.580286201028493,
  "adv_psnr_mean": 22.15376304273934,
  "adv_psnr_ci95": 1.9421587874825148,
  "adv_psnr_median": 21.250929973101456,
  "clean_ssim_mean": 0.33868701940624213,
  "clean_ssim_ci95": 0.09721669853300159,
  "clean_ssim_median": 0.210447529513343,
  "adv_ssim_mean": 0.2183804845138976,
  "adv_ssim_ci95": 0.07430785951048821,
  "adv_ssim_median": 0.11777186335123903,
  "pred_shift_rel_l2_mean": 522.4732944893636,
  "pred_shift_rel_l2_ci95": 1023.2643736638281,
  "pred_shift_rel_l2_median": 0.3391859546799822,
  "init_shift_rel_l2_mean": 30598053708.992203,
  "init_shift_rel_l2_ci95": 59972185268.977936,
  "init_shift_rel_l2_median": 0.25419126942070475,
  "delta_l2_mean": 35.4865317940712,
  "delta_l2_ci95": 2.0428142927932766,
  "delta_l2_median": 36.3360538482666,
  "delta_linf_mean": 0.6430058628320694,
  "delta_linf_ci95": 0.03560244550601574,
  "delta_linf_median": 0.6585757732391357,
  "delta_mean_abs_mean": 0.13393991254270077,
  "delta_mean_abs_ci95": 0.008744477828686072,
  "delta_mean_abs_median": 0.13530617207288742,
  "success_rel_l2_mean": 0.375,
  "success_rel_l2_ci95": 0.17042404419186183,
  "success_rel_l2_median": 0.0,
  "success_mse_mean": 0.375,
  "success_mse_ci95": 0.17042404419186183,
  "success_mse_median": 0.0,
  "clean_e_ran_l2_mean": 5.804159395730281,
  "clean_e_ran_l2_ci95": 1.596901373216996,
  "clean_e_ran_l2_median": 4.185354709625244,
  "clean_e_nul_l2_mean": 0.2209869946946128,
  "clean_e_nul_l2_ci95": 0.05910710207372566,
  "clean_e_nul_l2_median": 0.1810683086514473,
  "clean_e_ran_frac_mean": 0.9671949039994229,
  "clean_e_ran_frac_ci95": 0.060087555588332155,
  "clean_e_ran_frac_median": 0.999198393127629,
  "clean_e_nul_frac_mean": 0.08057417280264709,
  "clean_e_nul_frac_ci95": 0.059851365055833494,
  "clean_e_nul_frac_median": 0.0400137236126083,
  "adv_e_ran_l2_mean": 6.916874095797539,
  "adv_e_ran_l2_ci95": 1.5395802931571103,
  "adv_e_ran_l2_median": 5.846880197525024,
  "adv_e_nul_l2_mean": 2.5386077323928475,
  "adv_e_nul_l2_ci95": 1.110007447105488,
  "adv_e_nul_l2_median": 1.3577726483345032,
  "adv_e_ran_frac_mean": 0.9087985650427567,
  "adv_e_ran_frac_ci95": 0.05973549353000169,
  "adv_e_ran_frac_median": 0.9794877137308744,
  "adv_e_nul_frac_mean": 0.30550561345936866,
  "adv_e_nul_frac_ci95": 0.0802408814670735,
  "adv_e_nul_frac_median": 0.2015037034150874,
  "attack_runtime_total_sec": 8.309049881994724,
  "attack_runtime_per_example_sec": 0.25965780881233513,
  "model_name": "nsn",
  "attack_name": "adam",
  "norm": "l2",
  "eps": 1.0,
  "attack_init_mode": "surrogate",
  "eval_init_mode": "exact"
}