{
  "num_examples": 32,
  "clean_mse_mean": 0.002817629086166562,
  "clean_mse_ci95": 0.0019433576793222058,
  "clean_mse_median": 0.001255188079085201,
  "adv_mse_mean": 0.003136594439183682,
  "adv_mse_ci95": 0.0019760994988417472,
  "adv_mse_median": 0.0015176385641098022,
  "mse_ratio_mean": 1.4622503065506245,
  "mse_ratio_ci95": 0.18075608363648518,
  "mse_ratio_median": 1.2364102879863705,
  "clean_rel_l2_mean": 0.5599868486720632,
  "clean_rel_l2_ci95": 0.06067053521245882,
  "clean_rel_l2_median": 0.5302339275140213,
  "adv_rel_l2_mean": 0.6718534450212279,
  "adv_rel_l2_ci95": 0.08444720567556903,
  "adv_rel_l2_median": 0.6258810967413497,
  "rel_l2_ratio_mean": 1.1943083675913304,
  "rel_l2_ratio_ci95": 0.06667884505259043,
  "rel_l2_ratio_median": 1.1119384973106547,
  "clean_psnr_mean": 26.02520693943196,
  "clean_psnr_ci95": 1.96458261162699,
  "clean_psnr_median": 24.559382566116064,
  "adv_psnr_mean": 24.578186609627753,
  "adv_psnr_ci95": 1.5990223196072726,
  "adv_psnr_median": 23.635867123657064,
  "clean_ssim_mean": 0.49701978232050936,
  "clean_ssim_ci95": 0.09311852706561898,
  "clean_ssim_median": 0.4737782291033307,
  "adv_ssim_mean": 0.35821385161793795,
  "adv_ssim_ci95": 0.07727393079525867,
  "adv_ssim_median": 0.2891385756945645,
  "pred_shift_rel_l2_mean": 0.41932294275744875,
  "pred_shift_rel_l2_ci95": 0.1516800047399316,
  "pred_shift_rel_l2_median": 0.21187904366799704,
  "init_shift_rel_l2_mean": 0.4051898449673112,
  "init_shift_rel_l2_ci95": 0.146989773461291,
  "init_shift_rel_l2_median": 0.2069980172433033,
  "delta_l2_mean": 23.187292635440826,
  "delta_l2_ci95": 0.6337881634737708,
  "delta_l2_median": 23.911487579345703,
  "delta_linf_mean": 0.4038285408169031,
  "delta_linf_ci95": 0.01883047080878637,
  "delta_linf_median": 0.3924037665128708,
  "delta_mean_abs_mean": 0.0880514804739505,
  "delta_mean_abs_ci95": 0.0033929162194595215,
  "delta_mean_abs_median": 0.09193441271781921,
  "success_rel_l2_mean": 0.09375,
  "success_rel_l2_ci95": 0.10260886233182911,
  "success_rel_l2_median": 0.0,
  "success_mse_mean": 0.15625,
  "success_mse_ci95": 0.12781803314389636,
  "success_mse_median": 0.0,
  "clean_e_ran_l2_mean": 5.311294961720705,
  "clean_e_ran_l2_ci95": 1.4912061091689732,
  "clean_e_ran_l2_median": 4.534639835357666,
  "clean_e_nul_l2_mean": 0.07402985059889033,
  "clean_e_nul_l2_ci95": 0.02353461317279008,
  "clean_e_nul_l2_median": 0.05043344385921955,
  "clean_e_ran_frac_mean": 0.9990668760251376,
  "clean_e_ran_frac_ci95": 0.001423353903751124,
  "clean_e_ran_frac_median": 0.9999407464040653,
  "clean_e_nul_frac_mean": 0.022269296646734563,
  "clean_e_nul_frac_ci95": 0.01294906652140834,
  "clean_e_nul_frac_median": 0.010882263024275817,
  "adv_e_ran_l2_mean": 5.847539138048887,
  "adv_e_ran_l2_ci95": 1.4502752383223665,
  "adv_e_ran_l2_median": 4.983777761459351,
  "adv_e_nul_l2_mean": 0.33156251907348633,
  "adv_e_nul_l2_ci95": 0.1186661382644079,
  "adv_e_nul_l2_median": 0.2194826453924179,
  "adv_e_ran_frac_mean": 0.9933153187412487,
  "adv_e_ran_frac_ci95": 0.006304689308591028,
  "adv_e_ran_frac_median": 0.9990772284420713,
  "adv_e_nul_frac_mean": 0.07703771300524259,
  "adv_e_nul_frac_ci95": 0.029597714826218736,
  "adv_e_nul_frac_median": 0.04293596174264974,
  "attack_runtime_total_sec": 10.373051166534424,
  "attack_runtime_per_example_sec": 0.32415784895420074,
  "model_name": "nsn",
  "attack_name": "adam",
  "norm": "l2",
  "eps": 1.0,
  "attack_init_mode": "surrogate",
  "eval_init_mode": "exact"
}