{
  "num_examples": 32,
  "clean_mse_mean": 0.00022755048396860822,
  "clean_mse_ci95": 7.966439586974416e-05,
  "clean_mse_median": 0.00011488140080473386,
  "adv_mse_mean": 0.007579308404274343,
  "adv_mse_ci95": 0.004542524197951254,
  "adv_mse_median": 0.0012932397658005357,
  "mse_ratio_mean": 10997.824074656606,
  "mse_ratio_ci95": 21481.799381823803,
  "mse_ratio_median": 15.13176093649242,
  "clean_rel_l2_mean": 958483549.9798231,
  "clean_rel_l2_ci95": 1878627757.5283315,
  "clean_rel_l2_median": 0.19329260795731446,
  "adv_rel_l2_mean": 567662477494.3346,
  "adv_rel_l2_ci95": 1112618455886.7744,
  "adv_rel_l2_median": 0.6020950359130376,
  "rel_l2_ratio_mean": 23.223361399062835,
  "rel_l2_ratio_ci95": 36.00061513276762,
  "rel_l2_ratio_median": 3.8592184627835993,
  "clean_psnr_mean": 35.32646746370975,
  "clean_psnr_ci95": 2.646568822689411,
  "clean_psnr_median": 33.81405031741879,
  "adv_psnr_mean": 22.32804309485226,
  "adv_psnr_ci95": 2.4335271742197073,
  "adv_psnr_median": 24.069991299392807,
  "clean_ssim_mean": 0.8331834011715615,
  "clean_ssim_ci95": 0.045997904865626514,
  "clean_ssim_median": 0.8637882054900289,
  "adv_ssim_mean": 0.41298423484263425,
  "adv_ssim_ci95": 0.05865771148143317,
  "adv_ssim_median": 0.45499786320133373,
  "pred_shift_rel_l2_mean": 19.57328898659576,
  "pred_shift_rel_l2_ci95": 36.20469292681821,
  "pred_shift_rel_l2_median": 0.5840908084407044,
  "init_shift_rel_l2_mean": 51432777196.686134,
  "init_shift_rel_l2_ci95": 100808243304.45834,
  "init_shift_rel_l2_median": 0.34389537449322527,
  "delta_l2_mean": 28.663440763950348,
  "delta_l2_ci95": 1.3706070149620067,
  "delta_l2_median": 31.088808059692383,
  "delta_linf_mean": 0.40396264661103487,
  "delta_linf_ci95": 0.01357121450268359,
  "delta_linf_median": 0.41305530071258545,
  "delta_mean_abs_mean": 0.10837298829574138,
  "delta_mean_abs_ci95": 0.006438053884748281,
  "delta_mean_abs_median": 0.11612432822585106,
  "success_rel_l2_mean": 0.90625,
  "success_rel_l2_ci95": 0.10260886233182911,
  "success_rel_l2_median": 1.0,
  "success_mse_mean": 0.9375,
  "success_mse_ci95": 0.08521202209593091,
  "success_mse_median": 1.0,
  "clean_e_ran_l2_mean": 1.2445335597149096,
  "clean_e_ran_l2_ci95": 0.2855227418089133,
  "clean_e_ran_l2_median": 1.048350989818573,
  "clean_e_nul_l2_mean": 1.036262428424834,
  "clean_e_nul_l2_ci95": 0.19840090752691422,
  "clean_e_nul_l2_median": 0.9433364570140839,
  "clean_e_ran_frac_mean": 0.7302470613334864,
  "clean_e_ran_frac_ci95": 0.04212203962938515,
  "clean_e_ran_frac_median": 0.7520486108241282,
  "clean_e_nul_frac_mean": 0.6255846716642681,
  "clean_e_nul_frac_ci95": 0.05458604494173261,
  "clean_e_nul_frac_median": 0.6326154742673982,
  "adv_e_ran_l2_mean": 4.397968880832195,
  "adv_e_ran_l2_ci95": 1.1936787065908798,
  "adv_e_ran_l2_median": 3.255426526069641,
  "adv_e_nul_l2_mean": 6.524326208047569,
  "adv_e_nul_l2_ci95": 2.3684267523081517,
  "adv_e_nul_l2_median": 2.816010594367981,
  "adv_e_ran_frac_mean": 0.6537974420399457,
  "adv_e_ran_frac_ci95": 0.08104236503692225,
  "adv_e_ran_frac_median": 0.6295182276079817,
  "adv_e_nul_frac_mean": 0.6644562674137038,
  "adv_e_nul_frac_ci95": 0.07886481939659276,
  "adv_e_nul_frac_median": 0.7440804755252278,
  "attack_runtime_total_sec": 7.448467023670673,
  "attack_runtime_per_example_sec": 0.23276459448970854,
  "model_name": "nsn",
  "attack_name": "adam",
  "norm": "l2",
  "eps": 1.0,
  "attack_init_mode": "surrogate",
  "eval_init_mode": "exact"
}