{
  "num_examples": 32,
  "clean_mse_mean": 807.6080396158219,
  "clean_mse_ci95": 393.2424649391767,
  "clean_mse_median": 246.48208618164062,
  "adv_mse_mean": 48849.68078613281,
  "adv_mse_ci95": 5673.1487232526515,
  "adv_mse_median": 45442.41796875,
  "mse_ratio_mean": 7150736764.694131,
  "mse_ratio_ci95": 14015434876.932947,
  "mse_ratio_median": 178.7630696408143,
  "clean_rel_l2_mean": 1713429094.6790802,
  "clean_rel_l2_ci95": 3358320589.5205736,
  "clean_rel_l2_median": 187.50823260081677,
  "adv_rel_l2_mean": 819627075199603.6,
  "adv_rel_l2_ci95": 1606469067382541.0,
  "adv_rel_l2_median": 2885.0974745829135,
  "rel_l2_ratio_mean": 14979.55957906755,
  "rel_l2_ratio_ci95": 29297.28617133675,
  "rel_l2_ratio_median": 13.356874349338483,
  "clean_psnr_mean": -20.85158726391888,
  "clean_psnr_ci95": 6.480486634883772,
  "clean_psnr_median": -23.877439682495933,
  "adv_psnr_mean": -46.758072526150926,
  "adv_psnr_ci95": 0.32584749701989657,
  "adv_psnr_median": -46.57459542855713,
  "clean_ssim_mean": 0.03159206554282115,
  "clean_ssim_ci95": 0.061214910147360364,
  "clean_ssim_median": 1.278295279443011e-05,
  "adv_ssim_mean": -1.2870340789317777e-07,
  "adv_ssim_ci95": 2.2318597519139312e-07,
  "adv_ssim_median": 1.3788122590689672e-08,
  "pred_shift_rel_l2_mean": 14978.879384034608,
  "pred_shift_rel_l2_ci95": 29297.29540344537,
  "pred_shift_rel_l2_median": 12.690503619644431,
  "init_shift_rel_l2_mean": 819261779785186.1,
  "init_shift_rel_l2_ci95": 1605753088378904.2,
  "init_shift_rel_l2_median": 12.68970592717221,
  "delta_l2_mean": 41.6669465303421,
  "delta_l2_ci95": 2.0554193851780266e-06,
  "delta_l2_median": 41.66694641113281,
  "delta_linf_mean": 0.9421443622559309,
  "delta_linf_ci95": 0.019235530885220148,
  "delta_linf_median": 0.9481344521045685,
  "delta_mean_abs_mean": 0.16405291622504592,
  "delta_mean_abs_ci95": 0.0005797874534009009,
  "delta_mean_abs_median": 0.164324589073658,
  "success_rel_l2_mean": 1.0,
  "success_rel_l2_ci95": 0.0,
  "success_rel_l2_median": 1.0,
  "success_mse_mean": 1.0,
  "success_mse_ci95": 0.0,
  "success_mse_median": 1.0,
  "clean_e_ran_l2_mean": 2858.0977088549407,
  "clean_e_ran_l2_ci95": 791.7994750227887,
  "clean_e_ran_l2_median": 2004.6392211914062,
  "clean_e_nul_l2_mean": 49.696932766561986,
  "clean_e_nul_l2_ci95": 13.537362650550648,
  "clean_e_nul_l2_median": 40.10999298095703,
  "clean_e_ran_frac_mean": 0.9998461991415871,
  "clean_e_ran_frac_ci95": 3.0596523834626144e-05,
  "clean_e_ran_frac_median": 0.9998597767377015,
  "clean_e_nul_frac_mean": 0.01696072783037953,
  "clean_e_nul_frac_ci95": 0.0015696836622166063,
  "clean_e_nul_frac_median": 0.016749957572724558,
  "adv_e_ran_l2_mean": 27405.20166015625,
  "adv_e_ran_l2_ci95": 515.9982882854653,
  "adv_e_ran_l2_median": 27097.7919921875,
  "adv_e_nul_l2_mean": 1751.5156650543213,
  "adv_e_nul_l2_ci95": 2337.5100234572287,
  "adv_e_nul_l2_median": 539.4433288574219,
  "adv_e_ran_frac_mean": 0.9861522716724987,
  "adv_e_ran_frac_ci95": 0.02672864921184034,
  "adv_e_ran_frac_median": 0.999806249490898,
  "adv_e_nul_frac_mean": 0.045571572909922725,
  "adv_e_nul_frac_ci95": 0.049361392889010376,
  "adv_e_nul_frac_median": 0.01968234459695469,
  "attack_runtime_total_sec": 10.21448690444231,
  "attack_runtime_per_example_sec": 0.3192027157638222,
  "model_name": "nsn",
  "attack_name": "adam",
  "norm": "l2",
  "eps": 1.0,
  "attack_init_mode": "surrogate",
  "eval_init_mode": "exact"
}