{
  "num_examples": 32,
  "gt_norm_mean": 10.20190628618002,
  "gt_norm_ci95": 3.288175396316753,
  "gt_norm_median": 6.981602191925049,
  "clean_mse_mean": 0.0023605743635926046,
  "clean_mse_ci95": 0.001477790308865335,
  "clean_mse_median": 0.0006728262815158814,
  "adv_mse_mean": 0.00586387228509011,
  "adv_mse_ci95": 0.002146586076775124,
  "adv_mse_median": 0.002254629973322153,
  "mse_ratio_mean": 15.996845949495022,
  "mse_ratio_ci95": 10.549817882516088,
  "mse_ratio_median": 3.331637665199925,
  "clean_rel_l2_mean": 0.4480597758665681,
  "clean_rel_l2_ci95": 0.025754460349358178,
  "clean_rel_l2_median": 0.4481382668018341,
  "adv_rel_l2_mean": 1.3255023285746574,
  "adv_rel_l2_ci95": 0.42838469978420696,
  "adv_rel_l2_median": 0.8911120295524597,
  "rel_l2_ratio_mean": 3.000841410863236,
  "rel_l2_ratio_ci95": 0.9308280112386917,
  "rel_l2_ratio_median": 1.8246779253800998,
  "clean_psnr_mean": 28.53283843470424,
  "clean_psnr_ci95": 2.9416371393632033,
  "clean_psnr_median": 28.18441451781205,
  "adv_psnr_mean": 21.37563845885027,
  "adv_psnr_ci95": 2.2277347870080155,
  "adv_psnr_median": 21.02985559815903,
  "clean_ssim_mean": 0.4486683954047511,
  "clean_ssim_ci95": 0.10349253352981251,
  "clean_ssim_median": 0.3869101739671229,
  "adv_ssim_mean": 0.25631188380468706,
  "adv_ssim_ci95": 0.07379540019508947,
  "adv_ssim_median": 0.18397729006677097,
  "pred_shift_rel_l2_mean": 1.310091181891039,
  "pred_shift_rel_l2_ci95": 0.5894454045592739,
  "pred_shift_rel_l2_median": 0.7246341109275818,
  "init_shift_rel_l2_mean": 0.6981907819863409,
  "init_shift_rel_l2_ci95": 0.29479129856187936,
  "init_shift_rel_l2_median": 0.4465674012899399,
  "delta_l2_mean": 32.83934870362282,
  "delta_l2_ci95": 2.4691780820409157,
  "delta_l2_median": 33.73759460449219,
  "delta_linf_mean": 0.6154434885829687,
  "delta_linf_ci95": 0.031216751970005438,
  "delta_linf_median": 0.6139183044433594,
  "delta_mean_abs_mean": 0.12172021437436342,
  "delta_mean_abs_ci95": 0.010383701749077622,
  "delta_mean_abs_median": 0.1251060776412487,
  "success_rel_l2_mean": 0.59375,
  "success_rel_l2_ci95": 0.17289153205070137,
  "success_rel_l2_median": 1.0,
  "success_mse_mean": 0.65625,
  "success_mse_ci95": 0.1671980607909615,
  "success_mse_median": 1.0,
  "clean_e_ran_l2_mean": 4.5405714977532625,
  "clean_e_ran_l2_ci95": 1.488807746551073,
  "clean_e_ran_l2_median": 3.308939218521118,
  "clean_e_nul_l2_mean": 0.3318104259669781,
  "clean_e_nul_l2_ci95": 0.08779699101297163,
  "clean_e_nul_l2_median": 0.25388680398464203,
  "clean_e_ran_frac_mean": 0.9849209312090365,
  "clean_e_ran_frac_ci95": 0.01345416738341596,
  "clean_e_ran_frac_median": 0.9961069492932735,
  "clean_e_nul_frac_mean": 0.1168481785650177,
  "clean_e_nul_frac_ci95": 0.04284970647214792,
  "clean_e_nul_frac_median": 0.08804042331697273,
  "adv_e_ran_l2_mean": 5.547908812761307,
  "adv_e_ran_l2_ci95": 1.4755603009685943,
  "adv_e_ran_l2_median": 4.292908668518066,
  "adv_e_nul_l2_mean": 4.787294127047062,
  "adv_e_nul_l2_ci95": 1.7533083956020294,
  "adv_e_nul_l2_median": 2.307960569858551,
  "adv_e_ran_frac_mean": 0.732699937896846,
  "adv_e_ran_frac_ci95": 0.10528513064414881,
  "adv_e_ran_frac_median": 0.9129419162543482,
  "adv_e_nul_frac_mean": 0.5170374599170942,
  "adv_e_nul_frac_ci95": 0.1148126492192441,
  "adv_e_nul_frac_median": 0.4080849732847097,
  "attack_runtime_total_sec": 11.294135749340057,
  "attack_runtime_per_example_sec": 0.3529417421668768,
  "model_name": "nsn",
  "attack_name": "adam",
  "norm": "l2",
  "eps": 1.0,
  "attack_init_mode": "surrogate",
  "eval_init_mode": "exact"
}