{
  "num_examples": 32,
  "clean_mse_mean": 457.07731790840626,
  "clean_mse_ci95": 194.33442903619354,
  "clean_mse_median": 138.69044494628906,
  "adv_mse_mean": 19855.358154296875,
  "adv_mse_ci95": 2532.811270084583,
  "adv_mse_median": 17630.43359375,
  "mse_ratio_mean": 382.3682231261699,
  "mse_ratio_ci95": 227.61361420009158,
  "mse_ratio_median": 123.75075478057735,
  "clean_rel_l2_mean": 188.8750486277939,
  "clean_rel_l2_ci95": 28.976159175311974,
  "clean_rel_l2_median": 158.5855412251633,
  "adv_rel_l2_mean": 2619.6315163883855,
  "adv_rel_l2_ci95": 712.6375871102073,
  "adv_rel_l2_median": 1764.1993811791665,
  "rel_l2_ratio_mean": 15.009024765896601,
  "rel_l2_ratio_ci95": 4.412245703227946,
  "rel_l2_ratio_median": 11.119172587813308,
  "clean_psnr_mean": -25.0566435973992,
  "clean_psnr_ci95": 2.5217987602098555,
  "clean_psnr_median": -23.984731067284184,
  "adv_psnr_mean": -45.817445686456495,
  "adv_psnr_ci95": 0.8254187776872295,
  "adv_psnr_median": -45.460942621402964,
  "clean_ssim_mean": 5.834022152998834e-05,
  "clean_ssim_ci95": 4.7740445320194254e-05,
  "clean_ssim_median": 1.122563471019435e-05,
  "adv_ssim_mean": 9.168757143619655e-07,
  "adv_ssim_ci95": 1.4039865346557476e-06,
  "adv_ssim_median": 5.138875513540736e-08,
  "pred_shift_rel_l2_mean": 14.339359378517624,
  "pred_shift_rel_l2_ci95": 4.432559951482057,
  "pred_shift_rel_l2_median": 10.422834589977558,
  "init_shift_rel_l2_mean": 13.90632785387142,
  "init_shift_rel_l2_ci95": 4.344254900705398,
  "init_shift_rel_l2_median": 10.418196918746336,
  "delta_l2_mean": 25.878519594669342,
  "delta_l2_ci95": 2.89883946536495e-06,
  "delta_l2_median": 25.878520965576172,
  "delta_linf_mean": 0.5849695410579443,
  "delta_linf_ci95": 0.01294705336053614,
  "delta_linf_median": 0.5847641229629517,
  "delta_mean_abs_mean": 0.10224805260077119,
  "delta_mean_abs_ci95": 0.0003172545550880202,
  "delta_mean_abs_median": 0.10240017622709274,
  "success_rel_l2_mean": 1.0,
  "success_rel_l2_ci95": 0.0,
  "success_rel_l2_median": 1.0,
  "success_mse_mean": 1.0,
  "success_mse_ci95": 0.0,
  "success_mse_median": 1.0,
  "clean_e_ran_l2_mean": 2215.0809803009033,
  "clean_e_ran_l2_ci95": 565.4333234765044,
  "clean_e_ran_l2_median": 1506.9002685546875,
  "clean_e_nul_l2_mean": 38.2457190901041,
  "clean_e_nul_l2_ci95": 9.654341355327878,
  "clean_e_nul_l2_median": 26.481204986572266,
  "clean_e_ran_frac_mean": 0.9998415788771645,
  "clean_e_ran_frac_ci95": 2.9062904594795833e-05,
  "clean_e_ran_frac_median": 0.9998580476597174,
  "clean_e_nul_frac_mean": 0.01749276780356207,
  "clean_e_nul_frac_ci95": 0.0011576673611088286,
  "clean_e_nul_frac_median": 0.016847164676540675,
  "adv_e_ran_l2_mean": 17394.532592773438,
  "adv_e_ran_l2_ci95": 382.8605253509134,
  "adv_e_ran_l2_median": 16881.6689453125,
  "adv_e_nul_l2_mean": 1156.5007371902466,
  "adv_e_nul_l2_ci95": 1582.9474383064885,
  "adv_e_nul_l2_median": 344.07025146484375,
  "adv_e_ran_frac_mean": 0.9849415908128436,
  "adv_e_ran_frac_ci95": 0.02911639884548769,
  "adv_e_ran_frac_median": 0.9998031192202778,
  "adv_e_nul_frac_mean": 0.04602957756803839,
  "adv_e_nul_frac_ci95": 0.05092872072693675,
  "adv_e_nul_frac_median": 0.019839015100941798,
  "attack_runtime_total_sec": 10.227051936089993,
  "attack_runtime_per_example_sec": 0.31959537300281227,
  "model_name": "nsn",
  "attack_name": "adam",
  "norm": "l2",
  "eps": 1.0,
  "attack_init_mode": "surrogate",
  "eval_init_mode": "exact"
}