{
  "num_examples": 32,
  "gt_norm_mean": 34.14803624153137,
  "gt_norm_ci95": 5.117252085674433,
  "gt_norm_median": 30.453283309936523,
  "clean_mse_mean": 0.01777453371687443,
  "clean_mse_ci95": 0.007071792072503816,
  "clean_mse_median": 0.01327520702034235,
  "adv_mse_mean": 0.022035326233890373,
  "adv_mse_ci95": 0.008127951233960803,
  "adv_mse_median": 0.016799818724393845,
  "mse_ratio_mean": 1.3229547582565637,
  "mse_ratio_ci95": 0.06334352435797846,
  "mse_ratio_median": 1.2814659477849184,
  "clean_rel_l2_mean": 0.4408083441667259,
  "clean_rel_l2_ci95": 0.03772518239795891,
  "clean_rel_l2_median": 0.4440000206232071,
  "adv_rel_l2_mean": 0.5060779564082623,
  "adv_rel_l2_ci95": 0.046779826064745456,
  "adv_rel_l2_median": 0.4835800230503082,
  "rel_l2_ratio_mean": 1.1476428661745404,
  "rel_l2_ratio_ci95": 0.026972059852213476,
  "rel_l2_ratio_median": 1.1320183828607493,
  "clean_psnr_mean": 14.557100035203367,
  "clean_psnr_ci95": 0.9660742103880751,
  "clean_psnr_median": 14.748342872941624,
  "adv_psnr_mean": 13.379842815713522,
  "adv_psnr_ci95": 0.9513168023096745,
  "adv_psnr_median": 13.629380490738415,
  "clean_ssim_mean": 0.1360521214530304,
  "clean_ssim_ci95": 0.0061233131551818405,
  "clean_ssim_median": 0.13787955404781713,
  "adv_ssim_mean": 0.0778162966471983,
  "adv_ssim_ci95": 0.008871687982220789,
  "adv_ssim_median": 0.08074559365302952,
  "pred_shift_rel_l2_mean": 0.29283502022735775,
  "pred_shift_rel_l2_ci95": 0.06777553890698651,
  "pred_shift_rel_l2_median": 0.230132594704628,
  "init_shift_rel_l2_mean": 0.1000009054550901,
  "init_shift_rel_l2_ci95": 0.013077441118020932,
  "init_shift_rel_l2_median": 0.09561468288302422,
  "delta_l2_mean": 41.410762548446655,
  "delta_l2_ci95": 1.015455818007132,
  "delta_l2_median": 42.018449783325195,
  "delta_linf_mean": 0.8285860475152731,
  "delta_linf_ci95": 0.04701512981427619,
  "delta_linf_median": 0.7893905639648438,
  "delta_mean_abs_mean": 0.1571711148135364,
  "delta_mean_abs_ci95": 0.004726210236109625,
  "delta_mean_abs_median": 0.16005169600248337,
  "success_rel_l2_mean": 0.0,
  "success_rel_l2_ci95": 0.0,
  "success_rel_l2_median": 0.0,
  "success_mse_mean": 0.0,
  "success_mse_ci95": 0.0,
  "success_mse_median": 0.0,
  "clean_e_ran_l2_mean": 15.203390434384346,
  "clean_e_ran_l2_ci95": 2.7041542021652027,
  "clean_e_ran_l2_median": 14.739801406860352,
  "clean_e_nul_l2_mean": 0.5022152927704155,
  "clean_e_nul_l2_ci95": 0.31768952680135354,
  "clean_e_nul_l2_median": 0.25973592698574066,
  "clean_e_ran_frac_mean": 0.9991357522948385,
  "clean_e_ran_frac_ci95": 0.0010298117007271597,
  "clean_e_ran_frac_median": 0.9998432992297317,
  "clean_e_nul_frac_mean": 0.027377756050496783,
  "clean_e_nul_frac_ci95": 0.010961684472322401,
  "clean_e_nul_frac_median": 0.0176919509692351,
  "adv_e_ran_l2_mean": 15.802392140030861,
  "adv_e_ran_l2_ci95": 2.6345887083609387,
  "adv_e_ran_l2_median": 15.115530014038086,
  "adv_e_nul_l2_mean": 6.207129843533039,
  "adv_e_nul_l2_ci95": 1.441653604066746,
  "adv_e_nul_l2_median": 5.332723379135132,
  "adv_e_ran_frac_mean": 0.9266967146165557,
  "adv_e_ran_frac_ci95": 0.020287911933154573,
  "adv_e_ran_frac_median": 0.9492186631403361,
  "adv_e_nul_frac_mean": 0.34473423298610556,
  "adv_e_nul_frac_ci95": 0.04861289203609133,
  "adv_e_nul_frac_median": 0.31460526190616156,
  "attack_runtime_total_sec": 14.855501860380173,
  "attack_runtime_per_example_sec": 0.4642344331368804,
  "model_name": "nsn",
  "attack_name": "adam",
  "norm": "l2",
  "eps": 1.0,
  "attack_init_mode": "exact",
  "eval_init_mode": "exact"
}