{
  "num_examples": 32,
  "clean_mse_mean": 0.01657725300083257,
  "clean_mse_ci95": 0.007641891068630437,
  "clean_mse_median": 0.006400115787982941,
  "adv_mse_mean": 0.020805314012250165,
  "adv_mse_ci95": 0.008995625418715548,
  "adv_mse_median": 0.009348259307444096,
  "mse_ratio_mean": 1.464979952775305,
  "mse_ratio_ci95": 0.17567629466679469,
  "mse_ratio_median": 1.2283968017979916,
  "clean_rel_l2_mean": 0.671491298568361,
  "clean_rel_l2_ci95": 0.05511277546960586,
  "clean_rel_l2_median": 0.707054727006361,
  "adv_rel_l2_mean": 0.8112622705204765,
  "adv_rel_l2_ci95": 0.0930556365694977,
  "adv_rel_l2_median": 0.7656351981585945,
  "rel_l2_ratio_mean": 1.1963746556064025,
  "rel_l2_ratio_ci95": 0.06459241778886687,
  "rel_l2_ratio_median": 1.108328154967215,
  "clean_psnr_mean": 21.89276398431437,
  "clean_psnr_ci95": 2.2512921828885553,
  "clean_psnr_median": 21.94230963822305,
  "adv_psnr_mean": 20.424905520512276,
  "adv_psnr_ci95": 2.131425533935286,
  "adv_psnr_median": 20.296146345241993,
  "clean_ssim_mean": 0.3437548991919759,
  "clean_ssim_ci95": 0.0788838371186478,
  "clean_ssim_median": 0.3282718809285967,
  "adv_ssim_mean": 0.2761392045889249,
  "adv_ssim_ci95": 0.07400457786272997,
  "adv_ssim_median": 0.21540036457312328,
  "pred_shift_rel_l2_mean": 0.7138574223218848,
  "pred_shift_rel_l2_ci95": 0.23459125639618386,
  "pred_shift_rel_l2_median": 0.4257300546950984,
  "init_shift_rel_l2_mean": 0.24554705064998494,
  "init_shift_rel_l2_ci95": 0.06707929436252132,
  "init_shift_rel_l2_median": 0.1899626583374892,
  "delta_l2_mean": 28.653197586536407,
  "delta_l2_ci95": 1.7881518709265918,
  "delta_l2_median": 27.217927932739258,
  "delta_linf_mean": 0.4325215797871351,
  "delta_linf_ci95": 0.006943159803073629,
  "delta_linf_median": 0.43644291162490845,
  "delta_mean_abs_mean": 0.09726878488436341,
  "delta_mean_abs_ci95": 0.007879201759815232,
  "delta_mean_abs_median": 0.09205488488078117,
  "success_rel_l2_mean": 0.09375,
  "success_rel_l2_ci95": 0.10260886233182911,
  "success_rel_l2_median": 0.0,
  "success_mse_mean": 0.09375,
  "success_mse_ci95": 0.10260886233182911,
  "success_mse_median": 0.0,
  "clean_e_ran_l2_mean": 13.353061959147453,
  "clean_e_ran_l2_ci95": 3.3910080257641173,
  "clean_e_ran_l2_median": 10.23405933380127,
  "clean_e_nul_l2_mean": 0.49319704924710095,
  "clean_e_nul_l2_ci95": 0.18097465375340457,
  "clean_e_nul_l2_median": 0.33674293756484985,
  "clean_e_ran_frac_mean": 0.9983502115290379,
  "clean_e_ran_frac_ci95": 0.0011217494762294777,
  "clean_e_ran_frac_median": 0.9994019448066706,
  "clean_e_nul_frac_mean": 0.04321728924830892,
  "clean_e_nul_frac_ci95": 0.013266262909691889,
  "clean_e_nul_frac_median": 0.03460765075663791,
  "adv_e_ran_l2_mean": 13.701379910111427,
  "adv_e_ran_l2_ci95": 3.3434830858777262,
  "adv_e_ran_l2_median": 10.522838115692139,
  "adv_e_nul_l2_mean": 5.950195292010903,
  "adv_e_nul_l2_ci95": 1.8471371208414986,
  "adv_e_nul_l2_median": 4.156657457351685,
  "adv_e_ran_frac_mean": 0.8974114522083938,
  "adv_e_ran_frac_ci95": 0.04087322948109345,
  "adv_e_ran_frac_median": 0.9314517808065867,
  "adv_e_nul_frac_mean": 0.36321744110004284,
  "adv_e_nul_frac_ci95": 0.07811773268179799,
  "adv_e_nul_frac_median": 0.3638341923416033,
  "attack_runtime_total_sec": 8.241049483418465,
  "attack_runtime_per_example_sec": 0.257532796356827,
  "model_name": "nsn",
  "attack_name": "adam",
  "norm": "l2",
  "eps": 1.0,
  "attack_init_mode": "surrogate",
  "eval_init_mode": "exact"
}