{
  "num_examples": 32,
  "gt_norm_mean": 62.204518258571625,
  "gt_norm_ci95": 8.198231773313978,
  "gt_norm_median": 59.9796199798584,
  "clean_mse_mean": 0.04018078163790051,
  "clean_mse_ci95": 0.010449427490973547,
  "clean_mse_median": 0.03029344603419304,
  "adv_mse_mean": 0.04377904915600084,
  "adv_mse_ci95": 0.010866545322434954,
  "adv_mse_median": 0.03353786841034889,
  "mse_ratio_mean": 1.1208519859078316,
  "mse_ratio_ci95": 0.018968912558119336,
  "mse_ratio_median": 1.1059970107347308,
  "clean_rel_l2_mean": 0.38706610165536404,
  "clean_rel_l2_ci95": 0.012878245920203497,
  "clean_rel_l2_median": 0.3835701197385788,
  "adv_rel_l2_mean": 0.4094807477667928,
  "adv_rel_l2_ci95": 0.01335584441533739,
  "adv_rel_l2_median": 0.4120284765958786,
  "rel_l2_ratio_mean": 1.0584019623345455,
  "rel_l2_ratio_ci95": 0.008886470708180933,
  "rel_l2_ratio_median": 1.0516639140294126,
  "clean_psnr_mean": 9.320382786488308,
  "clean_psnr_ci95": 0.31248754732522493,
  "clean_psnr_median": 9.074705556334404,
  "adv_psnr_mean": 8.829814840479127,
  "adv_psnr_ci95": 0.2867813380039973,
  "adv_psnr_median": 8.748524366857982,
  "clean_ssim_mean": 0.07398062268881586,
  "clean_ssim_ci95": 0.004217222094754425,
  "clean_ssim_median": 0.07267385087136266,
  "adv_ssim_mean": 0.04808028662873502,
  "adv_ssim_ci95": 0.003532809283067006,
  "adv_ssim_median": 0.04806406088095411,
  "pred_shift_rel_l2_mean": 0.10729499289300293,
  "pred_shift_rel_l2_ci95": 0.0178505621385752,
  "pred_shift_rel_l2_median": 0.10238640382885933,
  "init_shift_rel_l2_mean": 0.06283893238287419,
  "init_shift_rel_l2_ci95": 0.007258110636620735,
  "init_shift_rel_l2_median": 0.058368075639009476,
  "delta_l2_mean": 47.162556529045105,
  "delta_l2_ci95": 0.6273461923690434,
  "delta_l2_median": 47.158687591552734,
  "delta_linf_mean": 0.9585237242281437,
  "delta_linf_ci95": 0.0405416946965001,
  "delta_linf_median": 0.9426946043968201,
  "delta_mean_abs_mean": 0.18395414808765054,
  "delta_mean_abs_ci95": 0.0029967401119311054,
  "delta_mean_abs_median": 0.18344005942344666,
  "success_rel_l2_mean": 0.0,
  "success_rel_l2_ci95": 0.0,
  "success_rel_l2_median": 0.0,
  "success_mse_mean": 0.0,
  "success_mse_ci95": 0.0,
  "success_mse_median": 0.0,
  "clean_e_ran_l2_mean": 24.02862611413002,
  "clean_e_ran_l2_ci95": 3.1432643966962712,
  "clean_e_ran_l2_median": 22.260016441345215,
  "clean_e_nul_l2_mean": 0.9089351673610508,
  "clean_e_nul_l2_ci95": 0.22062839782106006,
  "clean_e_nul_l2_median": 0.6636941432952881,
  "clean_e_ran_frac_mean": 0.9992083916541014,
  "clean_e_ran_frac_ci95": 0.0002493281548274123,
  "clean_e_ran_frac_median": 0.9994896198346506,
  "clean_e_nul_frac_mean": 0.03609956189088104,
  "clean_e_nul_frac_ci95": 0.0058791659793497415,
  "clean_e_nul_frac_median": 0.03194491103567637,
  "adv_e_ran_l2_mean": 24.92993187904358,
  "adv_e_ran_l2_ci95": 3.1133097695801113,
  "adv_e_ran_l2_median": 23.111714363098145,
  "adv_e_nul_l2_mean": 3.4294745195657015,
  "adv_e_nul_l2_ci95": 0.8476009151812828,
  "adv_e_nul_l2_median": 2.7169302701950073,
  "adv_e_ran_frac_mean": 0.9866598078372206,
  "adv_e_ran_frac_ci95": 0.004720103841422579,
  "adv_e_ran_frac_median": 0.9903842916444654,
  "adv_e_nul_frac_mean": 0.13774634049440074,
  "adv_e_nul_frac_ci95": 0.03017707945394775,
  "adv_e_nul_frac_median": 0.13828793622145222,
  "attack_runtime_total_sec": 14.839408479630947,
  "attack_runtime_per_example_sec": 0.4637315149884671,
  "model_name": "nsn",
  "attack_name": "adam",
  "norm": "l2",
  "eps": 1.0,
  "attack_init_mode": "exact",
  "eval_init_mode": "exact"
}