{
  "num_examples": 32,
  "clean_mse_mean": 0.011082576667831745,
  "clean_mse_ci95": 0.004921478101073866,
  "clean_mse_median": 0.00410438934341073,
  "adv_mse_mean": 0.014200059173163027,
  "adv_mse_ci95": 0.005391325506948709,
  "adv_mse_median": 0.007729085860773921,
  "mse_ratio_mean": 3.2959046726128918,
  "mse_ratio_ci95": 2.0728117913386326,
  "mse_ratio_median": 1.2637257409055094,
  "clean_rel_l2_mean": 0.6339305292278593,
  "clean_rel_l2_ci95": 0.05154703527877772,
  "clean_rel_l2_median": 0.6510312807236327,
  "adv_rel_l2_mean": 0.9726633876753094,
  "adv_rel_l2_ci95": 0.235921769543667,
  "adv_rel_l2_median": 0.7599079586766377,
  "rel_l2_ratio_mean": 1.5165833682017187,
  "rel_l2_ratio_ci95": 0.35130036279296223,
  "rel_l2_ratio_median": 1.1241076580321943,
  "clean_psnr_mean": 23.538559220961993,
  "clean_psnr_ci95": 2.2448785248660506,
  "clean_psnr_median": 23.867611508511914,
  "adv_psnr_mean": 20.985969626029288,
  "adv_psnr_ci95": 1.7017364626481353,
  "adv_psnr_median": 21.118901770024973,
  "clean_ssim_mean": 0.3811926422113894,
  "clean_ssim_ci95": 0.08738971501291148,
  "clean_ssim_median": 0.3372986919908615,
  "adv_ssim_mean": 0.2376053359922993,
  "adv_ssim_ci95": 0.05762681633046742,
  "adv_ssim_median": 0.20795939448725764,
  "pred_shift_rel_l2_mean": 0.8986429250754944,
  "pred_shift_rel_l2_ci95": 0.4139773277690689,
  "pred_shift_rel_l2_median": 0.37966180030750163,
  "init_shift_rel_l2_mean": 0.2669179346224009,
  "init_shift_rel_l2_ci95": 0.08523897268948584,
  "init_shift_rel_l2_median": 0.18842671529342675,
  "delta_l2_mean": 29.68868660926819,
  "delta_l2_ci95": 1.7010011298529344,
  "delta_l2_median": 30.302013397216797,
  "delta_linf_mean": 0.433163876645267,
  "delta_linf_ci95": 0.006579574100594015,
  "delta_linf_median": 0.43788444995880127,
  "delta_mean_abs_mean": 0.10152408329304308,
  "delta_mean_abs_ci95": 0.00753153174314228,
  "delta_mean_abs_median": 0.10350093245506287,
  "success_rel_l2_mean": 0.1875,
  "success_rel_l2_ci95": 0.13740025707822126,
  "success_rel_l2_median": 0.0,
  "success_mse_mean": 0.1875,
  "success_mse_ci95": 0.13740025707822126,
  "success_mse_median": 0.0,
  "clean_e_ran_l2_mean": 11.001601982861757,
  "clean_e_ran_l2_ci95": 2.7341294548872286,
  "clean_e_ran_l2_median": 8.199413776397705,
  "clean_e_nul_l2_mean": 0.3545272268820554,
  "clean_e_nul_l2_ci95": 0.10696462209509976,
  "clean_e_nul_l2_median": 0.2923918515443802,
  "clean_e_ran_frac_mean": 0.9983585638638057,
  "clean_e_ran_frac_ci95": 0.000876981149223966,
  "clean_e_ran_frac_median": 0.9995678522265978,
  "clean_e_nul_frac_mean": 0.04441544518825193,
  "clean_e_nul_frac_ci95": 0.012700306642109553,
  "clean_e_nul_frac_median": 0.029437930790545103,
  "adv_e_ran_l2_mean": 11.379586100578308,
  "adv_e_ran_l2_ci95": 2.700042795625248,
  "adv_e_ran_l2_median": 8.68871259689331,
  "adv_e_nul_l2_mean": 5.10152458678931,
  "adv_e_nul_l2_ci95": 1.506103135679261,
  "adv_e_nul_l2_median": 3.0825103521347046,
  "adv_e_ran_frac_mean": 0.8431406764271224,
  "adv_e_ran_frac_ci95": 0.08388037212561784,
  "adv_e_ran_frac_median": 0.9693376843652695,
  "adv_e_nul_frac_mean": 0.38237729115676056,
  "adv_e_nul_frac_ci95": 0.10330966210747553,
  "adv_e_nul_frac_median": 0.24574759390769335,
  "attack_runtime_total_sec": 8.225557494908571,
  "attack_runtime_per_example_sec": 0.25704867171589285,
  "model_name": "nsn",
  "attack_name": "adam",
  "norm": "l2",
  "eps": 1.0,
  "attack_init_mode": "surrogate",
  "eval_init_mode": "exact"
}