{
  "num_examples": 32,
  "clean_mse_mean": 0.00982551786910335,
  "clean_mse_ci95": 0.0038426503994392213,
  "clean_mse_median": 0.006560557754710317,
  "adv_mse_mean": 0.012866323322668904,
  "adv_mse_ci95": 0.004122682567257047,
  "adv_mse_median": 0.00930524617433548,
  "mse_ratio_mean": 3.0062120227072473,
  "mse_ratio_ci95": 2.809019406588419,
  "mse_ratio_median": 1.087112877026028,
  "clean_rel_l2_mean": 104549974204.05093,
  "clean_rel_l2_ci95": 204917949438.03558,
  "clean_rel_l2_median": 0.902585510638205,
  "adv_rel_l2_mean": 715992212296.6927,
  "adv_rel_l2_ci95": 1403344736099.1697,
  "adv_rel_l2_median": 0.9168189650766421,
  "rel_l2_ratio_mean": 1.3764831414233714,
  "rel_l2_ratio_ci95": 0.371134357950463,
  "rel_l2_ratio_median": 1.0426129403887914,
  "clean_psnr_mean": 22.537971896481324,
  "clean_psnr_ci95": 1.7446701664162962,
  "clean_psnr_median": 21.834020736477445,
  "adv_psnr_mean": 20.812139361257476,
  "adv_psnr_ci95": 1.5634634054834804,
  "adv_psnr_median": 20.317003300186293,
  "clean_ssim_mean": 0.24737706258305847,
  "clean_ssim_ci95": 0.0677837075803628,
  "clean_ssim_median": 0.17982463673874483,
  "adv_ssim_mean": 0.18154298954970274,
  "adv_ssim_ci95": 0.051741902304462635,
  "adv_ssim_median": 0.13631039917382168,
  "pred_shift_rel_l2_mean": 1.1781413490378982,
  "pred_shift_rel_l2_ci95": 0.41772592919758994,
  "pred_shift_rel_l2_median": 0.9724937792735939,
  "init_shift_rel_l2_mean": 47979984432.73146,
  "init_shift_rel_l2_ci95": 94040769487.60216,
  "init_shift_rel_l2_median": 0.23638835604149333,
  "delta_l2_mean": 27.72480097413063,
  "delta_l2_ci95": 1.8057263466242075,
  "delta_l2_median": 27.70849323272705,
  "delta_linf_mean": 0.42497006244957447,
  "delta_linf_ci95": 0.006176901410137891,
  "delta_linf_median": 0.42601943016052246,
  "delta_mean_abs_mean": 0.09388941980432719,
  "delta_mean_abs_ci95": 0.007442877474289384,
  "delta_mean_abs_median": 0.09367836266756058,
  "success_rel_l2_mean": 0.15625,
  "success_rel_l2_ci95": 0.12781803314389636,
  "success_rel_l2_median": 0.0,
  "success_mse_mean": 0.15625,
  "success_mse_ci95": 0.12781803314389636,
  "success_mse_median": 0.0,
  "attack_runtime_total_sec": 12.650416128337383,
  "attack_runtime_per_example_sec": 0.3953255040105432,
  "model_name": "nsn",
  "attack_name": "adam",
  "norm": "l2",
  "eps": 1.0,
  "attack_init_mode": "surrogate",
  "eval_init_mode": "exact"
}