{
  "num_examples": 32,
  "gt_norm_mean": 10.20190628618002,
  "gt_norm_ci95": 3.288175396316753,
  "gt_norm_median": 6.981602191925049,
  "clean_mse_mean": 0.0023605743635926046,
  "clean_mse_ci95": 0.001477790308865335,
  "clean_mse_median": 0.0006728262815158814,
  "adv_mse_mean": 0.005863884390919338,
  "adv_mse_ci95": 0.002146955060938507,
  "adv_mse_median": 0.0022562543163076043,
  "mse_ratio_mean": 15.981972264522325,
  "mse_ratio_ci95": 10.527875744427527,
  "mse_ratio_median": 3.331268563253609,
  "clean_rel_l2_mean": 0.4480597758665681,
  "clean_rel_l2_ci95": 0.025754460349358178,
  "clean_rel_l2_median": 0.4481382668018341,
  "adv_rel_l2_mean": 1.3252273704856634,
  "adv_rel_l2_ci95": 0.42806490708608524,
  "adv_rel_l2_median": 0.8909460008144379,
  "rel_l2_ratio_mean": 3.000242280197159,
  "rel_l2_ratio_ci95": 0.9300771211758283,
  "rel_l2_ratio_median": 1.8245792907438303,
  "clean_psnr_mean": 28.53283843470424,
  "clean_psnr_ci95": 2.9416371393632033,
  "clean_psnr_median": 28.18441451781205,
  "adv_psnr_mean": 21.37610538586698,
  "adv_psnr_ci95": 2.227924760820607,
  "adv_psnr_median": 21.02986439485768,
  "clean_ssim_mean": 0.4486683954047511,
  "clean_ssim_ci95": 0.10349253352981251,
  "clean_ssim_median": 0.3869101739671229,
  "adv_ssim_mean": 0.256289708094998,
  "adv_ssim_ci95": 0.073791928344246,
  "adv_ssim_median": 0.18391542811866668,
  "pred_shift_rel_l2_mean": 1.3097602257039398,
  "pred_shift_rel_l2_ci95": 0.589121342659321,
  "pred_shift_rel_l2_median": 0.7242639660835266,
  "init_shift_rel_l2_mean": 0.6981251465622336,
  "init_shift_rel_l2_ci95": 0.2947101639814343,
  "init_shift_rel_l2_median": 0.44659489393234253,
  "delta_l2_mean": 32.839124619960785,
  "delta_l2_ci95": 2.4694368735418046,
  "delta_l2_median": 33.73665809631348,
  "delta_linf_mean": 0.6155726490542293,
  "delta_linf_ci95": 0.03119956914950738,
  "delta_linf_median": 0.615567684173584,
  "delta_mean_abs_mean": 0.12171783950179815,
  "delta_mean_abs_ci95": 0.010385125563704207,
  "delta_mean_abs_median": 0.12510667368769646,
  "success_rel_l2_mean": 0.59375,
  "success_rel_l2_ci95": 0.17289153205070137,
  "success_rel_l2_median": 1.0,
  "success_mse_mean": 0.65625,
  "success_mse_ci95": 0.1671980607909615,
  "success_mse_median": 1.0,
  "clean_e_ran_l2_mean": 4.5405714977532625,
  "clean_e_ran_l2_ci95": 1.488807746551073,
  "clean_e_ran_l2_median": 3.308939218521118,
  "clean_e_nul_l2_mean": 0.3318104259669781,
  "clean_e_nul_l2_ci95": 0.08779699101297163,
  "clean_e_nul_l2_median": 0.25388680398464203,
  "clean_e_ran_frac_mean": 0.9849209312090365,
  "clean_e_ran_frac_ci95": 0.01345416738341596,
  "clean_e_ran_frac_median": 0.9961069492932735,
  "clean_e_nul_frac_mean": 0.1168481785650177,
  "clean_e_nul_frac_ci95": 0.04284970647214792,
  "clean_e_nul_frac_median": 0.08804042331697273,
  "adv_e_ran_l2_mean": 5.547903653234243,
  "adv_e_ran_l2_ci95": 1.4755666434549852,
  "adv_e_ran_l2_median": 4.292942047119141,
  "adv_e_nul_l2_mean": 4.7870459128171206,
  "adv_e_nul_l2_ci95": 1.7533959819385914,
  "adv_e_nul_l2_median": 2.309147894382477,
  "adv_e_ran_frac_mean": 0.7327177110122598,
  "adv_e_ran_frac_ci95": 0.10528417178618277,
  "adv_e_ran_frac_median": 0.9127663847689765,
  "adv_e_nul_frac_mean": 0.5170232804875923,
  "adv_e_nul_frac_ci95": 0.11480736882607917,
  "adv_e_nul_frac_median": 0.4084753034895203,
  "attack_runtime_total_sec": 11.252677232027054,
  "attack_runtime_per_example_sec": 0.35164616350084543,
  "model_name": "nsn",
  "attack_name": "adam",
  "norm": "l2",
  "eps": 1.0,
  "attack_init_mode": "surrogate",
  "eval_init_mode": "exact"
}