{
  "num_examples": 32,
  "clean_mse_mean": 0.0015835891686609073,
  "clean_mse_ci95": 0.0009004982343682979,
  "clean_mse_median": 0.0004025515081593767,
  "adv_mse_mean": 0.005504542649759969,
  "adv_mse_ci95": 0.002910432412131471,
  "adv_mse_median": 0.001204653293825686,
  "mse_ratio_mean": 2850787.062471442,
  "mse_ratio_ci95": 5587498.964980311,
  "mse_ratio_median": 4.5721702049382795,
  "clean_rel_l2_mean": 13759110.045481194,
  "clean_rel_l2_ci95": 26967854.8006332,
  "clean_rel_l2_median": 0.43634512166931505,
  "adv_rel_l2_mean": 131415337325.5413,
  "adv_rel_l2_ci95": 257574061155.23068,
  "adv_rel_l2_median": 0.8860956290722922,
  "rel_l2_ratio_mean": 301.5018432936623,
  "rel_l2_ratio_ci95": 584.8178292541827,
  "rel_l2_ratio_median": 2.1381856790984517,
  "clean_psnr_mean": 32.5430848896493,
  "clean_psnr_ci95": 5.687031853889565,
  "clean_psnr_median": 30.297960600662392,
  "adv_psnr_mean": 22.798406250187508,
  "adv_psnr_ci95": 2.2656092874128873,
  "adv_psnr_median": 22.08000419097711,
  "clean_ssim_mean": 0.5058638664966267,
  "clean_ssim_ci95": 0.11441058576832158,
  "clean_ssim_median": 0.49775063914183315,
  "adv_ssim_mean": 0.2905948412986746,
  "adv_ssim_ci95": 0.08266452026292072,
  "adv_ssim_median": 0.21901988776806547,
  "pred_shift_rel_l2_mean": 300.00602502451903,
  "pred_shift_rel_l2_ci95": 584.9088287714959,
  "pred_shift_rel_l2_median": 0.8056578572271502,
  "init_shift_rel_l2_mean": 23458836600.949215,
  "init_shift_rel_l2_ci95": 45979319736.31315,
  "init_shift_rel_l2_median": 0.4758599282657163,
  "delta_l2_mean": 31.347325325012207,
  "delta_l2_ci95": 2.8674930282245574,
  "delta_l2_median": 32.993446350097656,
  "delta_linf_mean": 0.5889400355517864,
  "delta_linf_ci95": 0.036271886065841516,
  "delta_linf_median": 0.6043165028095245,
  "delta_mean_abs_mean": 0.11569629481527954,
  "delta_mean_abs_ci95": 0.011907841732279677,
  "delta_mean_abs_median": 0.12297247722744942,
  "success_rel_l2_mean": 0.71875,
  "success_rel_l2_ci95": 0.1582743063430925,
  "success_rel_l2_median": 1.0,
  "success_mse_mean": 0.8125,
  "success_mse_ci95": 0.13740025707822126,
  "success_mse_median": 1.0,
  "clean_e_ran_l2_mean": 3.663414391689301,
  "clean_e_ran_l2_ci95": 1.228362489375933,
  "clean_e_ran_l2_median": 2.565026044845581,
  "clean_e_nul_l2_mean": 0.3520332670141215,
  "clean_e_nul_l2_ci95": 0.1669988013434908,
  "clean_e_nul_l2_median": 0.1459687054157257,
  "clean_e_ran_frac_mean": 0.9509932799511847,
  "clean_e_ran_frac_ci95": 0.06191247781843541,
  "clean_e_ran_frac_median": 0.9969127868449044,
  "clean_e_nul_frac_mean": 0.15544755812674224,
  "clean_e_nul_frac_ci95": 0.07085794217890726,
  "clean_e_nul_frac_median": 0.07848538701547769,
  "adv_e_ran_l2_mean": 4.693225609138608,
  "adv_e_ran_l2_ci95": 1.1968179546288147,
  "adv_e_ran_l2_median": 3.9214818477630615,
  "adv_e_nul_l2_mean": 4.823464946821332,
  "adv_e_nul_l2_ci95": 2.032495343848385,
  "adv_e_nul_l2_median": 2.3718535900115967,
  "adv_e_ran_frac_mean": 0.7269036002573939,
  "adv_e_ran_frac_ci95": 0.10370116001366239,
  "adv_e_ran_frac_median": 0.898422503884288,
  "adv_e_nul_frac_mean": 0.53547329085907,
  "adv_e_nul_frac_ci95": 0.11025793926172224,
  "adv_e_nul_frac_median": 0.4389607699869757,
  "attack_runtime_total_sec": 11.256673328578472,
  "attack_runtime_per_example_sec": 0.35177104151807725,
  "model_name": "nsn",
  "attack_name": "adam",
  "norm": "l2",
  "eps": 1.0,
  "attack_init_mode": "surrogate",
  "eval_init_mode": "exact"
}