{
  "eps": 0.01,
  "attack": "adam",
  "matrix": {
    "nsn": {
      "mse": {
        "l2_nul": 1.4620030522346497,
        "l2_ran": 17.635854721069336,
        "rel_l2_nul": 0.07773641869425774,
        "rel_l2_ran": 1.0903202891349792,
        "psnr_nul": 35.96942559980271,
        "psnr_ran": 12.531860237621169,
        "ssim_nul": 0.9328404744927845,
        "ssim_ran": 0.05975450212533226,
        "mae_nul": 0.0039005789440125227,
        "mae_ran": 0.10709333792328835,
        "nrmse_nul": 0.015913257154821073,
        "nrmse_ran": 0.23642389144389972,
        "max_err_nul": 0.4030119776725769,
        "max_err_ran": 0.5954443514347076
      },
      "null": {
        "l2_nul": 6.113256216049194,
        "l2_ran": 11.055809497833252,
        "rel_l2_nul": 0.3655303716659546,
        "rel_l2_ran": 0.7174036204814911,
        "psnr_nul": 21.92357634028654,
        "psnr_ran": 16.691069192287557,
        "ssim_nul": 0.5074282272997745,
        "ssim_ran": 0.07065182736640896,
        "mae_nul": 0.019194891676306725,
        "mae_ran": 0.06450433284044266,
        "nrmse_nul": 0.0801348697567964,
        "nrmse_ran": 0.14637880580733376,
        "max_err_nul": 0.6915374398231506,
        "max_err_ran": 0.6862140893936157
      }
    },
    "resnet": {
      "mse": {
        "l2_nul": 6.470811367034912,
        "l2_ran": 4.029573202133179,
        "rel_l2_nul": 0.38017822802066803,
        "rel_l2_ran": 0.232474185526371,
        "psnr_nul": 20.73238624036832,
        "psnr_ran": 26.179111900489943,
        "ssim_nul": 0.5310862927627373,
        "ssim_ran": 0.535475814463732,
        "mae_nul": 0.01898021064698696,
        "mae_ran": 0.01542592840269208,
        "nrmse_nul": 0.09216091078600314,
        "nrmse_ran": 0.04911164482262176,
        "max_err_nul": 0.761165201663971,
        "max_err_ran": 0.3909580707550049
      },
      "null": {
        "l2_nul": 6.5202624797821045,
        "l2_ran": 3.8430715799331665,
        "rel_l2_nul": 0.4184781461954117,
        "rel_l2_ran": 0.2062075361609459,
        "psnr_nul": 21.45634296907518,
        "psnr_ran": 27.27183426957224,
        "ssim_nul": 0.5511564447557042,
        "ssim_ran": 0.567078038442466,
        "mae_nul": 0.01826111599802971,
        "mae_ran": 0.015490697696805,
        "nrmse_nul": 0.08494333531927538,
        "nrmse_ran": 0.04329400552480023,
        "max_err_nul": 0.7928640246391296,
        "max_err_ran": 0.3608783632516861
      }
    }
  },
  "shift_weight_sweep": {},
  "lipschitz_nullspace": {
    "nsn": {
      "mean": 0.7031578472815454,
      "max": 3.5568172931671143,
      "std": 0.7616684250309075,
      "n": 32
    },
    "resnet": {
      "mean": 1.417058538645506,
      "max": 3.179408311843872,
      "std": 0.5522702833344938,
      "n": 32
    }
  }
}