{
  "num_examples": 32,
  "gt_norm_mean": 21.63075542449951,
  "gt_norm_ci95": 3.5934368595672814,
  "gt_norm_median": 20.56804656982422,
  "gt_norm_q25": 14.757932186126709,
  "gt_norm_q75": 26.39100456237793,
  "clean_mse_mean": 0.0028169080562747695,
  "clean_mse_ci95": 0.001384709245463096,
  "clean_mse_median": 0.0015595676959492266,
  "clean_mse_q25": 0.0006037417551851831,
  "clean_mse_q75": 0.003208174603059888,
  "adv_mse_mean": 0.046782791447185446,
  "adv_mse_ci95": 0.026604313317293054,
  "adv_mse_median": 0.02292815502732992,
  "adv_mse_q25": 0.005599943688139319,
  "adv_mse_q75": 0.0527073759585619,
  "mse_ratio_mean": 14.535876252234797,
  "mse_ratio_ci95": 1.5361471349598688,
  "mse_ratio_median": 14.482756821179432,
  "mse_ratio_q25": 11.917729316897754,
  "mse_ratio_q75": 16.59608827176111,
  "clean_rel_l2_mean": 0.2500487957149744,
  "clean_rel_l2_ci95": 0.015119043139666876,
  "clean_rel_l2_median": 0.24171797186136246,
  "clean_rel_l2_q25": 0.220088429749012,
  "clean_rel_l2_q75": 0.27549345791339874,
  "adv_rel_l2_mean": 0.9537639748305082,
  "adv_rel_l2_ci95": 0.09328465094515231,
  "adv_rel_l2_median": 0.9387703835964203,
  "adv_rel_l2_q25": 0.7354918122291565,
  "adv_rel_l2_q75": 1.1140602827072144,
  "rel_l2_ratio_mean": 3.7703637264171603,
  "rel_l2_ratio_ci95": 0.19920904965912892,
  "rel_l2_ratio_median": 3.8054284239020073,
  "rel_l2_ratio_q25": 3.4520625480035996,
  "rel_l2_ratio_q75": 4.073743818907911,
  "clean_psnr_mean": 24.250220317823896,
  "clean_psnr_ci95": 1.4342854556467906,
  "clean_psnr_median": 24.34408178212162,
  "clean_psnr_q25": 20.9989838278103,
  "clean_psnr_q75": 28.192157166488773,
  "adv_psnr_mean": 12.821718748479359,
  "adv_psnr_ci95": 1.7467500702004057,
  "adv_psnr_median": 12.949228008027903,
  "adv_psnr_q25": 9.203686315991924,
  "adv_psnr_q75": 17.00133149240884,
  "clean_ssim_mean": 0.28699163047356707,
  "clean_ssim_ci95": 0.04188247014069697,
  "clean_ssim_median": 0.24595215512674629,
  "clean_ssim_q25": 0.18510785477548664,
  "clean_ssim_q75": 0.4040582567342381,
  "adv_ssim_mean": 0.050644408512168664,
  "adv_ssim_ci95": 0.008010989260663884,
  "adv_ssim_median": 0.048542891546320535,
  "adv_ssim_q25": 0.029177197288928692,
  "adv_ssim_q75": 0.06238615171175588,
  "clean_mae_mean": 0.034640110505279154,
  "clean_mae_ci95": 0.007780364440180124,
  "clean_mae_median": 0.030598578974604607,
  "clean_mae_q25": 0.01904999651014805,
  "clean_mae_q75": 0.04384683724492788,
  "adv_mae_mean": 0.1239014248130843,
  "adv_mae_ci95": 0.031143332204759684,
  "adv_mae_median": 0.10235531255602837,
  "adv_mae_q25": 0.05515651777386665,
  "adv_mae_q75": 0.15794508159160614,
  "clean_nrmse_mean": 0.06867018117718654,
  "clean_nrmse_ci95": 0.0121494209521156,
  "clean_nrmse_median": 0.060652459429563155,
  "clean_nrmse_q25": 0.038939663872117655,
  "clean_nrmse_q75": 0.08914826130414591,
  "adv_nrmse_mean": 0.2699609684449624,
  "adv_nrmse_ci95": 0.05765955180414679,
  "adv_nrmse_median": 0.2252856359581779,
  "adv_nrmse_q25": 0.14127974298376988,
  "adv_nrmse_q75": 0.3466464395120034,
  "clean_max_err_mean": 0.20880729286000133,
  "clean_max_err_ci95": 0.0475655735530784,
  "clean_max_err_median": 0.18583011627197266,
  "clean_max_err_q25": 0.11575532890856266,
  "clean_max_err_q75": 0.27381395548582077,
  "adv_max_err_mean": 1.2842033859342337,
  "adv_max_err_ci95": 0.2924903741537724,
  "adv_max_err_median": 1.0091820061206818,
  "adv_max_err_q25": 0.7265110313892365,
  "adv_max_err_q75": 1.5876281261444092,
  "clean_init_rel_l2_mean": 0.3461919790133834,
  "clean_init_rel_l2_ci95": 0.02341202497695326,
  "clean_init_rel_l2_median": 0.3390214443206787,
  "clean_init_rel_l2_q25": 0.313194140791893,
  "clean_init_rel_l2_q75": 0.35807710886001587,
  "adv_init_rel_l2_mean": 0.8074890896677971,
  "adv_init_rel_l2_ci95": 0.043041356008947415,
  "adv_init_rel_l2_median": 0.8002825975418091,
  "adv_init_rel_l2_q25": 0.731438010931015,
  "adv_init_rel_l2_q75": 0.8753665387630463,
  "init_rel_l2_ratio_mean": 2.4018903669709717,
  "init_rel_l2_ratio_ci95": 0.17845215243939133,
  "init_rel_l2_ratio_median": 2.3694718897839557,
  "init_rel_l2_ratio_q25": 2.1793016245432866,
  "init_rel_l2_ratio_q75": 2.752703856246918,
  "clean_init_psnr_mean": 21.43399855911651,
  "clean_init_psnr_ci95": 1.1550492844389773,
  "clean_init_psnr_median": 21.060640408024845,
  "clean_init_psnr_q25": 18.68434899750229,
  "clean_init_psnr_q75": 24.097865594856373,
  "adv_init_psnr_mean": 14.04085480344946,
  "adv_init_psnr_ci95": 1.3342807258915819,
  "adv_init_psnr_median": 13.830722181941397,
  "adv_init_psnr_q25": 11.426628965107291,
  "adv_init_psnr_q75": 17.331707788139003,
  "clean_init_ssim_mean": 0.17041521665418277,
  "clean_init_ssim_ci95": 0.023132969100703397,
  "clean_init_ssim_median": 0.15192179505003767,
  "clean_init_ssim_q25": 0.11622318808375642,
  "clean_init_ssim_q75": 0.21714558204086865,
  "adv_init_ssim_mean": 0.05810055956877015,
  "adv_init_ssim_ci95": 0.004357956385131779,
  "adv_init_ssim_median": 0.055190378008305986,
  "adv_init_ssim_q25": 0.04868423958470884,
  "adv_init_ssim_q75": 0.06280661610272717,
  "clean_init_mae_mean": 0.04354475438594818,
  "clean_init_mae_ci95": 0.00832585293072615,
  "clean_init_mae_median": 0.041086651384830475,
  "clean_init_mae_q25": 0.024790361523628235,
  "clean_init_mae_q75": 0.052993882447481155,
  "adv_init_mae_mean": 0.10813196789240465,
  "adv_init_mae_ci95": 0.022470018411557723,
  "adv_init_mae_median": 0.09601643308997154,
  "adv_init_mae_q25": 0.058523490093648434,
  "adv_init_mae_q75": 0.14189120009541512,
  "pred_shift_rel_l2_mean": 0.8891428597271442,
  "pred_shift_rel_l2_ci95": 0.08531022801283983,
  "pred_shift_rel_l2_median": 0.8774556517601013,
  "pred_shift_rel_l2_q25": 0.6882593929767609,
  "pred_shift_rel_l2_q75": 1.0414428114891052,
  "init_shift_rel_l2_mean": 0.7171776797622442,
  "init_shift_rel_l2_ci95": 0.04285632507828901,
  "init_shift_rel_l2_median": 0.7149118781089783,
  "init_shift_rel_l2_q25": 0.6681944131851196,
  "init_shift_rel_l2_q75": 0.8027531057596207,
  "delta_l2_mean": 13.91723419725895,
  "delta_l2_ci95": 3.1008947893269863,
  "delta_l2_median": 12.246774673461914,
  "delta_l2_q25": 7.461302757263184,
  "delta_l2_q75": 17.51252555847168,
  "delta_linf_mean": 0.46516162855550647,
  "delta_linf_ci95": 0.11787162190214197,
  "delta_linf_median": 0.3497595489025116,
  "delta_linf_q25": 0.27184343338012695,
  "delta_linf_q75": 0.565460667014122,
  "delta_mean_abs_mean": 0.050814236223232,
  "delta_mean_abs_ci95": 0.011448320866083776,
  "delta_mean_abs_median": 0.044393448159098625,
  "delta_mean_abs_q25": 0.02685314416885376,
  "delta_mean_abs_q75": 0.06449761986732483,
  "delta_rel_l2_mean": 0.010000004948088875,
  "delta_rel_l2_ci95": 4.695440803327799e-10,
  "delta_rel_l2_median": 0.010000005055333243,
  "delta_rel_l2_q25": 0.010000004305218631,
  "delta_rel_l2_q75": 0.010000005756958193,
  "success_rel_l2_mean": 1.0,
  "success_rel_l2_ci95": 0.0,
  "success_rel_l2_median": 1.0,
  "success_rel_l2_q25": 1.0,
  "success_rel_l2_q75": 1.0,
  "success_mse_mean": 1.0,
  "success_mse_ci95": 0.0,
  "success_mse_median": 1.0,
  "success_mse_q25": 1.0,
  "success_mse_q75": 1.0,
  "clean_e_ran_l2_mean": 5.724918030202389,
  "clean_e_ran_l2_ci95": 1.2862099460766245,
  "clean_e_ran_l2_median": 5.05398154258728,
  "clean_e_ran_l2_q25": 3.130110204219818,
  "clean_e_ran_l2_q75": 7.241202712059021,
  "clean_e_nul_l2_mean": 0.11811655818019062,
  "clean_e_nul_l2_ci95": 0.041397184957432887,
  "clean_e_nul_l2_median": 0.08338756859302521,
  "clean_e_nul_l2_q25": 0.052859148010611534,
  "clean_e_nul_l2_q75": 0.1084686815738678,
  "clean_e_ran_frac_mean": 0.9995891238116379,
  "clean_e_ran_frac_ci95": 0.00045969615435567364,
  "clean_e_ran_frac_median": 0.9998403449817104,
  "clean_e_ran_frac_q25": 0.9997871713192531,
  "clean_e_ran_frac_q75": 0.9998950177308765,
  "clean_e_nul_frac_mean": 0.021468692417916994,