{
  "num_examples": 32,
  "gt_norm_mean": 21.63075542449951,
  "gt_norm_ci95": 3.5934368595672814,
  "gt_norm_median": 20.56804656982422,
  "gt_norm_q25": 14.757932186126709,
  "gt_norm_q75": 26.39100456237793,
  "clean_mse_mean": 0.002817276176529049,
  "clean_mse_ci95": 0.0013846051616857584,
  "clean_mse_median": 0.0015596169396303594,
  "clean_mse_q25": 0.0006036617342033423,
  "clean_mse_q75": 0.0032078776857815683,
  "adv_mse_mean": 0.0028172759280096216,
  "adv_mse_ci95": 0.0013846050198140294,
  "adv_mse_median": 0.0015596168232150376,
  "adv_mse_q25": 0.0006036606428097002,
  "adv_mse_q75": 0.003207875764928758,
  "mse_ratio_mean": 0.9999998552185526,
  "mse_ratio_ci95": 3.2066464533511194e-07,
  "mse_ratio_median": 0.9999999097627575,
  "mse_ratio_q25": 0.9999993131078444,
  "mse_ratio_q75": 1.0000005268072463,
  "clean_rel_l2_mean": 0.25007708882912993,
  "clean_rel_l2_ci95": 0.01509903911275633,
  "clean_rel_l2_median": 0.24171660095453262,
  "clean_rel_l2_q25": 0.2200997658073902,
  "clean_rel_l2_q75": 0.2754804342985153,
  "adv_rel_l2_mean": 0.2500770827755332,
  "adv_rel_l2_ci95": 0.015099044023525287,
  "adv_rel_l2_median": 0.24171655625104904,
  "adv_rel_l2_q25": 0.2200998216867447,
  "adv_rel_l2_q75": 0.27548038214445114,
  "rel_l2_ratio_mean": 0.9999999638481377,
  "rel_l2_ratio_ci95": 1.55882986391396e-07,
  "rel_l2_ratio_median": 1.0,
  "rel_l2_ratio_q25": 0.9999996768742567,
  "rel_l2_ratio_q75": 1.0000002558507255,
  "clean_psnr_mean": 24.248728171318007,
  "clean_psnr_ci95": 1.4336970073098985,
  "clean_psnr_median": 24.344073358515395,
  "clean_psnr_q25": 20.99940407827963,
  "clean_psnr_q75": 28.192260951325128,
  "adv_psnr_mean": 24.24872881273249,
  "adv_psnr_ci95": 1.4336972408410187,
  "adv_psnr_median": 24.344075444282606,
  "adv_psnr_q25": 20.999407199031666,
  "adv_psnr_q75": 28.192257213002478,
  "clean_ssim_mean": 0.2868666383021531,
  "clean_ssim_ci95": 0.041836226211323144,
  "clean_ssim_median": 0.24617602680808542,
  "clean_ssim_q25": 0.18516413579361715,
  "clean_ssim_q75": 0.4040919144909946,
  "adv_ssim_mean": 0.2868667781895464,
  "adv_ssim_ci95": 0.04183632783789273,
  "adv_ssim_median": 0.24617693592408546,
  "adv_ssim_q25": 0.18516380133680105,
  "adv_ssim_q75": 0.40409187365821875,
  "clean_mae_mean": 0.03464669238019269,
  "clean_mae_ci95": 0.007780570220948971,
  "clean_mae_median": 0.030603479593992233,
  "clean_mae_q25": 0.019044356420636177,
  "clean_mae_q75": 0.04384883400052786,
  "adv_mae_mean": 0.03464668456581421,
  "adv_mae_ci95": 0.0077805677093614875,
  "adv_mae_median": 0.03060344699770212,
  "adv_mae_q25": 0.019044344313442707,
  "adv_mae_q75": 0.043848806992173195,
  "clean_nrmse_mean": 0.06867637751224222,
  "clean_nrmse_ci95": 0.012147267724810826,
  "clean_nrmse_median": 0.06065251593397512,
  "clean_nrmse_q25": 0.03893919664425291,
  "clean_nrmse_q75": 0.0891439933867594,
  "adv_nrmse_mean": 0.06867637435006108,
  "adv_nrmse_ci95": 0.01214726738087309,
  "adv_nrmse_median": 0.06065250043728143,
  "adv_nrmse_q25": 0.03893921492957434,
  "adv_nrmse_q75": 0.08914396204889997,
  "clean_max_err_mean": 0.208406325080432,
  "clean_max_err_ci95": 0.04743709867812687,
  "clean_max_err_median": 0.18562179803848267,
  "clean_max_err_q25": 0.11541695520281792,
  "clean_max_err_q75": 0.27332403510808945,
  "adv_max_err_mean": 0.2084067378891632,
  "adv_max_err_ci95": 0.047436856870205456,
  "adv_max_err_median": 0.18562202155590057,
  "adv_max_err_q25": 0.1154185589402914,
  "adv_max_err_q75": 0.2733253091573715,
  "clean_init_rel_l2_mean": 0.3461919790133834,
  "clean_init_rel_l2_ci95": 0.02341202497695326,
  "clean_init_rel_l2_median": 0.3390214443206787,
  "clean_init_rel_l2_q25": 0.313194140791893,
  "clean_init_rel_l2_q75": 0.35807710886001587,
  "adv_init_rel_l2_mean": 0.3461919678375125,
  "adv_init_rel_l2_ci95": 0.023412017504765157,
  "adv_init_rel_l2_median": 0.33902139961719513,
  "adv_init_rel_l2_q25": 0.313194215297699,
  "adv_init_rel_l2_q75": 0.3580770045518875,
  "init_rel_l2_ratio_mean": 0.9999999770189127,
  "init_rel_l2_ratio_ci95": 8.401265123460621e-08,
  "init_rel_l2_ratio_median": 0.9999999616716614,
  "init_rel_l2_ratio_q25": 0.9999998107631778,
  "init_rel_l2_ratio_q75": 1.0000001236122729,
  "clean_init_psnr_mean": 21.43399855911651,
  "clean_init_psnr_ci95": 1.1550492844389773,
  "clean_init_psnr_median": 21.060640408024845,
  "clean_init_psnr_q25": 18.68434899750229,
  "clean_init_psnr_q75": 24.097865594856373,
  "adv_init_psnr_mean": 21.43399867620671,
  "adv_init_psnr_ci95": 1.1550492849685037,
  "adv_init_psnr_median": 21.0606424445534,
  "adv_init_psnr_q25": 18.68435036174983,
  "adv_init_psnr_q75": 24.097864219431578,
  "clean_init_ssim_mean": 0.17041521665418277,
  "clean_init_ssim_ci95": 0.023132969100703397,
  "clean_init_ssim_median": 0.15192179505003767,
  "clean_init_ssim_q25": 0.11622318808375642,
  "clean_init_ssim_q75": 0.21714558204086865,
  "adv_init_ssim_mean": 0.1704152539559233,
  "adv_init_ssim_ci95": 0.023132968194709422,
  "adv_init_ssim_median": 0.15192188606371781,
  "adv_init_ssim_q25": 0.11622317880195651,
  "adv_init_ssim_q75": 0.2171456094054305,
  "clean_init_mae_mean": 0.04354475438594818,
  "clean_init_mae_ci95": 0.00832585293072615,
  "clean_init_mae_median": 0.041086651384830475,
  "clean_init_mae_q25": 0.024790361523628235,
  "clean_init_mae_q75": 0.052993882447481155,
  "adv_init_mae_mean": 0.0435447535419371,
  "adv_init_mae_ci95": 0.008325853395126731,
  "adv_init_mae_median": 0.04108666069805622,
  "adv_init_mae_q25": 0.02479035872966051,
  "adv_init_mae_q75": 0.05299386288970709,
  "pred_shift_rel_l2_mean": 3.018159083012506e-05,
  "pred_shift_rel_l2_ci95": 1.3210358074137166e-06,
  "pred_shift_rel_l2_median": 2.9810291380272247e-05,
  "pred_shift_rel_l2_q25": 2.705705946937087e-05,
  "pred_shift_rel_l2_q75": 3.268458112870576e-05,
  "init_shift_rel_l2_mean": 5.225149529053397e-06,
  "init_shift_rel_l2_ci95": 9.836734303869443e-07,
  "init_shift_rel_l2_median": 4.337254267738899e-06,
  "init_shift_rel_l2_q25": 3.5126411148667103e-06,
  "init_shift_rel_l2_q75": 5.997758080411586e-06,
  "delta_l2_mean": 0.0001770678086359112,
  "delta_l2_ci95": 1.0427261868985416e-06,
  "delta_l2_median": 0.00017656918498687446,
  "delta_l2_q25": 0.00017468578153057024,
  "delta_l2_q75": 0.00017913793635671027,
  "delta_linf_mean": 6.42596569377929e-06,
  "delta_linf_ci95": 2.3871727848236317e-07,
  "delta_linf_median": 6.236601620912552e-06,
  "delta_linf_q25": 5.8817677199840546e-06,
  "delta_linf_q75": 6.683170795440674e-06,
  "delta_mean_abs_mean": 5.533293885306989e-07,
  "delta_mean_abs_ci95": 7.739058070375765e-09,
  "delta_mean_abs_median": 5.605087096682837e-07,
  "delta_mean_abs_q25": 5.506728513182679e-07,
  "delta_mean_abs_q75": 5.639787161726417e-07,
  "delta_rel_l2_mean": 1.8344656275456073e-07,
  "delta_rel_l2_ci95": 4.086134167305986e-08,
  "delta_rel_l2_median": 1.4511824946120597e-07,
  "delta_rel_l2_q25": 1.0278685242043076e-07,
  "delta_rel_l2_q75": 2.344670077990513e-07,
  "success_rel_l2_mean": 0.0,
  "success_rel_l2_ci95": 0.0,
  "success_rel_l2_median": 0.0,
  "success_rel_l2_q25": 0.0,
  "success_rel_l2_q75": 0.0,
  "success_mse_mean": 0.0,
  "success_mse_ci95": 0.0,
  "success_mse_median": 0.0,
  "success_mse_q25": 0.0,
  "success_mse_q75": 0.0,
  "clean_e_ran_l2_mean": 5.72491804137826,
  "clean_e_ran_l2_ci95": 1.2862099657413142,
  "clean_e_ran_l2_median": 5.053981781005859,
  "clean_e_ran_l2_q25": 3.1301101446151733,
  "clean_e_ran_l2_q75": 7.241202712059021,
  "clean_e_nul_l2_mean": 0.1221629228675738,
  "clean_e_nul_l2_ci95": 0.04838136866728718,
  "clean_e_nul_l2_median": 0.08316446468234062,
  "clean_e_nul_l2_q25": 0.057128618471324444,
  "clean_e_nul_l2_q75": 0.10961581766605377,
  "clean_e_ran_frac_mean": 0.999418983407593,
  "clean_e_ran_frac_ci95": 0.0007688105308616384,
  "clean_e_ran_frac_median": 0.9998472141757047,
  "clean_e_ran_frac_q25": 0.9997924848610048,
  "clean_e_ran_frac_q75": 0.9998866556992656,