{
  "num_examples": 32,
  "gt_norm_mean": 21.63075542449951,
  "gt_norm_ci95": 3.5934368595672814,
  "gt_norm_median": 20.56804656982422,
  "gt_norm_q25": 14.757932186126709,
  "gt_norm_q75": 26.39100456237793,
  "clean_mse_mean": 0.0028169080562747695,
  "clean_mse_ci95": 0.001384709245463096,
  "clean_mse_median": 0.0015595676959492266,
  "clean_mse_q25": 0.0006037417551851831,
  "clean_mse_q75": 0.003208174603059888,
  "adv_mse_mean": 0.046840036717185285,
  "adv_mse_ci95": 0.026623143825419554,
  "adv_mse_median": 0.02297001238912344,
  "adv_mse_q25": 0.005570612847805023,
  "adv_mse_q75": 0.05298942793160677,
  "mse_ratio_mean": 14.563200798015012,
  "mse_ratio_ci95": 1.5389934591660974,
  "mse_ratio_median": 14.548692283872601,
  "mse_ratio_q25": 11.828797305060728,
  "mse_ratio_q75": 16.650173573304755,
  "clean_rel_l2_mean": 0.2500487957149744,
  "clean_rel_l2_ci95": 0.015119043139666876,
  "clean_rel_l2_median": 0.24171797186136246,
  "clean_rel_l2_q25": 0.220088429749012,
  "clean_rel_l2_q75": 0.27549345791339874,
  "adv_rel_l2_mean": 0.9547398388385773,
  "adv_rel_l2_ci95": 0.09342392142295737,
  "adv_rel_l2_median": 0.9400198459625244,
  "adv_rel_l2_q25": 0.7304442226886749,
  "adv_rel_l2_q75": 1.115756094455719,
  "rel_l2_ratio_mean": 3.77392101667578,
  "rel_l2_ratio_ci95": 0.1993603220513456,
  "rel_l2_ratio_median": 3.8139853899677036,
  "rel_l2_ratio_q25": 3.439209655838102,
  "rel_l2_ratio_q75": 4.080304849836219,
  "clean_psnr_mean": 24.250220317823896,
  "clean_psnr_ci95": 1.4342854556467906,
  "clean_psnr_median": 24.34408178212162,
  "clean_psnr_q25": 20.9989838278103,
  "clean_psnr_q75": 28.192157166488773,
  "adv_psnr_mean": 12.813419021610038,
  "adv_psnr_ci95": 1.7478823268746655,
  "adv_psnr_median": 12.934598287744599,
  "adv_psnr_q25": 9.20324424689277,
  "adv_psnr_q75": 17.058676832117893,
  "clean_ssim_mean": 0.28699163047356707,
  "clean_ssim_ci95": 0.04188247014069697,
  "clean_ssim_median": 0.24595215512674629,
  "clean_ssim_q25": 0.18510785477548664,
  "clean_ssim_q75": 0.4040582567342381,
  "adv_ssim_mean": 0.05085273955149924,
  "adv_ssim_ci95": 0.008024269658728492,
  "adv_ssim_median": 0.04830633536077445,
  "adv_ssim_q25": 0.02898252206985269,
  "adv_ssim_q75": 0.06484503727181525,
  "clean_mae_mean": 0.034640110505279154,
  "clean_mae_ci95": 0.007780364440180124,
  "clean_mae_median": 0.030598578974604607,
  "clean_mae_q25": 0.01904999651014805,
  "clean_mae_q75": 0.04384683724492788,
  "adv_mae_mean": 0.12398243648931384,
  "adv_mae_ci95": 0.03113469399386134,
  "adv_mae_median": 0.10240492597222328,
  "adv_mae_q25": 0.05503159947693348,
  "adv_mae_q75": 0.15832175314426422,
  "clean_nrmse_mean": 0.06867018117718654,
  "clean_nrmse_ci95": 0.0121494209521156,
  "clean_nrmse_median": 0.060652459429563155,
  "clean_nrmse_q25": 0.038939663872117655,
  "clean_nrmse_q75": 0.08914826130414591,
  "adv_nrmse_mean": 0.27025216480309805,
  "adv_nrmse_ci95": 0.05770786401530698,
  "adv_nrmse_median": 0.22565426551807627,
  "adv_nrmse_q25": 0.1403391749739832,
  "adv_nrmse_q75": 0.3466706674775951,
  "clean_max_err_mean": 0.20880729286000133,
  "clean_max_err_ci95": 0.0475655735530784,
  "clean_max_err_median": 0.18583011627197266,
  "clean_max_err_q25": 0.11575532890856266,
  "clean_max_err_q75": 0.27381395548582077,
  "adv_max_err_mean": 1.2861137529835105,
  "adv_max_err_ci95": 0.2979246750946959,
  "adv_max_err_median": 0.9864597022533417,
  "adv_max_err_q25": 0.6967522352933884,
  "adv_max_err_q75": 1.4605899453163147,
  "clean_init_rel_l2_mean": 0.3461919790133834,
  "clean_init_rel_l2_ci95": 0.02341202497695326,
  "clean_init_rel_l2_median": 0.3390214443206787,
  "clean_init_rel_l2_q25": 0.313194140791893,
  "clean_init_rel_l2_q75": 0.35807710886001587,
  "adv_init_rel_l2_mean": 0.8089474644511938,
  "adv_init_rel_l2_ci95": 0.04296657714282306,
  "adv_init_rel_l2_median": 0.8066048622131348,
  "adv_init_rel_l2_q25": 0.7278709709644318,
  "adv_init_rel_l2_q75": 0.8810376673936844,
  "init_rel_l2_ratio_mean": 2.4061258105966257,
  "init_rel_l2_ratio_ci95": 0.17825326353094822,
  "init_rel_l2_ratio_median": 2.371732570571818,
  "init_rel_l2_ratio_q25": 2.18383591660717,
  "init_rel_l2_ratio_q75": 2.742775740784544,
  "clean_init_psnr_mean": 21.43399855911651,
  "clean_init_psnr_ci95": 1.1550492844389773,
  "clean_init_psnr_median": 21.060640408024845,
  "clean_init_psnr_q25": 18.68434899750229,
  "clean_init_psnr_q75": 24.097865594856373,
  "adv_init_psnr_mean": 14.024490612901591,
  "adv_init_psnr_ci95": 1.3331890620201694,
  "adv_init_psnr_median": 13.759993632420272,
  "adv_init_psnr_q25": 11.423227904208291,
  "adv_init_psnr_q75": 17.306212604688664,
  "clean_init_ssim_mean": 0.17041521665418277,
  "clean_init_ssim_ci95": 0.023132969100703397,
  "clean_init_ssim_median": 0.15192179505003767,
  "clean_init_ssim_q25": 0.11622318808375642,
  "clean_init_ssim_q75": 0.21714558204086865,
  "adv_init_ssim_mean": 0.05821653092927985,
  "adv_init_ssim_ci95": 0.004336109943099424,
  "adv_init_ssim_median": 0.05541571558511108,
  "adv_init_ssim_q25": 0.048575637738332185,
  "adv_init_ssim_q75": 0.06304670618632785,
  "clean_init_mae_mean": 0.04354475438594818,
  "clean_init_mae_ci95": 0.00832585293072615,
  "clean_init_mae_median": 0.041086651384830475,
  "clean_init_mae_q25": 0.024790361523628235,
  "clean_init_mae_q75": 0.052993882447481155,
  "adv_init_mae_mean": 0.10824785009026527,
  "adv_init_mae_ci95": 0.022456440626985937,
  "adv_init_mae_median": 0.09559544175863266,
  "adv_init_mae_q25": 0.05841138865798712,
  "adv_init_mae_q75": 0.14192438498139381,
  "pred_shift_rel_l2_mean": 0.8903580140322447,
  "pred_shift_rel_l2_ci95": 0.0854398760795933,
  "pred_shift_rel_l2_median": 0.8775642216205597,
  "pred_shift_rel_l2_q25": 0.6852098703384399,
  "pred_shift_rel_l2_q75": 1.0418340265750885,
  "init_shift_rel_l2_mean": 0.719028796069324,
  "init_shift_rel_l2_ci95": 0.042946391599197414,
  "init_shift_rel_l2_median": 0.7176574170589447,
  "init_shift_rel_l2_q25": 0.6682957857847214,
  "init_shift_rel_l2_q75": 0.816405326128006,
  "delta_l2_mean": 13.917234502732754,
  "delta_l2_ci95": 3.1008950007426432,
  "delta_l2_median": 12.246774673461914,
  "delta_l2_q25": 7.461303114891052,
  "delta_l2_q75": 17.51252555847168,
  "delta_linf_mean": 0.4626264269463718,
  "delta_linf_ci95": 0.11874731208653215,
  "delta_linf_median": 0.34406578540802,
  "delta_linf_q25": 0.2603244185447693,
  "delta_linf_q75": 0.5682983994483948,
  "delta_mean_abs_mean": 0.05079889640910551,
  "delta_mean_abs_ci95": 0.011455183801499184,
  "delta_mean_abs_median": 0.044378140941262245,
  "delta_mean_abs_q25": 0.026849279180169106,
  "delta_mean_abs_q75": 0.06445401906967163,
  "delta_rel_l2_mean": 0.010000005050010755,
  "delta_rel_l2_ci95": 4.141711354576421e-10,
  "delta_rel_l2_median": 0.01000000479891058,
  "delta_rel_l2_q25": 0.010000004258468094,
  "delta_rel_l2_q75": 0.01000000607658623,
  "success_rel_l2_mean": 1.0,
  "success_rel_l2_ci95": 0.0,
  "success_rel_l2_median": 1.0,
  "success_rel_l2_q25": 1.0,
  "success_rel_l2_q75": 1.0,
  "success_mse_mean": 1.0,
  "success_mse_ci95": 0.0,
  "success_mse_median": 1.0,
  "success_mse_q25": 1.0,
  "success_mse_q75": 1.0,
  "clean_e_ran_l2_mean": 5.724918030202389,
  "clean_e_ran_l2_ci95": 1.2862099460766245,
  "clean_e_ran_l2_median": 5.05398154258728,
  "clean_e_ran_l2_q25": 3.130110204219818,
  "clean_e_ran_l2_q75": 7.241202712059021,
  "clean_e_nul_l2_mean": 0.11811655818019062,
  "clean_e_nul_l2_ci95": 0.041397184957432887,
  "clean_e_nul_l2_median": 0.08338756859302521,
  "clean_e_nul_l2_q25": 0.052859148010611534,
  "clean_e_nul_l2_q75": 0.1084686815738678,
  "clean_e_ran_frac_mean": 0.9995891238116379,
  "clean_e_ran_frac_ci95": 0.00045969615435567364,
  "clean_e_ran_frac_median": 0.9998403449817104,
  "clean_e_ran_frac_q25": 0.9997871713192531,
  "clean_e_ran_frac_q75": 0.9998950177308765,
  "clean_e_nul_frac_mean": 0.021468692417916994,
  "clean_e_nul_frac_ci95": 0.006669841746467386,