{
  "num_examples": 32,
  "gt_norm_mean": 19.554032936692238,
  "gt_norm_ci95": 3.175656556464896,
  "gt_norm_median": 19.43148136138916,
  "gt_norm_q25": 13.664082050323486,
  "gt_norm_q75": 22.861806869506836,
  "clean_mse_mean": 0.0011342021898599342,
  "clean_mse_ci95": 0.0005445552811869841,
  "clean_mse_median": 0.0007189511088654399,
  "clean_mse_q25": 0.0003874075337080285,
  "clean_mse_q75": 0.0010221929696854204,
  "adv_mse_mean": 0.3056126733313249,
  "adv_mse_ci95": 0.597215432728486,
  "adv_mse_median": 0.0007189633615780622,
  "adv_mse_q25": 0.00038741448952350765,
  "adv_mse_q75": 0.0010345893097110093,
  "mse_ratio_mean": 37.94341454818441,
  "mse_ratio_ci95": 72.4039301306487,
  "mse_ratio_median": 1.0000192397193604,
  "mse_ratio_q25": 1.0000174016697465,
  "mse_ratio_q75": 1.0000213706336392,
  "clean_rel_l2_mean": 0.18589467136189342,
  "clean_rel_l2_ci95": 0.007185605500314222,
  "clean_rel_l2_median": 0.17879388481378555,
  "clean_rel_l2_q25": 0.1720423772931099,
  "clean_rel_l2_q75": 0.193845447152853,
  "adv_rel_l2_mean": 0.44830830255523324,
  "adv_rel_l2_ci95": 0.5180144918243066,
  "adv_rel_l2_median": 0.1787954866886139,
  "adv_rel_l2_q25": 0.1726413555443287,
  "adv_rel_l2_q75": 0.19384746998548508,
  "rel_l2_ratio_mean": 2.0449039865581597,
  "rel_l2_ratio_ci95": 2.0454454905923956,
  "rel_l2_ratio_median": 1.0000095871136403,
  "rel_l2_ratio_q25": 1.0000085947892254,
  "rel_l2_ratio_q75": 1.0000107168724597,
  "clean_psnr_mean": 27.55817465843262,
  "clean_psnr_ci95": 1.1035217157889887,
  "clean_psnr_median": 28.227475017396607,
  "clean_psnr_q25": 26.055675139984363,
  "clean_psnr_q75": 29.978643347734035,
  "adv_psnr_mean": 26.58689740475335,
  "adv_psnr_ci95": 2.6314987444035705,
  "adv_psnr_median": 28.19240549771576,
  "adv_psnr_q25": 26.055583286174045,
  "adv_psnr_q75": 29.978568598613425,
  "clean_ssim_mean": 0.4317298656773858,
  "clean_ssim_ci95": 0.04553041731059458,
  "clean_ssim_median": 0.4432430366818557,
  "clean_ssim_q25": 0.3377199835764448,
  "clean_ssim_q75": 0.5265224321816168,
  "adv_ssim_mean": 0.425872655323752,
  "adv_ssim_ci95": 0.05024047454983265,
  "adv_ssim_median": 0.4413067940177055,
  "adv_ssim_q25": 0.3377161763808186,
  "adv_ssim_q75": 0.5265180404920975,
  "pred_shift_rel_l2_mean": 0.2585879500026067,
  "pred_shift_rel_l2_ci95": 0.5055419319882226,
  "pred_shift_rel_l2_median": 1.1248282589804148e-05,
  "pred_shift_rel_l2_q25": 1.009344737212814e-05,
  "pred_shift_rel_l2_q75": 1.2870757700511604e-05,
  "init_shift_rel_l2_mean": 0.2719855547083654,
  "init_shift_rel_l2_ci95": 0.5315211510312735,
  "init_shift_rel_l2_median": 6.343920176732354e-06,
  "init_shift_rel_l2_q25": 5.162659249435819e-06,
  "init_shift_rel_l2_q75": 1.0845136557691148e-05,
  "delta_l2_mean": 7.793545739637921,
  "delta_l2_ci95": 15.20687247373276,
  "delta_l2_median": 0.000179221729922574,
  "delta_l2_q25": 0.0001757835598255042,
  "delta_l2_q75": 0.00019217927183490247,
  "delta_linf_mean": 0.22452134723425843,
  "delta_linf_ci95": 0.4307201740454497,
  "delta_linf_median": 7.27921724319458e-06,
  "delta_linf_q25": 6.232410669326782e-06,
  "delta_linf_q75": 8.250586688518524e-06,
  "delta_mean_abs_mean": 0.026824784153191672,
  "delta_mean_abs_ci95": 0.05245554879533828,
  "delta_mean_abs_median": 5.741186157592892e-07,
  "delta_mean_abs_q25": 5.668937745895164e-07,
  "delta_mean_abs_q75": 5.857746430137922e-07,
  "delta_rel_l2_mean": 0.001978583039807223,
  "delta_rel_l2_ci95": 0.0038351210240293292,
  "delta_rel_l2_median": 2.1696586194678287e-07,
  "delta_rel_l2_q25": 1.5881837033229685e-07,
  "delta_rel_l2_q75": 4.0944731020969903e-07,
  "success_rel_l2_mean": 0.03125,
  "success_rel_l2_ci95": 0.06124999999999999,
  "success_rel_l2_median": 0.0,
  "success_rel_l2_q25": 0.0,
  "success_rel_l2_q75": 0.0,
  "success_mse_mean": 0.03125,
  "success_mse_ci95": 0.06124999999999999,
  "success_mse_median": 0.0,
  "success_mse_q25": 0.0,
  "success_mse_q75": 0.0,
  "clean_e_ran_l2_mean": 3.2822710014879704,
  "clean_e_ran_l2_ci95": 0.7058654150374748,
  "clean_e_ran_l2_median": 2.9622809886932373,
  "clean_e_ran_l2_q25": 2.20460706949234,
  "clean_e_ran_l2_q75": 3.700905740261078,
  "clean_e_nul_l2_mean": 1.771011283621192,
  "clean_e_nul_l2_ci95": 0.2843276675042319,
  "clean_e_nul_l2_median": 1.7230495810508728,
  "clean_e_nul_l2_q25": 1.189131885766983,
  "clean_e_nul_l2_q75": 2.071072518825531,
  "clean_e_ran_frac_mean": 0.8620818088959625,
  "clean_e_ran_frac_ci95": 0.015679448433123966,
  "clean_e_ran_frac_median": 0.8657160777740261,
  "clean_e_ran_frac_q25": 0.8405338092256226,
  "clean_e_ran_frac_q75": 0.8940694001673287,
  "clean_e_nul_frac_mean": 0.4999121047017087,
  "clean_e_nul_frac_ci95": 0.024689564344172937,
  "clean_e_nul_frac_median": 0.500529639073731,
  "clean_e_nul_frac_q25": 0.44792627526120193,
  "clean_e_nul_frac_q75": 0.5417474810787155,
  "adv_e_ran_l2_mean": 14.838990913704038,
  "adv_e_ran_l2_ci95": 23.11178902202,
  "adv_e_ran_l2_median": 2.9623122215270996,
  "adv_e_ran_l2_q25": 2.204630136489868,
  "adv_e_ran_l2_q75": 3.7009491324424744,
  "adv_e_nul_l2_mean": 5.477715160697699,
  "adv_e_nul_l2_ci95": 7.439057682950318,
  "adv_e_nul_l2_median": 1.7230564951896667,
  "adv_e_nul_l2_q25": 1.1891377866268158,
  "adv_e_nul_l2_q75": 2.076219141483307,
  "adv_e_ran_frac_mean": 0.863238389273175,
  "adv_e_ran_frac_ci95": 0.016209291388466704,
  "adv_e_ran_frac_median": 0.8665275046352434,
  "adv_e_ran_frac_q25": 0.8418550267728824,
  "adv_e_ran_frac_q75": 0.8940709871693303,
  "adv_e_nul_frac_mean": 0.497018174818057,
  "adv_e_nul_frac_ci95": 0.026512590983946083,
  "adv_e_nul_frac_median": 0.4991131240625385,
  "adv_e_nul_frac_q25": 0.4479230583792888,
  "adv_e_nul_frac_q75": 0.5396808024959115,
  "attack_runtime_total_sec": 284.58913457393646,
  "attack_runtime_per_example_sec": 8.893410455435514,
  "model_name": "nsn",
  "attack_name": "adam",
  "norm": "l2",
  "eps": 0.1,
  "eps_actual": 127.69250320068359,
  "eps_budget_mode": "per_sample_l2",
  "attack_init_mode": "exact",
  "eval_init_mode": "exact"
}