{
  "num_examples": 32,
  "gt_norm_mean": 0.0,
  "gt_norm_ci95": 0.0,
  "gt_norm_median": 0.0,
  "clean_mse_mean": 9.228100054936572e-12,
  "clean_mse_ci95": 0.0,
  "clean_mse_median": 9.228100054936572e-12,
  "adv_mse_mean": 1.828167356388022e-08,
  "adv_mse_ci95": 3.9468826002205104e-13,
  "adv_mse_median": 1.828131512837672e-08,
  "mse_ratio_mean": 1981.0874887621571,
  "mse_ratio_ci95": 0.042770262315367166,
  "mse_ratio_median": 1981.0486470177716,
  "clean_rel_l2_mean": 0.003037778924408485,
  "clean_rel_l2_ci95": 0.0,
  "clean_rel_l2_median": 0.003037778924408485,
  "adv_rel_l2_mean": 0.1352097406197572,
  "adv_rel_l2_ci95": 1.4598720704620009e-06,
  "adv_rel_l2_median": 0.13520841457648203,
  "rel_l2_ratio_mean": 44.50940769038523,
  "rel_l2_ratio_ci95": 0.0004805721900076931,
  "rel_l2_ratio_median": 44.50897117301245,
  "clean_psnr_mean": 110.3488766450231,
  "clean_psnr_ci95": 0.0,
  "clean_psnr_median": 110.3488766450231,
  "adv_psnr_mean": 77.37984058781774,
  "adv_psnr_ci95": 9.378191094945018e-05,
  "adv_psnr_median": 77.37992543933356,
  "clean_ssim_mean": 0.9999999750272397,
  "clean_ssim_ci95": 0.0,
  "clean_ssim_median": 0.9999999750272397,
  "adv_ssim_mean": 0.9999781449568663,
  "adv_ssim_ci95": 3.4393808215012177e-10,
  "adv_ssim_median": 0.9999781450103029,
  "pred_shift_rel_l2_mean": 0.1347572028862487,
  "pred_shift_rel_l2_ci95": 1.4819889746560192e-06,
  "pred_shift_rel_l2_median": 0.13475587184075266,
  "init_shift_rel_l2_mean": 0.08901371711544925,
  "init_shift_rel_l2_ci95": 2.8744462233907757e-06,
  "init_shift_rel_l2_median": 0.08901441833586432,
  "delta_l2_mean": 0.15535643603652716,
  "delta_l2_ci95": 2.602229699745374e-09,
  "delta_l2_median": 0.15535643696784973,
  "delta_linf_mean": 0.009324921673396602,
  "delta_linf_ci95": 7.186395431358979e-07,
  "delta_linf_median": 0.009325009770691395,
  "delta_mean_abs_mean": 0.0004357312609499786,
  "delta_mean_abs_ci95": 6.872240621009795e-09,
  "delta_mean_abs_median": 0.0004357337311375886,
  "success_rel_l2_mean": 1.0,
  "success_rel_l2_ci95": 0.0,
  "success_rel_l2_median": 1.0,
  "success_mse_mean": 1.0,
  "success_mse_ci95": 0.0,
  "success_mse_median": 1.0,
  "clean_e_ran_l2_mean": 1.317993214566826e-10,
  "clean_e_ran_l2_ci95": 0.0,
  "clean_e_ran_l2_median": 1.317993214566826e-10,
  "clean_e_nul_l2_mean": 0.0003888357023242861,
  "clean_e_nul_l2_ci95": 0.0,
  "clean_e_nul_l2_median": 0.0003888357023242861,
  "clean_e_ran_frac_mean": 3.389588987555545e-07,
  "clean_e_ran_frac_ci95": 0.0,
  "clean_e_ran_frac_median": 3.389588987555545e-07,
  "clean_e_nul_frac_mean": 1.0,
  "clean_e_nul_frac_ci95": 0.0,
  "clean_e_nul_frac_median": 1.0,
  "adv_e_ran_l2_mean": 0.011393755383323878,
  "adv_e_ran_l2_ci95": 3.6790089405124477e-07,
  "adv_e_ran_l2_median": 0.011393845546990633,
  "adv_e_nul_l2_mean": 0.013027250941377133,
  "adv_e_nul_l2_ci95": 1.527648882834773e-07,
  "adv_e_nul_l2_median": 0.013027339242398739,
  "adv_e_ran_frac_mean": 0.6583380264296251,
  "adv_e_ran_frac_ci95": 1.530254339294082e-05,
  "adv_e_ran_frac_median": 0.6583423705757581,
  "adv_e_nul_frac_mean": 0.7527223825310505,
  "adv_e_nul_frac_ci95": 1.3382483966250527e-05,
  "adv_e_nul_frac_median": 0.7527185873078979,
  "attack_runtime_total_sec": 14.861630864441395,
  "attack_runtime_per_example_sec": 0.4644259645137936,
  "model_name": "nsn",
  "attack_name": "adam",
  "norm": "l2",
  "eps": 1.0,
  "attack_init_mode": "exact",
  "eval_init_mode": "exact"
}