{
  "num_examples": 32,
  "gt_norm_mean": 20.02930760383606,
  "gt_norm_ci95": 3.672134509144562,
  "gt_norm_median": 17.90650749206543,
  "clean_mse_mean": 0.006139742177765584,
  "clean_mse_ci95": 0.002314116423031207,
  "clean_mse_median": 0.002775077475234866,
  "adv_mse_mean": 0.00615131724953244,
  "adv_mse_ci95": 0.002315079099686211,
  "adv_mse_median": 0.0027837696252390742,
  "mse_ratio_mean": 1.0041865690883625,
  "mse_ratio_ci95": 0.0015696757527825034,
  "mse_ratio_median": 1.0027116259802384,
  "clean_rel_l2_mean": 0.446963582187891,
  "clean_rel_l2_ci95": 0.043333056729716476,
  "clean_rel_l2_median": 0.47524315118789673,
  "adv_rel_l2_mean": 0.44782834500074387,
  "adv_rel_l2_ci95": 0.04335091751439563,
  "adv_rel_l2_median": 0.4770102798938751,
  "rel_l2_ratio_mean": 1.002088634175593,
  "rel_l2_ratio_ci95": 0.0007813267764583479,
  "rel_l2_ratio_median": 1.0013548303345812,
  "clean_psnr_mean": 19.92102643278659,
  "clean_psnr_ci95": 1.245798919183075,
  "clean_psnr_median": 19.594763854051934,
  "adv_psnr_mean": 19.902924915517964,
  "adv_psnr_ci95": 1.2423702172161124,
  "adv_psnr_median": 19.580569783930663,
  "clean_ssim_mean": 0.1854814749470013,
  "clean_ssim_ci95": 0.022080284576974987,
  "clean_ssim_median": 0.17315020118209662,
  "adv_ssim_mean": 0.1849839824333396,
  "adv_ssim_ci95": 0.022098996670573173,
  "adv_ssim_median": 0.1729594924380406,
  "pred_shift_rel_l2_mean": 0.014029684898559935,
  "pred_shift_rel_l2_ci95": 0.00683331001879449,
  "pred_shift_rel_l2_median": 0.0038269873475655913,
  "init_shift_rel_l2_mean": 0.004117465541639831,
  "init_shift_rel_l2_ci95": 0.001000746226318675,
  "init_shift_rel_l2_median": 0.0035494286566972733,
  "delta_l2_mean": 0.9999999422580004,
  "delta_l2_ci95": 1.7082344428003583e-07,
  "delta_l2_median": 0.9999999403953552,
  "delta_linf_mean": 0.029007035889662802,
  "delta_linf_ci95": 0.0015401486072850958,
  "delta_linf_median": 0.03013263549655676,
  "delta_mean_abs_mean": 0.003508565467200242,
  "delta_mean_abs_ci95": 5.234647747501402e-05,
  "delta_mean_abs_median": 0.0034923027269542217,
  "success_rel_l2_mean": 0.0,
  "success_rel_l2_ci95": 0.0,
  "success_rel_l2_median": 0.0,
  "success_mse_mean": 0.0,
  "success_mse_ci95": 0.0,
  "success_mse_median": 0.0,
  "clean_e_ran_l2_mean": 8.832410179078579,
  "clean_e_ran_l2_ci95": 1.6708259835430692,
  "clean_e_ran_l2_median": 6.741178512573242,
  "clean_e_nul_l2_mean": 0.1863510285038501,
  "clean_e_nul_l2_ci95": 0.049647649653938364,
  "clean_e_nul_l2_median": 0.14206045120954514,
  "clean_e_ran_frac_mean": 0.999686275936046,
  "clean_e_ran_frac_ci95": 0.00010408354894114873,
  "clean_e_ran_frac_median": 0.9997870656311179,
  "clean_e_nul_frac_mean": 0.02252591380690056,
  "clean_e_nul_frac_ci95": 0.003854190340379285,
  "clean_e_nul_frac_median": 0.020631064776506107,
  "adv_e_ran_l2_mean": 8.838878385722637,
  "adv_e_ran_l2_ci95": 1.6700128115061033,
  "adv_e_ran_l2_median": 6.751601696014404,
  "adv_e_nul_l2_mean": 0.2953283190727234,
  "adv_e_nul_l2_ci95": 0.08951806526108791,
  "adv_e_nul_l2_median": 0.15684060752391815,
  "adv_e_ran_frac_mean": 0.9988027069052615,
  "adv_e_ran_frac_ci95": 0.0007845559117003949,
  "adv_e_ran_frac_median": 0.9996648763266199,
  "adv_e_nul_frac_mean": 0.03719717235088758,
  "adv_e_nul_frac_ci95": 0.011157494957269292,
  "adv_e_nul_frac_median": 0.025853638800596893,
  "attack_runtime_total_sec": 56.51098921149969,
  "attack_runtime_per_example_sec": 1.7659684128593653,
  "model_name": "nsn",
  "attack_name": "adam",
  "norm": "l2",
  "eps": 1.0,
  "attack_init_mode": "exact",
  "eval_init_mode": "exact"
}