{
  "num_examples": 32,
  "gt_norm_mean": 20.065786242485046,
  "gt_norm_ci95": 2.6439993761407936,
  "gt_norm_median": 18.550631523132324,
  "clean_mse_mean": 0.006183219678860041,
  "clean_mse_ci95": 0.002363341799444001,
  "clean_mse_median": 0.004231042927131057,
  "adv_mse_mean": 0.007535611865023384,
  "adv_mse_ci95": 0.0023885279079600653,
  "adv_mse_median": 0.0056226723827421665,
  "mse_ratio_mean": 1.4254652841566338,
  "mse_ratio_ci95": 0.1958621410900811,
  "mse_ratio_median": 1.2407311197450805,
  "clean_rel_l2_mean": 0.4488188084214926,
  "clean_rel_l2_ci95": 0.021548765821428773,
  "clean_rel_l2_median": 0.4298713803291321,
  "adv_rel_l2_mean": 0.5272218668833375,
  "adv_rel_l2_ci95": 0.03681688114429859,
  "adv_rel_l2_median": 0.5044236183166504,
  "rel_l2_ratio_mean": 1.1784405257103772,
  "rel_l2_ratio_ci95": 0.0674782648496225,
  "rel_l2_ratio_median": 1.1138793463111964,
  "clean_psnr_mean": 19.963957320865624,
  "clean_psnr_ci95": 1.1801890290791668,
  "clean_psnr_median": 21.27207421809475,
  "adv_psnr_mean": 18.62997876996758,
  "adv_psnr_ci95": 1.1147949803901427,
  "adv_psnr_median": 20.382831735567404,
  "clean_ssim_mean": 0.1325875817914598,
  "clean_ssim_ci95": 0.020139036700641256,
  "clean_ssim_median": 0.11027060768567143,
  "adv_ssim_mean": 0.1211919696442056,
  "adv_ssim_ci95": 0.01992994012187524,
  "adv_ssim_median": 0.09988424647201918,
  "pred_shift_rel_l2_mean": 0.17147244821535423,
  "pred_shift_rel_l2_ci95": 0.04628502789841238,
  "pred_shift_rel_l2_median": 0.1249716579914093,
  "init_shift_rel_l2_mean": 0.037848258652957156,
  "init_shift_rel_l2_ci95": 0.006193904350287472,
  "init_shift_rel_l2_median": 0.03583738021552563,
  "delta_l2_mean": 12.820081919431686,
  "delta_l2_ci95": 2.1780305542887194e-07,
  "delta_l2_median": 12.82008171081543,
  "delta_linf_mean": 0.34492431208491325,
  "delta_linf_ci95": 0.02188986815107229,
  "delta_linf_median": 0.34125590324401855,
  "delta_mean_abs_mean": 0.0484985806979239,
  "delta_mean_abs_ci95": 0.00015889474586692386,
  "delta_mean_abs_median": 0.04840298928320408,
  "delta_rel_l2_mean": 0.010424607168329592,
  "delta_rel_l2_ci95": 0.001696230443089089,
  "delta_rel_l2_median": 0.010071145692377898,
  "success_rel_l2_mean": 0.0625,
  "success_rel_l2_ci95": 0.08521202209593091,
  "success_rel_l2_median": 0.0,
  "success_mse_mean": 0.09375,
  "success_mse_ci95": 0.10260886233182911,
  "success_mse_median": 0.0,
  "clean_e_ran_l2_mean": 7.712452948093414,
  "clean_e_ran_l2_ci95": 1.2999072415063377,
  "clean_e_ran_l2_median": 6.773916482925415,
  "clean_e_nul_l2_mean": 4.8605454452335835,
  "clean_e_nul_l2_ci95": 0.7520058510399594,
  "clean_e_nul_l2_median": 4.363865852355957,
  "clean_e_ran_frac_mean": 0.8410908043603228,
  "clean_e_ran_frac_ci95": 0.01631977274951405,
  "clean_e_ran_frac_median": 0.856352453737071,
  "clean_e_nul_frac_mean": 0.5352241547032565,
  "clean_e_nul_frac_ci95": 0.022130510644111645,
  "clean_e_nul_frac_median": 0.5163912562266719,
  "adv_e_ran_l2_mean": 8.376626253128052,
  "adv_e_ran_l2_ci95": 1.269764410331383,
  "adv_e_ran_l2_median": 7.452068328857422,
  "adv_e_nul_l2_mean": 5.921570882201195,
  "adv_e_nul_l2_ci95": 0.8042892907940032,
  "adv_e_nul_l2_median": 5.193174600601196,
  "adv_e_ran_frac_mean": 0.8050431323996854,
  "adv_e_ran_frac_ci95": 0.03675074675115294,
  "adv_e_ran_frac_median": 0.8416453019034054,
  "adv_e_nul_frac_mean": 0.5734761444301116,
  "adv_e_nul_frac_ci95": 0.03877377041624697,
  "adv_e_nul_frac_median": 0.5400254215878337,
  "attack_runtime_total_sec": 57.91359103098512,
  "attack_runtime_per_example_sec": 1.809799719718285,
  "model_name": "resnet",
  "attack_name": "adam",
  "norm": "l2",
  "eps": 0.01,
  "eps_actual": 12.820081581359863,
  "attack_init_mode": "exact",
  "eval_init_mode": "exact"
}