{
  "num_examples": 32,
  "gt_norm_mean": 19.10678167641163,
  "gt_norm_ci95": 3.4833903043152117,
  "gt_norm_median": 16.756710529327393,
  "clean_mse_mean": 6.416605716097479e-06,
  "clean_mse_ci95": 2.6674439557957226e-06,
  "clean_mse_median": 4.135314611630747e-06,
  "adv_mse_mean": 0.04478562582517043,
  "adv_mse_ci95": 0.010084107422050665,
  "adv_mse_median": 0.03363046795129776,
  "mse_ratio_mean": 16480.28768593431,
  "mse_ratio_ci95": 6273.692198272086,
  "mse_ratio_median": 11743.232463523236,
  "clean_rel_l2_mean": 0.01678586457273923,
  "clean_rel_l2_ci95": 0.003438985048320894,
  "clean_rel_l2_median": 0.012342006899416447,
  "adv_rel_l2_mean": 1.5746932588517666,
  "adv_rel_l2_ci95": 0.20533930428674427,
  "adv_rel_l2_median": 1.485042929649353,
  "rel_l2_ratio_mean": 114.6590199241341,
  "rel_l2_ratio_ci95": 20.325044515339698,
  "rel_l2_ratio_median": 108.3660372532554,
  "clean_psnr_mean": 49.75496066424722,
  "clean_psnr_ci95": 1.1658724608332747,
  "clean_psnr_median": 50.89056074239741,
  "adv_psnr_mean": 9.636234817341794,
  "adv_psnr_ci95": 1.0209080125364316,
  "adv_psnr_median": 10.54399393173399,
  "clean_ssim_mean": 0.996245467109399,
  "clean_ssim_ci95": 0.0006774410548380454,
  "clean_ssim_median": 0.9969707590614683,
  "adv_ssim_mean": 0.6524294497785872,
  "adv_ssim_ci95": 0.036362179099081,
  "adv_ssim_median": 0.6999602846545031,
  "pred_shift_rel_l2_mean": 1.5725475754588842,
  "pred_shift_rel_l2_ci95": 0.20419350890046764,
  "pred_shift_rel_l2_median": 1.4827871918678284,
  "init_shift_rel_l2_mean": 1.2490519853308797,
  "init_shift_rel_l2_ci95": 0.20794023085758118,
  "init_shift_rel_l2_median": 1.2186918258666992,
  "delta_l2_mean": 12.865460127592087,
  "delta_l2_ci95": 1.5094214090642214e-07,
  "delta_l2_median": 12.865460395812988,
  "delta_linf_mean": 0.3511693812906742,
  "delta_linf_ci95": 0.014863416566487115,
  "delta_linf_median": 0.3383433222770691,
  "delta_mean_abs_mean": 0.045766008319333196,
  "delta_mean_abs_ci95": 0.00017900598524663177,
  "delta_mean_abs_median": 0.045784490182995796,
  "delta_rel_l2_mean": 0.016868751613135967,
  "delta_rel_l2_ci95": 0.003580944862861711,
  "delta_rel_l2_median": 0.015345329094364282,
  "success_rel_l2_mean": 1.0,
  "success_rel_l2_ci95": 0.0,
  "success_rel_l2_median": 1.0,
  "success_mse_mean": 1.0,
  "success_mse_ci95": 0.0,
  "success_mse_median": 1.0,
  "clean_e_ran_l2_mean": 0.2011636367533356,
  "clean_e_ran_l2_ci95": 0.033401052826784836,
  "clean_e_ran_l2_median": 0.1907423883676529,
  "clean_e_nul_l2_mean": 0.19930626754648983,
  "clean_e_nul_l2_ci95": 0.044440778916197306,
  "clean_e_nul_l2_median": 0.1675281673669815,
  "clean_e_ran_frac_mean": 0.7256512746736496,
  "clean_e_ran_frac_ci95": 0.020474987463070193,
  "clean_e_ran_frac_median": 0.7420922912572887,
  "clean_e_nul_frac_mean": 0.6832951501736647,
  "clean_e_nul_frac_ci95": 0.019773096779135742,
  "clean_e_nul_frac_median": 0.6702851347961667,
  "adv_e_ran_l2_mean": 12.883215546607971,
  "adv_e_ran_l2_ci95": 0.9207064555847314,
  "adv_e_ran_l2_median": 12.391194820404053,
  "adv_e_nul_l2_mean": 22.501642554998398,
  "adv_e_nul_l2_ci95": 2.6018054712969394,
  "adv_e_nul_l2_median": 20.14525604248047,
  "adv_e_ran_frac_mean": 0.510189606723545,
  "adv_e_ran_frac_ci95": 0.027254337860917778,
  "adv_e_ran_frac_median": 0.4942988992491658,
  "adv_e_nul_frac_mean": 0.855196908336606,
  "adv_e_nul_frac_ci95": 0.017068529911024588,
  "adv_e_nul_frac_median": 0.8692820763319327,
  "attack_runtime_total_sec": 57.99510628730059,
  "attack_runtime_per_example_sec": 1.8123470714781433,
  "model_name": "resnet",
  "attack_name": "adam",
  "norm": "l2",
  "eps": 0.01,
  "eps_actual": 12.865460538513185,
  "attack_init_mode": "exact",
  "eval_init_mode": "exact"
}