{
  "num_examples": 32,
  "gt_norm_mean": 19.806160181760788,
  "gt_norm_ci95": 2.9469057162341947,
  "gt_norm_median": 18.65426254272461,
  "gt_norm_q25": 12.793537616729736,
  "gt_norm_q75": 26.20080327987671,
  "clean_mse_mean": 0.0019420533199081547,
  "clean_mse_ci95": 0.0008983731969482081,
  "clean_mse_median": 0.0008530683990102261,
  "clean_mse_q25": 0.00044820929906563833,
  "clean_mse_q75": 0.0022524550440721214,
  "adv_mse_mean": 0.03472918103216216,
  "adv_mse_ci95": 0.020730654359707692,
  "adv_mse_median": 0.012230541557073593,
  "adv_mse_q25": 0.005255359457805753,
  "adv_mse_q75": 0.035763585940003395,
  "mse_ratio_mean": 14.582394167920956,
  "mse_ratio_ci95": 1.8366991465019147,
  "mse_ratio_median": 12.655170797650129,
  "mse_ratio_q25": 10.93977328904792,
  "mse_ratio_q75": 17.450917591330104,
  "clean_rel_l2_mean": 0.23370636440813541,
  "clean_rel_l2_ci95": 0.01650501422508375,
  "clean_rel_l2_median": 0.22983237355947495,
  "clean_rel_l2_q25": 0.21391825005412102,
  "clean_rel_l2_q75": 0.2575075700879097,
  "adv_rel_l2_mean": 0.8883877759799361,
  "adv_rel_l2_ci95": 0.10144753795804687,
  "adv_rel_l2_median": 0.7933480143547058,
  "adv_rel_l2_q25": 0.698453962802887,
  "adv_rel_l2_q75": 1.0100009441375732,
  "rel_l2_ratio_mean": 3.7589648681349073,
  "rel_l2_ratio_ci95": 0.23682171640169417,
  "rel_l2_ratio_median": 3.5574035976524705,
  "rel_l2_ratio_q25": 3.307528397743263,
  "rel_l2_ratio_q75": 4.1771227885329925,
  "clean_psnr_mean": 25.545081696450538,
  "clean_psnr_ci95": 1.4315386858258226,
  "clean_psnr_median": 26.065757856115205,
  "clean_psnr_q25": 23.562371514828442,
  "clean_psnr_q75": 28.12443849647007,
  "adv_psnr_mean": 14.182918451778848,
  "adv_psnr_ci95": 1.7587521631729766,
  "adv_psnr_median": 15.21950186531666,
  "adv_psnr_q25": 11.587277176326134,
  "adv_psnr_q75": 17.75997245709298,
  "clean_ssim_mean": 0.32906953021365587,
  "clean_ssim_ci95": 0.04635015710944617,
  "clean_ssim_median": 0.3040999223995484,
  "clean_ssim_q25": 0.24034353269460454,
  "clean_ssim_q75": 0.4086474923376175,
  "adv_ssim_mean": 0.06285519010669836,
  "adv_ssim_ci95": 0.012491986845040095,
  "adv_ssim_median": 0.05643590008850864,
  "adv_ssim_q25": 0.039471174178452854,
  "adv_ssim_q75": 0.08492281140920166,
  "clean_mae_mean": 0.029284641379490495,
  "clean_mae_ci95": 0.006173307963410961,
  "clean_mae_median": 0.02257277723401785,
  "clean_mae_q25": 0.01639978727325797,
  "clean_mae_q75": 0.03682447597384453,
  "adv_mae_mean": 0.103749735862948,
  "adv_mae_ci95": 0.02671438019658056,
  "adv_mae_median": 0.07555503770709038,
  "adv_mae_q25": 0.050876977853477,
  "adv_mae_q75": 0.13444050773978233,
  "clean_nrmse_mean": 0.059615675947293695,
  "clean_nrmse_ci95": 0.011885005394474334,
  "clean_nrmse_median": 0.04979240148134893,
  "clean_nrmse_q25": 0.03924923971453061,
  "clean_nrmse_q75": 0.06643743687902681,
  "adv_nrmse_mean": 0.23546584860072606,
  "adv_nrmse_ci95": 0.05947353116182547,
  "adv_nrmse_median": 0.17350873843891082,
  "adv_nrmse_q25": 0.1294263726714579,
  "adv_nrmse_q75": 0.2635944971671181,
  "clean_max_err_mean": 0.18097286368720233,
  "clean_max_err_ci95": 0.03742511663210818,
  "clean_max_err_median": 0.13946020603179932,
  "clean_max_err_q25": 0.10989409685134888,
  "clean_max_err_q75": 0.2332305647432804,
  "adv_max_err_mean": 1.2398412572219968,
  "adv_max_err_ci95": 0.2576228878491621,
  "adv_max_err_median": 0.9776520431041718,
  "adv_max_err_q25": 0.6736004799604416,
  "adv_max_err_q75": 1.699196696281433,
  "clean_init_rel_l2_mean": 0.3665603967383504,
  "clean_init_rel_l2_ci95": 0.038403306013622636,
  "clean_init_rel_l2_median": 0.35208597779273987,
  "clean_init_rel_l2_q25": 0.3001028299331665,
  "clean_init_rel_l2_q75": 0.37695785611867905,
  "adv_init_rel_l2_mean": 0.7691900972276926,
  "adv_init_rel_l2_ci95": 0.0444691175526486,
  "adv_init_rel_l2_median": 0.772138386964798,
  "adv_init_rel_l2_q25": 0.6828151345252991,
  "adv_init_rel_l2_q75": 0.8492737710475922,
  "init_rel_l2_ratio_mean": 2.23068742263615,
  "init_rel_l2_ratio_ci95": 0.20503273041625333,
  "init_rel_l2_ratio_median": 2.2903504529683905,
  "init_rel_l2_ratio_q25": 1.8183894958705489,
  "init_rel_l2_ratio_q75": 2.814525358274946,
  "clean_init_psnr_mean": 21.770101520711616,
  "clean_init_psnr_ci95": 1.150549673679535,
  "clean_init_psnr_median": 21.902652531932308,
  "clean_init_psnr_q25": 20.421128931234048,
  "clean_init_psnr_q75": 23.885292476453795,
  "adv_init_psnr_mean": 15.145713761296907,
  "adv_init_psnr_ci95": 1.3186105672035904,
  "adv_init_psnr_median": 15.467660139497722,
  "adv_init_psnr_q25": 13.205506120647597,
  "adv_init_psnr_q75": 18.082149709376193,
  "clean_init_ssim_mean": 0.18507351933738528,
  "clean_init_ssim_ci95": 0.030001286716356445,
  "clean_init_ssim_median": 0.16158426217636884,
  "clean_init_ssim_q25": 0.13307457795689728,
  "clean_init_ssim_q75": 0.21259884043133606,
  "adv_init_ssim_mean": 0.06648410578147106,
  "adv_init_ssim_ci95": 0.008586991987595915,
  "adv_init_ssim_median": 0.05652794699455838,
  "adv_init_ssim_q25": 0.049553225621834354,
  "adv_init_ssim_q75": 0.07526352666360671,
  "clean_init_mae_mean": 0.040868057461921126,
  "clean_init_mae_ci95": 0.007575174640980243,
  "clean_init_mae_median": 0.035782722756266594,
  "clean_init_mae_q25": 0.02316789049655199,
  "clean_init_mae_q75": 0.04952391982078552,
  "adv_init_mae_mean": 0.09379207773599774,
  "adv_init_mae_ci95": 0.018892788300691226,
  "adv_init_mae_median": 0.07193806767463684,
  "adv_init_mae_q25": 0.0529727591201663,
  "adv_init_mae_q75": 0.12532814592123032,
  "pred_shift_rel_l2_mean": 0.829991802573204,
  "pred_shift_rel_l2_ci95": 0.09302269210432945,
  "pred_shift_rel_l2_median": 0.7493961751461029,
  "pred_shift_rel_l2_q25": 0.6672890335321426,
  "pred_shift_rel_l2_q75": 0.9474337995052338,
  "init_shift_rel_l2_mean": 0.6673301160335541,
  "init_shift_rel_l2_ci95": 0.04607634809053597,
  "init_shift_rel_l2_median": 0.6756739914417267,
  "init_shift_rel_l2_q25": 0.5859799087047577,
  "init_shift_rel_l2_q75": 0.7592487335205078,
  "delta_l2_mean": 11.742955267429352,
  "delta_l2_ci95": 2.463982314024058,
  "delta_l2_median": 9.294705390930176,
  "delta_l2_q25": 6.622677683830261,
  "delta_l2_q75": 14.643104076385498,
  "delta_linf_mean": 0.342792616924271,
  "delta_linf_ci95": 0.07355047347821056,
  "delta_linf_median": 0.26582273840904236,
  "delta_linf_q25": 0.20381325483322144,
  "delta_linf_q75": 0.40948009490966797,
  "delta_mean_abs_mean": 0.04306772485142574,
  "delta_mean_abs_ci95": 0.009159361429534081,
  "delta_mean_abs_median": 0.03421609662473202,
  "delta_mean_abs_q25": 0.024020773824304342,
  "delta_mean_abs_q75": 0.05428153835237026,
  "delta_rel_l2_mean": 0.010000004976043824,
  "delta_rel_l2_ci95": 5.299913478793775e-10,
  "delta_rel_l2_median": 0.010000004828299585,
  "delta_rel_l2_q25": 0.010000004134678392,
  "delta_rel_l2_q75": 0.010000006097540277,
  "success_rel_l2_mean": 1.0,
  "success_rel_l2_ci95": 0.0,
  "success_rel_l2_median": 1.0,
  "success_rel_l2_q25": 1.0,
  "success_rel_l2_q75": 1.0,
  "success_mse_mean": 1.0,
  "success_mse_ci95": 0.0,
  "success_mse_median": 1.0,
  "success_mse_q25": 1.0,
  "success_mse_q75": 1.0,
  "clean_e_ran_l2_mean": 4.836340058594942,
  "clean_e_ran_l2_ci95": 1.020222271605774,
  "clean_e_ran_l2_median": 3.7373595237731934,
  "clean_e_ran_l2_q25": 2.6929567456245422,
  "clean_e_ran_l2_q75": 6.069457411766052,
  "clean_e_nul_l2_mean": 0.13684015127364546,
  "clean_e_nul_l2_ci95": 0.03601493334112516,
  "clean_e_nul_l2_median": 0.09781578555703163,
  "clean_e_nul_l2_q25": 0.06715142913162708,
  "clean_e_nul_l2_q75": 0.1633656658232212,
  "clean_e_ran_frac_mean": 0.9987081618622339,
  "clean_e_ran_frac_ci95": 0.0010937059475922858,
  "clean_e_ran_frac_median": 0.9997635058877719,
  "clean_e_ran_frac_q25": 0.9995434394098679,
  "clean_e_ran_frac_q75": 0.999861416680399,
  "clean_e_nul_frac_mean": 0.035064668389665696,