{
  "num_examples": 32,
  "gt_norm_mean": 20.065786242485046,
  "gt_norm_ci95": 2.6439993761407936,
  "gt_norm_median": 18.550631523132324,
  "clean_mse_mean": 9.639423973858356,
  "clean_mse_ci95": 4.439303482592667,
  "clean_mse_median": 4.855641841888428,
  "adv_mse_mean": 10.186355570331216,
  "adv_mse_ci95": 4.538231196732637,
  "adv_mse_median": 5.303675651550293,
  "mse_ratio_mean": 1.0959754812423763,
  "mse_ratio_ci95": 0.016012218772589404,
  "mse_ratio_median": 1.0918197609992193,
  "clean_rel_l2_mean": 16.44574084877968,
  "clean_rel_l2_ci95": 1.007078038996911,
  "clean_rel_l2_median": 15.256311416625977,
  "adv_rel_l2_mean": 17.16580057144165,
  "adv_rel_l2_ci95": 0.9502929034776872,
  "adv_rel_l2_median": 15.919668197631836,
  "rel_l2_ratio_mean": 1.046666970744274,
  "rel_l2_ratio_ci95": 0.007580911438509374,
  "rel_l2_ratio_median": 1.0449016915363445,
  "clean_psnr_mean": -11.263836214371953,
  "clean_psnr_ci95": 1.3597054225712226,
  "clean_psnr_median": -9.990405852075192,
  "adv_psnr_mean": -11.658188470351325,
  "adv_psnr_ci95": 1.3139958587435316,
  "adv_psnr_median": -10.364129445640403,
  "clean_ssim_mean": 0.003995435876704161,
  "clean_ssim_ci95": 0.000808119772480811,
  "clean_ssim_median": 0.004264916469006661,
  "adv_ssim_mean": 0.0037297472193080065,
  "adv_ssim_ci95": 0.000766753351436593,
  "adv_ssim_median": 0.0038776460149513503,
  "pred_shift_rel_l2_mean": 0.0569370792072732,
  "pred_shift_rel_l2_ci95": 0.009512268068702102,
  "pred_shift_rel_l2_median": 0.05451740510761738,
  "init_shift_rel_l2_mean": 0.0460482323251199,
  "init_shift_rel_l2_ci95": 0.007659024517574167,
  "init_shift_rel_l2_median": 0.044631196185946465,
  "delta_l2_mean": 12.820081621408463,
  "delta_l2_ci95": 3.067668241114193e-07,
  "delta_l2_median": 12.82008171081543,
  "delta_linf_mean": 0.2804764211177826,
  "delta_linf_ci95": 0.007102695581315615,
  "delta_linf_median": 0.27575117349624634,
  "delta_mean_abs_mean": 0.04908991453703493,
  "delta_mean_abs_ci95": 3.397627772884849e-05,
  "delta_mean_abs_median": 0.04908136650919914,
  "delta_rel_l2_mean": 0.010424606812444052,
  "delta_rel_l2_ci95": 0.001696230251945571,
  "delta_rel_l2_median": 0.010071145319282666,
  "success_rel_l2_mean": 0.0,
  "success_rel_l2_ci95": 0.0,
  "success_rel_l2_median": 0.0,
  "success_mse_mean": 0.0,
  "success_mse_ci95": 0.0,
  "success_mse_median": 0.0,
  "clean_e_ran_l2_mean": 323.76527309417725,
  "clean_e_ran_l2_ci95": 64.00753844413146,
  "clean_e_ran_l2_median": 264.1322021484375,
  "clean_e_nul_l2_mean": 123.37530064582825,
  "clean_e_nul_l2_ci95": 24.455615584552184,
  "clean_e_nul_l2_median": 99.11756896972656,
  "clean_e_ran_frac_mean": 0.9345447859958261,
  "clean_e_ran_frac_ci95": 0.0009621966897816927,
  "clean_e_ran_frac_median": 0.9348092094820519,
  "clean_e_nul_frac_mean": 0.3557626749830798,
  "clean_e_nul_frac_ci95": 0.0025260092126172078,
  "clean_e_nul_frac_median": 0.35515014955746316,
  "adv_e_ran_l2_mean": 335.9380328655243,
  "adv_e_ran_l2_ci95": 63.96346217699204,
  "adv_e_ran_l2_median": 276.2871398925781,
  "adv_e_nul_l2_mean": 127.26152169704437,
  "adv_e_nul_l2_ci95": 24.46073611461291,
  "adv_e_nul_l2_median": 103.0609130859375,
  "adv_e_ran_frac_mean": 0.9354177667323896,
  "adv_e_ran_frac_ci95": 0.0009665889257836473,
  "adv_e_ran_frac_median": 0.9358030678825202,
  "adv_e_nul_frac_mean": 0.35345937248975173,
  "adv_e_nul_frac_ci95": 0.0025516937696180584,
  "adv_e_nul_frac_median": 0.3525232546326732,
  "attack_runtime_total_sec": 116.44857918098569,
  "attack_runtime_per_example_sec": 3.639018099405803,
  "model_name": "dpnsn",
  "attack_name": "adam",
  "norm": "l2",
  "eps": 0.01,
  "eps_actual": 12.820081581359863,
  "attack_init_mode": "exact",
  "eval_init_mode": "exact"
}