{
  "num_examples": 32,
  "gt_norm_mean": 19.10678167641163,
  "gt_norm_ci95": 3.4833903043152117,
  "gt_norm_median": 16.756710529327393,
  "clean_mse_mean": 0.00013262900853305837,
  "clean_mse_ci95": 3.2522637756062395e-05,
  "clean_mse_median": 0.00011535870362422429,
  "adv_mse_mean": 0.0722917626844719,
  "adv_mse_ci95": 0.009187301912761672,
  "adv_mse_median": 0.0621526800096035,
  "mse_ratio_mean": 908.8738592877926,
  "mse_ratio_ci95": 264.48957989257354,
  "mse_ratio_median": 568.5112381958804,
  "clean_rel_l2_mean": 0.07849633332807571,
  "clean_rel_l2_ci95": 0.007879544108547624,
  "clean_rel_l2_median": 0.07557433098554611,
  "adv_rel_l2_mean": 2.1421980671584606,
  "adv_rel_l2_ci95": 0.31295232872423173,
  "adv_rel_l2_median": 1.9295083284378052,
  "rel_l2_ratio_mean": 28.060723181161336,
  "rel_l2_ratio_ci95": 3.879798246779156,
  "rel_l2_ratio_median": 23.824232989951348,
  "clean_psnr_mean": 35.50508335103929,
  "clean_psnr_ci95": 0.5100320234437955,
  "clean_psnr_median": 35.68560227573899,
  "adv_psnr_mean": 7.136782542105523,
  "adv_psnr_ci95": 1.0444749624049547,
  "adv_psnr_median": 7.998617786906861,
  "clean_ssim_mean": 0.8870374882576997,
  "clean_ssim_ci95": 0.010990359347556482,
  "clean_ssim_median": 0.8914903551740565,
  "adv_ssim_mean": 0.02811778945032504,
  "adv_ssim_ci95": 0.007470422229348129,
  "adv_ssim_median": 0.0245907275852099,
  "pred_shift_rel_l2_mean": 2.151608146727085,
  "pred_shift_rel_l2_ci95": 0.31677156670830037,
  "pred_shift_rel_l2_median": 1.9295724630355835,
  "init_shift_rel_l2_mean": 1.28561310749501,
  "init_shift_rel_l2_ci95": 0.2244221764376494,
  "init_shift_rel_l2_median": 1.0955576300621033,
  "delta_l2_mean": 12.865460455417633,
  "delta_l2_ci95": 2.3645972979776275e-07,
  "delta_l2_median": 12.865460395812988,
  "delta_linf_mean": 0.31334351375699043,
  "delta_linf_ci95": 0.007240375948255798,
  "delta_linf_median": 0.3100159168243408,
  "delta_mean_abs_mean": 0.04615024721715599,
  "delta_mean_abs_ci95": 0.0001294212570515406,
  "delta_mean_abs_median": 0.046191148459911346,
  "delta_rel_l2_mean": 0.01686875211113726,
  "delta_rel_l2_ci95": 0.003580945134925167,
  "delta_rel_l2_median": 0.015345329605450955,
  "success_rel_l2_mean": 1.0,
  "success_rel_l2_ci95": 0.0,
  "success_rel_l2_median": 1.0,
  "success_mse_mean": 1.0,
  "success_mse_ci95": 0.0,
  "success_mse_median": 1.0,
  "clean_e_ran_l2_mean": 0.47194874472916126,
  "clean_e_ran_l2_ci95": 0.07856286195501386,
  "clean_e_ran_l2_median": 0.4195670187473297,
  "clean_e_nul_l2_mean": 1.2913936451077461,
  "clean_e_nul_l2_ci95": 0.16983371067378006,
  "clean_e_nul_l2_median": 1.2792801260948181,
  "clean_e_ran_frac_mean": 0.34016146555690685,
  "clean_e_ran_frac_ci95": 0.026948651439128734,
  "clean_e_ran_frac_median": 0.3290711687903702,
  "clean_e_nul_frac_mean": 0.9367748594213503,
  "clean_e_nul_frac_ci95": 0.010458710944562143,
  "clean_e_nul_frac_median": 0.9442996848256342,
  "adv_e_ran_l2_mean": 16.75643292069435,
  "adv_e_ran_l2_ci95": 0.527707581424429,
  "adv_e_ran_l2_median": 16.552865982055664,
  "adv_e_nul_l2_mean": 29.368849456310272,
  "adv_e_nul_l2_ci95": 2.194840929196716,
  "adv_e_nul_l2_median": 27.656804084777832,
  "adv_e_ran_frac_mean": 0.5036535130946564,
  "adv_e_ran_frac_ci95": 0.024864701460053963,
  "adv_e_ran_frac_median": 0.5035777380684768,
  "adv_e_nul_frac_mean": 0.8598848870321647,
  "adv_e_nul_frac_ci95": 0.01551341204533252,
  "adv_e_nul_frac_median": 0.8639461027906936,
  "attack_runtime_total_sec": 116.52424765378237,
  "attack_runtime_per_example_sec": 3.641382739180699,
  "model_name": "dpnsn",
  "attack_name": "adam",
  "norm": "l2",
  "eps": 0.01,
  "eps_actual": 12.865460538513185,
  "attack_init_mode": "exact",
  "eval_init_mode": "exact"
}