{
  "num_examples": 32,
  "gt_norm_mean": 19.554032936692238,
  "gt_norm_ci95": 3.175656556464896,
  "gt_norm_median": 19.43148136138916,
  "gt_norm_q25": 13.664082050323486,
  "gt_norm_q75": 22.861806869506836,
  "clean_mse_mean": 0.00026567452528070135,
  "clean_mse_ci95": 6.432926170533863e-05,
  "clean_mse_median": 0.0002584782778285444,
  "clean_mse_q25": 0.00010624203423503786,
  "clean_mse_q75": 0.00033532691304571927,
  "adv_mse_mean": 0.0013948130124390445,
  "adv_mse_ci95": 0.0008193902090635832,
  "adv_mse_median": 0.0005679954192601144,
  "adv_mse_q25": 0.0003245604893891141,
  "adv_mse_q75": 0.0011152035149279982,
  "mse_ratio_mean": 4.0443617382317285,
  "mse_ratio_ci95": 1.261093610633631,
  "mse_ratio_median": 2.5036792431128987,
  "mse_ratio_q25": 1.4125088281727183,
  "mse_ratio_q75": 5.508087014908661,
  "clean_rel_l2_mean": 0.10566292330622673,
  "clean_rel_l2_ci95": 0.006199647105670782,
  "clean_rel_l2_median": 0.104661975055933,
  "clean_rel_l2_q25": 0.09610028564929962,
  "clean_rel_l2_q75": 0.11224446073174477,
  "adv_rel_l2_mean": 0.18621915928088129,
  "adv_rel_l2_ci95": 0.019999026431390805,
  "adv_rel_l2_median": 0.1730012521147728,
  "adv_rel_l2_q25": 0.1379696950316429,
  "adv_rel_l2_q75": 0.22729288414120674,
  "rel_l2_ratio_mean": 1.8520805498786954,
  "rel_l2_ratio_ci95": 0.2758772486933915,
  "rel_l2_ratio_median": 1.5822745614616203,
  "rel_l2_ratio_q25": 1.1884663968311715,
  "rel_l2_ratio_q75": 2.345837085943503,
  "clean_psnr_mean": 32.525919010126216,
  "clean_psnr_ci95": 0.5163817660070772,
  "clean_psnr_median": 32.612159844657945,
  "clean_psnr_q25": 31.690702323403492,
  "clean_psnr_q75": 33.81583856855497,
  "adv_psnr_mean": 27.87078885819441,
  "adv_psnr_ci95": 1.5663656206439738,
  "adv_psnr_median": 29.16414858199628,
  "adv_psnr_q25": 24.16172019874677,
  "adv_psnr_q75": 31.66127814098507,
  "clean_ssim_mean": 0.8976910951445387,
  "clean_ssim_ci95": 0.018496159420789866,
  "clean_ssim_median": 0.9057646284276082,
  "clean_ssim_q25": 0.88879670807757,
  "clean_ssim_q75": 0.9352546233199642,
  "adv_ssim_mean": 0.7637585715087327,
  "adv_ssim_ci95": 0.0572855142653542,
  "adv_ssim_median": 0.8084480965198555,
  "adv_ssim_q25": 0.6525427752209243,
  "adv_ssim_q75": 0.9037988640968864,
  "pred_shift_rel_l2_mean": 0.13996243389556184,
  "pred_shift_rel_l2_ci95": 0.029176158244860587,
  "pred_shift_rel_l2_median": 0.13091923296451569,
  "pred_shift_rel_l2_q25": 0.07230118848383427,
  "pred_shift_rel_l2_q75": 0.2074422650039196,
  "init_shift_rel_l2_mean": 0.0206943009106908,
  "init_shift_rel_l2_ci95": 0.0011709926508445636,
  "init_shift_rel_l2_median": 0.019914090633392334,
  "init_shift_rel_l2_q25": 0.018396057654172182,
  "init_shift_rel_l2_q75": 0.02254354488104582,
  "delta_l2_mean": 5.79192291945219,
  "delta_l2_ci95": 1.2905476639592253,
  "delta_l2_median": 5.269058704376221,
  "delta_l2_q25": 3.7925586700439453,
  "delta_l2_q75": 6.462363123893738,
  "delta_linf_mean": 0.12829813943244517,
  "delta_linf_ci95": 0.029331114364881596,
  "delta_linf_median": 0.11662624031305313,
  "delta_linf_q25": 0.08142386376857758,
  "delta_linf_q75": 0.1316676214337349,
  "delta_mean_abs_mean": 0.02026597788790241,
  "delta_mean_abs_ci95": 0.0046448870399777905,
  "delta_mean_abs_median": 0.018328224308788776,
  "delta_mean_abs_q25": 0.011942998738959432,
  "delta_mean_abs_q75": 0.023000326473265886,
  "delta_rel_l2_mean": 0.0050000027476375004,
  "delta_rel_l2_ci95": 2.875265623053876e-10,
  "delta_rel_l2_median": 0.005000002706404516,
  "delta_rel_l2_q25": 0.00500000234365655,
  "delta_rel_l2_q75": 0.005000002970968347,
  "success_rel_l2_mean": 0.5625,
  "success_rel_l2_ci95": 0.17463267901697313,
  "success_rel_l2_median": 1.0,
  "success_rel_l2_q25": 0.0,
  "success_rel_l2_q75": 1.0,
  "success_mse_mean": 0.59375,
  "success_mse_ci95": 0.17289153205070137,
  "success_mse_median": 1.0,
  "success_mse_q25": 0.0,
  "success_mse_q75": 1.0,
  "clean_e_ran_l2_mean": 1.4532191734761,
  "clean_e_ran_l2_ci95": 0.2000973269966429,
  "clean_e_ran_l2_median": 1.5127142071723938,
  "clean_e_ran_l2_q25": 0.9548222720623016,
  "clean_e_ran_l2_q75": 1.6509729623794556,
  "clean_e_nul_l2_mean": 1.3124435804784298,
  "clean_e_nul_l2_ci95": 0.1555943799234541,
  "clean_e_nul_l2_median": 1.3449245691299438,
  "clean_e_nul_l2_q25": 0.9415098428726196,
  "clean_e_nul_l2_q75": 1.6041132807731628,
  "clean_e_ran_frac_mean": 0.7341794180506468,
  "clean_e_ran_frac_ci95": 0.01818112314797396,
  "clean_e_ran_frac_median": 0.7339697694740155,
  "clean_e_ran_frac_q25": 0.7062641252842922,
  "clean_e_ran_frac_q75": 0.7637990415918998,
  "clean_e_nul_frac_mean": 0.6747174634543467,
  "clean_e_nul_frac_ci95": 0.0195034238284467,
  "clean_e_nul_frac_median": 0.6791810629424655,
  "clean_e_nul_frac_q25": 0.6454536987692115,
  "clean_e_nul_frac_q75": 0.7079457634274284,
  "adv_e_ran_l2_mean": 2.3330053109675646,
  "adv_e_ran_l2_ci95": 0.638914335855873,
  "adv_e_ran_l2_median": 1.8005473613739014,
  "adv_e_ran_l2_q25": 1.500729352235794,
  "adv_e_ran_l2_q75": 2.4125898480415344,
  "adv_e_nul_l2_mean": 3.0622516125440598,
  "adv_e_nul_l2_ci95": 0.7662728088077028,
  "adv_e_nul_l2_median": 2.414267063140869,
  "adv_e_nul_l2_q25": 1.6924003958702087,
  "adv_e_nul_l2_q75": 3.5890114307403564,
  "adv_e_ran_frac_mean": 0.6133216493773535,
  "adv_e_ran_frac_ci95": 0.03007954150991971,
  "adv_e_ran_frac_median": 0.6090501644739797,
  "adv_e_ran_frac_q25": 0.5677986620929916,
  "adv_e_ran_frac_q75": 0.6718115296026232,
  "adv_e_nul_frac_mean": 0.782272250284044,
  "adv_e_nul_frac_ci95": 0.02383801592968165,
  "adv_e_nul_frac_median": 0.7931298090513651,
  "adv_e_nul_frac_q25": 0.740495834449613,
  "adv_e_nul_frac_q75": 0.8231597182254562,
  "attack_runtime_total_sec": 276.29365553706884,
  "attack_runtime_per_example_sec": 8.634176735533401,
  "model_name": "nsn",
  "attack_name": "adam",
  "norm": "l2",
  "eps": 0.005,
  "eps_actual": 6.3846251600341795,
  "eps_budget_mode": "per_sample_l2",
  "attack_init_mode": "exact",
  "eval_init_mode": "exact"
}