{
  "num_examples": 32,
  "gt_norm_mean": 19.554032936692238,
  "gt_norm_ci95": 3.175656556464896,
  "gt_norm_median": 19.43148136138916,
  "gt_norm_q25": 13.664082050323486,
  "gt_norm_q75": 22.861806869506836,
  "clean_mse_mean": 0.00625221734162551,
  "clean_mse_ci95": 0.002343699229532902,
  "clean_mse_median": 0.004796583671122789,
  "clean_mse_q25": 0.002446916711051017,
  "clean_mse_q75": 0.007639780407771468,
  "adv_mse_mean": 0.00705165336785285,
  "adv_mse_ci95": 0.002887909195787733,
  "adv_mse_median": 0.0049158891197294,
  "adv_mse_q25": 0.0026897937059402466,
  "adv_mse_q75": 0.007959352806210518,
  "mse_ratio_mean": 1.0887077779070555,
  "mse_ratio_ci95": 0.04551157026167932,
  "mse_ratio_median": 1.044172395394846,
  "mse_ratio_q25": 1.0338003767631974,
  "mse_ratio_q75": 1.0762160129483425,
  "clean_rel_l2_mean": 0.4527448872104287,
  "clean_rel_l2_ci95": 0.033662529492583075,
  "clean_rel_l2_median": 0.47681303322315216,
  "clean_rel_l2_q25": 0.39657796174287796,
  "clean_rel_l2_q75": 0.505777046084404,
  "adv_rel_l2_mean": 0.4705676771700382,
  "adv_rel_l2_ci95": 0.034014305028378836,
  "adv_rel_l2_median": 0.4921624958515167,
  "adv_rel_l2_q25": 0.4252737760543823,
  "adv_rel_l2_q75": 0.525215283036232,
  "rel_l2_ratio_mean": 1.0418435017823722,
  "rel_l2_ratio_ci95": 0.020129876722709997,
  "rel_l2_ratio_median": 1.0218475045637518,
  "rel_l2_ratio_q25": 1.0167581409602735,
  "rel_l2_ratio_q75": 1.037405843306566,
  "clean_psnr_mean": 20.00492661661705,
  "clean_psnr_ci95": 1.088123313613076,
  "clean_psnr_median": 20.211312118627866,
  "clean_psnr_q25": 18.26064963921863,
  "clean_psnr_q75": 21.929352073111964,
  "adv_psnr_mean": 19.660700644406667,
  "adv_psnr_ci95": 1.1575679982121148,
  "adv_psnr_median": 20.11776207376385,
  "adv_psnr_q25": 17.769525682949975,
  "adv_psnr_q75": 21.84105814409232,
  "clean_ssim_mean": 0.1853855925293058,
  "clean_ssim_ci95": 0.0185132567263006,
  "clean_ssim_median": 0.17790832441938706,
  "clean_ssim_q25": 0.16105561997119147,
  "clean_ssim_q75": 0.20851218808374877,
  "adv_ssim_mean": 0.17795964988141189,
  "adv_ssim_ci95": 0.018784437189538743,
  "adv_ssim_median": 0.1667546324149391,
  "adv_ssim_q25": 0.1489826399693974,
  "adv_ssim_q75": 0.20203622891878142,
  "pred_shift_rel_l2_mean": 0.13250635343138129,
  "pred_shift_rel_l2_ci95": 0.029694286210250255,
  "pred_shift_rel_l2_median": 0.11460340395569801,
  "pred_shift_rel_l2_q25": 0.06730200909078121,
  "pred_shift_rel_l2_q75": 0.18245258927345276,
  "init_shift_rel_l2_mean": 0.02023595865466632,
  "init_shift_rel_l2_ci95": 0.0012542057675616627,
  "init_shift_rel_l2_median": 0.019367272034287453,
  "init_shift_rel_l2_q25": 0.017989494372159243,
  "init_shift_rel_l2_q75": 0.02263866923749447,
  "delta_l2_mean": 5.791922815144062,
  "delta_l2_ci95": 1.2905476567318948,
  "delta_l2_median": 5.269058704376221,
  "delta_l2_q25": 3.79255872964859,
  "delta_l2_q75": 6.462363004684448,
  "delta_linf_mean": 0.12025172647554427,
  "delta_linf_ci95": 0.02534961530799533,
  "delta_linf_median": 0.10292543098330498,
  "delta_linf_q25": 0.07589836791157722,
  "delta_linf_q75": 0.13680066913366318,
  "delta_mean_abs_mean": 0.02106410676788073,
  "delta_mean_abs_ci95": 0.004816568020973498,
  "delta_mean_abs_median": 0.019533800892531872,
  "delta_mean_abs_q25": 0.01307388162240386,
  "delta_mean_abs_q75": 0.02357149263843894,
  "delta_rel_l2_mean": 0.005000002641751781,
  "delta_rel_l2_ci95": 3.0542772007828854e-10,
  "delta_rel_l2_median": 0.005000002370660952,
  "delta_rel_l2_q25": 0.005000002127413306,
  "delta_rel_l2_q75": 0.005000002999912876,
  "success_rel_l2_mean": 0.0,
  "success_rel_l2_ci95": 0.0,
  "success_rel_l2_median": 0.0,
  "success_rel_l2_q25": 0.0,
  "success_rel_l2_q75": 0.0,
  "success_mse_mean": 0.0,
  "success_mse_ci95": 0.0,
  "success_mse_median": 0.0,
  "success_mse_q25": 0.0,
  "success_mse_q75": 0.0,
  "clean_e_ran_l2_mean": 9.003265250474215,
  "clean_e_ran_l2_ci95": 1.6267428034847022,
  "clean_e_ran_l2_median": 8.86169147491455,
  "clean_e_ran_l2_q25": 6.328351855278015,
  "clean_e_ran_l2_q75": 11.182336330413818,
  "clean_e_nul_l2_mean": 0.1404148784931749,
  "clean_e_nul_l2_ci95": 0.02060681905031728,
  "clean_e_nul_l2_median": 0.13802596181631088,
  "clean_e_nul_l2_q25": 0.09527385234832764,
  "clean_e_nul_l2_q75": 0.18846970796585083,
  "clean_e_ran_frac_mean": 0.9998057178276969,
  "clean_e_ran_frac_ci95": 8.906641631256154e-05,
  "clean_e_ran_frac_median": 0.9998848297198222,
  "clean_e_ran_frac_q25": 0.9998347813222227,
  "clean_e_ran_frac_q75": 0.9999201573525427,
  "clean_e_nul_frac_mean": 0.017763479625379462,
  "clean_e_nul_frac_ci95": 0.0030055097963264756,
  "clean_e_nul_frac_median": 0.015171436953999874,
  "clean_e_nul_frac_q25": 0.012631723006693841,
  "clean_e_nul_frac_q75": 0.018174202085779294,
  "adv_e_ran_l2_mean": 9.024485010653734,
  "adv_e_ran_l2_ci95": 1.6276990162030545,
  "adv_e_ran_l2_median": 8.884177207946777,
  "adv_e_ran_l2_q25": 6.345319390296936,
  "adv_e_ran_l2_q75": 11.198111295700073,
  "adv_e_nul_l2_mean": 2.3468107702210546,
  "adv_e_nul_l2_ci95": 0.944974608462792,
  "adv_e_nul_l2_median": 1.67031329870224,
  "adv_e_nul_l2_q25": 1.0170792490243912,
  "adv_e_nul_l2_q75": 2.5014918446540833,
  "adv_e_ran_frac_mean": 0.9651622604013406,
  "adv_e_ran_frac_ci95": 0.016235365194602107,
  "adv_e_ran_frac_median": 0.9815115155917952,
  "adv_e_ran_frac_q25": 0.965304730638878,
  "adv_e_ran_frac_q75": 0.9899372897412018,
  "adv_e_nul_frac_mean": 0.22111648672840573,
  "adv_e_nul_frac_ci95": 0.046491845148773886,
  "adv_e_nul_frac_median": 0.19140263569376503,
  "adv_e_nul_frac_q25": 0.14145475370858565,
  "adv_e_nul_frac_q75": 0.261064118923369,
  "attack_runtime_total_sec": 73.89528232067823,
  "attack_runtime_per_example_sec": 2.309227572521195,
  "model_name": "nsn",
  "attack_name": "adam",
  "norm": "l2",
  "eps": 0.005,
  "eps_actual": 6.3846251600341795,
  "eps_budget_mode": "per_sample_l2",
  "attack_init_mode": "exact",
  "eval_init_mode": "exact"
}