{
  "num_examples": 32,
  "gt_norm_mean": 19.554032936692238,
  "gt_norm_ci95": 3.175656556464896,
  "gt_norm_median": 19.43148136138916,
  "gt_norm_q25": 13.664082050323486,
  "gt_norm_q75": 22.861806869506836,
  "clean_mse_mean": 0.00026567452528070135,
  "clean_mse_ci95": 6.432926170533863e-05,
  "clean_mse_median": 0.0002584782778285444,
  "clean_mse_q25": 0.00010624203423503786,
  "clean_mse_q75": 0.00033532691304571927,
  "adv_mse_mean": 0.0002656704787113995,
  "adv_mse_ci95": 6.432660875854167e-05,
  "adv_mse_median": 0.000258486601524055,
  "adv_mse_q25": 0.0001062402097886661,
  "adv_mse_q75": 0.00033532643283251673,
  "mse_ratio_mean": 0.999994966776572,
  "mse_ratio_ci95": 1.6926641884307293e-05,
  "mse_ratio_median": 1.0000056680135518,
  "mse_ratio_q25": 0.9999597373682942,
  "mse_ratio_q75": 1.0000272851229934,
  "clean_rel_l2_mean": 0.10566292330622673,
  "clean_rel_l2_ci95": 0.006199647105670782,
  "clean_rel_l2_median": 0.104661975055933,
  "clean_rel_l2_q25": 0.09610028564929962,
  "clean_rel_l2_q75": 0.11224446073174477,
  "adv_rel_l2_mean": 0.10566278453916311,
  "adv_rel_l2_ci95": 0.0061999516890277875,
  "adv_rel_l2_median": 0.10466011613607407,
  "adv_rel_l2_q25": 0.09610167890787125,
  "adv_rel_l2_q75": 0.11224213056266308,
  "rel_l2_ratio_mean": 0.9999975100662053,
  "rel_l2_ratio_ci95": 8.471988049709135e-06,
  "rel_l2_ratio_median": 1.0000028568447612,
  "rel_l2_ratio_q25": 0.9999797668535789,
  "rel_l2_ratio_q75": 1.000013774752322,
  "clean_psnr_mean": 32.525919010126216,
  "clean_psnr_ci95": 0.5163817660070772,
  "clean_psnr_median": 32.612159844657945,
  "clean_psnr_q25": 31.690702323403492,
  "clean_psnr_q75": 33.81583856855497,
  "adv_psnr_mean": 32.525940849445355,
  "adv_psnr_ci95": 0.5163851459449302,
  "adv_psnr_median": 32.6118639177145,
  "adv_psnr_q25": 31.69082716069494,
  "adv_psnr_q75": 33.81607960498502,
  "clean_ssim_mean": 0.8976910951445387,
  "clean_ssim_ci95": 0.018496159420789866,
  "clean_ssim_median": 0.9057646284276082,
  "clean_ssim_q25": 0.88879670807757,
  "clean_ssim_q75": 0.9352546233199642,
  "adv_ssim_mean": 0.8977108870880803,
  "adv_ssim_ci95": 0.01848965838220617,
  "adv_ssim_median": 0.9057731744036748,
  "adv_ssim_q25": 0.8888364883093238,
  "adv_ssim_q75": 0.9352689360656236,
  "pred_shift_rel_l2_mean": 0.0007227726819110103,
  "pred_shift_rel_l2_ci95": 3.876113571611594e-05,
  "pred_shift_rel_l2_median": 0.0007374651322606951,
  "pred_shift_rel_l2_q25": 0.000660108431475237,
  "pred_shift_rel_l2_q75": 0.0007687792094657198,
  "init_shift_rel_l2_mean": 0.00099201381453895,
  "init_shift_rel_l2_ci95": 0.0001205039380147219,
  "init_shift_rel_l2_median": 0.000920809106901288,
  "init_shift_rel_l2_q25": 0.0008132739167194813,
  "init_shift_rel_l2_q75": 0.001101156696677208,
  "delta_l2_mean": 0.0001760101208674314,
  "delta_l2_ci95": 8.363205671942474e-07,
  "delta_l2_median": 0.00017537892563268542,
  "delta_l2_q25": 0.00017425288388039917,
  "delta_l2_q75": 0.00017708524319459684,
  "delta_linf_mean": 6.407994078472257e-06,
  "delta_linf_ci95": 2.5817749833573234e-07,
  "delta_linf_median": 6.211921572685242e-06,
  "delta_linf_q25": 5.7220458984375e-06,
  "delta_linf_q75": 6.702262908220291e-06,
  "delta_mean_abs_mean": 5.567621279567447e-07,
  "delta_mean_abs_ci95": 6.783359204471706e-09,
  "delta_mean_abs_median": 5.618177283395198e-07,
  "delta_mean_abs_q25": 5.582977564699831e-07,
  "delta_mean_abs_q75": 5.648429493021467e-07,
  "delta_rel_l2_mean": 2.1077073449582825e-07,
  "delta_rel_l2_ci95": 4.4523341056958427e-08,
  "delta_rel_l2_median": 1.666266042214089e-07,
  "delta_rel_l2_q25": 1.3696560851738225e-07,
  "delta_rel_l2_q75": 2.302801754224326e-07,
  "success_rel_l2_mean": 0.0,
  "success_rel_l2_ci95": 0.0,
  "success_rel_l2_median": 0.0,
  "success_rel_l2_q25": 0.0,
  "success_rel_l2_q75": 0.0,
  "success_mse_mean": 0.0,
  "success_mse_ci95": 0.0,
  "success_mse_median": 0.0,
  "success_mse_q25": 0.0,
  "success_mse_q75": 0.0,
  "clean_e_ran_l2_mean": 1.4532191734761,
  "clean_e_ran_l2_ci95": 0.2000973269966429,
  "clean_e_ran_l2_median": 1.5127142071723938,
  "clean_e_ran_l2_q25": 0.9548222720623016,
  "clean_e_ran_l2_q75": 1.6509729623794556,
  "clean_e_nul_l2_mean": 1.3124435804784298,
  "clean_e_nul_l2_ci95": 0.1555943799234541,
  "clean_e_nul_l2_median": 1.3449245691299438,
  "clean_e_nul_l2_q25": 0.9415098428726196,
  "clean_e_nul_l2_q75": 1.6041132807731628,
  "clean_e_ran_frac_mean": 0.7341794180506468,
  "clean_e_ran_frac_ci95": 0.01818112314797396,
  "clean_e_ran_frac_median": 0.7339697694740155,
  "clean_e_ran_frac_q25": 0.7062641252842922,
  "clean_e_ran_frac_q75": 0.7637990415918998,
  "clean_e_nul_frac_mean": 0.6747174634543467,
  "clean_e_nul_frac_ci95": 0.0195034238284467,
  "clean_e_nul_frac_median": 0.6791810629424655,
  "clean_e_nul_frac_q25": 0.6454536987692115,
  "clean_e_nul_frac_q75": 0.7079457634274284,
  "adv_e_ran_l2_mean": 1.4531454220414162,
  "adv_e_ran_l2_ci95": 0.2000806078104975,
  "adv_e_ran_l2_median": 1.5126383900642395,
  "adv_e_ran_l2_q25": 0.9547955840826035,
  "adv_e_ran_l2_q75": 1.6508756577968597,
  "adv_e_nul_l2_mean": 1.3125101458281279,
  "adv_e_nul_l2_ci95": 0.15560529077217342,
  "adv_e_nul_l2_median": 1.3449775576591492,
  "adv_e_nul_l2_q25": 0.9415706396102905,
  "adv_e_nul_l2_q75": 1.604182779788971,
  "adv_e_ran_frac_mean": 0.7341465933057995,
  "adv_e_ran_frac_ci95": 0.018183598147403543,
  "adv_e_ran_frac_median": 0.7339388679056902,
  "adv_e_ran_frac_q25": 0.7062395118669214,
  "adv_e_ran_frac_q75": 0.7637728862381737,
  "adv_e_nul_frac_mean": 0.6747526538503174,
  "adv_e_nul_frac_ci95": 0.01950333533207602,
  "adv_e_nul_frac_median": 0.6792144834836809,
  "adv_e_nul_frac_q25": 0.6454846166750616,
  "adv_e_nul_frac_q75": 0.707970393232955,
  "attack_runtime_total_sec": 275.4802185744047,
  "attack_runtime_per_example_sec": 8.608756830450147,
  "model_name": "nsn",
  "attack_name": "adam",
  "norm": "l2",
  "eps": 0.02,
  "eps_actual": 25.538500640136718,
  "eps_budget_mode": "per_sample_l2",
  "attack_init_mode": "exact",
  "eval_init_mode": "exact"
}