{
  "num_examples": 32,
  "gt_norm_mean": 21.4468612074852,
  "gt_norm_ci95": 3.8816841727872844,
  "gt_norm_median": 18.293956756591797,
  "gt_norm_q25": 15.490474700927734,
  "gt_norm_q75": 23.577336311340332,
  "clean_mse_mean": 3.188531429110242e-06,
  "clean_mse_ci95": 1.104656100415542e-06,
  "clean_mse_median": 1.714275697395351e-06,
  "clean_mse_q25": 1.231190310591046e-06,
  "clean_mse_q75": 3.7139020605536643e-06,
  "adv_mse_mean": 0.1900360172294313,
  "adv_mse_ci95": 0.13707667964112416,
  "adv_mse_median": 0.058588311076164246,
  "adv_mse_q25": 0.032373514957726,
  "adv_mse_q75": 0.10048685036599636,
  "mse_ratio_mean": 39551.74525957227,
  "mse_ratio_ci95": 11243.811084145513,
  "mse_ratio_median": 29831.68776629652,
  "mse_ratio_q25": 15217.081360697615,
  "mse_ratio_q75": 52247.71723005569,
  "clean_rel_l2_mean": 0.0101215340255294,
  "clean_rel_l2_ci95": 0.0008519163216602142,
  "clean_rel_l2_median": 0.009374585468322039,
  "clean_rel_l2_q25": 0.008707517059519887,
  "clean_rel_l2_q75": 0.010462987469509244,
  "adv_rel_l2_mean": 1.7543722670525312,
  "adv_rel_l2_ci95": 0.17825955408828165,
  "adv_rel_l2_median": 1.708375334739685,
  "adv_rel_l2_q25": 1.3451878726482391,
  "adv_rel_l2_q75": 2.034781515598297,
  "rel_l2_ratio_mean": 184.6470895044981,
  "rel_l2_ratio_ci95": 26.0051694304179,
  "rel_l2_ratio_median": 172.54159956432102,
  "rel_l2_ratio_q25": 123.35721690379906,
  "rel_l2_ratio_q75": 228.57753709435647,
  "clean_psnr_mean": 52.797127028160105,
  "clean_psnr_ci95": 0.7788607260885329,
  "clean_psnr_median": 53.14612924588745,
  "clean_psnr_q25": 52.453509252646086,
  "clean_psnr_q75": 54.32140835980992,
  "adv_psnr_mean": 8.167916236027464,
  "adv_psnr_ci95": 1.7458284469670116,
  "adv_psnr_median": 8.37316005602083,
  "adv_psnr_q25": 5.5828677431637646,
  "adv_psnr_q75": 12.458912347393591,
  "clean_ssim_mean": 0.9977995536284603,
  "clean_ssim_ci95": 0.0004292831951887954,
  "clean_ssim_median": 0.9981876720014327,
  "clean_ssim_q25": 0.9974737964936944,
  "clean_ssim_q75": 0.9984913026111577,
  "adv_ssim_mean": 0.6829415433909709,
  "adv_ssim_ci95": 0.05415638991883648,
  "adv_ssim_median": 0.7332880660601682,
  "adv_ssim_q25": 0.6236613873022446,
  "adv_ssim_q75": 0.7995053826334917,
  "clean_mae_mean": 0.000753819850160653,
  "clean_mae_ci95": 0.00014403915393343262,
  "clean_mae_median": 0.0006033894896972924,
  "clean_mae_q25": 0.0004930286231683567,
  "clean_mae_q75": 0.0009395123197464272,
  "adv_mae_mean": 0.08849211758933961,
  "adv_mae_ci95": 0.03546828766207912,
  "adv_mae_median": 0.0602811835706234,
  "adv_mae_q25": 0.03936528693884611,
  "adv_mae_q75": 0.07509381137788296,
  "clean_nrmse_mean": 0.0023741042665399465,
  "clean_nrmse_ci95": 0.00024436677401817257,
  "clean_nrmse_median": 0.0022013752185952506,
  "clean_nrmse_q25": 0.0019227813027617787,
  "clean_nrmse_q75": 0.002384623666388812,
  "adv_nrmse_mean": 0.4688804107403435,
  "adv_nrmse_ci95": 0.11911892109445431,
  "adv_nrmse_median": 0.38152560463531054,
  "adv_nrmse_q25": 0.2382641686565775,
  "adv_nrmse_q75": 0.525877284374516,
  "clean_max_err_mean": 0.03865199163556099,
  "clean_max_err_ci95": 0.006493267602761968,
  "clean_max_err_median": 0.030806034803390503,
  "clean_max_err_q25": 0.02481973171234131,
  "clean_max_err_q75": 0.04713015630841255,
  "adv_max_err_mean": 3.2232633344829082,
  "adv_max_err_ci95": 0.8532738263352468,
  "adv_max_err_median": 2.526784062385559,
  "adv_max_err_q25": 1.8056562542915344,
  "adv_max_err_q75": 3.745679557323456,
  "clean_init_rel_l2_mean": 0.2451972938142717,
  "clean_init_rel_l2_ci95": 0.03561081665782836,
  "clean_init_rel_l2_median": 0.23107723146677017,
  "clean_init_rel_l2_q25": 0.16439233347773552,
  "clean_init_rel_l2_q75": 0.2748836725950241,
  "adv_init_rel_l2_mean": 0.8437335342168808,
  "adv_init_rel_l2_ci95": 0.04118575928169258,
  "adv_init_rel_l2_median": 0.8227379024028778,
  "adv_init_rel_l2_q25": 0.7814149707555771,
  "adv_init_rel_l2_q75": 0.8784779608249664,
  "init_rel_l2_ratio_mean": 4.063491022153718,
  "init_rel_l2_ratio_ci95": 0.668383795067217,
  "init_rel_l2_ratio_median": 3.8615764955343312,
  "init_rel_l2_ratio_q25": 2.8372887348113247,
  "init_rel_l2_ratio_q75": 4.772306023379001,
  "clean_init_psnr_mean": 25.603529005112428,
  "clean_init_psnr_ci95": 1.2217430828684657,
  "clean_init_psnr_median": 24.8929218309161,
  "clean_init_psnr_q25": 22.994265090927964,
  "clean_init_psnr_q75": 28.436903076555097,
  "adv_init_psnr_mean": 14.251837420961659,
  "adv_init_psnr_ci95": 1.2940219919807125,
  "adv_init_psnr_median": 14.882224838400171,
  "adv_init_psnr_q25": 12.713377588365258,
  "adv_init_psnr_q75": 17.170045395243932,
  "clean_init_ssim_mean": 0.44642928213213473,
  "clean_init_ssim_ci95": 0.04977795903461143,
  "clean_init_ssim_median": 0.3974431811303544,
  "clean_init_ssim_q25": 0.3401872759381051,
  "clean_init_ssim_q75": 0.5860373107985779,
  "adv_init_ssim_mean": 0.06487082233603389,
  "adv_init_ssim_ci95": 0.0075226771845603195,
  "adv_init_ssim_median": 0.0568165113632704,
  "adv_init_ssim_q25": 0.05061426203840961,
  "adv_init_ssim_q75": 0.07753860745763329,
  "clean_init_mae_mean": 0.022027999351848848,
  "clean_init_mae_ci95": 0.0041375660132779435,
  "clean_init_mae_median": 0.020301740616559982,
  "clean_init_mae_q25": 0.012683775974437594,
  "clean_init_mae_q75": 0.028047308325767517,
  "adv_init_mae_mean": 0.10547443688847125,
  "adv_init_mae_ci95": 0.027084631725356825,
  "adv_init_mae_median": 0.08535124361515045,
  "adv_init_mae_q25": 0.06782405823469162,
  "adv_init_mae_q75": 0.10174960643053055,
  "pred_shift_rel_l2_mean": 1.7503206171095371,
  "pred_shift_rel_l2_ci95": 0.17797463479607675,
  "pred_shift_rel_l2_median": 1.704447329044342,
  "pred_shift_rel_l2_q25": 1.341534972190857,
  "pred_shift_rel_l2_q75": 2.030446171760559,
  "init_shift_rel_l2_mean": 0.8282044120132923,
  "init_shift_rel_l2_ci95": 0.04363609785449636,
  "init_shift_rel_l2_median": 0.7957705855369568,
  "init_shift_rel_l2_q25": 0.7636879086494446,
  "init_shift_rel_l2_q75": 0.8728038966655731,
  "delta_l2_mean": 13.336219497025013,
  "delta_l2_ci95": 3.554739206957686,
  "delta_l2_median": 10.266665935516357,
  "delta_l2_q25": 8.342659831047058,
  "delta_l2_q75": 13.07948350906372,
  "delta_linf_mean": 0.3375422616954893,
  "delta_linf_ci95": 0.09170499764871555,
  "delta_linf_median": 0.2726595103740692,
  "delta_linf_q25": 0.1947999894618988,
  "delta_linf_q75": 0.3450550511479378,
  "delta_mean_abs_mean": 0.048027353739598766,
  "delta_mean_abs_ci95": 0.013027256132120989,
  "delta_mean_abs_median": 0.03683438338339329,
  "delta_mean_abs_q25": 0.02983291819691658,
  "delta_mean_abs_q75": 0.046841081231832504,
  "delta_rel_l2_mean": 0.010000001212249568,
  "delta_rel_l2_ci95": 5.732440879425081e-10,
  "delta_rel_l2_median": 0.010000000786564637,
  "delta_rel_l2_q25": 0.009999999845924734,
  "delta_rel_l2_q75": 0.010000001930134995,
  "success_rel_l2_mean": 1.0,
  "success_rel_l2_ci95": 0.0,
  "success_rel_l2_median": 1.0,
  "success_rel_l2_q25": 1.0,
  "success_rel_l2_q75": 1.0,
  "success_mse_mean": 1.0,
  "success_mse_ci95": 0.0,
  "success_mse_median": 1.0,
  "success_mse_q25": 1.0,
  "success_mse_q75": 1.0,
  "clean_e_ran_l2_mean": 0.16027827095240355,
  "clean_e_ran_l2_ci95": 0.02537438824972504,
  "clean_e_ran_l2_median": 0.1305372565984726,
  "clean_e_ran_l2_q25": 0.11228497885167599,
  "clean_e_ran_l2_q75": 0.19193271547555923,
  "clean_e_nul_l2_mean": 0.13267591374460608,
  "clean_e_nul_l2_ci95": 0.021566362671713715,
  "clean_e_nul_l2_median": 0.10975641384720802,
  "clean_e_nul_l2_q25": 0.09106495417654514,
  "clean_e_nul_l2_q75": 0.16096308082342148,
  "clean_e_ran_frac_mean": 0.7726251434814366,
  "clean_e_ran_frac_ci95": 0.011363368037529149,
  "clean_e_ran_frac_median": 0.7758266153471614,
  "clean_e_ran_frac_q25": 0.7672867863603168,
  "clean_e_ran_frac_q75": 0.7867547104794239,
  "clean_e_nul_frac_mean": 0.6329568844496565,