{
  "num_examples": 32,
  "gt_norm_mean": 19.246901780366898,
  "gt_norm_ci95": 3.3146818493907912,
  "gt_norm_median": 15.661028385162354,
  "clean_mse_mean": 0.0010802682797930174,
  "clean_mse_ci95": 0.00043825656391010566,
  "clean_mse_median": 0.0004372976254671812,
  "adv_mse_mean": 0.11156727420166135,
  "adv_mse_ci95": 0.008981442727924598,
  "adv_mse_median": 0.10146079212427139,
  "mse_ratio_mean": 262.37582504063937,
  "mse_ratio_ci95": 76.45734896682052,
  "mse_ratio_median": 232.42837083978316,
  "clean_rel_l2_mean": 0.1851788512431085,
  "clean_rel_l2_ci95": 0.006548032356378378,
  "clean_rel_l2_median": 0.18163354694843292,
  "adv_rel_l2_mean": 2.682510482147336,
  "adv_rel_l2_ci95": 0.37896674879902464,
  "adv_rel_l2_median": 2.623363494873047,
  "rel_l2_ratio_mean": 14.851462015350407,
  "rel_l2_ratio_ci95": 2.2762228644206717,
  "rel_l2_ratio_median": 15.245170941846126,
  "clean_psnr_mean": 27.290176986866747,
  "clean_psnr_ci95": 1.0854173650704422,
  "clean_psnr_median": 27.707658508936035,
  "adv_psnr_mean": 4.7718965135470395,
  "adv_psnr_ci95": 1.064546606794706,
  "adv_psnr_median": 4.870255012701028,
  "clean_ssim_mean": 0.43681568194082554,
  "clean_ssim_ci95": 0.04522888163089567,
  "clean_ssim_median": 0.4232770525941711,
  "adv_ssim_mean": 0.022878605482659974,
  "adv_ssim_ci95": 0.006732223668181902,
  "adv_ssim_median": 0.019217313996199772,
  "pred_shift_rel_l2_mean": 2.629741009324789,
  "pred_shift_rel_l2_ci95": 0.3797345130522408,
  "pred_shift_rel_l2_median": 2.604633927345276,
  "init_shift_rel_l2_mean": 2.8798213247209787,
  "init_shift_rel_l2_ci95": 0.4671292978728283,
  "init_shift_rel_l2_median": 2.9948195219039917,
  "delta_l2_mean": 25.611173033714294,
  "delta_l2_ci95": 3.112194055991223e-07,
  "delta_l2_median": 25.611173629760742,
  "delta_linf_mean": 0.640766391530633,
  "delta_linf_ci95": 0.025120187063433806,
  "delta_linf_median": 0.6245027482509613,
  "delta_mean_abs_mean": 0.09344827593304217,
  "delta_mean_abs_ci95": 0.00014199520395615013,
  "delta_mean_abs_median": 0.0934084989130497,
  "delta_rel_l2_mean": 0.030907618614132666,
  "delta_rel_l2_ci95": 0.005218372408667692,
  "delta_rel_l2_median": 0.03168182614448703,
  "success_rel_l2_mean": 1.0,
  "success_rel_l2_ci95": 0.0,
  "success_rel_l2_median": 1.0,
  "success_mse_mean": 1.0,
  "success_mse_ci95": 0.0,
  "success_mse_median": 1.0,
  "clean_e_ran_l2_mean": 3.130324300378561,
  "clean_e_ran_l2_ci95": 0.6675030835691327,
  "clean_e_ran_l2_median": 2.2424978017807007,
  "clean_e_nul_l2_mean": 1.8522361926734447,
  "clean_e_nul_l2_ci95": 0.32908959786442465,
  "clean_e_nul_l2_median": 1.565009355545044,
  "clean_e_ran_frac_mean": 0.8461286954998428,
  "clean_e_ran_frac_ci95": 0.023401181862104763,
  "clean_e_ran_frac_median": 0.8598926975925376,
  "clean_e_nul_frac_mean": 0.5214822584449903,
  "clean_e_nul_frac_ci95": 0.03089715346364362,
  "clean_e_nul_frac_median": 0.5104641226983511,
  "adv_e_ran_l2_mean": 36.4202378988266,
  "adv_e_ran_l2_ci95": 0.8919708722210438,
  "adv_e_ran_l2_median": 37.19290351867676,
  "adv_e_nul_l2_mean": 19.934153616428375,
  "adv_e_nul_l2_ci95": 3.479434483863558,
  "adv_e_nul_l2_median": 14.74405813217163,
  "adv_e_ran_frac_mean": 0.8683869967174824,
  "adv_e_ran_frac_ci95": 0.04209370239110457,
  "adv_e_ran_frac_median": 0.9318750893735819,
  "adv_e_nul_frac_mean": 0.4532058898276668,
  "adv_e_nul_frac_ci95": 0.05699150326031973,
  "adv_e_nul_frac_median": 0.3627336046025412,
  "attack_runtime_total_sec": 116.50502064451575,
  "attack_runtime_per_example_sec": 3.6407818951411173,
  "model_name": "dpnsn",
  "attack_name": "adam",
  "norm": "l2",
  "eps": 0.02,
  "eps_actual": 25.611172796813968,
  "attack_init_mode": "exact",
  "eval_init_mode": "exact"
}