{
  "num_examples": 32,
  "gt_norm_mean": 19.554032936692238,
  "gt_norm_ci95": 3.175656556464896,
  "gt_norm_median": 19.43148136138916,
  "gt_norm_q25": 13.664082050323486,
  "gt_norm_q75": 22.861806869506836,
  "clean_mse_mean": 1.0495388490738833e-05,
  "clean_mse_ci95": 3.614849470066708e-06,
  "clean_mse_median": 6.547749535457115e-06,
  "clean_mse_q25": 2.716479571063246e-06,
  "clean_mse_q75": 1.4935000763216522e-05,
  "adv_mse_mean": 0.0003837158798347673,
  "adv_mse_ci95": 0.00023996117389945477,
  "adv_mse_median": 0.00020922213298035786,
  "adv_mse_q25": 8.344084926648065e-05,
  "adv_mse_q75": 0.0003087530276388861,
  "mse_ratio_mean": 34.07185329061282,
  "mse_ratio_ci95": 9.997714880970767,
  "mse_ratio_median": 22.454497965433568,
  "mse_ratio_q25": 12.755789504400669,
  "mse_ratio_q75": 50.70300848789106,
  "clean_rel_l2_mean": 0.020059730566572398,
  "clean_rel_l2_ci95": 0.0043137690677338995,
  "clean_rel_l2_median": 0.01590473484247923,
  "clean_rel_l2_q25": 0.013792262645438313,
  "clean_rel_l2_q75": 0.01940204482525587,
  "adv_rel_l2_mean": 0.09582453174516559,
  "adv_rel_l2_ci95": 0.014527185984152766,
  "adv_rel_l2_median": 0.08108335733413696,
  "adv_rel_l2_q25": 0.06405541580170393,
  "adv_rel_l2_q75": 0.12028340250253677,
  "rel_l2_ratio_mean": 5.354261138699759,
  "rel_l2_ratio_ci95": 0.8183178673819633,
  "rel_l2_ratio_median": 4.737191270833355,
  "rel_l2_ratio_q25": 3.570126499597191,
  "rel_l2_ratio_q75": 7.119388690229005,
  "clean_psnr_mean": 47.792881318475466,
  "clean_psnr_ci95": 1.3066600591427144,
  "clean_psnr_median": 48.83813521959547,
  "clean_psnr_q25": 46.3559548316005,
  "clean_psnr_q75": 50.50386070214706,
  "adv_psnr_mean": 34.077910311996796,
  "adv_psnr_ci95": 1.9084072923929651,
  "adv_psnr_median": 33.80051316264921,
  "adv_psnr_q25": 29.682420254325727,
  "adv_psnr_q75": 37.66523747965762,
  "clean_ssim_mean": 0.9930179666291059,
  "clean_ssim_ci95": 0.0012907342887925838,
  "clean_ssim_median": 0.9938976838243677,
  "clean_ssim_q25": 0.9920214830450483,
  "clean_ssim_q75": 0.9958007619524757,
  "adv_ssim_mean": 0.9822907042879507,
  "adv_ssim_ci95": 0.006754948255824081,
  "adv_ssim_median": 0.988696510496506,
  "adv_ssim_q25": 0.9796292058259409,
  "adv_ssim_q75": 0.9930205734168934,
  "pred_shift_rel_l2_mean": 0.08846820233156905,
  "pred_shift_rel_l2_ci95": 0.01344899258154869,
  "pred_shift_rel_l2_median": 0.07786373049020767,
  "pred_shift_rel_l2_q25": 0.06019529514014721,
  "pred_shift_rel_l2_q75": 0.11908218264579773,
  "init_shift_rel_l2_mean": 0.015447929676156491,
  "init_shift_rel_l2_ci95": 0.0011749591785032124,
  "init_shift_rel_l2_median": 0.014963457360863686,
  "init_shift_rel_l2_q25": 0.013328039553016424,
  "init_shift_rel_l2_q75": 0.017222501803189516,
  "delta_l2_mean": 5.791922725737095,
  "delta_l2_ci95": 1.2905474861162078,
  "delta_l2_median": 5.269058704376221,
  "delta_l2_q25": 3.792558789253235,
  "delta_l2_q75": 6.4623634815216064,
  "delta_linf_mean": 0.12214863242115825,
  "delta_linf_ci95": 0.0237315175811221,
  "delta_linf_median": 0.10933184623718262,
  "delta_linf_q25": 0.07972526550292969,
  "delta_linf_q75": 0.13428615778684616,
  "delta_mean_abs_mean": 0.019420029420871288,
  "delta_mean_abs_ci95": 0.004652447771636181,
  "delta_mean_abs_median": 0.017228788696229458,
  "delta_mean_abs_q25": 0.01141567644663155,
  "delta_mean_abs_q75": 0.021793870721012354,
  "delta_rel_l2_mean": 0.005000002627411154,
  "delta_rel_l2_ci95": 2.9006919238097495e-10,
  "delta_rel_l2_median": 0.005000002642449813,
  "delta_rel_l2_q25": 0.005000002159571382,
  "delta_rel_l2_q75": 0.005000002995200564,
  "success_rel_l2_mean": 1.0,
  "success_rel_l2_ci95": 0.0,
  "success_rel_l2_median": 1.0,
  "success_rel_l2_q25": 1.0,
  "success_rel_l2_q75": 1.0,
  "success_mse_mean": 1.0,
  "success_mse_ci95": 0.0,
  "success_mse_median": 1.0,
  "success_mse_q25": 1.0,
  "success_mse_q75": 1.0,
  "clean_e_ran_l2_mean": 0.27356535010039806,
  "clean_e_ran_l2_ci95": 0.04978142212326442,
  "clean_e_ran_l2_median": 0.24494683742523193,
  "clean_e_ran_l2_q25": 0.16096367686986923,
  "clean_e_ran_l2_q75": 0.3704134002327919,
  "clean_e_nul_l2_mean": 0.24163308436982334,
  "clean_e_nul_l2_ci95": 0.04818263524731038,
  "clean_e_nul_l2_median": 0.19822188466787338,
  "clean_e_nul_l2_q25": 0.12803003564476967,
  "clean_e_nul_l2_q75": 0.31488481909036636,
  "clean_e_ran_frac_mean": 0.7528498178343836,
  "clean_e_ran_frac_ci95": 0.018993016298058274,
  "clean_e_ran_frac_median": 0.7493951243518098,
  "clean_e_ran_frac_q25": 0.7221202973953669,
  "clean_e_ran_frac_q75": 0.7930194840809878,
  "clean_e_nul_frac_mean": 0.6533708533174419,
  "clean_e_nul_frac_ci95": 0.020565142492702894,
  "clean_e_nul_frac_median": 0.6621186060454819,
  "clean_e_nul_frac_q25": 0.6091450856965718,
  "clean_e_nul_frac_q75": 0.6917657972724601,
  "adv_e_ran_l2_mean": 1.039300397504121,
  "adv_e_ran_l2_ci95": 0.2699732607362971,
  "adv_e_ran_l2_median": 0.937693327665329,
  "adv_e_ran_l2_q25": 0.6188493296504021,
  "adv_e_ran_l2_q75": 1.2211597561836243,
  "adv_e_nul_l2_mean": 1.694251358974725,
  "adv_e_nul_l2_ci95": 0.46542279474985465,
  "adv_e_nul_l2_median": 1.505944013595581,
  "adv_e_nul_l2_q25": 0.9654016643762589,
  "adv_e_nul_l2_q75": 1.9313342869281769,
  "adv_e_ran_frac_mean": 0.5447160836651308,
  "adv_e_ran_frac_ci95": 0.035740904381028706,
  "adv_e_ran_frac_median": 0.5297840769051625,
  "adv_e_ran_frac_q25": 0.4650967870109126,
  "adv_e_ran_frac_q75": 0.6063249444444623,
  "adv_e_nul_frac_mean": 0.8290386047407918,
  "adv_e_nul_frac_ci95": 0.026511244720716472,
  "adv_e_nul_frac_median": 0.8480709062362878,
  "adv_e_nul_frac_q25": 0.7952128127964216,
  "adv_e_nul_frac_q75": 0.8852458502538645,
  "attack_runtime_total_sec": 1216.4468431733549,
  "attack_runtime_per_example_sec": 38.01396384916734,
  "model_name": "resnet",
  "attack_name": "adam",
  "norm": "l2",
  "eps": 0.005,
  "eps_actual": 6.3846251600341795,
  "eps_budget_mode": "per_sample_l2",
  "attack_init_mode": "exact",
  "eval_init_mode": "exact"
}