{
  "num_examples": 32,
  "gt_norm_mean": 27.738729596138,
  "gt_norm_ci95": 2.5816190747523273,
  "gt_norm_median": 25.455814361572266,
  "clean_mse_mean": 7.508873125061655e-05,
  "clean_mse_ci95": 9.401986790277505e-06,
  "clean_mse_median": 7.40489449526649e-05,
  "adv_mse_mean": 0.3905017487704754,
  "adv_mse_ci95": 0.0029641546992659595,
  "adv_mse_median": 0.390314057469368,
  "mse_ratio_mean": 6145.802075353141,
  "mse_ratio_ci95": 1050.904473823057,
  "mse_ratio_median": 5417.380499291221,
  "clean_rel_l2_mean": 0.041358145128469914,
  "clean_rel_l2_ci95": 0.0039030995879701428,
  "clean_rel_l2_median": 0.04048597067594528,
  "adv_rel_l2_mean": 3.0565014220774174,
  "adv_rel_l2_ci95": 0.238461311838319,
  "adv_rel_l2_median": 3.1748896837234497,
  "rel_l2_ratio_mean": 76.53422600537183,
  "rel_l2_ratio_ci95": 5.977345648636521,
  "rel_l2_ratio_median": 73.60281723637212,
  "clean_psnr_mean": 41.57286936416657,
  "clean_psnr_ci95": 0.6304441347377922,
  "clean_psnr_median": 41.30502893667432,
  "adv_psnr_mean": 4.084785040826538,
  "adv_psnr_ci95": 0.03309680951976197,
  "adv_psnr_median": 4.0858579952445115,
  "clean_ssim_mean": 0.946698192141858,
  "clean_ssim_ci95": 0.006385349842510613,
  "clean_ssim_median": 0.9479303662513764,
  "adv_ssim_mean": 0.02388147826761348,
  "adv_ssim_ci95": 0.0025937448919786175,
  "adv_ssim_median": 0.0226322326606573,
  "pred_shift_rel_l2_mean": 3.0473147071897984,
  "pred_shift_rel_l2_ci95": 0.2382379857644047,
  "pred_shift_rel_l2_median": 3.1649943590164185,
  "init_shift_rel_l2_mean": 3.594906359910965,
  "init_shift_rel_l2_ci95": 0.29827946924993287,
  "init_shift_rel_l2_median": 3.7097601890563965,
  "delta_l2_mean": 55.16988027095795,
  "delta_l2_ci95": 0.10334004211704727,
  "delta_l2_median": 55.16887092590332,
  "delta_linf_mean": 1.2421847768127918,
  "delta_linf_ci95": 0.04097397193921288,
  "delta_linf_median": 1.213499665260315,
  "delta_mean_abs_mean": 0.21228352189064026,
  "delta_mean_abs_ci95": 0.0005410066522834732,
  "delta_mean_abs_median": 0.2122078463435173,
  "success_rel_l2_mean": 1.0,
  "success_rel_l2_ci95": 0.0,
  "success_rel_l2_median": 1.0,
  "success_mse_mean": 1.0,
  "success_mse_ci95": 0.0,
  "success_mse_median": 1.0,
  "clean_e_ran_l2_mean": 0.6510386178269982,
  "clean_e_ran_l2_ci95": 0.04562258436917102,
  "clean_e_ran_l2_median": 0.6609849035739899,
  "clean_e_nul_l2_mean": 0.8712018532678485,
  "clean_e_nul_l2_ci95": 0.06159328140531944,
  "clean_e_nul_l2_median": 0.8998969495296478,
  "clean_e_ran_frac_mean": 0.5992353736538842,
  "clean_e_ran_frac_ci95": 0.01850742535031544,
  "clean_e_ran_frac_median": 0.6036018587152796,
  "clean_e_nul_frac_mean": 0.7979141210891019,
  "clean_e_nul_frac_ci95": 0.013570390364658682,
  "clean_e_nul_frac_median": 0.797283310520686,
  "adv_e_ran_l2_mean": 74.0445237159729,
  "adv_e_ran_l2_ci95": 0.32545302104103635,
  "adv_e_ran_l2_median": 74.31724166870117,
  "adv_e_nul_l2_mean": 30.220308363437653,
  "adv_e_nul_l2_ci95": 0.3963073160033141,
  "adv_e_nul_l2_median": 30.433953285217285,
  "adv_e_ran_frac_mean": 0.9257545735196238,
  "adv_e_ran_frac_ci95": 0.0019371193452247823,
  "adv_e_ran_frac_median": 0.925488597403915,
  "adv_e_nul_frac_mean": 0.37783872645624955,
  "adv_e_nul_frac_ci95": 0.004802065562085567,
  "adv_e_nul_frac_median": 0.3787720103325939,
  "attack_runtime_total_sec": 23.48553315550089,
  "attack_runtime_per_example_sec": 0.7339229111094028,
  "model_name": "dpnsn",
  "attack_name": "adam",
  "norm": "l2",
  "eps": 1.0,
  "attack_init_mode": "exact",
  "eval_init_mode": "exact"
}