{
  "num_examples": 32,
  "clean_mse_mean": 0.00022623680240485555,
  "clean_mse_ci95": 0.000107810574909327,
  "clean_mse_median": 0.00011095892477896996,
  "adv_mse_mean": 0.03772486407979159,
  "adv_mse_ci95": 0.013929002349240114,
  "adv_mse_median": 0.02138625830411911,
  "mse_ratio_mean": 317.04004493383127,
  "mse_ratio_ci95": 104.06263403731674,
  "mse_ratio_median": 234.9051314119271,
  "clean_rel_l2_mean": 0.14607923318951962,
  "clean_rel_l2_ci95": 0.038701578242176224,
  "clean_rel_l2_median": 0.10563364609174543,
  "adv_rel_l2_mean": 2.1205296281588892,
  "adv_rel_l2_ci95": 0.7852968513360294,
  "adv_rel_l2_median": 1.5553360261810307,
  "rel_l2_ratio_mean": 15.886333818710916,
  "rel_l2_ratio_ci95": 2.8307901982370995,
  "rel_l2_ratio_median": 15.321061039761409,
  "clean_psnr_mean": 39.31807674322903,
  "clean_psnr_ci95": 1.6822172859503648,
  "clean_psnr_median": 39.54857376262106,
  "adv_psnr_mean": 16.68285420998957,
  "adv_psnr_ci95": 1.8413149878980286,
  "adv_psnr_median": 16.69937633881697,
  "clean_ssim_mean": 0.9781882278299749,
  "clean_ssim_ci95": 0.007055140667042457,
  "clean_ssim_median": 0.9859952845069304,
  "adv_ssim_mean": 0.8393503996088442,
  "adv_ssim_ci95": 0.019063661898172834,
  "adv_ssim_median": 0.8375609246877884,
  "pred_shift_rel_l2_mean": 2.2942745864475245,
  "pred_shift_rel_l2_ci95": 1.0669395747972397,
  "pred_shift_rel_l2_median": 1.5622946699451599,
  "init_shift_rel_l2_mean": 0.28869735592144063,
  "init_shift_rel_l2_ci95": 0.1063699761133579,
  "init_shift_rel_l2_median": 0.20391516669733795,
  "delta_l2_mean": 28.69100233912468,
  "delta_l2_ci95": 1.7720394302905993,
  "delta_l2_median": 29.28908061981201,
  "delta_linf_mean": 0.4581953128799796,
  "delta_linf_ci95": 0.003764980660712738,
  "delta_linf_median": 0.46072936058044434,
  "delta_mean_abs_mean": 0.09434194618370384,
  "delta_mean_abs_ci95": 0.0071803036720879026,
  "delta_mean_abs_median": 0.0977884829044342,
  "success_rel_l2_mean": 1.0,
  "success_rel_l2_ci95": 0.0,
  "success_rel_l2_median": 1.0,
  "success_mse_mean": 1.0,
  "success_mse_ci95": 0.0,
  "success_mse_median": 1.0,
  "attack_runtime_total_sec": 5.870218891650438,
  "attack_runtime_per_example_sec": 0.1834443403640762,
  "model_name": "resnet",
  "attack_name": "adam",
  "norm": "l2",
  "eps": 1.0,
  "attack_init_mode": "surrogate",
  "eval_init_mode": "exact"
}