{
  "num_examples": 32,
  "clean_mse_mean": 2.6972545172893048e-05,
  "clean_mse_ci95": 1.9670993392671436e-05,
  "clean_mse_median": 5.207798494666349e-06,
  "adv_mse_mean": 0.005784706511803961,
  "adv_mse_ci95": 0.0032698315762680987,
  "adv_mse_median": 0.0016151646268554032,
  "mse_ratio_mean": 28812.782203729275,
  "mse_ratio_ci95": 55416.11134677688,
  "mse_ratio_median": 223.82026701580747,
  "clean_rel_l2_mean": 346529355.7885331,
  "clean_rel_l2_ci95": 679197537.2439163,
  "clean_rel_l2_median": 0.03479324285518476,
  "adv_rel_l2_mean": 329708218575.1583,
  "adv_rel_l2_ci95": 646228108406.0267,
  "adv_rel_l2_median": 0.5959114942323196,
  "rel_l2_ratio_mean": 46.68928561925823,
  "rel_l2_ratio_ci95": 57.4493353589459,
  "rel_l2_ratio_median": 14.960333104125088,
  "clean_psnr_mean": 47.964735388415065,
  "clean_psnr_ci95": 3.0103497150998577,
  "clean_psnr_median": 49.25580709375554,
  "adv_psnr_mean": 24.369874113320414,
  "adv_psnr_ci95": 2.998098078348694,
  "adv_psnr_median": 24.34658108497443,
  "clean_ssim_mean": 0.9889427326323096,
  "clean_ssim_ci95": 0.004352920770515674,
  "clean_ssim_median": 0.9935314458927795,
  "adv_ssim_mean": 0.9210784177149096,
  "adv_ssim_ci95": 0.024766693749248444,
  "adv_ssim_median": 0.940469973375361,
  "pred_shift_rel_l2_mean": 30.350477608009136,
  "pred_shift_rel_l2_ci95": 58.225910877916824,
  "pred_shift_rel_l2_median": 0.5733448793464643,
  "init_shift_rel_l2_mean": 31814020127.251904,
  "init_shift_rel_l2_ci95": 62355479449.02147,
  "init_shift_rel_l2_median": 0.17683626207728165,
  "delta_l2_mean": 18.005337178707123,
  "delta_l2_ci95": 1.8908903533448018,
  "delta_l2_median": 20.022629737854004,
  "delta_linf_mean": 0.4502058932557702,
  "delta_linf_ci95": 0.01423748210492671,
  "delta_linf_median": 0.4511384814977646,
  "delta_mean_abs_mean": 0.05260491365334019,
  "delta_mean_abs_ci95": 0.008840004957385458,
  "delta_mean_abs_median": 0.057822007685899734,
  "success_rel_l2_mean": 1.0,
  "success_rel_l2_ci95": 0.0,
  "success_rel_l2_median": 1.0,
  "success_mse_mean": 1.0,
  "success_mse_ci95": 0.0,
  "success_mse_median": 1.0,
  "clean_e_ran_l2_mean": 0.46466279902961105,
  "clean_e_ran_l2_ci95": 0.16280498561304255,
  "clean_e_ran_l2_median": 0.2883118689060211,
  "clean_e_nul_l2_mean": 0.07184763712048417,
  "clean_e_nul_l2_ci95": 0.029362524034875822,
  "clean_e_nul_l2_median": 0.039427001029253006,
  "clean_e_ran_frac_mean": 0.9857217616261348,
  "clean_e_ran_frac_ci95": 0.005415682840651639,
  "clean_e_ran_frac_median": 0.9914132966547088,
  "clean_e_nul_frac_mean": 0.14881890136964707,
  "clean_e_nul_frac_ci95": 0.027197030415357423,
  "clean_e_nul_frac_median": 0.13065342410136327,
  "adv_e_ran_l2_mean": 7.180228078737855,
  "adv_e_ran_l2_ci95": 2.2974258104222547,
  "adv_e_ran_l2_median": 5.0292885303497314,
  "adv_e_nul_l2_mean": 0.6650609918870032,
  "adv_e_nul_l2_ci95": 0.15189566697459328,
  "adv_e_nul_l2_median": 0.6227621734142303,
  "adv_e_ran_frac_mean": 0.9882550466193547,
  "adv_e_ran_frac_ci95": 0.005339910916166637,
  "adv_e_ran_frac_median": 0.9951232344047112,
  "adv_e_nul_frac_mean": 0.12929160549704824,
  "adv_e_nul_frac_ci95": 0.028175076232329812,
  "adv_e_nul_frac_median": 0.09862639335523776,
  "attack_runtime_total_sec": 9.844462864100933,
  "attack_runtime_per_example_sec": 0.30763946450315416,
  "model_name": "resnet",
  "attack_name": "adam",
  "norm": "l2",
  "eps": 1.0,
  "attack_init_mode": "surrogate",
  "eval_init_mode": "exact"
}