{
  "num_examples": 32,
  "clean_mse_mean": 0.003890901454553841,
  "clean_mse_ci95": 0.0037835271863047018,
  "clean_mse_median": 0.00025990899302996695,
  "adv_mse_mean": 0.06436869282333646,
  "adv_mse_ci95": 0.02259059014108014,
  "adv_mse_median": 0.04700799845159054,
  "mse_ratio_mean": 495.6582814289141,
  "mse_ratio_ci95": 294.81773926321193,
  "mse_ratio_median": 121.16993366261863,
  "clean_rel_l2_mean": 0.46095756818682,
  "clean_rel_l2_ci95": 0.1636920268157137,
  "clean_rel_l2_median": 0.2617522503845454,
  "adv_rel_l2_mean": 4.2403964905260505,
  "adv_rel_l2_ci95": 1.0398777320054386,
  "adv_rel_l2_median": 3.313682674649556,
  "rel_l2_ratio_mean": 16.925481771867453,
  "rel_l2_ratio_ci95": 5.091449720747567,
  "rel_l2_ratio_median": 11.006156300669002,
  "clean_psnr_mean": 30.52872958542126,
  "clean_psnr_ci95": 3.3826998977788993,
  "clean_psnr_median": 31.63126779305289,
  "adv_psnr_mean": 9.210394227392069,
  "adv_psnr_ci95": 1.7570726090267055,
  "adv_psnr_median": 9.558062205339557,
  "clean_ssim_mean": 0.955677561361476,
  "clean_ssim_ci95": 0.01755773390180649,
  "clean_ssim_median": 0.9726677666013273,
  "adv_ssim_mean": 0.8360906327425648,
  "adv_ssim_ci95": 0.02588063078925628,
  "adv_ssim_median": 0.849335196415846,
  "pred_shift_rel_l2_mean": 3.317071046550718,
  "pred_shift_rel_l2_ci95": 1.1027353973628273,
  "pred_shift_rel_l2_median": 2.2941407306653057,
  "init_shift_rel_l2_mean": 0.4022646607790168,
  "init_shift_rel_l2_ci95": 0.13966539246409085,
  "init_shift_rel_l2_median": 0.24858979000460713,
  "delta_l2_mean": 30.618432641029358,
  "delta_l2_ci95": 0.5460413232611389,
  "delta_l2_median": 30.952659606933594,
  "delta_linf_mean": 0.35930545534938574,
  "delta_linf_ci95": 0.015375928293669433,
  "delta_linf_median": 0.3455125242471695,
  "delta_mean_abs_mean": 0.12362844566814601,
  "delta_mean_abs_ci95": 0.0033428832177037396,
  "delta_mean_abs_median": 0.12603772431612015,
  "success_rel_l2_mean": 1.0,
  "success_rel_l2_ci95": 0.0,
  "success_rel_l2_median": 1.0,
  "success_mse_mean": 1.0,
  "success_mse_ci95": 0.0,
  "success_mse_median": 1.0,
  "clean_e_ran_l2_mean": 3.9490938168019056,
  "clean_e_ran_l2_ci95": 2.1500836548660196,
  "clean_e_ran_l2_median": 1.603745937347412,
  "clean_e_nul_l2_mean": 2.165697603020817,
  "clean_e_nul_l2_ci95": 0.7925140930543431,
  "clean_e_nul_l2_median": 1.1457982659339905,
  "clean_e_ran_frac_mean": 0.7840370282216123,
  "clean_e_ran_frac_ci95": 0.039649921280212115,
  "clean_e_ran_frac_median": 0.8089239002997664,
  "clean_e_nul_frac_mean": 0.5729823742827125,
  "clean_e_nul_frac_ci95": 0.05296542561295469,
  "clean_e_nul_frac_median": 0.5725826246169087,
  "adv_e_ran_l2_mean": 25.227003805339336,
  "adv_e_ran_l2_ci95": 4.894461660806695,
  "adv_e_ran_l2_median": 22.341153144836426,
  "adv_e_nul_l2_mean": 13.123341962695122,
  "adv_e_nul_l2_ci95": 1.8173573112781627,
  "adv_e_nul_l2_median": 11.97407579421997,
  "adv_e_ran_frac_mean": 0.8304954926641273,
  "adv_e_ran_frac_ci95": 0.0451008282327517,
  "adv_e_ran_frac_median": 0.8761126378986721,
  "adv_e_nul_frac_mean": 0.486918932187992,
  "adv_e_nul_frac_ci95": 0.059598290251487204,
  "adv_e_nul_frac_median": 0.45064105473509275,
  "attack_runtime_total_sec": 4.971331037580967,
  "attack_runtime_per_example_sec": 0.15535409492440522,
  "model_name": "resnet",
  "attack_name": "adam",
  "norm": "l2",
  "eps": 1.0,
  "attack_init_mode": "surrogate",
  "eval_init_mode": "exact"
}