{
  "num_examples": 32,
  "gt_norm_mean": 34.14803624153137,
  "gt_norm_ci95": 5.117252085674433,
  "gt_norm_median": 30.453283309936523,
  "clean_mse_mean": 0.00016234240240464715,
  "clean_mse_ci95": 0.000218790685342388,
  "clean_mse_median": 2.0297986338846385e-05,
  "adv_mse_mean": 0.009624371568861534,
  "adv_mse_ci95": 0.004074109210539604,
  "adv_mse_median": 0.00558085460215807,
  "mse_ratio_mean": 545.0369586531617,
  "mse_ratio_ci95": 336.4684695809478,
  "mse_ratio_median": 210.51025341598734,
  "clean_rel_l2_mean": 0.02660653364728205,
  "clean_rel_l2_ci95": 0.012285073042311094,
  "clean_rel_l2_median": 0.016784834675490856,
  "adv_rel_l2_mean": 0.34995113348122686,
  "adv_rel_l2_ci95": 0.08117645047831684,
  "adv_rel_l2_median": 0.26617366075515747,
  "rel_l2_ratio_mean": 18.377295355901662,
  "rel_l2_ratio_ci95": 5.068591280970427,
  "rel_l2_ratio_median": 14.508111423366294,
  "clean_psnr_mean": 41.13464182029398,
  "clean_psnr_ci95": 1.9792445119101463,
  "clean_psnr_median": 43.21934440054709,
  "adv_psnr_mean": 18.211122047500698,
  "adv_psnr_ci95": 2.2296147469651064,
  "adv_psnr_median": 18.745376500290618,
  "clean_ssim_mean": 0.9810430258052526,
  "clean_ssim_ci95": 0.0036560619496806006,
  "clean_ssim_median": 0.9831747571914964,
  "adv_ssim_mean": 0.8490306966312096,
  "adv_ssim_ci95": 0.03059072345976483,
  "adv_ssim_median": 0.8632716251944924,
  "pred_shift_rel_l2_mean": 0.34763361420482397,
  "pred_shift_rel_l2_ci95": 0.08166799172259545,
  "pred_shift_rel_l2_median": 0.2658807188272476,
  "init_shift_rel_l2_mean": 0.07252959936158732,
  "init_shift_rel_l2_ci95": 0.008965932328526827,
  "init_shift_rel_l2_median": 0.06868269667029381,
  "delta_l2_mean": 31.122069656848907,
  "delta_l2_ci95": 1.8132502860146547,
  "delta_l2_median": 32.19642448425293,
  "delta_linf_mean": 0.680073568597436,
  "delta_linf_ci95": 0.029799409379404063,
  "delta_linf_median": 0.685945600271225,
  "delta_mean_abs_mean": 0.10852319898549467,
  "delta_mean_abs_ci95": 0.007558521657926732,
  "delta_mean_abs_median": 0.11332401633262634,
  "success_rel_l2_mean": 1.0,
  "success_rel_l2_ci95": 0.0,
  "success_rel_l2_median": 1.0,
  "success_mse_mean": 1.0,
  "success_mse_ci95": 0.0,
  "success_mse_median": 1.0,
  "clean_e_ran_l2_mean": 0.7553572240285575,
  "clean_e_ran_l2_ci95": 0.32566373553796424,
  "clean_e_ran_l2_median": 0.4935232251882553,
  "clean_e_nul_l2_mean": 0.5545202211942524,
  "clean_e_nul_l2_ci95": 0.3387381227737329,
  "clean_e_nul_l2_median": 0.27339084446430206,
  "clean_e_ran_frac_mean": 0.8487999255098793,
  "clean_e_ran_frac_ci95": 0.021329924174107635,
  "clean_e_ran_frac_median": 0.8625199340272094,
  "clean_e_nul_frac_mean": 0.5168437779564738,
  "clean_e_nul_frac_ci95": 0.03291003238108078,
  "clean_e_nul_frac_median": 0.506010373026027,
  "adv_e_ran_l2_mean": 7.974227633327246,
  "adv_e_ran_l2_ci95": 1.8988064547530854,
  "adv_e_ran_l2_median": 6.205521106719971,
  "adv_e_nul_l2_mean": 7.013945206999779,
  "adv_e_nul_l2_ci95": 1.3996078050143403,
  "adv_e_nul_l2_median": 6.477191925048828,
  "adv_e_ran_frac_mean": 0.733107925022846,
  "adv_e_ran_frac_ci95": 0.03461656903507308,
  "adv_e_ran_frac_median": 0.7517486100047184,
  "adv_e_nul_frac_mean": 0.6640255421519874,
  "adv_e_nul_frac_ci95": 0.03848730521602478,
  "adv_e_nul_frac_median": 0.6593718672390115,
  "attack_runtime_total_sec": 14.228680312633514,
  "attack_runtime_per_example_sec": 0.4446462597697973,
  "model_name": "resnet",
  "attack_name": "adam",
  "norm": "l2",
  "eps": 1.0,
  "attack_init_mode": "exact",
  "eval_init_mode": "exact"
}