{
  "num_examples": 32,
  "gt_norm_mean": 10.20190628618002,
  "gt_norm_ci95": 3.288175396316753,
  "gt_norm_median": 6.981602191925049,
  "clean_mse_mean": 3.404593348044216e-05,
  "clean_mse_ci95": 1.5931696976051682e-05,
  "clean_mse_median": 1.0360209671489429e-05,
  "adv_mse_mean": 0.0041001539262879305,
  "adv_mse_ci95": 0.0016192221290701459,
  "adv_mse_median": 0.0021568831289187074,
  "mse_ratio_mean": 630.8888429790921,
  "mse_ratio_ci95": 605.9972013283653,
  "mse_ratio_median": 134.38536512935974,
  "clean_rel_l2_mean": 0.09046535671222955,
  "clean_rel_l2_ci95": 0.029284439856258195,
  "clean_rel_l2_median": 0.05617598071694374,
  "adv_rel_l2_mean": 1.7838060362264514,
  "adv_rel_l2_ci95": 1.1425505742415711,
  "adv_rel_l2_median": 0.7540274262428284,
  "rel_l2_ratio_mean": 17.30828213228954,
  "rel_l2_ratio_ci95": 6.407576722920922,
  "rel_l2_ratio_median": 11.590351773452689,
  "clean_psnr_mean": 44.96055561440768,
  "clean_psnr_ci95": 2.27958478210213,
  "clean_psnr_median": 44.31038979479938,
  "adv_psnr_mean": 22.903636480677385,
  "adv_psnr_ci95": 2.392378725306939,
  "adv_psnr_median": 22.54120048628647,
  "clean_ssim_mean": 0.9781211349325517,
  "clean_ssim_ci95": 0.007106172420778602,
  "clean_ssim_median": 0.9830966948665973,
  "adv_ssim_mean": 0.9095079069705863,
  "adv_ssim_ci95": 0.019913557603470147,
  "adv_ssim_median": 0.9144525032227859,
  "pred_shift_rel_l2_mean": 1.9391077659092844,
  "pred_shift_rel_l2_ci95": 1.3612557837623387,
  "pred_shift_rel_l2_median": 0.728531539440155,
  "init_shift_rel_l2_mean": 0.5626321415184066,
  "init_shift_rel_l2_ci95": 0.3278103538726931,
  "init_shift_rel_l2_median": 0.2988138645887375,
  "delta_l2_mean": 24.229458913207054,
  "delta_l2_ci95": 2.231007323632638,
  "delta_l2_median": 24.843006134033203,
  "delta_linf_mean": 0.6013701194897294,
  "delta_linf_ci95": 0.02826852626540616,
  "delta_linf_median": 0.6059730350971222,
  "delta_mean_abs_mean": 0.07649468287127092,
  "delta_mean_abs_ci95": 0.009447856827444768,
  "delta_mean_abs_median": 0.08216250687837601,
  "success_rel_l2_mean": 1.0,
  "success_rel_l2_ci95": 0.0,
  "success_rel_l2_median": 1.0,
  "success_mse_mean": 1.0,
  "success_mse_ci95": 0.0,
  "success_mse_median": 1.0,
  "clean_e_ran_l2_mean": 0.4249512630049139,
  "clean_e_ran_l2_ci95": 0.10670245929977876,
  "clean_e_ran_l2_median": 0.2904011756181717,
  "clean_e_nul_l2_mean": 0.40461075853090733,
  "clean_e_nul_l2_ci95": 0.12277592288818127,
  "clean_e_nul_l2_median": 0.2727750092744827,
  "clean_e_ran_frac_mean": 0.7505723942008307,
  "clean_e_ran_frac_ci95": 0.04353682720023098,
  "clean_e_ran_frac_median": 0.7579723377629849,
  "clean_e_nul_frac_mean": 0.6352243460150357,
  "clean_e_nul_frac_ci95": 0.04701325407472583,
  "clean_e_nul_frac_median": 0.6522450106704196,
  "adv_e_ran_l2_mean": 3.782618584111333,
  "adv_e_ran_l2_ci95": 0.743640255453605,
  "adv_e_ran_l2_median": 3.6026982069015503,
  "adv_e_nul_l2_mean": 5.74994314648211,
  "adv_e_nul_l2_ci95": 1.3789552560815856,
  "adv_e_nul_l2_median": 4.653995752334595,
  "adv_e_ran_frac_mean": 0.5920275778304116,
  "adv_e_ran_frac_ci95": 0.05260432659048198,
  "adv_e_ran_frac_median": 0.6061310439987441,
  "adv_e_nul_frac_mean": 0.7827638500826698,
  "adv_e_nul_frac_ci95": 0.042322676105529186,
  "adv_e_nul_frac_median": 0.7953646843151124,
  "attack_runtime_total_sec": 14.138428151607513,
  "attack_runtime_per_example_sec": 0.4418258797377348,
  "model_name": "resnet",
  "attack_name": "adam",
  "norm": "l2",
  "eps": 1.0,
  "attack_init_mode": "exact",
  "eval_init_mode": "exact"
}