{
  "num_examples": 32,
  "gt_norm_mean": 36.11315447092056,
  "gt_norm_ci95": 4.385454180357387,
  "gt_norm_median": 36.00058174133301,
  "clean_mse_mean": 1.690774866602851e-05,
  "clean_mse_ci95": 4.708821522210398e-06,
  "clean_mse_median": 1.25448659673566e-05,
  "adv_mse_mean": 0.003970082663727226,
  "adv_mse_ci95": 0.0009296577594469555,
  "adv_mse_median": 0.0029978081583976746,
  "mse_ratio_mean": 318.50475068008745,
  "mse_ratio_ci95": 68.26352332768067,
  "mse_ratio_median": 265.1553136606126,
  "clean_rel_l2_mean": 0.01360531515092589,
  "clean_rel_l2_ci95": 0.0008210556105203245,
  "clean_rel_l2_median": 0.01325585413724184,
  "adv_rel_l2_mean": 0.22968968679197133,
  "adv_rel_l2_ci95": 0.02568528443204301,
  "adv_rel_l2_median": 0.21317539364099503,
  "rel_l2_ratio_mean": 17.076559860325,
  "rel_l2_ratio_ci95": 1.8256487277333449,
  "rel_l2_ratio_median": 16.283585705147487,
  "clean_psnr_mean": 44.634622174792675,
  "clean_psnr_ci95": 0.8208288843720636,
  "clean_psnr_median": 44.9122702845756,
  "adv_psnr_mean": 20.384050890139168,
  "adv_psnr_ci95": 0.962630844458532,
  "adv_psnr_median": 20.736509577637747,
  "clean_ssim_mean": 0.9837956803642574,
  "clean_ssim_ci95": 0.0014478344207460665,
  "clean_ssim_median": 0.9838111939224561,
  "adv_ssim_mean": 0.8948879883309147,
  "adv_ssim_ci95": 0.012540510548562846,
  "adv_ssim_median": 0.8966930795203285,
  "pred_shift_rel_l2_mean": 0.22851375164464116,
  "pred_shift_rel_l2_ci95": 0.025749451254275715,
  "pred_shift_rel_l2_median": 0.21229565888643265,
  "init_shift_rel_l2_mean": 0.07406161329708993,
  "init_shift_rel_l2_ci95": 0.009240633122350222,
  "init_shift_rel_l2_median": 0.06780191510915756,
  "delta_l2_mean": 34.09949940443039,
  "delta_l2_ci95": 1.1996450442439062,
  "delta_l2_median": 34.24478530883789,
  "delta_linf_mean": 0.6618320625275373,
  "delta_linf_ci95": 0.020648071468337616,
  "delta_linf_median": 0.6632480621337891,
  "delta_mean_abs_mean": 0.12268285732716322,
  "delta_mean_abs_ci95": 0.005012343818461597,
  "delta_mean_abs_median": 0.12307842075824738,
  "success_rel_l2_mean": 1.0,
  "success_rel_l2_ci95": 0.0,
  "success_rel_l2_median": 1.0,
  "success_mse_mean": 1.0,
  "success_mse_ci95": 0.0,
  "success_mse_median": 1.0,
  "clean_e_ran_l2_mean": 0.41093523893505335,
  "clean_e_ran_l2_ci95": 0.05710052723558231,
  "clean_e_ran_l2_median": 0.36485661566257477,
  "clean_e_nul_l2_mean": 0.2657896054442972,
  "clean_e_nul_l2_ci95": 0.03724520007867028,
  "clean_e_nul_l2_median": 0.23687738925218582,
  "clean_e_ran_frac_mean": 0.8378897319062043,
  "clean_e_ran_frac_ci95": 0.009340972801971712,
  "clean_e_ran_frac_median": 0.8370780416446997,
  "clean_e_nul_frac_mean": 0.5437624857769254,
  "clean_e_nul_frac_ci95": 0.013899665973469687,
  "clean_e_nul_frac_median": 0.5470780944701545,
  "adv_e_ran_l2_mean": 4.371004186570644,
  "adv_e_ran_l2_ci95": 0.35867888495610056,
  "adv_e_ran_l2_median": 4.168455123901367,
  "adv_e_nul_l2_mean": 6.333189889788628,
  "adv_e_nul_l2_ci95": 0.7706650624726062,
  "adv_e_nul_l2_median": 5.706333637237549,
  "adv_e_ran_frac_mean": 0.5785405951090175,
  "adv_e_ran_frac_ci95": 0.02265173822288295,
  "adv_e_ran_frac_median": 0.5757496570303193,
  "adv_e_nul_frac_mean": 0.8117275893936596,
  "adv_e_nul_frac_ci95": 0.01669359952325918,
  "adv_e_nul_frac_median": 0.817607961141894,
  "attack_runtime_total_sec": 39.17249704152346,
  "attack_runtime_per_example_sec": 1.224140532547608,
  "model_name": "resnet",
  "attack_name": "adam",
  "norm": "l2",
  "eps": 1.0,
  "attack_init_mode": "exact",
  "eval_init_mode": "exact"
}