{
  "num_examples": 32,
  "clean_mse_mean": 0.00019754118137882415,
  "clean_mse_ci95": 0.00016596790122387454,
  "clean_mse_median": 1.6946729374467395e-05,
  "adv_mse_mean": 0.0391898826940178,
  "adv_mse_ci95": 0.01349849240250149,
  "adv_mse_median": 0.027513887733221054,
  "mse_ratio_mean": 1623.0787886267658,
  "mse_ratio_ci95": 971.549282457553,
  "mse_ratio_median": 515.4561776399918,
  "clean_rel_l2_mean": 0.06219184218796327,
  "clean_rel_l2_ci95": 0.018410460867125604,
  "clean_rel_l2_median": 0.03360333583924058,
  "adv_rel_l2_mean": 1.4234701812180406,
  "adv_rel_l2_ci95": 0.31566199388089416,
  "adv_rel_l2_median": 1.0927208698393067,
  "rel_l2_ratio_mean": 31.175692335783147,
  "rel_l2_ratio_ci95": 8.982908797509198,
  "rel_l2_ratio_median": 22.702909312748368,
  "clean_psnr_mean": 44.63653169503472,
  "clean_psnr_ci95": 2.6611744962034067,
  "clean_psnr_median": 47.71439253562046,
  "adv_psnr_mean": 17.385234914673898,
  "adv_psnr_ci95": 2.589606827688249,
  "adv_psnr_median": 15.609624010197471,
  "clean_ssim_mean": 0.992442251186841,
  "clean_ssim_ci95": 0.0041624240739060745,
  "clean_ssim_median": 0.9965710458965175,
  "adv_ssim_mean": 0.8928387112272185,
  "adv_ssim_ci95": 0.0162142528890558,
  "adv_ssim_median": 0.89539466984293,
  "pred_shift_rel_l2_mean": 1.4002633420066146,
  "pred_shift_rel_l2_ci95": 0.31080461433419004,
  "pred_shift_rel_l2_median": 1.0866134339885019,
  "init_shift_rel_l2_mean": 0.1814787324567173,
  "init_shift_rel_l2_ci95": 0.05304366014934108,
  "init_shift_rel_l2_median": 0.1409349574081557,
  "delta_l2_mean": 26.261595487594604,
  "delta_l2_ci95": 2.4821895575524406,
  "delta_l2_median": 27.719487190246582,
  "delta_linf_mean": 0.45220575388520956,
  "delta_linf_ci95": 0.007054092070957093,
  "delta_linf_median": 0.45913219451904297,
  "delta_mean_abs_mean": 0.08280888147419319,
  "delta_mean_abs_ci95": 0.009882274420905801,
  "delta_mean_abs_median": 0.08729492872953415,
  "success_rel_l2_mean": 1.0,
  "success_rel_l2_ci95": 0.0,
  "success_rel_l2_median": 1.0,
  "success_mse_mean": 1.0,
  "success_mse_ci95": 0.0,
  "success_mse_median": 1.0,
  "clean_e_ran_l2_mean": 1.0514573100954294,
  "clean_e_ran_l2_ci95": 0.43617565274389253,
  "clean_e_ran_l2_median": 0.45818109810352325,
  "clean_e_nul_l2_mean": 0.4946125498972833,
  "clean_e_nul_l2_ci95": 0.20858449951452696,
  "clean_e_nul_l2_median": 0.2558528631925583,
  "clean_e_ran_frac_mean": 0.8912772921500509,
  "clean_e_ran_frac_ci95": 0.02354991929581488,
  "clean_e_ran_frac_median": 0.902034024930456,
  "clean_e_nul_frac_mean": 0.432982644616271,
  "clean_e_nul_frac_ci95": 0.04116908108024065,
  "clean_e_nul_frac_median": 0.4316476337124684,
  "adv_e_ran_l2_mean": 19.964527113363147,
  "adv_e_ran_l2_ci95": 3.928080192931803,
  "adv_e_ran_l2_median": 19.715553283691406,
  "adv_e_nul_l2_mean": 9.344638295471668,
  "adv_e_nul_l2_ci95": 1.9809606828975452,
  "adv_e_nul_l2_median": 8.317406415939331,
  "adv_e_ran_frac_mean": 0.9026681326062328,
  "adv_e_ran_frac_ci95": 0.010873886001726034,
  "adv_e_ran_frac_median": 0.905762027780206,
  "adv_e_nul_frac_mean": 0.4240606434911837,
  "adv_e_nul_frac_ci95": 0.023370738125320874,
  "adv_e_nul_frac_median": 0.4237802198110783,
  "attack_runtime_total_sec": 5.803886596113443,
  "attack_runtime_per_example_sec": 0.1813714561285451,
  "model_name": "resnet",
  "attack_name": "adam",
  "norm": "l2",
  "eps": 1.0,
  "attack_init_mode": "surrogate",
  "eval_init_mode": "exact"
}