{
  "num_examples": 32,
  "clean_mse_mean": 0.00015006436541398216,
  "clean_mse_ci95": 6.082459115206142e-05,
  "clean_mse_median": 8.850144877214916e-05,
  "adv_mse_mean": 252.2645297050476,
  "adv_mse_ci95": 17.933827474639543,
  "adv_mse_median": 252.8322296142578,
  "mse_ratio_mean": 9597174.383670375,
  "mse_ratio_ci95": 6398725.353806484,
  "mse_ratio_median": 2605907.1469876375,
  "clean_rel_l2_mean": 0.13196557785498958,
  "clean_rel_l2_ci95": 0.026967266677259117,
  "clean_rel_l2_median": 0.10249004729192374,
  "adv_rel_l2_mean": 329.1830353105257,
  "adv_rel_l2_ci95": 136.26740762113087,
  "adv_rel_l2_median": 181.25044501665923,
  "rel_l2_ratio_mean": 2361.486484223524,
  "rel_l2_ratio_ci95": 705.8593113268312,
  "rel_l2_ratio_median": 1613.916722818779,
  "clean_psnr_mean": 38.00627535655188,
  "clean_psnr_ci95": 1.702179914332843,
  "clean_psnr_median": 37.017766002842265,
  "adv_psnr_mean": -27.25694461740822,
  "adv_psnr_ci95": 0.8484859405697621,
  "adv_psnr_median": -26.86465940521105,
  "clean_ssim_mean": 0.9057563590121219,
  "clean_ssim_ci95": 0.032979522567533504,
  "clean_ssim_median": 0.9383205412596702,
  "adv_ssim_mean": 0.00023489404279189414,
  "adv_ssim_ci95": 0.00013747657298501106,
  "adv_ssim_median": 9.622747079335178e-05,
  "pred_shift_rel_l2_mean": 316.4016024868227,
  "pred_shift_rel_l2_ci95": 123.10195972573355,
  "pred_shift_rel_l2_median": 183.88350496494743,
  "init_shift_rel_l2_mean": 540.077942929657,
  "init_shift_rel_l2_ci95": 246.61856610587645,
  "init_shift_rel_l2_median": 276.46151633539546,
  "delta_l2_mean": 23.375246107578278,
  "delta_l2_ci95": 1.5519891683136953e-06,
  "delta_l2_median": 23.375246047973633,
  "delta_linf_mean": 0.590054027736187,
  "delta_linf_ci95": 0.05416930800655601,
  "delta_linf_median": 0.5415222942829132,
  "delta_mean_abs_mean": 0.09078135690651834,
  "delta_mean_abs_ci95": 0.0003552644699250177,
  "delta_mean_abs_median": 0.09098967537283897,
  "success_rel_l2_mean": 1.0,
  "success_rel_l2_ci95": 0.0,
  "success_rel_l2_median": 1.0,
  "success_mse_mean": 1.0,
  "success_mse_ci95": 0.0,
  "success_mse_median": 1.0,
  "clean_e_ran_l2_mean": 1.3185878484509885,
  "clean_e_ran_l2_ci95": 0.280321158654516,
  "clean_e_ran_l2_median": 1.1796395182609558,
  "clean_e_nul_l2_mean": 0.24832606798736379,
  "clean_e_nul_l2_ci95": 0.05477327400999052,
  "clean_e_nul_l2_median": 0.1966918632388115,
  "clean_e_ran_frac_mean": 0.9802796750698353,
  "clean_e_ran_frac_ci95": 0.006917254122290355,
  "clean_e_ran_frac_median": 0.9844850097743192,
  "clean_e_nul_frac_mean": 0.1843542829093865,
  "clean_e_nul_frac_ci95": 0.02408005825747436,
  "clean_e_nul_frac_median": 0.17546106263928102,
  "adv_e_ran_l2_mean": 1804.1430320739746,
  "adv_e_ran_l2_ci95": 60.35422130752495,
  "adv_e_ran_l2_median": 1821.4468383789062,
  "adv_e_nul_l2_mean": 902.4029350280762,
  "adv_e_nul_l2_ci95": 65.33308482105872,
  "adv_e_nul_l2_median": 892.8742065429688,
  "adv_e_ran_frac_mean": 0.8935373484677578,
  "adv_e_ran_frac_ci95": 0.011457680797452841,
  "adv_e_ran_frac_median": 0.8954164761632959,
  "adv_e_nul_frac_mean": 0.44369632633714523,
  "adv_e_nul_frac_ci95": 0.02131280134834251,
  "adv_e_nul_frac_median": 0.4452234664862682,
  "attack_runtime_total_sec": 12.772532857954502,
  "attack_runtime_per_example_sec": 0.3991416518110782,
  "model_name": "resnet",
  "attack_name": "adam",
  "norm": "l2",
  "eps": 1.0,
  "attack_init_mode": "surrogate",
  "eval_init_mode": "exact"
}