{
  "num_examples": 32,
  "clean_mse_mean": 127.16109906189986,
  "clean_mse_ci95": 62.895973390773996,
  "clean_mse_median": 38.982017517089844,
  "adv_mse_mean": 33471.10333251953,
  "adv_mse_ci95": 16000.414340205307,
  "adv_mse_median": 17653.865234375,
  "mse_ratio_mean": 17698063561.80737,
  "mse_ratio_ci95": 34688027321.36805,
  "mse_ratio_median": 500.11342385426013,
  "clean_rel_l2_mean": 1554709245.5261986,
  "clean_rel_l2_ci95": 3047229949.609686,
  "clean_rel_l2_median": 75.33703745982223,
  "adv_rel_l2_mean": 1169997436527795.0,
  "adv_rel_l2_ci95": 2293194975585662.0,
  "adv_rel_l2_median": 1711.638650001842,
  "rel_l2_ratio_mean": 23605.431202063803,
  "rel_l2_ratio_ci95": 46088.25821773616,
  "rel_l2_ratio_median": 22.294817447600703,
  "clean_psnr_mean": -13.00874467591412,
  "clean_psnr_ci95": 6.106953344988121,
  "clean_psnr_median": -15.86926076585529,
  "adv_psnr_mean": -43.71108421371902,
  "adv_psnr_ci95": 1.0309586513902917,
  "adv_psnr_median": -42.46839695490283,
  "clean_ssim_mean": 0.03438773794466469,
  "clean_ssim_ci95": 0.06107205972202868,
  "clean_ssim_median": 3.2649720949529085e-05,
  "adv_ssim_mean": 2.190182136299954e-06,
  "adv_ssim_ci95": 6.203088892727428e-06,
  "adv_ssim_median": 4.1574017561962276e-08,
  "pred_shift_rel_l2_mean": 23605.051397261283,
  "pred_shift_rel_l2_ci95": 46088.27252456411,
  "pred_shift_rel_l2_median": 21.78695491977066,
  "init_shift_rel_l2_mean": 655674926757838.8,
  "init_shift_rel_l2_ci95": 1285122856445310.8,
  "init_shift_rel_l2_median": 11.010190528351764,
  "delta_l2_mean": 41.63578248023987,
  "delta_l2_ci95": 0.061079616321762197,
  "delta_l2_median": 41.66694641113281,
  "delta_linf_mean": 1.0046119038015604,
  "delta_linf_ci95": 0.06313967341726999,
  "delta_linf_median": 0.971984475851059,
  "delta_mean_abs_mean": 0.15901408065110445,
  "delta_mean_abs_ci95": 0.00113115947764053,
  "delta_mean_abs_median": 0.1599166840314865,
  "success_rel_l2_mean": 1.0,
  "success_rel_l2_ci95": 0.0,
  "success_rel_l2_median": 1.0,
  "success_mse_mean": 1.0,
  "success_mse_ci95": 0.0,
  "success_mse_median": 1.0,
  "clean_e_ran_l2_mean": 1102.7809083272005,
  "clean_e_ran_l2_ci95": 307.9374243083906,
  "clean_e_ran_l2_median": 778.4192504882812,
  "clean_e_nul_l2_mean": 252.41727656285852,
  "clean_e_nul_l2_ci95": 68.95410588219951,
  "clean_e_nul_l2_median": 172.7826690673828,
  "clean_e_ran_frac_mean": 0.9751163442183205,
  "clean_e_ran_frac_ci95": 0.001840380152796781,
  "clean_e_ran_frac_median": 0.9752721055553006,
  "clean_e_nul_frac_mean": 0.2178423478636528,
  "clean_e_nul_frac_ci95": 0.014366409075558783,
  "clean_e_nul_frac_median": 0.22100662559251547,
  "adv_e_ran_l2_mean": 20287.374420166016,
  "adv_e_ran_l2_ci95": 3343.9922528376514,
  "adv_e_ran_l2_median": 16596.8876953125,
  "adv_e_nul_l2_mean": 5393.837966918945,
  "adv_e_nul_l2_ci95": 1471.9354081595898,
  "adv_e_nul_l2_median": 3948.084716796875,
  "adv_e_ran_frac_mean": 0.9653100355594981,
  "adv_e_ran_frac_ci95": 0.008469244419754062,
  "adv_e_ran_frac_median": 0.976446777822459,
  "adv_e_nul_frac_mean": 0.24835356348522364,
  "adv_e_nul_frac_ci95": 0.02708146886295955,
  "adv_e_nul_frac_median": 0.2157585081216226,
  "attack_runtime_total_sec": 8.177808672189713,
  "attack_runtime_per_example_sec": 0.2555565210059285,
  "model_name": "resnet",
  "attack_name": "adam",
  "norm": "l2",
  "eps": 1.0,
  "attack_init_mode": "surrogate",
  "eval_init_mode": "exact"
}