{
  "num_examples": 32,
  "gt_norm_mean": 10.20190628618002,
  "gt_norm_ci95": 3.288175396316753,
  "gt_norm_median": 6.981602191925049,
  "clean_mse_mean": 3.404593348044216e-05,
  "clean_mse_ci95": 1.5931696976051682e-05,
  "clean_mse_median": 1.0360209671489429e-05,
  "adv_mse_mean": 0.0033773987823337848,
  "adv_mse_ci95": 0.001500430659684802,
  "adv_mse_median": 0.0018811869667842984,
  "mse_ratio_mean": 346.3071244663936,
  "mse_ratio_ci95": 239.30421862817275,
  "mse_ratio_median": 89.29186072286134,
  "clean_rel_l2_mean": 0.09046535671222955,
  "clean_rel_l2_ci95": 0.029284439856258195,
  "clean_rel_l2_median": 0.05617598071694374,
  "adv_rel_l2_mean": 1.3517021085135639,
  "adv_rel_l2_ci95": 0.7529406489342582,
  "adv_rel_l2_median": 0.694023609161377,
  "rel_l2_ratio_mean": 14.173205286392633,
  "rel_l2_ratio_ci95": 4.245199695724462,
  "rel_l2_ratio_median": 9.443630608786545,
  "clean_psnr_mean": 44.96055561440768,
  "clean_psnr_ci95": 2.27958478210213,
  "clean_psnr_median": 44.31038979479938,
  "adv_psnr_mean": 24.24315948297773,
  "adv_psnr_ci95": 2.497718536103243,
  "adv_psnr_median": 23.862408478272958,
  "clean_ssim_mean": 0.9781211349325517,
  "clean_ssim_ci95": 0.007106172420778602,
  "clean_ssim_median": 0.9830966948665973,
  "adv_ssim_mean": 0.9224109836423473,
  "adv_ssim_ci95": 0.018852442103816976,
  "adv_ssim_median": 0.931164007193534,
  "pred_shift_rel_l2_mean": 1.4425209928303957,
  "pred_shift_rel_l2_ci95": 0.909025525189976,
  "pred_shift_rel_l2_median": 0.6676767468452454,
  "init_shift_rel_l2_mean": 0.4474180231336504,
  "init_shift_rel_l2_ci95": 0.23678401537400584,
  "init_shift_rel_l2_median": 0.2377246990799904,
  "delta_l2_mean": 20.913908511400223,
  "delta_l2_ci95": 2.4597819775592376,
  "delta_l2_median": 21.0418643951416,
  "delta_linf_mean": 0.5631330879405141,
  "delta_linf_ci95": 0.028323270383439517,
  "delta_linf_median": 0.5699024200439453,
  "delta_mean_abs_mean": 0.06233857755432837,
  "delta_mean_abs_ci95": 0.009832409786424167,
  "delta_mean_abs_median": 0.059278009459376335,
  "success_rel_l2_mean": 1.0,
  "success_rel_l2_ci95": 0.0,
  "success_rel_l2_median": 1.0,
  "success_mse_mean": 1.0,
  "success_mse_ci95": 0.0,
  "success_mse_median": 1.0,
  "clean_e_ran_l2_mean": 0.4249512630049139,
  "clean_e_ran_l2_ci95": 0.10670245929977876,
  "clean_e_ran_l2_median": 0.2904011756181717,
  "clean_e_nul_l2_mean": 0.40461075853090733,
  "clean_e_nul_l2_ci95": 0.12277592288818127,
  "clean_e_nul_l2_median": 0.2727750092744827,
  "clean_e_ran_frac_mean": 0.7505723942008307,
  "clean_e_ran_frac_ci95": 0.04353682720023098,
  "clean_e_ran_frac_median": 0.7579723377629849,
  "clean_e_nul_frac_mean": 0.6352243460150357,
  "clean_e_nul_frac_ci95": 0.04701325407472583,
  "clean_e_nul_frac_median": 0.6522450106704196,
  "adv_e_ran_l2_mean": 3.26322905998677,
  "adv_e_ran_l2_ci95": 0.6731153017019427,
  "adv_e_ran_l2_median": 3.0955928564071655,
  "adv_e_nul_l2_mean": 5.117223292589188,
  "adv_e_nul_l2_ci95": 1.3563058652908675,
  "adv_e_nul_l2_median": 4.2337541580200195,
  "adv_e_ran_frac_mean": 0.589437803244556,
  "adv_e_ran_frac_ci95": 0.053277238116346805,
  "adv_e_ran_frac_median": 0.599451967908671,
  "adv_e_nul_frac_mean": 0.7845237219683827,
  "adv_e_nul_frac_ci95": 0.04192051257162995,
  "adv_e_nul_frac_median": 0.8003704414616488,
  "attack_runtime_total_sec": 10.585036098957062,
  "attack_runtime_per_example_sec": 0.3307823780924082,
  "model_name": "resnet",
  "attack_name": "adam",
  "norm": "l2",
  "eps": 1.0,
  "attack_init_mode": "surrogate",
  "eval_init_mode": "exact"
}