{
  "num_examples": 32,
  "gt_norm_mean": 36.43584167957306,
  "gt_norm_ci95": 4.266847595455006,
  "gt_norm_median": 38.57119941711426,
  "clean_mse_mean": 2.9470257157271362e-05,
  "clean_mse_ci95": 1.067157601748076e-05,
  "clean_mse_median": 1.7794219274946954e-05,
  "adv_mse_mean": 0.006202419710461982,
  "adv_mse_ci95": 0.0022417278138380735,
  "adv_mse_median": 0.00396147882565856,
  "mse_ratio_mean": 424.8163742155434,
  "mse_ratio_ci95": 272.52461300559384,
  "mse_ratio_median": 258.46475126155696,
  "clean_rel_l2_mean": 0.016716257494408637,
  "clean_rel_l2_ci95": 0.001982200135108932,
  "clean_rel_l2_median": 0.015031908173114061,
  "adv_rel_l2_mean": 0.2768817956093699,
  "adv_rel_l2_ci95": 0.056787073498502295,
  "adv_rel_l2_median": 0.2287788689136505,
  "rel_l2_ratio_mean": 17.449998994556253,
  "rel_l2_ratio_ci95": 3.861294487007721,
  "rel_l2_ratio_median": 16.07669884256594,
  "clean_psnr_mean": 43.477074062128466,
  "clean_psnr_ci95": 0.9999840801608517,
  "clean_psnr_median": 43.79856753246699,
  "adv_psnr_mean": 19.82844183835098,
  "adv_psnr_ci95": 1.5648389160737268,
  "adv_psnr_median": 19.816209040929017,
  "clean_ssim_mean": 0.9800358219629506,
  "clean_ssim_ci95": 0.0017975948630753256,
  "clean_ssim_median": 0.9800314339500014,
  "adv_ssim_mean": 0.8885526563448609,
  "adv_ssim_ci95": 0.020410692741389822,
  "adv_ssim_median": 0.8883294506126431,
  "pred_shift_rel_l2_mean": 0.27425097464583814,
  "pred_shift_rel_l2_ci95": 0.05688895389030021,
  "pred_shift_rel_l2_median": 0.22667647153139114,
  "init_shift_rel_l2_mean": 0.07737398310564458,
  "init_shift_rel_l2_ci95": 0.012077892110645905,
  "init_shift_rel_l2_median": 0.06355781853199005,
  "delta_l2_mean": 33.82354146242142,
  "delta_l2_ci95": 1.4060508224071673,
  "delta_l2_median": 34.27186584472656,
  "delta_linf_mean": 0.6717027705162764,
  "delta_linf_ci95": 0.018954307082575516,
  "delta_linf_median": 0.6671338677406311,
  "delta_mean_abs_mean": 0.12071098177693784,
  "delta_mean_abs_ci95": 0.006319970672333404,
  "delta_mean_abs_median": 0.12128957360982895,
  "success_rel_l2_mean": 1.0,
  "success_rel_l2_ci95": 0.0,
  "success_rel_l2_median": 1.0,
  "success_mse_mean": 1.0,
  "success_mse_ci95": 0.0,
  "success_mse_median": 1.0,
  "clean_e_ran_l2_mean": 0.5153625574894249,
  "clean_e_ran_l2_ci95": 0.08784856744004262,
  "clean_e_ran_l2_median": 0.4709723889827728,
  "clean_e_nul_l2_mean": 0.340404836460948,
  "clean_e_nul_l2_ci95": 0.06960063018710963,
  "clean_e_nul_l2_median": 0.27067068219184875,
  "clean_e_ran_frac_mean": 0.8408455836604138,
  "clean_e_ran_frac_ci95": 0.0133135135276337,
  "clean_e_ran_frac_median": 0.8474514216712439,
  "clean_e_nul_frac_mean": 0.5372019800850372,
  "clean_e_nul_frac_ci95": 0.019160100643109114,
  "clean_e_nul_frac_median": 0.5308726199841654,
  "adv_e_ran_l2_mean": 4.9144387394189835,
  "adv_e_ran_l2_ci95": 0.6617331202522859,
  "adv_e_ran_l2_median": 4.399178504943848,
  "adv_e_nul_l2_mean": 7.570477783679962,
  "adv_e_nul_l2_ci95": 1.4352585558898228,
  "adv_e_nul_l2_median": 6.511274814605713,
  "adv_e_ran_frac_mean": 0.5680560336309592,
  "adv_e_ran_frac_ci95": 0.038000148515858014,
  "adv_e_ran_frac_median": 0.555108042639146,
  "adv_e_nul_frac_mean": 0.8111917323491594,
  "adv_e_nul_frac_ci95": 0.03074529721297993,
  "adv_e_nul_frac_median": 0.8317784205536836,
  "attack_runtime_total_sec": 14.22392251342535,
  "attack_runtime_per_example_sec": 0.4444975785445422,
  "model_name": "resnet",
  "attack_name": "adam",
  "norm": "l2",
  "eps": 1.0,
  "attack_init_mode": "exact",
  "eval_init_mode": "exact"
}