{
  "num_examples": 32,
  "clean_mse_mean": 71.77727625705302,
  "clean_mse_ci95": 30.248155918532106,
  "clean_mse_median": 20.130870819091797,
  "adv_mse_mean": 12331.389221191406,
  "adv_mse_ci95": 5712.139087063387,
  "adv_mse_median": 6749.421630859375,
  "mse_ratio_mean": 1509.4369397622108,
  "mse_ratio_ci95": 1293.124311737802,
  "mse_ratio_median": 360.0779494674555,
  "clean_rel_l2_mean": 74.92551137455331,
  "clean_rel_l2_ci95": 11.840761846317402,
  "clean_rel_l2_median": 63.5410696628237,
  "adv_rel_l2_mean": 1883.1704927982196,
  "adv_rel_l2_ci95": 705.5506800309046,
  "adv_rel_l2_median": 1188.1547472304262,
  "rel_l2_ratio_mean": 26.999388718160642,
  "rel_l2_ratio_ci95": 9.834520908355463,
  "rel_l2_ratio_median": 18.97540040383369,
  "clean_psnr_mean": -16.99213273754617,
  "clean_psnr_ci95": 2.536775696872271,
  "clean_psnr_median": -16.0306635837569,
  "adv_psnr_mean": -42.398116441143706,
  "adv_psnr_ci95": 1.3148107560353732,
  "adv_psnr_median": -41.93813518600825,
  "clean_ssim_mean": 0.0003192938718001259,
  "clean_ssim_ci95": 0.0003818096497011545,
  "clean_ssim_median": 2.901513932668971e-05,
  "adv_ssim_mean": -5.812043081925432e-06,
  "adv_ssim_ci95": 9.400829876944079e-06,
  "adv_ssim_median": -6.567111202940147e-08,
  "pred_shift_rel_l2_mean": 26.554392308007998,
  "pred_shift_rel_l2_ci95": 9.86783428536251,
  "pred_shift_rel_l2_median": 18.692534144655365,
  "init_shift_rel_l2_mean": 12.529824847127227,
  "init_shift_rel_l2_ci95": 3.8655750453076956,
  "init_shift_rel_l2_median": 9.716222213194824,
  "delta_l2_mean": 25.878516793251038,
  "delta_l2_ci95": 3.088051643033385e-06,
  "delta_l2_median": 25.878520011901855,
  "delta_linf_mean": 0.6167412009090185,
  "delta_linf_ci95": 0.03926291995716987,
  "delta_linf_median": 0.6022680699825287,
  "delta_mean_abs_mean": 0.09949690848588943,
  "delta_mean_abs_ci95": 0.0006650162304991186,
  "delta_mean_abs_median": 0.10008631274104118,
  "success_rel_l2_mean": 1.0,
  "success_rel_l2_ci95": 0.0,
  "success_rel_l2_median": 1.0,
  "success_mse_mean": 1.0,
  "success_mse_ci95": 0.0,
  "success_mse_median": 1.0,
  "clean_e_ran_l2_mean": 854.7937595844269,
  "clean_e_ran_l2_ci95": 218.543241275151,
  "clean_e_ran_l2_median": 559.1219482421875,
  "clean_e_nul_l2_mean": 197.4396235346794,
  "clean_e_nul_l2_ci95": 50.93199350726026,
  "clean_e_nul_l2_median": 130.15790557861328,
  "clean_e_ran_frac_mean": 0.9743490653286191,
  "clean_e_ran_frac_ci95": 0.0009614111694549717,
  "clean_e_ran_frac_median": 0.9751977406675465,
  "clean_e_nul_frac_mean": 0.2247220369029171,
  "clean_e_nul_frac_ci95": 0.0041119268662346,
  "clean_e_nul_frac_median": 0.22133511382748378,
  "adv_e_ran_l2_mean": 12373.087707519531,
  "adv_e_ran_l2_ci95": 2114.5745118584837,
  "adv_e_ran_l2_median": 10152.63134765625,
  "adv_e_nul_l2_mean": 3110.827045440674,
  "adv_e_nul_l2_ci95": 628.1986115187924,
  "adv_e_nul_l2_median": 2451.2840576171875,
  "adv_e_ran_frac_mean": 0.9651525606289971,
  "adv_e_ran_frac_ci95": 0.008173191118510026,
  "adv_e_ran_frac_median": 0.9749704068851159,
  "adv_e_nul_frac_mean": 0.24910366167639886,
  "adv_e_nul_frac_ci95": 0.02701421307806811,
  "adv_e_nul_frac_median": 0.22233089247080734,
  "attack_runtime_total_sec": 8.191757999360561,
  "attack_runtime_per_example_sec": 0.25599243748001754,
  "model_name": "resnet",
  "attack_name": "adam",
  "norm": "l2",
  "eps": 1.0,
  "attack_init_mode": "surrogate",
  "eval_init_mode": "exact"
}