{
  "num_examples": 32,
  "clean_mse_mean": 0.00019753461187121957,
  "clean_mse_ci95": 0.00016596463793865494,
  "clean_mse_median": 1.6945662537182216e-05,
  "adv_mse_mean": 0.03919403475879335,
  "adv_mse_ci95": 0.013499450406828045,
  "adv_mse_median": 0.027750574052333832,
  "mse_ratio_mean": 1625.473294270059,
  "mse_ratio_ci95": 974.2267886356486,
  "mse_ratio_median": 502.8805825848232,
  "clean_rel_l2_mean": 0.0621889694361164,
  "clean_rel_l2_ci95": 0.01841017164082823,
  "clean_rel_l2_median": 0.03360065579937313,
  "adv_rel_l2_mean": 1.416750616666794,
  "adv_rel_l2_ci95": 0.31762124251962326,
  "adv_rel_l2_median": 1.0580319740229536,
  "rel_l2_ratio_mean": 31.100565066739474,
  "rel_l2_ratio_ci95": 9.03156428190171,
  "rel_l2_ratio_median": 22.421311860420033,
  "clean_psnr_mean": 44.63699452847247,
  "clean_psnr_ci95": 2.661245219459107,
  "clean_psnr_median": 47.714677954047474,
  "adv_psnr_mean": 17.45291737202239,
  "adv_psnr_ci95": 2.6191294711298134,
  "adv_psnr_median": 15.570790283367408,
  "clean_ssim_mean": 0.9924421155651169,
  "clean_ssim_ci95": 0.004162472662360607,
  "clean_ssim_median": 0.9965718394361618,
  "adv_ssim_mean": 0.8930414247662088,
  "adv_ssim_ci95": 0.016310417083811386,
  "adv_ssim_median": 0.8959287865504337,
  "pred_shift_rel_l2_mean": 1.3932940214034324,
  "pred_shift_rel_l2_ci95": 0.3127375863530883,
  "pred_shift_rel_l2_median": 1.0193197864029493,
  "init_shift_rel_l2_mean": 0.18145739769636096,
  "init_shift_rel_l2_ci95": 0.05310116890381816,
  "init_shift_rel_l2_median": 0.14103599318356608,
  "delta_l2_mean": 26.253784894943237,
  "delta_l2_ci95": 2.4875209254986386,
  "delta_l2_median": 27.6733455657959,
  "delta_linf_mean": 0.4521858226507902,
  "delta_linf_ci95": 0.007060723458429176,
  "delta_linf_median": 0.4590761661529541,
  "delta_mean_abs_mean": 0.08276831009425223,
  "delta_mean_abs_ci95": 0.009922310207146394,
  "delta_mean_abs_median": 0.08716077357530594,
  "success_rel_l2_mean": 1.0,
  "success_rel_l2_ci95": 0.0,
  "success_rel_l2_median": 1.0,
  "success_mse_mean": 1.0,
  "success_mse_ci95": 0.0,
  "success_mse_median": 1.0,
  "clean_e_ran_l2_mean": 1.0514275431632996,
  "clean_e_ran_l2_ci95": 0.436170297926561,
  "clean_e_ran_l2_median": 0.4581765979528427,
  "clean_e_nul_l2_mean": 0.4945971369743347,
  "clean_e_nul_l2_ci95": 0.20858993956350025,
  "clean_e_nul_l2_median": 0.25583434104919434,
  "clean_e_ran_frac_mean": 0.8912846665067589,
  "clean_e_ran_frac_ci95": 0.023547350017436346,
  "clean_e_ran_frac_median": 0.9020303740107234,
  "clean_e_nul_frac_mean": 0.4329702301523535,
  "clean_e_nul_frac_ci95": 0.0411661157541961,
  "clean_e_nul_frac_median": 0.43165264614221643,
  "adv_e_ran_l2_mean": 19.93827213346958,
  "adv_e_ran_l2_ci95": 3.9501757392026313,
  "adv_e_ran_l2_median": 19.80834674835205,
  "adv_e_nul_l2_mean": 9.307038277387619,
  "adv_e_nul_l2_ci95": 1.9938571127025524,
  "adv_e_nul_l2_median": 8.31069016456604,
  "adv_e_ran_frac_mean": 0.9037618012910567,
  "adv_e_ran_frac_ci95": 0.010898215991207324,
  "adv_e_ran_frac_median": 0.9090060710560375,
  "adv_e_nul_frac_mean": 0.4217176921413305,
  "adv_e_nul_frac_ci95": 0.023375128723801642,
  "adv_e_nul_frac_median": 0.41675229029573946,
  "attack_runtime_total_sec": 5.825887084007263,
  "attack_runtime_per_example_sec": 0.18205897137522697,
  "model_name": "resnet",
  "attack_name": "adam",
  "norm": "l2",
  "eps": 1.0,
  "attack_init_mode": "surrogate",
  "eval_init_mode": "exact"
}