{
  "num_examples": 32,
  "clean_mse_mean": 4.003184648825042e-05,
  "clean_mse_ci95": 3.0428625936599116e-05,
  "clean_mse_median": 5.710337973141577e-06,
  "adv_mse_mean": 0.0024935384398077076,
  "adv_mse_ci95": 0.001398520488108539,
  "adv_mse_median": 0.0005816121120005846,
  "mse_ratio_mean": 37811.141689382086,
  "mse_ratio_ci95": 73768.83272519732,
  "mse_ratio_median": 50.9656844468904,
  "clean_rel_l2_mean": 276453705.84183544,
  "clean_rel_l2_ci95": 541849263.2386348,
  "clean_rel_l2_median": 0.0571850531119007,
  "adv_rel_l2_mean": 303414791823.31396,
  "adv_rel_l2_ci95": 594692991971.9138,
  "adv_rel_l2_median": 0.6484767438838361,
  "rel_l2_ratio_mean": 44.64117349925651,
  "rel_l2_ratio_ci95": 66.62349588824254,
  "rel_l2_ratio_median": 7.122130042748139,
  "clean_psnr_mean": 47.34154002327669,
  "clean_psnr_ci95": 3.1521053353820276,
  "clean_psnr_median": 47.13229095774799,
  "adv_psnr_mean": 27.603479969941322,
  "adv_psnr_ci95": 2.435934929946414,
  "adv_psnr_median": 28.624003259607658,
  "clean_ssim_mean": 0.9927079487438284,
  "clean_ssim_ci95": 0.0034325684761273407,
  "clean_ssim_median": 0.996421528420992,
  "adv_ssim_mean": 0.9521980449008559,
  "adv_ssim_ci95": 0.017701624277331744,
  "adv_ssim_median": 0.9599749774023402,
  "pred_shift_rel_l2_mean": 35.2404248374546,
  "pred_shift_rel_l2_ci95": 67.1583995448112,
  "pred_shift_rel_l2_median": 0.5733463902806353,
  "init_shift_rel_l2_mean": 47544460744.07551,
  "init_shift_rel_l2_ci95": 93187143057.55885,
  "init_shift_rel_l2_median": 0.21487668217762834,
  "delta_l2_mean": 17.805247336626053,
  "delta_l2_ci95": 2.7384275884325873,
  "delta_l2_median": 15.570880889892578,
  "delta_linf_mean": 0.5357046565040946,
  "delta_linf_ci95": 0.025855275113386166,
  "delta_linf_median": 0.5315691530704498,
  "delta_mean_abs_mean": 0.05020443577086553,
  "delta_mean_abs_ci95": 0.011178255648296305,
  "delta_mean_abs_median": 0.03708638437092304,
  "success_rel_l2_mean": 1.0,
  "success_rel_l2_ci95": 0.0,
  "success_rel_l2_median": 1.0,
  "success_mse_mean": 1.0,
  "success_mse_ci95": 0.0,
  "success_mse_median": 1.0,
  "clean_e_ran_l2_mean": 0.4009713281702716,
  "clean_e_ran_l2_ci95": 0.136348871296383,
  "clean_e_ran_l2_median": 0.2583116590976715,
  "clean_e_nul_l2_mean": 0.3631132883248318,
  "clean_e_nul_l2_ci95": 0.16255514394429973,
  "clean_e_nul_l2_median": 0.18012207001447678,
  "clean_e_ran_frac_mean": 0.7810491102368038,
  "clean_e_ran_frac_ci95": 0.037597212516394286,
  "clean_e_ran_frac_median": 0.8132109511789862,
  "clean_e_nul_frac_mean": 0.5955865884321411,
  "clean_e_nul_frac_ci95": 0.05434478960457957,
  "clean_e_nul_frac_median": 0.5818918945120957,
  "adv_e_ran_l2_mean": 2.558256132528186,
  "adv_e_ran_l2_ci95": 0.6637336098651206,
  "adv_e_ran_l2_median": 1.841129183769226,
  "adv_e_nul_l2_mean": 3.924509519711137,
  "adv_e_nul_l2_ci95": 1.379328350023896,
  "adv_e_nul_l2_median": 2.336006283760071,
  "adv_e_ran_frac_mean": 0.6380852681284938,
  "adv_e_ran_frac_ci95": 0.05654773919139445,
  "adv_e_ran_frac_median": 0.6380090552293356,
  "adv_e_nul_frac_mean": 0.7412025990854308,
  "adv_e_nul_frac_ci95": 0.04678475034904296,
  "adv_e_nul_frac_median": 0.7699973412343135,
  "attack_runtime_total_sec": 10.587460048496723,
  "attack_runtime_per_example_sec": 0.3308581265155226,
  "model_name": "resnet",
  "attack_name": "adam",
  "norm": "l2",
  "eps": 1.0,
  "attack_init_mode": "surrogate",
  "eval_init_mode": "exact"
}