{
  "num_examples": 32,
  "clean_mse_mean": 2.2787341536378847e-05,
  "clean_mse_ci95": 1.8563507974314466e-05,
  "clean_mse_median": 4.015224476461299e-06,
  "adv_mse_mean": 0.005850292398349666,
  "adv_mse_ci95": 0.002085174077660848,
  "adv_mse_median": 0.004445551196113229,
  "mse_ratio_mean": 951.4687601292844,
  "mse_ratio_ci95": 467.5232077980462,
  "mse_ratio_median": 300.6015883432274,
  "clean_rel_l2_mean": 0.058845850972203954,
  "clean_rel_l2_ci95": 0.027054074895795758,
  "clean_rel_l2_median": 0.0324543458196495,
  "adv_rel_l2_mean": 1.4744221595574758,
  "adv_rel_l2_ci95": 1.287965704663953,
  "adv_rel_l2_median": 0.7003523489737749,
  "rel_l2_ratio_mean": 24.44256192308079,
  "rel_l2_ratio_ci95": 6.623612512087501,
  "rel_l2_ratio_median": 17.335209101716014,
  "clean_psnr_mean": 47.370860814956856,
  "clean_psnr_ci95": 1.9600485260348928,
  "clean_psnr_median": 48.77163888321392,
  "adv_psnr_mean": 22.159366787757065,
  "adv_psnr_ci95": 2.9819929197108093,
  "adv_psnr_median": 19.09698033843609,
  "clean_ssim_mean": 0.9898201062039806,
  "clean_ssim_ci95": 0.0030675063097962622,
  "clean_ssim_median": 0.992972216735329,
  "adv_ssim_mean": 0.9015147556086175,
  "adv_ssim_ci95": 0.023416719622936698,
  "adv_ssim_median": 0.8997920057115276,
  "pred_shift_rel_l2_mean": 1.8625282270898529,
  "pred_shift_rel_l2_ci95": 2.032983829730807,
  "pred_shift_rel_l2_median": 0.7048173561691462,
  "init_shift_rel_l2_mean": 0.37897129776651894,
  "init_shift_rel_l2_ci95": 0.3790212063242464,
  "init_shift_rel_l2_median": 0.12214420540137609,
  "delta_l2_mean": 18.64100283384323,
  "delta_l2_ci95": 1.864049162832313,
  "delta_l2_median": 21.267584800720215,
  "delta_linf_mean": 0.42353122495114803,
  "delta_linf_ci95": 0.01326119293259012,
  "delta_linf_median": 0.4160328507423401,
  "delta_mean_abs_mean": 0.05899046146078035,
  "delta_mean_abs_ci95": 0.008697462051788226,
  "delta_mean_abs_median": 0.0662566740065813,
  "success_rel_l2_mean": 1.0,
  "success_rel_l2_ci95": 0.0,
  "success_rel_l2_median": 1.0,
  "success_mse_mean": 1.0,
  "success_mse_ci95": 0.0,
  "success_mse_median": 1.0,
  "clean_e_ran_l2_mean": 0.4238969280850142,
  "clean_e_ran_l2_ci95": 0.14966008736380165,
  "clean_e_ran_l2_median": 0.2518778294324875,
  "clean_e_nul_l2_mean": 0.07077043774188496,
  "clean_e_nul_l2_ci95": 0.031304002977595315,
  "clean_e_nul_l2_median": 0.043665118515491486,
  "clean_e_ran_frac_mean": 0.9857897305664383,
  "clean_e_ran_frac_ci95": 0.0030958586463739855,
  "clean_e_ran_frac_median": 0.9886419174527123,
  "clean_e_nul_frac_mean": 0.16017314413213565,
  "clean_e_nul_frac_ci95": 0.01755135967208455,
  "clean_e_nul_frac_median": 0.1501391803295506,
  "adv_e_ran_l2_mean": 8.067986531183124,
  "adv_e_ran_l2_ci95": 1.9226702175892534,
  "adv_e_ran_l2_median": 8.401642322540283,
  "adv_e_nul_l2_mean": 0.7752230819314718,
  "adv_e_nul_l2_ci95": 0.20142407438239954,
  "adv_e_nul_l2_median": 0.7306691110134125,
  "adv_e_ran_frac_mean": 0.9910637395368707,
  "adv_e_ran_frac_ci95": 0.003442287779771433,
  "adv_e_ran_frac_median": 0.9953802561270643,
  "adv_e_nul_frac_mean": 0.11821052330054699,
  "adv_e_nul_frac_ci95": 0.021481348771273643,
  "adv_e_nul_frac_median": 0.09564694993378559,
  "attack_runtime_total_sec": 9.912870198488235,
  "attack_runtime_per_example_sec": 0.30977719370275736,
  "model_name": "resnet",
  "attack_name": "adam",
  "norm": "l2",
  "eps": 1.0,
  "attack_init_mode": "surrogate",
  "eval_init_mode": "exact"
}