{
  "num_examples": 32,
  "clean_mse_mean": 483.7375249862671,
  "clean_mse_ci95": 62.136395190815854,
  "clean_mse_median": 465.02806091308594,
  "adv_mse_mean": 29624.859985351562,
  "adv_mse_ci95": 4978.190585337926,
  "adv_mse_median": 25393.5810546875,
  "mse_ratio_mean": 68.05316796611115,
  "mse_ratio_ci95": 13.45998146413347,
  "mse_ratio_median": 58.646562624813775,
  "clean_rel_l2_mean": 68.7666657302218,
  "clean_rel_l2_ci95": 2.727490238632082,
  "clean_rel_l2_median": 67.9748093006742,
  "adv_rel_l2_mean": 548.0702473579938,
  "adv_rel_l2_ci95": 50.55942582646291,
  "adv_rel_l2_median": 507.01708195557796,
  "rel_l2_ratio_mean": 8.008804760666859,
  "rel_l2_ratio_ci95": 0.6962840424638915,
  "rel_l2_ratio_median": 7.6577480441870485,
  "clean_psnr_mean": -26.59314844617752,
  "clean_psnr_ci95": 0.5094656348604717,
  "clean_psnr_median": -26.67300581282353,
  "adv_psnr_mean": -44.43575990532972,
  "adv_psnr_ci95": 0.4782247649226609,
  "adv_psnr_median": -44.0472157720926,
  "clean_ssim_mean": -1.457569147483743e-05,
  "clean_ssim_ci95": 4.5204260809444967e-05,
  "clean_ssim_median": -8.790067568154123e-07,
  "adv_ssim_mean": -9.9080439226459e-06,
  "adv_ssim_ci95": 1.0398464805244696e-05,
  "adv_ssim_median": -2.9938315613634793e-06,
  "pred_shift_rel_l2_mean": 7.475314123042967,
  "pred_shift_rel_l2_ci95": 0.7459092826382756,
  "pred_shift_rel_l2_median": 7.080619642330856,
  "init_shift_rel_l2_mean": 3.8943119575256344,
  "init_shift_rel_l2_ci95": 0.22509907237013005,
  "init_shift_rel_l2_median": 3.9803237320934555,
  "delta_l2_mean": 47.84532403945923,
  "delta_l2_ci95": 0.6587401016384734,
  "delta_l2_median": 48.33004379272461,
  "delta_linf_mean": 1.1635602731257677,
  "delta_linf_ci95": 0.055765686219672886,
  "delta_linf_median": 1.172037661075592,
  "delta_mean_abs_mean": 0.18203195231035352,
  "delta_mean_abs_ci95": 0.003189566564340028,
  "delta_mean_abs_median": 0.1848313882946968,
  "success_rel_l2_mean": 1.0,
  "success_rel_l2_ci95": 0.0,
  "success_rel_l2_median": 1.0,
  "success_mse_mean": 1.0,
  "success_mse_ci95": 0.0,
  "success_mse_median": 1.0,
  "clean_e_ran_l2_mean": 2703.082374572754,
  "clean_e_ran_l2_ci95": 166.4154742106561,
  "clean_e_ran_l2_median": 2692.1141357421875,
  "clean_e_nul_l2_mean": 620.7561044692993,
  "clean_e_nul_l2_ci95": 35.34985161246796,
  "clean_e_nul_l2_median": 608.3290405273438,
  "clean_e_ran_frac_mean": 0.9744075523330731,
  "clean_e_ran_frac_ci95": 0.0009553605669890674,
  "clean_e_ran_frac_median": 0.9752683644523157,
  "clean_e_nul_frac_mean": 0.22447146683835364,
  "clean_e_nul_frac_ci95": 0.0040918522099013975,
  "clean_e_nul_frac_median": 0.22102393913270107,
  "adv_e_ran_l2_mean": 20952.066284179688,
  "adv_e_ran_l2_ci95": 1352.0963076136757,
  "adv_e_ran_l2_median": 19871.486328125,
  "adv_e_nul_l2_mean": 5189.072227478027,
  "adv_e_nul_l2_ci95": 763.6349553119056,
  "adv_e_nul_l2_median": 4591.896484375,
  "adv_e_ran_frac_mean": 0.9698124398051524,
  "adv_e_ran_frac_ci95": 0.005905879612716162,
  "adv_e_ran_frac_median": 0.9762620854894433,
  "adv_e_nul_frac_mean": 0.23688526594608783,
  "adv_e_nul_frac_ci95": 0.019497836551078087,
  "adv_e_nul_frac_median": 0.21659255965712487,
  "attack_runtime_total_sec": 8.18503125011921,
  "attack_runtime_per_example_sec": 0.2557822265662253,
  "model_name": "resnet",
  "attack_name": "adam",
  "norm": "l2",
  "eps": 1.0,
  "attack_init_mode": "surrogate",
  "eval_init_mode": "exact"
}