{
  "num_examples": 32,
  "clean_mse_mean": 2.796054058065711e-05,
  "clean_mse_ci95": 2.066426836865452e-05,
  "clean_mse_median": 6.200639973030775e-06,
  "adv_mse_mean": 0.008610567719756546,
  "adv_mse_ci95": 0.005900440883391405,
  "adv_mse_median": 0.002407965832389891,
  "mse_ratio_mean": 24772.76224271976,
  "mse_ratio_ci95": 47113.5102030428,
  "mse_ratio_median": 234.59398324432493,
  "clean_rel_l2_mean": 383245991.607037,
  "clean_rel_l2_ci95": 751162143.4201003,
  "clean_rel_l2_median": 0.02809623671478893,
  "adv_rel_l2_mean": 336272358895.6233,
  "adv_rel_l2_ci95": 659093823432.8417,
  "adv_rel_l2_median": 0.867858546619289,
  "rel_l2_ratio_mean": 46.97096102668104,
  "rel_l2_ratio_ci95": 52.88189388638557,
  "rel_l2_ratio_median": 15.314846569106678,
  "clean_psnr_mean": 48.85276972258356,
  "clean_psnr_ci95": 3.175521719985507,
  "clean_psnr_median": 49.44558911327306,
  "adv_psnr_mean": 24.581808550612827,
  "adv_psnr_ci95": 3.9561115231779285,
  "adv_psnr_median": 22.655909954835494,
  "clean_ssim_mean": 0.9945450939145375,
  "clean_ssim_ci95": 0.0025826384110769216,
  "clean_ssim_median": 0.9963893557537534,
  "adv_ssim_mean": 0.9185559707879102,
  "adv_ssim_ci95": 0.03275222305294929,
  "adv_ssim_median": 0.9469723605530824,
  "pred_shift_rel_l2_mean": 28.873177920535632,
  "pred_shift_rel_l2_ci95": 53.64861954547581,
  "pred_shift_rel_l2_median": 0.8322997576559628,
  "init_shift_rel_l2_mean": 50565708429.02264,
  "init_shift_rel_l2_ci95": 99108788520.07234,
  "init_shift_rel_l2_median": 0.13011936547692915,
  "delta_l2_mean": 19.78512041270733,
  "delta_l2_ci95": 3.1915169400566206,
  "delta_l2_median": 20.80263042449951,
  "delta_linf_mean": 0.4016516348347068,
  "delta_linf_ci95": 0.016822034587100885,
  "delta_linf_median": 0.4146999716758728,
  "delta_mean_abs_mean": 0.06419827450008597,
  "delta_mean_abs_ci95": 0.014017560306517792,
  "delta_mean_abs_median": 0.061780061572790146,
  "success_rel_l2_mean": 1.0,
  "success_rel_l2_ci95": 0.0,
  "success_rel_l2_median": 1.0,
  "success_mse_mean": 1.0,
  "success_mse_ci95": 0.0,
  "success_mse_median": 1.0,
  "clean_e_ran_l2_mean": 0.31292985842446797,
  "clean_e_ran_l2_ci95": 0.11138686140933071,
  "clean_e_ran_l2_median": 0.2135835960507393,
  "clean_e_nul_l2_mean": 0.307356498154121,
  "clean_e_nul_l2_ci95": 0.13184354671342896,
  "clean_e_nul_l2_median": 0.18486367911100388,
  "clean_e_ran_frac_mean": 0.7450448827105419,
  "clean_e_ran_frac_ci95": 0.0439797635055585,
  "clean_e_ran_frac_median": 0.7733331866736202,
  "clean_e_nul_frac_mean": 0.6149402161907402,
  "clean_e_nul_frac_ci95": 0.05465443858046034,
  "clean_e_nul_frac_median": 0.624079591919483,
  "adv_e_ran_l2_mean": 4.7394782500341535,
  "adv_e_ran_l2_ci95": 2.04094190503926,
  "adv_e_ran_l2_median": 3.373789072036743,
  "adv_e_nul_l2_mean": 6.51777990302071,
  "adv_e_nul_l2_ci95": 2.1565194004332655,
  "adv_e_nul_l2_median": 5.0998382568359375,
  "adv_e_ran_frac_mean": 0.6014138240744455,
  "adv_e_ran_frac_ci95": 0.05063614678345503,
  "adv_e_ran_frac_median": 0.5925711175057032,
  "adv_e_nul_frac_mean": 0.7565402739541862,
  "adv_e_nul_frac_ci95": 0.04205194419949786,
  "adv_e_nul_frac_median": 0.774856262154462,
  "attack_runtime_total_sec": 4.990977965295315,
  "attack_runtime_per_example_sec": 0.1559680614154786,
  "model_name": "resnet",
  "attack_name": "adam",
  "norm": "l2",
  "eps": 1.0,
  "attack_init_mode": "surrogate",
  "eval_init_mode": "exact"
}