{
  "num_examples": 32,
  "clean_mse_mean": 0.0001975364601776164,
  "clean_mse_ci95": 0.0001659600092534146,
  "clean_mse_median": 1.6941634385148063e-05,
  "adv_mse_mean": 0.039143804898458257,
  "adv_mse_ci95": 0.013526813221542061,
  "adv_mse_median": 0.026726549491286278,
  "mse_ratio_mean": 1620.3163268499522,
  "mse_ratio_ci95": 971.8910968968768,
  "mse_ratio_median": 497.3839078003414,
  "clean_rel_l2_mean": 0.06219000773446102,
  "clean_rel_l2_ci95": 0.0184102900961476,
  "clean_rel_l2_median": 0.033603577773027006,
  "adv_rel_l2_mean": 1.4199515100816609,
  "adv_rel_l2_ci95": 0.3148569388501373,
  "adv_rel_l2_median": 1.0904314914979047,
  "rel_l2_ratio_mean": 31.129346661323304,
  "rel_l2_ratio_ci95": 8.98377149639835,
  "rel_l2_ratio_median": 22.295138610510364,
  "clean_psnr_mean": 44.63678247493517,
  "clean_psnr_ci95": 2.661233530634111,
  "clean_psnr_median": 47.71575396154891,
  "adv_psnr_mean": 17.398787477552226,
  "adv_psnr_ci95": 2.5891121878858594,
  "adv_psnr_median": 15.744959859454951,
  "clean_ssim_mean": 0.9924420027250851,
  "clean_ssim_ci95": 0.004162490974569644,
  "clean_ssim_median": 0.9965710815575872,
  "adv_ssim_mean": 0.8929984133222039,
  "adv_ssim_ci95": 0.016120685253549608,
  "adv_ssim_median": 0.8947905070029057,
  "pred_shift_rel_l2_mean": 1.3968268900482506,
  "pred_shift_rel_l2_ci95": 0.31001702360378136,
  "pred_shift_rel_l2_median": 1.0842763240828677,
  "init_shift_rel_l2_mean": 0.18156237970802896,
  "init_shift_rel_l2_ci95": 0.053042531507752066,
  "init_shift_rel_l2_median": 0.14097350512036388,
  "delta_l2_mean": 26.271730214357376,
  "delta_l2_ci95": 2.4820057380171736,
  "delta_l2_median": 27.769963264465332,
  "delta_linf_mean": 0.45233226101845503,
  "delta_linf_ci95": 0.007056524672218552,
  "delta_linf_median": 0.45910167694091797,
  "delta_mean_abs_mean": 0.0828435025177896,
  "delta_mean_abs_ci95": 0.00987709937084345,
  "delta_mean_abs_median": 0.08748012408614159,
  "success_rel_l2_mean": 1.0,
  "success_rel_l2_ci95": 0.0,
  "success_rel_l2_median": 1.0,
  "success_mse_mean": 1.0,
  "success_mse_ci95": 0.0,
  "success_mse_median": 1.0,
  "clean_e_ran_l2_mean": 1.0514410696923733,
  "clean_e_ran_l2_ci95": 0.4361661144117489,
  "clean_e_ran_l2_median": 0.45812737941741943,
  "clean_e_nul_l2_mean": 0.49460988165810704,
  "clean_e_nul_l2_ci95": 0.2085913612143872,
  "clean_e_nul_l2_median": 0.25583305954933167,
  "clean_e_ran_frac_mean": 0.8912807396531548,
  "clean_e_ran_frac_ci95": 0.023548260374175022,
  "clean_e_ran_frac_median": 0.9020507129881978,
  "clean_e_nul_frac_mean": 0.4329761303997396,
  "clean_e_nul_frac_ci95": 0.04116722969087477,
  "clean_e_nul_frac_median": 0.4316053466283249,
  "adv_e_ran_l2_mean": 19.939275229349732,
  "adv_e_ran_l2_ci95": 3.931642198883459,
  "adv_e_ran_l2_median": 19.42951202392578,
  "adv_e_nul_l2_mean": 9.334738521836698,
  "adv_e_nul_l2_ci95": 1.9876581073045299,
  "adv_e_nul_l2_median": 8.320575475692749,
  "adv_e_ran_frac_mean": 0.9027141825981354,
  "adv_e_ran_frac_ci95": 0.010916476726239776,
  "adv_e_ran_frac_median": 0.9058376916521811,
  "adv_e_nul_frac_mean": 0.4238977413423757,
  "adv_e_nul_frac_ci95": 0.023498783245278834,
  "adv_e_nul_frac_median": 0.4236186161925992,
  "attack_runtime_total_sec": 5.819503819569945,
  "attack_runtime_per_example_sec": 0.1818594943615608,
  "model_name": "resnet",
  "attack_name": "adam",
  "norm": "l2",
  "eps": 1.0,
  "attack_init_mode": "surrogate",
  "eval_init_mode": "exact"
}