{
  "num_examples": 32,
  "clean_mse_mean": 0.08011704101227224,
  "clean_mse_ci95": 0.011774874196834675,
  "clean_mse_median": 0.07633723691105843,
  "adv_mse_mean": 0.4924523027148098,
  "adv_mse_ci95": 0.0632225695370102,
  "adv_mse_median": 0.5123541802167892,
  "mse_ratio_mean": 6.790517724722118,
  "mse_ratio_ci95": 1.1270816157399104,
  "mse_ratio_median": 6.652428508725065,
  "clean_rel_l2_mean": 0.913282105692124,
  "clean_rel_l2_ci95": 0.07784912942645243,
  "clean_rel_l2_median": 0.8476545553137405,
  "adv_rel_l2_mean": 2.234044224356148,
  "adv_rel_l2_ci95": 0.1510261490669169,
  "adv_rel_l2_median": 2.248481009721349,
  "rel_l2_ratio_mean": 2.5361497110450206,
  "rel_l2_ratio_ci95": 0.2107640299119513,
  "rel_l2_ratio_median": 2.5792112974008514,
  "clean_psnr_mean": 11.300545798795671,
  "clean_psnr_ci95": 0.5946576068895197,
  "clean_psnr_median": 11.172682879745137,
  "adv_psnr_mean": 3.4634937569315367,
  "adv_psnr_ci95": 0.7128095744694256,
  "adv_psnr_median": 2.9137305456784905,
  "clean_ssim_mean": 0.32350756193165026,
  "clean_ssim_ci95": 0.027291282435638067,
  "clean_ssim_median": 0.30165294765949885,
  "adv_ssim_mean": 0.1877956041666035,
  "adv_ssim_ci95": 0.029045787749581112,
  "adv_ssim_median": 0.18195920786346892,
  "pred_shift_rel_l2_mean": 1.5283279440355646,
  "pred_shift_rel_l2_ci95": 0.11565981763331538,
  "pred_shift_rel_l2_median": 1.4310314985484123,
  "init_shift_rel_l2_mean": 0.07721394711267832,
  "init_shift_rel_l2_ci95": 0.005477779821902616,
  "init_shift_rel_l2_median": 0.07415464344214022,
  "delta_l2_mean": 45.89893937110901,
  "delta_l2_ci95": 1.4420673143767642,
  "delta_l2_median": 46.83748817443848,
  "delta_linf_mean": 0.4680915493518114,
  "delta_linf_ci95": 0.0008080388281263821,
  "delta_linf_median": 0.46822357177734375,
  "delta_mean_abs_mean": 0.18771911319345236,
  "delta_mean_abs_ci95": 0.007195379632232353,
  "delta_mean_abs_median": 0.19176547974348068,
  "success_rel_l2_mean": 1.0,
  "success_rel_l2_ci95": 0.0,
  "success_rel_l2_median": 1.0,
  "success_mse_mean": 1.0,
  "success_mse_ci95": 0.0,
  "success_mse_median": 1.0,
  "clean_e_ran_l2_mean": 32.6757315993309,
  "clean_e_ran_l2_ci95": 2.4901449272599514,
  "clean_e_ran_l2_median": 32.05488395690918,
  "clean_e_nul_l2_mean": 12.874741524457932,
  "clean_e_nul_l2_ci95": 0.8358916277980996,
  "clean_e_nul_l2_median": 12.420884609222412,
  "clean_e_ran_frac_mean": 0.9172647433715222,
  "clean_e_ran_frac_ci95": 0.009131791795680478,
  "clean_e_ran_frac_median": 0.9222081402334232,
  "clean_e_nul_frac_mean": 0.3683389302477743,
  "clean_e_nul_frac_ci95": 0.021112848656512563,
  "clean_e_nul_frac_median": 0.36442838845595704,
  "adv_e_ran_l2_mean": 77.02639079093933,
  "adv_e_ran_l2_ci95": 5.539195194939576,
  "adv_e_ran_l2_median": 76.93972778320312,
  "adv_e_nul_l2_mean": 38.287190079689026,
  "adv_e_nul_l2_ci95": 4.656783442690998,
  "adv_e_nul_l2_median": 37.13750076293945,
  "adv_e_ran_frac_mean": 0.8778481812692005,
  "adv_e_ran_frac_ci95": 0.024727322614908093,
  "adv_e_ran_frac_median": 0.8932595207622313,
  "adv_e_nul_frac_mean": 0.4287542530124382,
  "adv_e_nul_frac_ci95": 0.038355211435817466,
  "adv_e_nul_frac_median": 0.42055349747405846,
  "attack_runtime_total_sec": 4.990776911377907,
  "attack_runtime_per_example_sec": 0.1559617784805596,
  "model_name": "resnet",
  "attack_name": "adam",
  "norm": "l2",
  "eps": 1.0,
  "attack_init_mode": "surrogate",
  "eval_init_mode": "exact"
}