{
  "num_examples": 32,
  "clean_mse_mean": 0.00019752890359825415,
  "clean_mse_ci95": 0.0001659501709697338,
  "clean_mse_median": 1.693967351457104e-05,
  "adv_mse_mean": 0.03917120215214709,
  "adv_mse_ci95": 0.013560572098394902,
  "adv_mse_median": 0.026642142795026302,
  "mse_ratio_mean": 1618.1243770575752,
  "mse_ratio_ci95": 974.1227658619497,
  "mse_ratio_median": 498.40014341827884,
  "clean_rel_l2_mean": 0.06218950764423544,
  "clean_rel_l2_ci95": 0.018410108615224772,
  "clean_rel_l2_median": 0.033597780971004076,
  "adv_rel_l2_mean": 1.4187596027767104,
  "adv_rel_l2_ci95": 0.31535338563472576,
  "adv_rel_l2_median": 1.0749190315939758,
  "rel_l2_ratio_mean": 31.08814108610902,
  "rel_l2_ratio_ci95": 8.986334629860036,
  "rel_l2_ratio_median": 22.31803426426449,
  "clean_psnr_mean": 44.63676060735641,
  "clean_psnr_ci95": 2.6611803825705613,
  "clean_psnr_median": 47.71616757327984,
  "adv_psnr_mean": 17.410858424586113,
  "adv_psnr_ci95": 2.593368632437547,
  "adv_psnr_median": 15.759413816518691,
  "clean_ssim_mean": 0.9924424281857285,
  "clean_ssim_ci95": 0.004162503776517728,
  "clean_ssim_median": 0.9965713152990299,
  "adv_ssim_mean": 0.8930122024875,
  "adv_ssim_ci95": 0.016203812186924838,
  "adv_ssim_median": 0.8950302800426022,
  "pred_shift_rel_l2_mean": 1.3956079958939216,
  "pred_shift_rel_l2_ci95": 0.31050002962371054,
  "pred_shift_rel_l2_median": 1.0683809519952499,
  "init_shift_rel_l2_mean": 0.181502000772849,
  "init_shift_rel_l2_ci95": 0.05302785979644761,
  "init_shift_rel_l2_median": 0.141010376573033,
  "delta_l2_mean": 26.267106980085373,
  "delta_l2_ci95": 2.483482651785782,
  "delta_l2_median": 27.77507495880127,
  "delta_linf_mean": 0.45237918570637703,
  "delta_linf_ci95": 0.007068894441338257,
  "delta_linf_median": 0.4592094421386719,
  "delta_mean_abs_mean": 0.08281771233305335,
  "delta_mean_abs_ci95": 0.009887421107129812,
  "delta_mean_abs_median": 0.08748089522123337,
  "success_rel_l2_mean": 1.0,
  "success_rel_l2_ci95": 0.0,
  "success_rel_l2_median": 1.0,
  "success_mse_mean": 1.0,
  "success_mse_ci95": 0.0,
  "success_mse_median": 1.0,
  "attack_runtime_total_sec": 5.788013411685824,
  "attack_runtime_per_example_sec": 0.180875419115182,
  "model_name": "resnet",
  "attack_name": "adam",
  "norm": "l2",
  "eps": 1.0,
  "attack_init_mode": "surrogate",
  "eval_init_mode": "exact"
}