{
  "num_examples": 32,
  "gt_norm_mean": 62.204518258571625,
  "gt_norm_ci95": 8.198231773313978,
  "gt_norm_median": 59.9796199798584,
  "clean_mse_mean": 0.00018835548814877257,
  "clean_mse_ci95": 5.76373632354442e-05,
  "clean_mse_median": 0.0001487650879425928,
  "adv_mse_mean": 0.002526826476696442,
  "adv_mse_ci95": 0.0009825333918697624,
  "adv_mse_median": 0.0014997050166130066,
  "mse_ratio_mean": 14.444194813484799,
  "mse_ratio_ci95": 3.3190748555409315,
  "mse_ratio_median": 12.094122267884458,
  "clean_rel_l2_mean": 0.026158075197599828,
  "clean_rel_l2_ci95": 0.0023145634190439666,
  "clean_rel_l2_median": 0.024684381671249866,
  "adv_rel_l2_mean": 0.0967349610873498,
  "adv_rel_l2_ci95": 0.015500209024138175,
  "adv_rel_l2_median": 0.09430135786533356,
  "rel_l2_ratio_mean": 3.6083386888808224,
  "rel_l2_ratio_ci95": 0.4200910106746619,
  "rel_l2_ratio_median": 3.477526089384173,
  "clean_psnr_mean": 32.93456684696787,
  "clean_psnr_ci95": 0.6401202991625398,
  "clean_psnr_median": 32.95236774235191,
  "adv_psnr_mean": 22.272034688975737,
  "adv_psnr_ci95": 1.4193973133149436,
  "adv_psnr_median": 21.84614911599814,
  "clean_ssim_mean": 0.9578290825712505,
  "clean_ssim_ci95": 0.003148064691200793,
  "clean_ssim_median": 0.9575750944047572,
  "adv_ssim_mean": 0.9239589701132791,
  "adv_ssim_ci95": 0.0100467300811175,
  "adv_ssim_median": 0.9247757656879996,
  "pred_shift_rel_l2_mean": 0.08622000520699657,
  "pred_shift_rel_l2_ci95": 0.016200374283650548,
  "pred_shift_rel_l2_median": 0.08201107010245323,
  "init_shift_rel_l2_mean": 0.04322101565776393,
  "init_shift_rel_l2_ci95": 0.004776854848846774,
  "init_shift_rel_l2_median": 0.04087416082620621,
  "delta_l2_mean": 36.34947347640991,
  "delta_l2_ci95": 1.8904016189014012,
  "delta_l2_median": 36.54174613952637,
  "delta_linf_mean": 0.8616927396506071,
  "delta_linf_ci95": 0.04929723031261697,
  "delta_linf_median": 0.8905898332595825,
  "delta_mean_abs_mean": 0.13235539221204817,
  "delta_mean_abs_ci95": 0.008198219421690607,
  "delta_mean_abs_median": 0.13296516239643097,
  "success_rel_l2_mean": 1.0,
  "success_rel_l2_ci95": 0.0,
  "success_rel_l2_median": 1.0,
  "success_mse_mean": 1.0,
  "success_mse_ci95": 0.0,
  "success_mse_median": 1.0,
  "clean_e_ran_l2_mean": 1.3392521776258945,
  "clean_e_ran_l2_ci95": 0.17947667831086814,
  "clean_e_ran_l2_median": 1.2616360187530518,
  "clean_e_nul_l2_mean": 0.8759718495421112,
  "clean_e_nul_l2_ci95": 0.18127059140145768,
  "clean_e_nul_l2_median": 0.7276163995265961,
  "clean_e_ran_frac_mean": 0.8423790989797278,
  "clean_e_ran_frac_ci95": 0.022878247758605263,
  "clean_e_ran_frac_median": 0.851855641522891,
  "clean_e_nul_frac_mean": 0.5228350732448467,
  "clean_e_nul_frac_ci95": 0.03985404861145523,
  "clean_e_nul_frac_median": 0.5237666771964649,
  "adv_e_ran_l2_mean": 4.1105621457099915,
  "adv_e_ran_l2_ci95": 0.544292492719817,
  "adv_e_ran_l2_median": 3.9103848934173584,
  "adv_e_nul_l2_mean": 3.7964771315455437,
  "adv_e_nul_l2_ci95": 0.976765314636486,
  "adv_e_nul_l2_median": 3.0506653785705566,
  "adv_e_ran_frac_mean": 0.7709880841865547,
  "adv_e_ran_frac_ci95": 0.04539800847250544,
  "adv_e_ran_frac_median": 0.8089911534807622,
  "adv_e_nul_frac_mean": 0.5997926934647929,
  "adv_e_nul_frac_ci95": 0.06014908741603079,
  "adv_e_nul_frac_median": 0.5877248303958942,
  "attack_runtime_total_sec": 14.220337510108948,
  "attack_runtime_per_example_sec": 0.4443855471909046,
  "model_name": "resnet",
  "attack_name": "adam",
  "norm": "l2",
  "eps": 1.0,
  "attack_init_mode": "exact",
  "eval_init_mode": "exact"
}