{
  "num_examples": 32,
  "clean_mse_mean": 9.477269620816742e-05,
  "clean_mse_ci95": 6.121862174966821e-05,
  "clean_mse_median": 3.795377051574178e-05,
  "adv_mse_mean": 0.023404688240702853,
  "adv_mse_ci95": 0.008886571544661867,
  "adv_mse_median": 0.013262568041682243,
  "mse_ratio_mean": 569.383149875559,
  "mse_ratio_ci95": 194.51865951876627,
  "mse_ratio_median": 354.81034294288145,
  "clean_rel_l2_mean": 0.0769030300203433,
  "clean_rel_l2_ci95": 0.022285731159982877,
  "clean_rel_l2_median": 0.050974349551957315,
  "adv_rel_l2_mean": 1.5045812615115903,
  "adv_rel_l2_ci95": 0.5728072133020833,
  "adv_rel_l2_median": 1.0412803796512045,
  "rel_l2_ratio_mean": 20.700120900859755,
  "rel_l2_ratio_ci95": 4.178419630237329,
  "rel_l2_ratio_median": 18.814200637792233,
  "clean_psnr_mean": 44.11859924670197,
  "clean_psnr_ci95": 2.021424288675277,
  "clean_psnr_median": 44.2084133144062,
  "adv_psnr_mean": 19.78762404352351,
  "adv_psnr_ci95": 2.574870584457575,
  "adv_psnr_median": 18.815495194126285,
  "clean_ssim_mean": 0.994073615285529,
  "clean_ssim_ci95": 0.0016610242973269158,
  "clean_ssim_median": 0.9965910704261319,
  "adv_ssim_mean": 0.9078759190277922,
  "adv_ssim_ci95": 0.018031037909317142,
  "adv_ssim_median": 0.9090569118992662,
  "pred_shift_rel_l2_mean": 1.503588352990839,
  "pred_shift_rel_l2_ci95": 0.6473631758334164,
  "pred_shift_rel_l2_median": 1.035768437629692,
  "init_shift_rel_l2_mean": 0.2785355621035097,
  "init_shift_rel_l2_ci95": 0.1091133842330108,
  "init_shift_rel_l2_median": 0.15774063463738636,
  "delta_l2_mean": 27.017579674720764,
  "delta_l2_ci95": 2.0682430011984776,
  "delta_l2_median": 28.61492919921875,
  "delta_linf_mean": 0.4521632445976138,
  "delta_linf_ci95": 0.0060419509958391975,
  "delta_linf_median": 0.45787596702575684,
  "delta_mean_abs_mean": 0.08458888920722529,
  "delta_mean_abs_ci95": 0.008503983223946614,
  "delta_mean_abs_median": 0.08990068733692169,
  "success_rel_l2_mean": 1.0,
  "success_rel_l2_ci95": 0.0,
  "success_rel_l2_median": 1.0,
  "success_mse_mean": 1.0,
  "success_mse_ci95": 0.0,
  "success_mse_median": 1.0,
  "clean_e_ran_l2_mean": 0.8587721739895642,
  "clean_e_ran_l2_ci95": 0.23063605924241246,
  "clean_e_ran_l2_median": 0.6548498272895813,
  "clean_e_nul_l2_mean": 0.4917602385394275,
  "clean_e_nul_l2_ci95": 0.13367510947846123,
  "clean_e_nul_l2_median": 0.4596545398235321,
  "clean_e_ran_frac_mean": 0.8554823412166048,
  "clean_e_ran_frac_ci95": 0.025502363318882892,
  "clean_e_ran_frac_median": 0.8759391207448659,
  "clean_e_nul_frac_mean": 0.5020662290117064,
  "clean_e_nul_frac_ci95": 0.03663689381724154,
  "clean_e_nul_frac_median": 0.4823634321164204,
  "adv_e_ran_l2_mean": 15.159316174685955,
  "adv_e_ran_l2_ci95": 3.3422767349595963,
  "adv_e_ran_l2_median": 12.040874481201172,
  "adv_e_nul_l2_mean": 7.072405875660479,
  "adv_e_nul_l2_ci95": 1.2932122481605444,
  "adv_e_nul_l2_median": 7.081130504608154,
  "adv_e_ran_frac_mean": 0.8862174698398748,
  "adv_e_ran_frac_ci95": 0.021850958120802812,
  "adv_e_ran_frac_median": 0.9007500345886816,
  "adv_e_nul_frac_mean": 0.4474059320617454,
  "adv_e_nul_frac_ci95": 0.036232523757391506,
  "adv_e_nul_frac_median": 0.4343375002380157,
  "attack_runtime_total_sec": 5.797031905502081,
  "attack_runtime_per_example_sec": 0.18115724704694003,
  "model_name": "resnet",
  "attack_name": "adam",
  "norm": "l2",
  "eps": 1.0,
  "attack_init_mode": "surrogate",
  "eval_init_mode": "exact"
}