{
  "num_examples": 32,
  "clean_mse_mean": 0.00019753367298847024,
  "clean_mse_ci95": 0.00016595518941000945,
  "clean_mse_median": 1.6947125914157368e-05,
  "adv_mse_mean": 0.039251449070889066,
  "adv_mse_ci95": 0.013531949570631493,
  "adv_mse_median": 0.027864625677466393,
  "mse_ratio_mean": 1626.1815491958146,
  "mse_ratio_ci95": 972.0829258369249,
  "mse_ratio_median": 497.35367254239145,
  "clean_rel_l2_mean": 0.06219031067867854,
  "clean_rel_l2_ci95": 0.01841085004821,
  "clean_rel_l2_median": 0.033600741705355396,
  "adv_rel_l2_mean": 1.4217847571436288,
  "adv_rel_l2_ci95": 0.3163242075229734,
  "adv_rel_l2_median": 1.0803039548364333,
  "rel_l2_ratio_mean": 31.181975930776673,
  "rel_l2_ratio_ci95": 9.00158960390212,
  "rel_l2_ratio_median": 22.29545990848176,
  "clean_psnr_mean": 44.63674396883516,
  "clean_psnr_ci95": 2.6612244610655833,
  "clean_psnr_median": 47.71430240345964,
  "adv_psnr_mean": 17.397382840414885,
  "adv_psnr_ci95": 2.59667951318745,
  "adv_psnr_median": 15.552419277109166,
  "clean_ssim_mean": 0.9924422915355027,
  "clean_ssim_ci95": 0.004162390060581584,
  "clean_ssim_median": 0.9965707225616429,
  "adv_ssim_mean": 0.8924834789669814,
  "adv_ssim_ci95": 0.016166614283559252,
  "adv_ssim_median": 0.8952341444537003,
  "pred_shift_rel_l2_mean": 1.3982462986292608,
  "pred_shift_rel_l2_ci95": 0.3111659836807048,
  "pred_shift_rel_l2_median": 1.0739093547153145,
  "init_shift_rel_l2_mean": 0.1814305409505581,
  "init_shift_rel_l2_ci95": 0.052957381935784704,
  "init_shift_rel_l2_median": 0.14098537814054898,
  "delta_l2_mean": 26.26630190014839,
  "delta_l2_ci95": 2.4843941822075517,
  "delta_l2_median": 27.69946575164795,
  "delta_linf_mean": 0.4522483740001917,
  "delta_linf_ci95": 0.00705923530044381,
  "delta_linf_median": 0.4591054916381836,
  "delta_mean_abs_mean": 0.08283167122863233,
  "delta_mean_abs_ci95": 0.009894751505517422,
  "delta_mean_abs_median": 0.08727303892374039,
  "success_rel_l2_mean": 1.0,
  "success_rel_l2_ci95": 0.0,
  "success_rel_l2_median": 1.0,
  "success_mse_mean": 1.0,
  "success_mse_ci95": 0.0,
  "success_mse_median": 1.0,
  "clean_e_ran_l2_mean": 1.0514355907216668,
  "clean_e_ran_l2_ci95": 0.4361593369852031,
  "clean_e_ran_l2_median": 0.4581864923238754,
  "clean_e_nul_l2_mean": 0.49461563606746495,
  "clean_e_nul_l2_ci95": 0.20859455298435728,
  "clean_e_nul_l2_median": 0.2558613047003746,
  "clean_e_ran_frac_mean": 0.8912765940111966,
  "clean_e_ran_frac_ci95": 0.023547872132073773,
  "clean_e_ran_frac_median": 0.9020192248540703,
  "clean_e_nul_frac_mean": 0.4329833991000006,
  "clean_e_nul_frac_ci95": 0.041168433589763645,
  "clean_e_nul_frac_median": 0.431671032470215,
  "adv_e_ran_l2_mean": 19.96518520452082,
  "adv_e_ran_l2_ci95": 3.939428063138745,
  "adv_e_ran_l2_median": 19.813749313354492,
  "adv_e_nul_l2_mean": 9.351832579821348,
  "adv_e_nul_l2_ci95": 1.9851394022180615,
  "adv_e_nul_l2_median": 8.31822681427002,
  "adv_e_ran_frac_mean": 0.9024816607737252,
  "adv_e_ran_frac_ci95": 0.010856317302920906,
  "adv_e_ran_frac_median": 0.9058212849360612,
  "adv_e_nul_frac_mean": 0.4244985380071269,
  "adv_e_nul_frac_ci95": 0.023296424278071513,
  "adv_e_nul_frac_median": 0.42365573833907755,
  "attack_runtime_total_sec": 5.837532239034772,
  "attack_runtime_per_example_sec": 0.18242288246983662,
  "model_name": "resnet",
  "attack_name": "adam",
  "norm": "l2",
  "eps": 1.0,
  "attack_init_mode": "surrogate",
  "eval_init_mode": "exact"
}