{
  "num_examples": 32,
  "clean_mse_mean": 0.00028904024190978816,
  "clean_mse_ci95": 0.00030070608940990513,
  "clean_mse_median": 5.5192391300806776e-05,
  "adv_mse_mean": 0.04291180915242876,
  "adv_mse_ci95": 0.018807605055400717,
  "adv_mse_median": 0.017808911856263876,
  "mse_ratio_mean": 543.8496266574346,
  "mse_ratio_ci95": 235.6082912625823,
  "mse_ratio_median": 266.7606611112377,
  "clean_rel_l2_mean": 0.07894300901796122,
  "clean_rel_l2_ci95": 0.02121574051362996,
  "clean_rel_l2_median": 0.061008827828110145,
  "adv_rel_l2_mean": 1.2352033735030075,
  "adv_rel_l2_ci95": 0.2784536367758074,
  "adv_rel_l2_median": 1.0631123200484602,
  "rel_l2_ratio_mean": 19.805616133211522,
  "rel_l2_ratio_ci95": 4.334171019402113,
  "rel_l2_ratio_median": 16.33280030476123,
  "clean_psnr_mean": 42.455800841702796,
  "clean_psnr_ci95": 2.523379035445328,
  "clean_psnr_median": 42.667478932239476,
  "adv_psnr_mean": 18.32752209559537,
  "adv_psnr_ci95": 2.7750887079721385,
  "adv_psnr_median": 17.526677926963284,
  "clean_ssim_mean": 0.988621059107929,
  "clean_ssim_ci95": 0.003497600463945272,
  "clean_ssim_median": 0.9931390388050056,
  "adv_ssim_mean": 0.8935984771511057,
  "adv_ssim_ci95": 0.02049144453825021,
  "adv_ssim_median": 0.9026799285571816,
  "pred_shift_rel_l2_mean": 1.2173695892719327,
  "pred_shift_rel_l2_ci95": 0.27600220623269806,
  "pred_shift_rel_l2_median": 1.050986424500794,
  "init_shift_rel_l2_mean": 0.2538026954760268,
  "init_shift_rel_l2_ci95": 0.08620213834063471,
  "init_shift_rel_l2_median": 0.13926961488144785,
  "delta_l2_mean": 27.329917758703232,
  "delta_l2_ci95": 2.3326793087087716,
  "delta_l2_median": 27.827043533325195,
  "delta_linf_mean": 0.4551400104537606,
  "delta_linf_ci95": 0.004248679555949718,
  "delta_linf_median": 0.45884227752685547,
  "delta_mean_abs_mean": 0.08628783834865317,
  "delta_mean_abs_ci95": 0.010026495285830033,
  "delta_mean_abs_median": 0.08648490905761719,
  "success_rel_l2_mean": 1.0,
  "success_rel_l2_ci95": 0.0,
  "success_rel_l2_median": 1.0,
  "success_mse_mean": 1.0,
  "success_mse_ci95": 0.0,
  "success_mse_median": 1.0,
  "clean_e_ran_l2_mean": 1.2140251630917192,
  "clean_e_ran_l2_ci95": 0.452367591677158,
  "clean_e_ran_l2_median": 0.8096507489681244,
  "clean_e_nul_l2_mean": 0.702351039275527,
  "clean_e_nul_l2_ci95": 0.3720772839552008,
  "clean_e_nul_l2_median": 0.407620832324028,
  "clean_e_ran_frac_mean": 0.8665886896949451,
  "clean_e_ran_frac_ci95": 0.02087000992981729,
  "clean_e_ran_frac_median": 0.8758931884471313,
  "clean_e_nul_frac_mean": 0.4838507379318515,
  "clean_e_nul_frac_ci95": 0.0375830246155925,
  "clean_e_nul_frac_median": 0.4825088955345218,
  "adv_e_ran_l2_mean": 19.748503137379885,
  "adv_e_ran_l2_ci95": 5.112647999374971,
  "adv_e_ran_l2_median": 15.039199829101562,
  "adv_e_nul_l2_mean": 8.400769202038646,
  "adv_e_nul_l2_ci95": 1.977702696160511,
  "adv_e_nul_l2_median": 7.187131643295288,
  "adv_e_ran_frac_mean": 0.893376461034918,
  "adv_e_ran_frac_ci95": 0.01738506604336673,
  "adv_e_ran_frac_median": 0.8972178730526603,
  "adv_e_nul_frac_mean": 0.43390373610315625,
  "adv_e_nul_frac_ci95": 0.03720344566555288,
  "adv_e_nul_frac_median": 0.44154506223052525,
  "attack_runtime_total_sec": 5.79257888160646,
  "attack_runtime_per_example_sec": 0.18101809005020186,
  "model_name": "resnet",
  "attack_name": "adam",
  "norm": "l2",
  "eps": 1.0,
  "attack_init_mode": "surrogate",
  "eval_init_mode": "exact"
}