{
  "num_examples": 32,
  "clean_mse_mean": 1.724283908188795e-05,
  "clean_mse_ci95": 1.4483372572970734e-05,
  "clean_mse_median": 4.6451962134597125e-06,
  "adv_mse_mean": 0.0058614282167468446,
  "adv_mse_ci95": 0.0027436042897261022,
  "adv_mse_median": 0.0017736683366820216,
  "mse_ratio_mean": 766.7939788012557,
  "mse_ratio_ci95": 352.60153472028884,
  "mse_ratio_median": 286.5542473125877,
  "clean_rel_l2_mean": 0.045348988755729534,
  "clean_rel_l2_ci95": 0.018947063776634552,
  "clean_rel_l2_median": 0.03019434738524805,
  "adv_rel_l2_mean": 0.866167070920504,
  "adv_rel_l2_ci95": 0.34873509786248075,
  "adv_rel_l2_median": 0.49782531458806345,
  "rel_l2_ratio_mean": 22.45346805221093,
  "rel_l2_ratio_ci95": 5.704949674381655,
  "rel_l2_ratio_median": 16.91745722018291,
  "clean_psnr_mean": 47.585773364119035,
  "clean_psnr_ci95": 1.941307228211652,
  "clean_psnr_median": 48.24736106246259,
  "adv_psnr_mean": 23.071516535114913,
  "adv_psnr_ci95": 3.182308505895649,
  "adv_psnr_median": 21.333324193167872,
  "clean_ssim_mean": 0.9888297584850663,
  "clean_ssim_ci95": 0.0035862196575732214,
  "clean_ssim_median": 0.9912894359421615,
  "adv_ssim_mean": 0.9107797829019271,
  "adv_ssim_ci95": 0.023491268515027218,
  "adv_ssim_median": 0.9245626956567612,
  "pred_shift_rel_l2_mean": 0.9404489668858281,
  "pred_shift_rel_l2_ci95": 0.4845334536971553,
  "pred_shift_rel_l2_median": 0.49247592640864585,
  "init_shift_rel_l2_mean": 0.21790090835895504,
  "init_shift_rel_l2_ci95": 0.1332260422869354,
  "init_shift_rel_l2_median": 0.11050276345867074,
  "delta_l2_mean": 18.291096284985542,
  "delta_l2_ci95": 1.9095965476992838,
  "delta_l2_median": 19.377992630004883,
  "delta_linf_mean": 0.4431543154641986,
  "delta_linf_ci95": 0.023751200529920618,
  "delta_linf_median": 0.4465723782777786,
  "delta_mean_abs_mean": 0.05518621296505444,
  "delta_mean_abs_ci95": 0.008140912640283018,
  "delta_mean_abs_median": 0.05620533786714077,
  "success_rel_l2_mean": 1.0,
  "success_rel_l2_ci95": 0.0,
  "success_rel_l2_median": 1.0,
  "success_mse_mean": 1.0,
  "success_mse_ci95": 0.0,
  "success_mse_median": 1.0,
  "clean_e_ran_l2_mean": 0.4008537435438484,
  "clean_e_ran_l2_ci95": 0.11931356981200922,
  "clean_e_ran_l2_median": 0.27343223989009857,
  "clean_e_nul_l2_mean": 0.05870299931848422,
  "clean_e_nul_l2_ci95": 0.020828776592258406,
  "clean_e_nul_l2_median": 0.03235955536365509,
  "clean_e_ran_frac_mean": 0.9881058463902523,
  "clean_e_ran_frac_ci95": 0.0037211807302377584,
  "clean_e_ran_frac_median": 0.9906620652789635,
  "clean_e_nul_frac_mean": 0.14117887091667608,
  "clean_e_nul_frac_ci95": 0.021132130613954303,
  "clean_e_nul_frac_median": 0.13626516413782672,
  "adv_e_ran_l2_mean": 7.682875169441104,
  "adv_e_ran_l2_ci95": 2.1159719354063493,
  "adv_e_ran_l2_median": 5.329360246658325,
  "adv_e_nul_l2_mean": 0.7610832127393223,
  "adv_e_nul_l2_ci95": 0.19207021266365806,
  "adv_e_nul_l2_median": 0.5640836656093597,
  "adv_e_ran_frac_mean": 0.9911120861353178,
  "adv_e_ran_frac_ci95": 0.00368946852647459,
  "adv_e_ran_frac_median": 0.9932786500947229,
  "adv_e_nul_frac_mean": 0.1180228635366387,
  "adv_e_nul_frac_ci95": 0.021290737950075286,
  "adv_e_nul_frac_median": 0.11573208677913727,
  "attack_runtime_total_sec": 9.904313020408154,
  "attack_runtime_per_example_sec": 0.3095097818877548,
  "model_name": "resnet",
  "attack_name": "adam",
  "norm": "l2",
  "eps": 1.0,
  "attack_init_mode": "surrogate",
  "eval_init_mode": "exact"
}