{
  "num_examples": 32,
  "gt_norm_mean": 10.20190628618002,
  "gt_norm_ci95": 3.288175396316753,
  "gt_norm_median": 6.981602191925049,
  "clean_mse_mean": 3.404593348044216e-05,
  "clean_mse_ci95": 1.5931696976051682e-05,
  "clean_mse_median": 1.0360209671489429e-05,
  "adv_mse_mean": 0.0033811555888405564,
  "adv_mse_ci95": 0.001498633447324309,
  "adv_mse_median": 0.0019122645608149469,
  "mse_ratio_mean": 350.6514690555572,
  "mse_ratio_ci95": 242.98546470528402,
  "mse_ratio_median": 89.31068034172822,
  "clean_rel_l2_mean": 0.09046535671222955,
  "clean_rel_l2_ci95": 0.029284439856258195,
  "clean_rel_l2_median": 0.05617598071694374,
  "adv_rel_l2_mean": 1.3638669685460627,
  "adv_rel_l2_ci95": 0.7706792343530792,
  "adv_rel_l2_median": 0.694038987159729,
  "rel_l2_ratio_mean": 14.223132025818188,
  "rel_l2_ratio_ci95": 4.287702428915133,
  "rel_l2_ratio_median": 9.444628025598497,
  "clean_psnr_mean": 44.96055561440768,
  "clean_psnr_ci95": 2.27958478210213,
  "clean_psnr_median": 44.31038979479938,
  "adv_psnr_mean": 24.231794657230292,
  "adv_psnr_ci95": 2.4997973628468375,
  "adv_psnr_median": 23.868529984676382,
  "clean_ssim_mean": 0.9781211349325517,
  "clean_ssim_ci95": 0.007106172420778602,
  "clean_ssim_median": 0.9830966948665973,
  "adv_ssim_mean": 0.9223109089079464,
  "adv_ssim_ci95": 0.018818288401847717,
  "adv_ssim_median": 0.9310712418586078,
  "pred_shift_rel_l2_mean": 1.4579735822044313,
  "pred_shift_rel_l2_ci95": 0.933289537368303,
  "pred_shift_rel_l2_median": 0.6676916182041168,
  "init_shift_rel_l2_mean": 0.4496214349055663,
  "init_shift_rel_l2_ci95": 0.24047395970122848,
  "init_shift_rel_l2_median": 0.23776216804981232,
  "delta_l2_mean": 20.922202184796333,
  "delta_l2_ci95": 2.457648905143519,
  "delta_l2_median": 21.032647132873535,
  "delta_linf_mean": 0.5635994067415595,
  "delta_linf_ci95": 0.028162910736364153,
  "delta_linf_median": 0.5693647861480713,
  "delta_mean_abs_mean": 0.0623655528324889,
  "delta_mean_abs_ci95": 0.009827338335562064,
  "delta_mean_abs_median": 0.059246938675642014,
  "success_rel_l2_mean": 1.0,
  "success_rel_l2_ci95": 0.0,
  "success_rel_l2_median": 1.0,
  "success_mse_mean": 1.0,
  "success_mse_ci95": 0.0,
  "success_mse_median": 1.0,
  "clean_e_ran_l2_mean": 0.4249512630049139,
  "clean_e_ran_l2_ci95": 0.10670245929977876,
  "clean_e_ran_l2_median": 0.2904011756181717,
  "clean_e_nul_l2_mean": 0.40461075853090733,
  "clean_e_nul_l2_ci95": 0.12277592288818127,
  "clean_e_nul_l2_median": 0.2727750092744827,
  "clean_e_ran_frac_mean": 0.7505723942008307,
  "clean_e_ran_frac_ci95": 0.04353682720023098,
  "clean_e_ran_frac_median": 0.7579723377629849,
  "clean_e_nul_frac_mean": 0.6352243460150357,
  "clean_e_nul_frac_ci95": 0.04701325407472583,
  "clean_e_nul_frac_median": 0.6522450106704196,
  "adv_e_ran_l2_mean": 3.267154918052256,
  "adv_e_ran_l2_ci95": 0.6729136242006883,
  "adv_e_ran_l2_median": 3.095886707305908,
  "adv_e_nul_l2_mean": 5.12291138805449,
  "adv_e_nul_l2_ci95": 1.3553853871364527,
  "adv_e_nul_l2_median": 4.325530052185059,
  "adv_e_ran_frac_mean": 0.5893416976941082,
  "adv_e_ran_frac_ci95": 0.05322299071126443,
  "adv_e_ran_frac_median": 0.5999206845155554,
  "adv_e_nul_frac_mean": 0.7846361654071008,
  "adv_e_nul_frac_ci95": 0.04189607413484065,
  "adv_e_nul_frac_median": 0.8000142039408789,
  "attack_runtime_total_sec": 10.649008639156818,
  "attack_runtime_per_example_sec": 0.3327815199736506,
  "model_name": "resnet",
  "attack_name": "adam",
  "norm": "l2",
  "eps": 1.0,
  "attack_init_mode": "surrogate",
  "eval_init_mode": "exact"
}