{
  "num_examples": 32,
  "clean_mse_mean": 2.7587979424071006e-05,
  "clean_mse_ci95": 1.593052493987996e-05,
  "clean_mse_median": 1.1598634046094958e-05,
  "adv_mse_mean": 0.0034357949905404347,
  "adv_mse_ci95": 0.002396376990829159,
  "adv_mse_median": 0.0006757290102541447,
  "mse_ratio_mean": 157.95455604551728,
  "mse_ratio_ci95": 72.54005563713409,
  "mse_ratio_median": 64.9354675912788,
  "clean_rel_l2_mean": 1268378.4050448178,
  "clean_rel_l2_ci95": 2486021.5731108175,
  "clean_rel_l2_median": 0.03445011021499832,
  "adv_rel_l2_mean": 1319652.9598265723,
  "adv_rel_l2_ci95": 2586518.8371174694,
  "adv_rel_l2_median": 0.3854076173808707,
  "rel_l2_ratio_mean": 10.376404598646182,
  "rel_l2_ratio_ci95": 2.497035124915186,
  "rel_l2_ratio_median": 8.056741078013797,
  "clean_psnr_mean": 48.03587270319107,
  "clean_psnr_ci95": 5.490049481798942,
  "clean_psnr_median": 46.24748869260699,
  "adv_psnr_mean": 29.844113080497852,
  "adv_psnr_ci95": 6.799186771620666,
  "adv_psnr_median": 29.188690606358897,
  "clean_ssim_mean": 0.9905530079986794,
  "clean_ssim_ci95": 0.002593387523413116,
  "clean_ssim_median": 0.993217519925218,
  "adv_ssim_mean": 0.9467714681619979,
  "adv_ssim_ci95": 0.01868597389379532,
  "adv_ssim_median": 0.9662164357614768,
  "pred_shift_rel_l2_mean": 0.45537287849655794,
  "pred_shift_rel_l2_ci95": 0.13203366545207595,
  "pred_shift_rel_l2_median": 0.32197330823490544,
  "init_shift_rel_l2_mean": 490715.7503596614,
  "init_shift_rel_l2_ci95": 961802.5515312896,
  "init_shift_rel_l2_median": 0.10856714802475456,
  "delta_l2_mean": 19.35259612745267,
  "delta_l2_ci95": 2.5621172638062695,
  "delta_l2_median": 18.20713233947754,
  "delta_linf_mean": 0.559647087016856,
  "delta_linf_ci95": 0.04284069982722953,
  "delta_linf_median": 0.5792648196220398,
  "delta_mean_abs_mean": 0.055331444830503784,
  "delta_mean_abs_ci95": 0.009905572057761922,
  "delta_mean_abs_median": 0.04953026957809925,
  "success_rel_l2_mean": 0.96875,
  "success_rel_l2_ci95": 0.06124999999999999,
  "success_rel_l2_median": 1.0,
  "success_mse_mean": 0.96875,
  "success_mse_ci95": 0.06124999999999999,
  "success_mse_median": 1.0,
  "clean_e_ran_l2_mean": 0.43149888274638215,
  "clean_e_ran_l2_ci95": 0.11941348161172427,
  "clean_e_ran_l2_median": 0.34667739272117615,
  "clean_e_nul_l2_mean": 0.30773903946715153,
  "clean_e_nul_l2_ci95": 0.08333320395869773,
  "clean_e_nul_l2_median": 0.23915477842092514,
  "clean_e_ran_frac_mean": 0.8098599778922292,
  "clean_e_ran_frac_ci95": 0.02310719200579917,
  "clean_e_ran_frac_median": 0.8201265045773933,
  "clean_e_nul_frac_mean": 0.5689178795852526,
  "clean_e_nul_frac_ci95": 0.04473756258063077,
  "clean_e_nul_frac_median": 0.572182306551652,
  "adv_e_ran_l2_mean": 3.3568362201409627,
  "adv_e_ran_l2_ci95": 1.2612311976163144,
  "adv_e_ran_l2_median": 1.928981900215149,
  "adv_e_nul_l2_mean": 4.032792606746927,
  "adv_e_nul_l2_ci95": 1.4047584423028079,
  "adv_e_nul_l2_median": 2.5512495040893555,
  "adv_e_ran_frac_mean": 0.6716085732610833,
  "adv_e_ran_frac_ci95": 0.042707607029318716,
  "adv_e_ran_frac_median": 0.6387320666086986,
  "adv_e_nul_frac_mean": 0.7136976470798491,
  "adv_e_nul_frac_ci95": 0.055503599202482025,
  "adv_e_nul_frac_median": 0.7693337689683212,
  "attack_runtime_total_sec": 8.195464551448822,
  "attack_runtime_per_example_sec": 0.2561082672327757,
  "model_name": "resnet",
  "attack_name": "adam",
  "norm": "l2",
  "eps": 1.0,
  "attack_init_mode": "surrogate",
  "eval_init_mode": "exact"
}