{
  "num_examples": 32,
  "clean_mse_mean": 0.00028902475347081236,
  "clean_mse_ci95": 0.0003006821245689561,
  "clean_mse_median": 5.518908074009232e-05,
  "adv_mse_mean": 0.042909715765745204,
  "adv_mse_ci95": 0.018806632065306104,
  "adv_mse_median": 0.017827644012868404,
  "mse_ratio_mean": 544.2715386315693,
  "mse_ratio_ci95": 235.48519026314824,
  "mse_ratio_median": 268.5345445652978,
  "clean_rel_l2_mean": 0.07894062972385021,
  "clean_rel_l2_ci95": 0.021214979547261315,
  "clean_rel_l2_median": 0.061003209709867515,
  "adv_rel_l2_mean": 1.2357604660011046,
  "adv_rel_l2_ci95": 0.2786524802877727,
  "adv_rel_l2_median": 1.0633396634403287,
  "rel_l2_ratio_mean": 19.81526126053139,
  "rel_l2_ratio_ci95": 4.334738722721544,
  "rel_l2_ratio_median": 16.386895463681654,
  "clean_psnr_mean": 42.45597444005435,
  "clean_psnr_ci95": 2.523380565403304,
  "clean_psnr_median": 42.66774341736502,
  "adv_psnr_mean": 18.32388898800844,
  "adv_psnr_ci95": 2.7739063053295436,
  "adv_psnr_median": 17.52196743157038,
  "clean_ssim_mean": 0.988621334383113,
  "clean_ssim_ci95": 0.003497526891950885,
  "clean_ssim_median": 0.993138663877964,
  "adv_ssim_mean": 0.8937104877506397,
  "adv_ssim_ci95": 0.020492988514012045,
  "adv_ssim_median": 0.904152044740547,
  "pred_shift_rel_l2_mean": 1.217976837980605,
  "pred_shift_rel_l2_ci95": 0.2762627851191648,
  "pred_shift_rel_l2_median": 1.0512049890573398,
  "init_shift_rel_l2_mean": 0.25403394777964555,
  "init_shift_rel_l2_ci95": 0.08636152603947128,
  "init_shift_rel_l2_median": 0.13926159715253844,
  "delta_l2_mean": 27.339178830385208,
  "delta_l2_ci95": 2.332549040635054,
  "delta_l2_median": 27.834080696105957,
  "delta_linf_mean": 0.4550733771175146,
  "delta_linf_ci95": 0.004259301151994951,
  "delta_linf_median": 0.45883774757385254,
  "delta_mean_abs_mean": 0.08632217068225145,
  "delta_mean_abs_ci95": 0.010027171219383691,
  "delta_mean_abs_median": 0.08671194687485695,
  "success_rel_l2_mean": 1.0,
  "success_rel_l2_ci95": 0.0,
  "success_rel_l2_median": 1.0,
  "success_mse_mean": 1.0,
  "success_mse_ci95": 0.0,
  "success_mse_median": 1.0,
  "clean_e_ran_l2_mean": 1.214000539854169,
  "clean_e_ran_l2_ci95": 0.4523586997065027,
  "clean_e_ran_l2_median": 0.8096081614494324,
  "clean_e_nul_l2_mean": 0.7023327215574682,
  "clean_e_nul_l2_ci95": 0.3720578264058216,
  "clean_e_nul_l2_median": 0.40770940482616425,
  "clean_e_ran_frac_mean": 0.8665900084591307,
  "clean_e_ran_frac_ci95": 0.020869138965316402,
  "clean_e_ran_frac_median": 0.8758854612510856,
  "clean_e_nul_frac_mean": 0.4838496107158182,
  "clean_e_nul_frac_ci95": 0.03758113575736604,
  "clean_e_nul_frac_median": 0.4825163007525931,
  "adv_e_ran_l2_mean": 19.750543911010027,
  "adv_e_ran_l2_ci95": 5.1114705176391295,
  "adv_e_ran_l2_median": 15.046808242797852,
  "adv_e_nul_l2_mean": 8.40091141499579,
  "adv_e_nul_l2_ci95": 1.976977521836162,
  "adv_e_nul_l2_median": 7.190920114517212,
  "adv_e_ran_frac_mean": 0.8933887502016411,
  "adv_e_ran_frac_ci95": 0.01741585913099937,
  "adv_e_ran_frac_median": 0.897272135585983,
  "adv_e_nul_frac_mean": 0.4338316233439177,
  "adv_e_nul_frac_ci95": 0.03725421177474241,
  "adv_e_nul_frac_median": 0.44143058736811336,
  "attack_runtime_total_sec": 5.800296256318688,
  "attack_runtime_per_example_sec": 0.181259258009959,
  "model_name": "resnet",
  "attack_name": "adam",
  "norm": "l2",
  "eps": 1.0,
  "attack_init_mode": "surrogate",
  "eval_init_mode": "exact"
}