{
  "num_examples": 32,
  "clean_mse_mean": 1.7127331773281185e-05,
  "clean_mse_ci95": 1.263504550768629e-05,
  "clean_mse_median": 6.213268761712243e-06,
  "adv_mse_mean": 0.003257641425307156,
  "adv_mse_ci95": 0.00160322754408287,
  "adv_mse_median": 0.001373904466163367,
  "mse_ratio_mean": 602.872958644357,
  "mse_ratio_ci95": 527.1259640616126,
  "mse_ratio_median": 108.75611535713716,
  "clean_rel_l2_mean": 0.07336671719687327,
  "clean_rel_l2_ci95": 0.029826647626622373,
  "clean_rel_l2_median": 0.03376842614712336,
  "adv_rel_l2_mean": 1.0863136437294911,
  "adv_rel_l2_ci95": 0.4628348155040641,
  "adv_rel_l2_median": 0.6189050313137117,
  "rel_l2_ratio_mean": 17.006480634068467,
  "rel_l2_ratio_ci95": 6.234467225652137,
  "rel_l2_ratio_median": 10.410085483018479,
  "clean_psnr_mean": 47.624741100753226,
  "clean_psnr_ci95": 1.771985310126793,
  "clean_psnr_median": 48.425088785270844,
  "adv_psnr_mean": 26.17428631166559,
  "adv_psnr_ci95": 2.871995159985093,
  "adv_psnr_median": 25.445085055277417,
  "clean_ssim_mean": 0.9947903189384737,
  "clean_ssim_ci95": 0.00174680890305361,
  "clean_ssim_median": 0.9954147692684667,
  "adv_ssim_mean": 0.9479018452758153,
  "adv_ssim_ci95": 0.017758198818381105,
  "adv_ssim_median": 0.9652644617115689,
  "pred_shift_rel_l2_mean": 1.0922119075692296,
  "pred_shift_rel_l2_ci95": 0.49585587543585724,
  "pred_shift_rel_l2_median": 0.5628313233453598,
  "init_shift_rel_l2_mean": 0.3192874813785055,
  "init_shift_rel_l2_ci95": 0.1435460257466439,
  "init_shift_rel_l2_median": 0.1462832636540355,
  "delta_l2_mean": 18.339134991168976,
  "delta_l2_ci95": 1.9012392598232555,
  "delta_l2_median": 20.931285858154297,
  "delta_linf_mean": 0.46009007561951876,
  "delta_linf_ci95": 0.024677024098361457,
  "delta_linf_median": 0.4599800854921341,
  "delta_mean_abs_mean": 0.05401263473322615,
  "delta_mean_abs_ci95": 0.008569588206497638,
  "delta_mean_abs_median": 0.0625365860760212,
  "success_rel_l2_mean": 1.0,
  "success_rel_l2_ci95": 0.0,
  "success_rel_l2_median": 1.0,
  "success_mse_mean": 1.0,
  "success_mse_ci95": 0.0,
  "success_mse_median": 1.0,
  "clean_e_ran_l2_mean": 0.4154325083363801,
  "clean_e_ran_l2_ci95": 0.11120692576402746,
  "clean_e_ran_l2_median": 0.31444089114665985,
  "clean_e_nul_l2_mean": 0.06531981981243007,
  "clean_e_nul_l2_ci95": 0.022172907613665586,
  "clean_e_nul_l2_median": 0.0455734021961689,
  "clean_e_ran_frac_mean": 0.9842768835169688,
  "clean_e_ran_frac_ci95": 0.007872202767673055,
  "clean_e_ran_frac_median": 0.9909256987052291,
  "clean_e_nul_frac_mean": 0.15490036784318745,
  "clean_e_nul_frac_ci95": 0.028824979258920115,
  "clean_e_nul_frac_median": 0.13441078255506847,
  "adv_e_ran_l2_mean": 5.672198919579387,
  "adv_e_ran_l2_ci95": 1.5654513273286745,
  "adv_e_ran_l2_median": 4.686915397644043,
  "adv_e_nul_l2_mean": 0.869405613746494,
  "adv_e_nul_l2_ci95": 0.2877001974235448,
  "adv_e_nul_l2_median": 0.581839919090271,
  "adv_e_ran_frac_mean": 0.9828284975822655,
  "adv_e_ran_frac_ci95": 0.008146149146361577,
  "adv_e_ran_frac_median": 0.992743015205343,
  "adv_e_nul_frac_mean": 0.15779791341830546,
  "adv_e_nul_frac_ci95": 0.03267010986040551,
  "adv_e_nul_frac_median": 0.12025392287380013,
  "attack_runtime_total_sec": 9.907587483525276,
  "attack_runtime_per_example_sec": 0.3096121088601649,
  "model_name": "resnet",
  "attack_name": "adam",
  "norm": "l2",
  "eps": 1.0,
  "attack_init_mode": "surrogate",
  "eval_init_mode": "exact"
}