{
  "num_examples": 32,
  "clean_mse_mean": 1.067562287815349e-05,
  "clean_mse_ci95": 7.200579849010078e-06,
  "clean_mse_median": 2.9109436354701756e-06,
  "adv_mse_mean": 0.004344498004186903,
  "adv_mse_ci95": 0.0025429866493847644,
  "adv_mse_median": 0.0007382725889328867,
  "mse_ratio_mean": 551.9548492718768,
  "mse_ratio_ci95": 294.366326929032,
  "mse_ratio_median": 204.36225773845365,
  "clean_rel_l2_mean": 0.045884502872712694,
  "clean_rel_l2_ci95": 0.015370530542193893,
  "clean_rel_l2_median": 0.032290616310460596,
  "adv_rel_l2_mean": 0.7841268162934714,
  "adv_rel_l2_ci95": 0.2629733990179616,
  "adv_rel_l2_median": 0.4318951808625696,
  "rel_l2_ratio_mean": 18.762842259288046,
  "rel_l2_ratio_ci95": 4.977287763459915,
  "rel_l2_ratio_median": 14.290253210719365,
  "clean_psnr_mean": 48.83270474275835,
  "clean_psnr_ci95": 2.0815517162555492,
  "clean_psnr_median": 50.25030385184742,
  "adv_psnr_mean": 26.019584947586907,
  "adv_psnr_ci95": 3.613152194078759,
  "adv_psnr_median": 25.909513651645497,
  "clean_ssim_mean": 0.9945028215447514,
  "clean_ssim_ci95": 0.002102624279435862,
  "clean_ssim_median": 0.99712617198159,
  "adv_ssim_mean": 0.9402246392415423,
  "adv_ssim_ci95": 0.02190250210018606,
  "adv_ssim_median": 0.9568451042323842,
  "pred_shift_rel_l2_mean": 0.7481548717839976,
  "pred_shift_rel_l2_ci95": 0.23817851608471602,
  "pred_shift_rel_l2_median": 0.43394111730900287,
  "init_shift_rel_l2_mean": 0.25625688634893523,
  "init_shift_rel_l2_ci95": 0.09806068424591201,
  "init_shift_rel_l2_median": 0.137468108661452,
  "delta_l2_mean": 18.265757992863655,
  "delta_l2_ci95": 3.0081065752347174,
  "delta_l2_median": 17.544726371765137,
  "delta_linf_mean": 0.4054957805201411,
  "delta_linf_ci95": 0.01778937071466748,
  "delta_linf_median": 0.42140811681747437,
  "delta_mean_abs_mean": 0.055811636382713914,
  "delta_mean_abs_ci95": 0.013035348414846768,
  "delta_mean_abs_median": 0.04901748523116112,
  "success_rel_l2_mean": 1.0,
  "success_rel_l2_ci95": 0.0,
  "success_rel_l2_median": 1.0,
  "success_mse_mean": 1.0,
  "success_mse_ci95": 0.0,
  "success_mse_median": 1.0,
  "clean_e_ran_l2_mean": 0.2295504838693887,
  "clean_e_ran_l2_ci95": 0.056185157603771456,
  "clean_e_ran_l2_median": 0.16534479707479477,
  "clean_e_nul_l2_mean": 0.21491858002264053,
  "clean_e_nul_l2_ci95": 0.07348946592339756,
  "clean_e_nul_l2_median": 0.14386126399040222,
  "clean_e_ran_frac_mean": 0.7416753368034612,
  "clean_e_ran_frac_ci95": 0.0349807358341829,
  "clean_e_ran_frac_median": 0.7688321811671535,
  "clean_e_nul_frac_mean": 0.6396908734901197,
  "clean_e_nul_frac_ci95": 0.03726682750327958,
  "clean_e_nul_frac_median": 0.6285862205469352,
  "adv_e_ran_l2_mean": 3.0691263186745346,
  "adv_e_ran_l2_ci95": 1.0326329316597465,
  "adv_e_ran_l2_median": 1.948023796081543,
  "adv_e_nul_l2_mean": 4.963646486867219,
  "adv_e_nul_l2_ci95": 1.8057747087209637,
  "adv_e_nul_l2_median": 2.8039814233779907,
  "adv_e_ran_frac_mean": 0.5937892321164753,
  "adv_e_ran_frac_ci95": 0.051513491370460976,
  "adv_e_ran_frac_median": 0.6039537956175339,
  "adv_e_nul_frac_mean": 0.7650607370010427,
  "adv_e_nul_frac_ci95": 0.03976760397282053,
  "adv_e_nul_frac_median": 0.7764882176354414,
  "attack_runtime_total_sec": 4.990907391533256,
  "attack_runtime_per_example_sec": 0.15596585598541424,
  "model_name": "resnet",
  "attack_name": "adam",
  "norm": "l2",
  "eps": 1.0,
  "attack_init_mode": "surrogate",
  "eval_init_mode": "exact"
}