{
  "num_examples": 32,
  "clean_mse_mean": 3.4316732677100795e-05,
  "clean_mse_ci95": 2.182682001693127e-05,
  "clean_mse_median": 8.191704637283692e-06,
  "adv_mse_mean": 0.007450754260958092,
  "adv_mse_ci95": 0.0035626958009561415,
  "adv_mse_median": 0.0037297208327800035,
  "mse_ratio_mean": 218838.13113509226,
  "mse_ratio_ci95": 427381.0204620839,
  "mse_ratio_median": 159.12317723525817,
  "clean_rel_l2_mean": 93407339.6605662,
  "clean_rel_l2_ci95": 183078385.5940977,
  "clean_rel_l2_median": 0.04223328346627539,
  "adv_rel_l2_mean": 246751204134.0479,
  "adv_rel_l2_ci95": 483632360100.682,
  "adv_rel_l2_median": 0.652645277183795,
  "rel_l2_ratio_mean": 101.52637456752447,
  "rel_l2_ratio_ci95": 160.75312874436682,
  "rel_l2_ratio_median": 12.614188795711257,
  "clean_psnr_mean": 47.01686860481945,
  "clean_psnr_ci95": 3.6342628677910387,
  "clean_psnr_median": 46.1015641947039,
  "adv_psnr_mean": 23.01701725706629,
  "adv_psnr_ci95": 3.2490506877873626,
  "adv_psnr_median": 22.75391060718923,
  "clean_ssim_mean": 0.9921522811030292,
  "clean_ssim_ci95": 0.002571206686963431,
  "clean_ssim_median": 0.9945179281200142,
  "adv_ssim_mean": 0.9099451970294528,
  "adv_ssim_ci95": 0.027711064434235204,
  "adv_ssim_median": 0.9253631181149174,
  "pred_shift_rel_l2_mean": 83.64999251010266,
  "pred_shift_rel_l2_ci95": 161.72696779351384,
  "pred_shift_rel_l2_median": 0.6481754142416045,
  "init_shift_rel_l2_mean": 27212290093.608418,
  "init_shift_rel_l2_ci95": 53336088582.85402,
  "init_shift_rel_l2_median": 0.1623856890585014,
  "delta_l2_mean": 18.481920167803764,
  "delta_l2_ci95": 2.0119243225073147,
  "delta_l2_median": 22.38718605041504,
  "delta_linf_mean": 0.5063669914379716,
  "delta_linf_ci95": 0.029254913128542163,
  "delta_linf_median": 0.4909641295671463,
  "delta_mean_abs_mean": 0.056091580452630296,
  "delta_mean_abs_ci95": 0.00898864068915395,
  "delta_mean_abs_median": 0.06582235544919968,
  "success_rel_l2_mean": 1.0,
  "success_rel_l2_ci95": 0.0,
  "success_rel_l2_median": 1.0,
  "success_mse_mean": 1.0,
  "success_mse_ci95": 0.0,
  "success_mse_median": 1.0,
  "clean_e_ran_l2_mean": 0.4129464808211196,
  "clean_e_ran_l2_ci95": 0.1269043763782179,
  "clean_e_ran_l2_median": 0.2767278850078583,
  "clean_e_nul_l2_mean": 0.360069478337224,
  "clean_e_nul_l2_ci95": 0.12795206224970793,
  "clean_e_nul_l2_median": 0.21731551736593246,
  "clean_e_ran_frac_mean": 0.782691123574375,
  "clean_e_ran_frac_ci95": 0.03125642047815599,
  "clean_e_ran_frac_median": 0.7928403480434532,
  "clean_e_nul_frac_mean": 0.5993958295464696,
  "clean_e_nul_frac_ci95": 0.05007641444446962,
  "clean_e_nul_frac_median": 0.6093548165812546,
  "adv_e_ran_l2_mean": 5.409077504649758,
  "adv_e_ran_l2_ci95": 1.608980024681128,
  "adv_e_ran_l2_median": 4.177672863006592,
  "adv_e_nul_l2_mean": 6.648691005073488,
  "adv_e_nul_l2_ci95": 1.8533895909475318,
  "adv_e_nul_l2_median": 6.439002752304077,
  "adv_e_ran_frac_mean": 0.6657733627827305,
  "adv_e_ran_frac_ci95": 0.04503655831285699,
  "adv_e_ran_frac_median": 0.6500809390470466,
  "adv_e_nul_frac_mean": 0.7248170247729582,
  "adv_e_nul_frac_ci95": 0.04314190253148732,
  "adv_e_nul_frac_median": 0.7598522540397052,
  "attack_runtime_total_sec": 8.253283739089966,
  "attack_runtime_per_example_sec": 0.25791511684656143,
  "model_name": "resnet",
  "attack_name": "adam",
  "norm": "l2",
  "eps": 1.0,
  "attack_init_mode": "surrogate",
  "eval_init_mode": "exact"
}