{
  "num_examples": 32,
  "clean_mse_mean": 0.0001872884388494575,
  "clean_mse_ci95": 9.327914582238799e-05,
  "clean_mse_median": 0.00010504894453333691,
  "adv_mse_mean": 46.27551859617233,
  "adv_mse_ci95": 5.758934715696053,
  "adv_mse_median": 47.661149978637695,
  "mse_ratio_mean": 837515392.1318153,
  "mse_ratio_ci95": 1639716329.6809921,
  "mse_ratio_median": 410137.7340223278,
  "clean_rel_l2_mean": 174454064.29221693,
  "clean_rel_l2_ci95": 341929965.6409054,
  "clean_rel_l2_median": 0.1585779579936902,
  "adv_rel_l2_mean": 28544281005998.14,
  "adv_rel_l2_ci95": 55946790771475.6,
  "adv_rel_l2_median": 92.51019040764587,
  "rel_l2_ratio_mean": 5898.592402621338,
  "rel_l2_ratio_ci95": 9973.7155071525,
  "rel_l2_ratio_median": 640.4148774927203,
  "clean_psnr_mean": 37.98524868477446,
  "clean_psnr_ci95": 3.5728497104003147,
  "clean_psnr_median": 37.79817855242172,
  "adv_psnr_mean": -19.990346842786014,
  "adv_psnr_ci95": 1.0690591197629704,
  "adv_psnr_median": -19.991641793138307,
  "clean_ssim_mean": 0.9106997244085765,
  "clean_ssim_ci95": 0.031990347485673365,
  "clean_ssim_median": 0.9489313236602177,
  "adv_ssim_mean": 0.00014745228254781973,
  "adv_ssim_ci95": 7.09967679318957e-05,
  "adv_ssim_median": 0.0001207995550635733,
  "pred_shift_rel_l2_mean": 5254.066409255996,
  "pred_shift_rel_l2_ci95": 10012.960444726757,
  "pred_shift_rel_l2_median": 89.21625227729636,
  "init_shift_rel_l2_mean": 383091888428313.94,
  "init_shift_rel_l2_ci95": 750860101318322.6,
  "init_shift_rel_l2_median": 364.46600296938755,
  "delta_l2_mean": 23.612453997135162,
  "delta_l2_ci95": 1.6552181085843395e-06,
  "delta_l2_median": 23.61245346069336,
  "delta_linf_mean": 0.5960365422070026,
  "delta_linf_ci95": 0.032210535469392954,
  "delta_linf_median": 0.5801292359828949,
  "delta_mean_abs_mean": 0.08951013232581317,
  "delta_mean_abs_ci95": 0.00033735901998267965,
  "delta_mean_abs_median": 0.08951956406235695,
  "success_rel_l2_mean": 1.0,
  "success_rel_l2_ci95": 0.0,
  "success_rel_l2_median": 1.0,
  "success_mse_mean": 1.0,
  "success_mse_ci95": 0.0,
  "success_mse_median": 1.0,
  "clean_e_ran_l2_mean": 1.4209430270129815,
  "clean_e_ran_l2_ci95": 0.34353125988053157,
  "clean_e_ran_l2_median": 1.2928652167320251,
  "clean_e_nul_l2_mean": 0.26133574005220594,
  "clean_e_nul_l2_ci95": 0.059782022463749133,
  "clean_e_nul_l2_median": 0.21622125059366226,
  "clean_e_ran_frac_mean": 0.9790380301382671,
  "clean_e_ran_frac_ci95": 0.008129853025362519,
  "clean_e_ran_frac_median": 0.9864343825952022,
  "clean_e_nul_frac_mean": 0.18559908925671986,
  "clean_e_nul_frac_ci95": 0.028390227509585697,
  "clean_e_nul_frac_median": 0.1641527080443866,
  "adv_e_ran_l2_mean": 786.6573629379272,
  "adv_e_ran_l2_ci95": 52.08138810776876,
  "adv_e_ran_l2_median": 814.5938110351562,
  "adv_e_nul_l2_mean": 328.9702925682068,
  "adv_e_nul_l2_ci95": 33.8354192509127,
  "adv_e_nul_l2_median": 326.8538513183594,
  "adv_e_ran_frac_mean": 0.9238032180816738,
  "adv_e_ran_frac_ci95": 0.007531238272435269,
  "adv_e_ran_frac_median": 0.9234044255188318,
  "adv_e_nul_frac_mean": 0.3788070710233623,
  "adv_e_nul_frac_ci95": 0.0180707538958176,
  "adv_e_nul_frac_median": 0.3838268925344218,
  "attack_runtime_total_sec": 8.13277430459857,
  "attack_runtime_per_example_sec": 0.2541491970187053,
  "model_name": "resnet",
  "attack_name": "adam",
  "norm": "l2",
  "eps": 1.0,
  "attack_init_mode": "surrogate",
  "eval_init_mode": "exact"
}