{
  "num_examples": 32,
  "gt_norm_mean": 36.43584167957306,
  "gt_norm_ci95": 4.266847595455006,
  "gt_norm_median": 38.57119941711426,
  "clean_mse_mean": 5.337756284262696e-05,
  "clean_mse_ci95": 3.355913179658497e-05,
  "clean_mse_median": 2.3023743779049255e-05,
  "adv_mse_mean": 0.00587351718240825,
  "adv_mse_ci95": 0.0015736946921159078,
  "adv_mse_median": 0.004000147106125951,
  "mse_ratio_mean": 368.06328362761013,
  "mse_ratio_ci95": 227.15195245083157,
  "mse_ratio_median": 161.89214064604326,
  "clean_rel_l2_mean": 0.020376990170916542,
  "clean_rel_l2_ci95": 0.0034517593293367193,
  "clean_rel_l2_median": 0.016973692923784256,
  "adv_rel_l2_mean": 0.28647252218797803,
  "adv_rel_l2_ci95": 0.06011107463967226,
  "adv_rel_l2_median": 0.23588567972183228,
  "rel_l2_ratio_mean": 15.817349455196661,
  "rel_l2_ratio_ci95": 3.821953592777843,
  "rel_l2_ratio_median": 12.723415982131012,
  "clean_psnr_mean": 42.06957579533113,
  "clean_psnr_ci95": 1.267021254496674,
  "clean_psnr_median": 42.87698196479389,
  "adv_psnr_mean": 19.46771059074066,
  "adv_psnr_ci95": 1.4419741407453979,
  "adv_psnr_median": 20.137193349663118,
  "clean_ssim_mean": 0.9637822205755958,
  "clean_ssim_ci95": 0.0024505392172506336,
  "clean_ssim_median": 0.9658019003533157,
  "adv_ssim_mean": 0.8285646679525136,
  "adv_ssim_ci95": 0.02559828025811018,
  "adv_ssim_median": 0.8387819231526996,
  "pred_shift_rel_l2_mean": 0.28427104419097304,
  "pred_shift_rel_l2_ci95": 0.059869988786163834,
  "pred_shift_rel_l2_median": 0.23342061787843704,
  "init_shift_rel_l2_mean": 0.08094817283563316,
  "init_shift_rel_l2_ci95": 0.012690363765046246,
  "init_shift_rel_l2_median": 0.06469819322228432,
  "delta_l2_mean": 35.27294421195984,
  "delta_l2_ci95": 1.0426048665000764,
  "delta_l2_median": 35.69800567626953,
  "delta_linf_mean": 0.6852003335952759,
  "delta_linf_ci95": 0.027243534960959048,
  "delta_linf_median": 0.6618559062480927,
  "delta_mean_abs_mean": 0.127521040616557,
  "delta_mean_abs_ci95": 0.004673924182488403,
  "delta_mean_abs_median": 0.13022564351558685,
  "success_rel_l2_mean": 1.0,
  "success_rel_l2_ci95": 0.0,
  "success_rel_l2_median": 1.0,
  "success_mse_mean": 1.0,
  "success_mse_ci95": 0.0,
  "success_mse_median": 1.0,
  "clean_e_ran_l2_mean": 0.6236122129485011,
  "clean_e_ran_l2_ci95": 0.1373785990891858,
  "clean_e_ran_l2_median": 0.541943371295929,
  "clean_e_nul_l2_mean": 0.43790274346247315,
  "clean_e_nul_l2_ci95": 0.13246267176362092,
  "clean_e_nul_l2_median": 0.29448631405830383,
  "clean_e_ran_frac_mean": 0.8383165301468545,
  "clean_e_ran_frac_ci95": 0.01940044814752992,
  "clean_e_ran_frac_median": 0.8521924084746825,
  "clean_e_nul_frac_mean": 0.5365646397108921,
  "clean_e_nul_frac_ci95": 0.027911517513001527,
  "clean_e_nul_frac_median": 0.5232216153358025,
  "adv_e_ran_l2_mean": 5.6603144109249115,
  "adv_e_ran_l2_ci95": 0.6167173218204175,
  "adv_e_ran_l2_median": 5.2408671379089355,
  "adv_e_nul_l2_mean": 7.159253805875778,
  "adv_e_nul_l2_ci95": 1.1058591428568147,
  "adv_e_nul_l2_median": 6.597745418548584,
  "adv_e_ran_frac_mean": 0.6362028101977124,
  "adv_e_ran_frac_ci95": 0.03308254732623254,
  "adv_e_ran_frac_median": 0.6404552251942227,
  "adv_e_nul_frac_mean": 0.7614642465077892,
  "adv_e_nul_frac_ci95": 0.0285696678648469,
  "adv_e_nul_frac_median": 0.7679925507984684,
  "attack_runtime_total_sec": 14.227657079696655,
  "attack_runtime_per_example_sec": 0.4446142837405205,
  "model_name": "resnet",
  "attack_name": "adam",
  "norm": "l2",
  "eps": 1.0,
  "attack_init_mode": "exact",
  "eval_init_mode": "exact"
}