{
  "num_examples": 32,
  "gt_norm_mean": 23.754662096500397,
  "gt_norm_ci95": 4.601683904984259,
  "gt_norm_median": 21.811461448669434,
  "gt_norm_q25": 15.35843276977539,
  "gt_norm_q75": 26.589324474334717,
  "clean_mse_mean": 4.602156831978732e-05,
  "clean_mse_ci95": 5.8205824206598725e-05,
  "clean_mse_median": 9.028215572470799e-06,
  "clean_mse_q25": 6.330974770207831e-06,
  "clean_mse_q75": 1.6670182503730757e-05,
  "adv_mse_mean": 0.3329983151634224,
  "adv_mse_ci95": 0.2219428271594884,
  "adv_mse_median": 0.10202719643712044,
  "adv_mse_q25": 0.04422799404710531,
  "adv_mse_q75": 0.3070117309689522,
  "mse_ratio_mean": 15112.822432822995,
  "mse_ratio_ci95": 3662.5416494506853,
  "mse_ratio_median": 12183.680215366978,
  "mse_ratio_q25": 6248.4569540884,
  "mse_ratio_q75": 23224.814851117117,
  "clean_rel_l2_mean": 0.021553332975599915,
  "clean_rel_l2_ci95": 0.0030495897410959876,
  "clean_rel_l2_median": 0.018953743390738964,
  "clean_rel_l2_q25": 0.01595106814056635,
  "clean_rel_l2_q75": 0.025139704812318087,
  "adv_rel_l2_mean": 2.2384406216442585,
  "adv_rel_l2_ci95": 0.24756643143958693,
  "adv_rel_l2_median": 2.102002739906311,
  "adv_rel_l2_q25": 1.7553779780864716,
  "adv_rel_l2_q75": 2.541585147380829,
  "rel_l2_ratio_mean": 114.6628122054882,
  "rel_l2_ratio_ci95": 15.605763596411142,
  "rel_l2_ratio_median": 110.26042099314469,
  "rel_l2_ratio_q25": 79.0402766884506,
  "rel_l2_ratio_q75": 152.38960538646046,
  "clean_psnr_mean": 45.93291375690791,
  "clean_psnr_ci95": 1.5879786213947262,
  "clean_psnr_median": 46.917274375730585,
  "clean_psnr_q25": 45.00513990182023,
  "clean_psnr_q75": 48.43273637575662,
  "adv_psnr_mean": 5.482118784003417,
  "adv_psnr_ci95": 1.8524446970103063,
  "adv_psnr_median": 6.253386990100676,
  "adv_psnr_q25": 2.3235590460005158,
  "adv_psnr_q75": 9.253847065524255,
  "clean_ssim_mean": 0.9830390916810616,
  "clean_ssim_ci95": 0.012758126814414688,
  "clean_ssim_median": 0.9921460432015226,
  "clean_ssim_q25": 0.9882760741040851,
  "clean_ssim_q75": 0.9941643267665714,
  "adv_ssim_mean": 0.4387053038654547,
  "adv_ssim_ci95": 0.0707870669058909,
  "adv_ssim_median": 0.4739735746678033,
  "adv_ssim_q25": 0.2901662829272246,
  "adv_ssim_q75": 0.6055612603643659,
  "clean_mae_mean": 0.0021204807508183876,
  "clean_mae_ci95": 0.0008679955052816265,
  "clean_mae_median": 0.001591959735378623,
  "clean_mae_q25": 0.0011425154516473413,
  "clean_mae_q75": 0.0020099078537896276,
  "adv_mae_mean": 0.11983848025556654,
  "adv_mae_ci95": 0.04726931980201997,
  "adv_mae_median": 0.07408325374126434,
  "adv_mae_q25": 0.044276884756982327,
  "adv_mae_q75": 0.12885838374495506,
  "clean_nrmse_mean": 0.006166197857532617,
  "clean_nrmse_ci95": 0.0022072270005294263,
  "clean_nrmse_median": 0.0045120875938787774,
  "clean_nrmse_q25": 0.003787745929230101,
  "clean_nrmse_q75": 0.005633437675047781,
  "adv_nrmse_mean": 0.6498385649473942,
  "adv_nrmse_ci95": 0.16227321319371826,
  "adv_nrmse_median": 0.486777928288389,
  "adv_nrmse_q25": 0.34460686763202697,
  "adv_nrmse_q75": 0.7680744885627168,
  "clean_max_err_mean": 0.1466721756150946,
  "clean_max_err_ci95": 0.05398676179833188,
  "clean_max_err_median": 0.09597374498844147,
  "clean_max_err_q25": 0.060699671506881714,
  "clean_max_err_q75": 0.1691373884677887,
  "adv_max_err_mean": 5.694314152002335,
  "adv_max_err_ci95": 1.3823908386913142,
  "adv_max_err_median": 4.6156415939331055,
  "adv_max_err_q25": 3.0552844405174255,
  "adv_max_err_q75": 6.969942212104797,
  "clean_init_rel_l2_mean": 0.366861276794225,
  "clean_init_rel_l2_ci95": 0.03152444344214459,
  "clean_init_rel_l2_median": 0.36029042303562164,
  "clean_init_rel_l2_q25": 0.29334304481744766,
  "clean_init_rel_l2_q75": 0.40606728941202164,
  "adv_init_rel_l2_mean": 3.3974986374378204,
  "adv_init_rel_l2_ci95": 0.21326653740924548,
  "adv_init_rel_l2_median": 3.409380555152893,
  "adv_init_rel_l2_q25": 2.9050769805908203,
  "adv_init_rel_l2_q75": 3.813718616962433,
  "init_rel_l2_ratio_mean": 9.857736595498299,
  "init_rel_l2_ratio_ci95": 1.0236471883656437,
  "init_rel_l2_ratio_median": 10.057231763103573,
  "init_rel_l2_ratio_q25": 7.772967412556415,
  "init_rel_l2_ratio_q75": 12.634057863399331,
  "clean_init_psnr_mean": 21.024198357103216,
  "clean_init_psnr_ci95": 1.3133071014538316,
  "clean_init_psnr_median": 21.49619999182156,
  "clean_init_psnr_q25": 19.05544682365106,
  "clean_init_psnr_q75": 22.902154609085816,
  "adv_init_psnr_mean": 1.5948488719784892,
  "adv_init_psnr_ci95": 1.4100503420574795,
  "adv_init_psnr_median": 1.9798289897352312,
  "adv_init_psnr_q25": -1.2935820096182318,
  "adv_init_psnr_q75": 4.6904419551150225,
  "clean_init_ssim_mean": 0.1743840809098594,
  "clean_init_ssim_ci95": 0.02923498627594725,
  "clean_init_ssim_median": 0.14508139024346195,
  "clean_init_ssim_q25": 0.11093792671430568,
  "clean_init_ssim_q75": 0.20026092482636282,
  "adv_init_ssim_mean": 0.016527191045626412,
  "adv_init_ssim_ci95": 0.003082751747027356,
  "adv_init_ssim_median": 0.015441930682782002,
  "adv_init_ssim_q25": 0.010194998283564204,
  "adv_init_ssim_q75": 0.021320217304617535,
  "clean_init_mae_mean": 0.05040182883385569,
  "clean_init_mae_ci95": 0.01268355232735942,
  "clean_init_mae_median": 0.042117148637771606,
  "clean_init_mae_q25": 0.02878977032378316,
  "clean_init_mae_q75": 0.057425303384661674,
  "adv_init_mae_mean": 0.4672139189206064,
  "adv_init_mae_ci95": 0.09323831065591749,
  "adv_init_mae_median": 0.4303462356328964,
  "adv_init_mae_q25": 0.28236688673496246,
  "adv_init_mae_q75": 0.5545957386493683,
  "pred_shift_rel_l2_mean": 2.239880245178938,
  "pred_shift_rel_l2_ci95": 0.24737127847853765,
  "pred_shift_rel_l2_median": 2.1190028190612793,
  "pred_shift_rel_l2_q25": 1.7589791119098663,
  "pred_shift_rel_l2_q75": 2.5379145741462708,
  "init_shift_rel_l2_mean": 3.395203083753586,
  "init_shift_rel_l2_ci95": 0.1832428842342652,
  "init_shift_rel_l2_median": 3.4053882360458374,
  "init_shift_rel_l2_q25": 2.927324891090393,
  "init_shift_rel_l2_q75": 3.767257571220398,
  "delta_l2_mean": 70.9200474023819,
  "delta_l2_ci95": 15.710411105538828,
  "delta_l2_median": 62.14751434326172,
  "delta_l2_q25": 42.72911357879639,
  "delta_l2_q75": 82.09375953674316,
  "delta_linf_mean": 2.3867612946778536,
  "delta_linf_ci95": 0.5209609101042257,
  "delta_linf_median": 1.8452482223510742,
  "delta_linf_q25": 1.405412346124649,
  "delta_linf_q75": 2.740987181663513,
  "delta_mean_abs_mean": 0.2589351125061512,
  "delta_mean_abs_ci95": 0.056385736997268995,
  "delta_mean_abs_median": 0.22923371940851212,
  "delta_mean_abs_q25": 0.15589654445648193,
  "delta_mean_abs_q75": 0.30129019170999527,
  "delta_rel_l2_mean": 0.04926952275746036,
  "delta_rel_l2_ci95": 0.0014317879654755345,
  "delta_rel_l2_median": 0.05000002489038231,
  "delta_rel_l2_q25": 0.05000002049677444,
  "delta_rel_l2_q75": 0.050000031091000534,
  "success_rel_l2_mean": 1.0,
  "success_rel_l2_ci95": 0.0,
  "success_rel_l2_median": 1.0,
  "success_rel_l2_q25": 1.0,
  "success_rel_l2_q75": 1.0,
  "success_mse_mean": 1.0,
  "success_mse_ci95": 0.0,
  "success_mse_median": 1.0,
  "success_mse_q25": 1.0,
  "success_mse_q75": 1.0,
  "clean_e_ran_l2_mean": 0.41391702624969184,
  "clean_e_ran_l2_ci95": 0.17825335043430388,
  "clean_e_ran_l2_median": 0.3054783493280411,
  "clean_e_ran_l2_q25": 0.23819582164287567,
  "clean_e_ran_l2_q75": 0.35901959985494614,
  "clean_e_nul_l2_mean": 0.37757599796168506,
  "clean_e_nul_l2_ci95": 0.1508885146684632,
  "clean_e_nul_l2_median": 0.2466387003660202,
  "clean_e_nul_l2_q25": 0.19896521046757698,
  "clean_e_nul_l2_q75": 0.37287572771310806,
  "clean_e_ran_frac_mean": 0.7384469037466547,
  "clean_e_ran_frac_ci95": 0.018454091685727734,
  "clean_e_ran_frac_median": 0.7449625529186822,
  "clean_e_ran_frac_q25": 0.7011097229238636,
  "clean_e_ran_frac_q75": 0.778965192141161,
  "clean_e_nul_frac_mean": 0.6698118188563027,
  "clean_e_nul_frac_ci95": 0.020222815311490037,