{
  "num_examples": 32,
  "clean_mse_mean": 0.004096573529807301,
  "clean_mse_ci95": 0.0030178974273284355,
  "clean_mse_median": 0.0005375399196054786,
  "adv_mse_mean": 0.0819184551910439,
  "adv_mse_ci95": 0.021860678387951086,
  "adv_mse_median": 0.058495864272117615,
  "mse_ratio_mean": 186.12181634321513,
  "mse_ratio_ci95": 101.9511805232114,
  "mse_ratio_median": 64.42636060399592,
  "clean_rel_l2_mean": 0.6166794388074112,
  "clean_rel_l2_ci95": 0.16234300154932782,
  "clean_rel_l2_median": 0.4978782335233304,
  "adv_rel_l2_mean": 5.244351618375666,
  "adv_rel_l2_ci95": 1.612935423234551,
  "adv_rel_l2_median": 3.462997668227837,
  "rel_l2_ratio_mean": 10.84478921293359,
  "rel_l2_ratio_ci95": 2.913798985024652,
  "rel_l2_ratio_median": 8.010845093790769,
  "clean_psnr_mean": 26.76006726438833,
  "clean_psnr_ci95": 2.8131096443449564,
  "clean_psnr_median": 26.135560871797594,
  "adv_psnr_mean": 8.554596929184944,
  "adv_psnr_ci95": 2.439415454041313,
  "adv_psnr_median": 7.811485911320106,
  "clean_ssim_mean": 0.5626636530340178,
  "clean_ssim_ci95": 0.0659903087574359,
  "clean_ssim_median": 0.5431978444104897,
  "adv_ssim_mean": 0.22819988443371156,
  "adv_ssim_ci95": 0.06756029611336109,
  "adv_ssim_median": 0.15301321009621405,
  "pred_shift_rel_l2_mean": 3.3696460201011167,
  "pred_shift_rel_l2_ci95": 1.0734415291999022,
  "pred_shift_rel_l2_median": 2.3191954900551197,
  "init_shift_rel_l2_mean": 0.4156879520297753,
  "init_shift_rel_l2_ci95": 0.1387939019742681,
  "init_shift_rel_l2_median": 0.2496115587302305,
  "delta_l2_mean": 29.147098004817963,
  "delta_l2_ci95": 1.275907241864244,
  "delta_l2_median": 30.95265769958496,
  "delta_linf_mean": 0.39559434819966555,
  "delta_linf_ci95": 0.013252789205564641,
  "delta_linf_median": 0.3956037014722824,
  "delta_mean_abs_mean": 0.11172853305470198,
  "delta_mean_abs_ci95": 0.0061887186633890505,
  "delta_mean_abs_median": 0.11908673867583275,
  "success_rel_l2_mean": 1.0,
  "success_rel_l2_ci95": 0.0,
  "success_rel_l2_median": 1.0,
  "success_mse_mean": 1.0,
  "success_mse_ci95": 0.0,
  "success_mse_median": 1.0,
  "clean_e_ran_l2_mean": 3.2685856875032187,
  "clean_e_ran_l2_ci95": 1.686254023548114,
  "clean_e_ran_l2_median": 1.3936349749565125,
  "clean_e_nul_l2_mean": 4.0331648560240865,
  "clean_e_nul_l2_ci95": 1.3291559472322456,
  "clean_e_nul_l2_median": 2.5236387252807617,
  "clean_e_ran_frac_mean": 0.5575841611885817,
  "clean_e_ran_frac_ci95": 0.0738908752150987,
  "clean_e_ran_frac_median": 0.5385587404124652,
  "clean_e_nul_frac_mean": 0.750157493007737,
  "clean_e_nul_frac_ci95": 0.06294445421058682,
  "clean_e_nul_frac_median": 0.8032619256206377,
  "adv_e_ran_l2_mean": 16.66240618377924,
  "adv_e_ran_l2_ci95": 3.8035606037719347,
  "adv_e_ran_l2_median": 15.144714832305908,
  "adv_e_nul_l2_mean": 27.146977446973324,
  "adv_e_nul_l2_ci95": 4.3134322998877535,
  "adv_e_nul_l2_median": 26.102164268493652,
  "adv_e_ran_frac_mean": 0.5032776819009137,
  "adv_e_ran_frac_ci95": 0.0556980215532821,
  "adv_e_ran_frac_median": 0.4419263295099697,
  "adv_e_nul_frac_mean": 0.8106571403325356,
  "adv_e_nul_frac_ci95": 0.05001769584060647,
  "adv_e_nul_frac_median": 0.8682177808645486,
  "attack_runtime_total_sec": 159.0249858647585,
  "attack_runtime_per_example_sec": 4.969530808273703,
  "model_name": "dpnsn_res",
  "attack_name": "adam",
  "norm": "l2",
  "eps": 1.0,
  "attack_init_mode": "surrogate",
  "eval_init_mode": "exact"
}