{
  "num_examples": 32,
  "gt_norm_mean": 22.48570889234543,
  "gt_norm_ci95": 3.7267142366218637,
  "gt_norm_median": 20.150904655456543,
  "gt_norm_q25": 16.28321075439453,
  "gt_norm_q75": 23.551395893096924,
  "clean_mse_mean": 0.00011819734288565087,
  "clean_mse_ci95": 7.482913538906371e-05,
  "clean_mse_median": 5.7194145483663306e-05,
  "clean_mse_q25": 3.2716106943553314e-05,
  "clean_mse_q75": 9.231047806679271e-05,
  "adv_mse_mean": 0.04587901512422832,
  "adv_mse_ci95": 0.05179186283066966,
  "adv_mse_median": 0.0034026963403448462,
  "adv_mse_q25": 0.0019455803267192096,
  "adv_mse_q75": 0.02701466018334031,
  "mse_ratio_mean": 173.73322803040472,
  "mse_ratio_ci95": 67.75012251510196,
  "mse_ratio_median": 80.2403176470608,
  "mse_ratio_q25": 47.65178115794143,
  "mse_ratio_q75": 213.86058530979253,
  "clean_rel_l2_mean": 0.0499020250281319,
  "clean_rel_l2_ci95": 0.002641603638062451,
  "clean_rel_l2_median": 0.04793270491063595,
  "clean_rel_l2_q25": 0.04460453800857067,
  "clean_rel_l2_q75": 0.05321281496435404,
  "adv_rel_l2_mean": 0.6091900584287941,
  "adv_rel_l2_ci95": 0.15338596826267198,
  "adv_rel_l2_median": 0.4028041511774063,
  "adv_rel_l2_q25": 0.3167082965373993,
  "adv_rel_l2_q75": 0.7631882280111313,
  "rel_l2_ratio_mean": 11.537575157580761,
  "rel_l2_ratio_ci95": 2.243531732445593,
  "rel_l2_ratio_median": 8.954217005563216,
  "rel_l2_ratio_q25": 6.902035276474322,
  "rel_l2_ratio_q75": 14.585602825104882,
  "clean_psnr_mean": 38.14168617012356,
  "clean_psnr_ci95": 1.2402792071628115,
  "clean_psnr_median": 38.65706754727126,
  "clean_psnr_q25": 36.86415164078834,
  "clean_psnr_q75": 41.39793913593701,
  "adv_psnr_mean": 18.07939369515288,
  "adv_psnr_ci95": 2.640920428412594,
  "adv_psnr_median": 19.939933817808225,
  "adv_psnr_q25": 13.897407953963643,
  "adv_psnr_q75": 24.48600079481184,
  "clean_ssim_mean": 0.9382193190164401,
  "clean_ssim_ci95": 0.017573193741820033,
  "clean_ssim_median": 0.952939684262754,
  "clean_ssim_q25": 0.9256516434679004,
  "clean_ssim_q75": 0.9719925386867707,
  "adv_ssim_mean": 0.6844767584701101,
  "adv_ssim_ci95": 0.058701455456193284,
  "adv_ssim_median": 0.7169170834571431,
  "adv_ssim_q25": 0.6222406482786964,
  "adv_ssim_q75": 0.8186836598371481,
  "clean_mae_mean": 0.004379009507829323,
  "clean_mae_ci95": 0.001019830545245486,
  "clean_mae_median": 0.003441965440288186,
  "clean_mae_q25": 0.002594910911284387,
  "clean_mae_q75": 0.0047461241483688354,
  "adv_mae_mean": 0.0415146393206669,
  "adv_mae_ci95": 0.0231376516000934,
  "adv_mae_median": 0.013599673751741648,
  "adv_mae_q25": 0.010090965777635574,
  "adv_mae_q75": 0.054079276509582996,
  "clean_nrmse_mean": 0.013550756483890935,
  "clean_nrmse_ci95": 0.002261338091628395,
  "clean_nrmse_median": 0.011672055019238483,
  "clean_nrmse_q25": 0.008513414258439007,
  "clean_nrmse_q75": 0.014359305746059155,
  "adv_nrmse_mean": 0.19047821301342083,
  "adv_nrmse_ci95": 0.07263963956515569,
  "adv_nrmse_median": 0.10073094412776674,
  "adv_nrmse_q25": 0.05966513757533608,
  "adv_nrmse_q75": 0.20281017408041455,
  "clean_max_err_mean": 0.27906179847195745,
  "clean_max_err_ci95": 0.05013236581163897,
  "clean_max_err_median": 0.25757864117622375,
  "clean_max_err_q25": 0.19653389230370522,
  "clean_max_err_q75": 0.32194922119379044,
  "adv_max_err_mean": 1.4764784844592214,
  "adv_max_err_ci95": 0.6311114320822218,
  "adv_max_err_median": 0.9188379943370819,
  "adv_max_err_q25": 0.6833869814872742,
  "adv_max_err_q75": 1.2109165489673615,
  "clean_init_rel_l2_mean": 1.2768600173294544,
  "clean_init_rel_l2_ci95": 0.06145374216922123,
  "clean_init_rel_l2_median": 1.2511871457099915,
  "clean_init_rel_l2_q25": 1.1422662138938904,
  "clean_init_rel_l2_q75": 1.357904314994812,
  "adv_init_rel_l2_mean": 1.9788724333047867,
  "adv_init_rel_l2_ci95": 0.10001642677882149,
  "adv_init_rel_l2_median": 1.9104501008987427,
  "adv_init_rel_l2_q25": 1.7917634546756744,
  "adv_init_rel_l2_q75": 2.1269460916519165,
  "init_rel_l2_ratio_mean": 1.5500340562233723,
  "init_rel_l2_ratio_ci95": 0.027228162009553573,
  "init_rel_l2_ratio_median": 1.5495927994844059,
  "init_rel_l2_ratio_q25": 1.4936541034866972,
  "init_rel_l2_ratio_q75": 1.6094343214721605,
  "clean_init_psnr_mean": 9.966758356110383,
  "clean_init_psnr_ci95": 1.2678164241493421,
  "clean_init_psnr_median": 10.044764355147933,
  "clean_init_psnr_q25": 7.77267796280662,
  "clean_init_psnr_q75": 12.971222698647555,
  "adv_init_psnr_mean": 6.170879289327352,
  "adv_init_psnr_ci95": 1.2695323257430768,
  "adv_init_psnr_median": 6.4425390426604645,
  "adv_init_psnr_q25": 4.162965061812772,
  "adv_init_psnr_q75": 9.242569380725348,
  "clean_init_ssim_mean": 0.045894530813646195,
  "clean_init_ssim_ci95": 0.0029810721766441116,
  "clean_init_ssim_median": 0.04412002243173,
  "clean_init_ssim_q25": 0.0400464820982077,
  "clean_init_ssim_q75": 0.05181353231477137,
  "adv_init_ssim_mean": 0.027461151743004675,
  "adv_init_ssim_ci95": 0.002223869792583547,
  "adv_init_ssim_median": 0.027353389414046837,
  "adv_init_ssim_q25": 0.022961399574120148,
  "adv_init_ssim_q75": 0.030294313635311407,
  "clean_init_mae_mean": 0.18155068787746131,
  "clean_init_mae_ci95": 0.040424957000169584,
  "clean_init_mae_median": 0.1451817750930786,
  "clean_init_mae_q25": 0.11259804293513298,
  "clean_init_mae_q75": 0.19700151309370995,
  "adv_init_mae_mean": 0.27490572165697813,
  "adv_init_mae_ci95": 0.05933143609056546,
  "adv_init_mae_median": 0.21613872796297073,
  "adv_init_mae_q25": 0.16407307982444763,
  "adv_init_mae_q75": 0.30612029135227203,
  "pred_shift_rel_l2_mean": 0.6026457510888577,
  "pred_shift_rel_l2_ci95": 0.15324647528046106,
  "pred_shift_rel_l2_median": 0.3948665112257004,
  "pred_shift_rel_l2_q25": 0.3075253888964653,
  "pred_shift_rel_l2_q75": 0.7604502737522125,
  "init_shift_rel_l2_mean": 0.9473685678094625,
  "init_shift_rel_l2_ci95": 0.026205117916813656,
  "init_shift_rel_l2_median": 0.9299273490905762,
  "init_shift_rel_l2_q25": 0.8958052396774292,
  "init_shift_rel_l2_q75": 0.991966038942337,
  "delta_l2_mean": 28.716727524995804,
  "delta_l2_ci95": 6.539035646471582,
  "delta_l2_median": 22.32967472076416,
  "delta_l2_q25": 17.614023685455322,
  "delta_l2_q75": 31.024927139282227,
  "delta_linf_mean": 1.0596536751836538,
  "delta_linf_ci95": 0.2662604791444573,
  "delta_linf_median": 0.7863637208938599,
  "delta_linf_q25": 0.64370496571064,
  "delta_linf_q75": 1.167287141084671,
  "delta_mean_abs_mean": 0.10516572021879256,
  "delta_mean_abs_ci95": 0.024340000357661852,
  "delta_mean_abs_median": 0.08136342093348503,
  "delta_mean_abs_q25": 0.06407591886818409,
  "delta_mean_abs_q75": 0.11347294226288795,
  "delta_rel_l2_mean": 0.020000002795381097,
  "delta_rel_l2_ci95": 6.69486373795573e-10,
  "delta_rel_l2_median": 0.020000002748855085,
  "delta_rel_l2_q25": 0.020000001328112086,
  "delta_rel_l2_q75": 0.020000003720976833,
  "success_rel_l2_mean": 1.0,
  "success_rel_l2_ci95": 0.0,
  "success_rel_l2_median": 1.0,
  "success_rel_l2_q25": 1.0,
  "success_rel_l2_q75": 1.0,
  "success_mse_mean": 1.0,
  "success_mse_ci95": 0.0,
  "success_mse_median": 1.0,
  "success_mse_q25": 1.0,
  "success_mse_q75": 1.0,
  "clean_e_ran_l2_mean": 0.8994036195799708,
  "clean_e_ran_l2_ci95": 0.2049986448912956,
  "clean_e_ran_l2_median": 0.7439800202846527,
  "clean_e_ran_l2_q25": 0.5644854009151459,
  "clean_e_ran_l2_q75": 0.9646771252155304,
  "clean_e_nul_l2_mean": 0.7448996305465698,
  "clean_e_nul_l2_ci95": 0.17015091126531273,
  "clean_e_nul_l2_median": 0.6325936913490295,
  "clean_e_nul_l2_q25": 0.48461806029081345,
  "clean_e_nul_l2_q75": 0.7692376524209976,
  "clean_e_ran_frac_mean": 0.7682325714619281,
  "clean_e_ran_frac_ci95": 0.00930902926718601,
  "clean_e_ran_frac_median": 0.7705459142612929,
  "clean_e_ran_frac_q25": 0.7478372369776518,
  "clean_e_ran_frac_q75": 0.7828897413862829,
  "clean_e_nul_frac_mean": 0.6388419159566807,
  "clean_e_nul_frac_ci95": 0.011134388835925487,