{
  "num_examples": 32,
  "gt_norm_mean": 19.554032936692238,
  "gt_norm_ci95": 3.175656556464896,
  "gt_norm_median": 19.43148136138916,
  "gt_norm_q25": 13.664082050323486,
  "gt_norm_q75": 22.861806869506836,
  "clean_mse_mean": 0.0011342021898599342,
  "clean_mse_ci95": 0.0005445552811869841,
  "clean_mse_median": 0.0007189511088654399,
  "clean_mse_q25": 0.0003874075337080285,
  "clean_mse_q75": 0.0010221929696854204,
  "adv_mse_mean": 0.004054013868653783,
  "adv_mse_ci95": 0.006171290640105568,
  "adv_mse_median": 0.0007189638563431799,
  "adv_mse_q25": 0.0003874155881931074,
  "adv_mse_q75": 0.0010224981524515897,
  "mse_ratio_mean": 1.3547680743267114,
  "mse_ratio_ci95": 0.6932232731671787,
  "mse_ratio_median": 1.0000195738188662,
  "mse_ratio_q25": 1.000017271266332,
  "mse_ratio_q75": 1.0000214933761626,
  "clean_rel_l2_mean": 0.18589467136189342,
  "clean_rel_l2_ci95": 0.007185605500314222,
  "clean_rel_l2_median": 0.17879388481378555,
  "clean_rel_l2_q25": 0.1720423772931099,
  "clean_rel_l2_q75": 0.193845447152853,
  "adv_rel_l2_mean": 0.20570545550435781,
  "adv_rel_l2_ci95": 0.04315175860617593,
  "adv_rel_l2_median": 0.17879559099674225,
  "adv_rel_l2_q25": 0.1720683015882969,
  "adv_rel_l2_q75": 0.19384751468896866,
  "rel_l2_ratio_mean": 1.078953728584531,
  "rel_l2_ratio_ci95": 0.1536977147396068,
  "rel_l2_ratio_median": 1.0000097340109022,
  "rel_l2_ratio_q25": 1.0000086859033304,
  "rel_l2_ratio_q75": 1.0000108267063297,
  "clean_psnr_mean": 27.55817465843262,
  "clean_psnr_ci95": 1.1035217157889887,
  "clean_psnr_median": 28.227475017396607,
  "clean_psnr_q25": 26.055675139984363,
  "clean_psnr_q75": 29.978643347734035,
  "adv_psnr_mean": 27.212876133877685,
  "adv_psnr_ci95": 1.5609006653475275,
  "adv_psnr_median": 28.226578082198643,
  "adv_psnr_q25": 26.055581937784208,
  "adv_psnr_q75": 29.97855923956938,
  "clean_ssim_mean": 0.4317298656773858,
  "clean_ssim_ci95": 0.04553041731059458,
  "clean_ssim_median": 0.4432430366818557,
  "clean_ssim_q25": 0.3377199835764448,
  "clean_ssim_q75": 0.5265224321816168,
  "adv_ssim_mean": 0.42812411487630375,
  "adv_ssim_ci95": 0.04844116702656615,
  "adv_ssim_median": 0.4431926096176082,
  "adv_ssim_q25": 0.3377163235881025,
  "adv_ssim_q75": 0.5265173915387185,
  "pred_shift_rel_l2_mean": 0.021923798583316056,
  "pred_shift_rel_l2_ci95": 0.042282429693091775,
  "pred_shift_rel_l2_median": 1.1243054359511007e-05,
  "pred_shift_rel_l2_q25": 1.0269147878716467e-05,
  "pred_shift_rel_l2_q75": 1.370305426462437e-05,
  "init_shift_rel_l2_mean": 0.022058046003337495,
  "init_shift_rel_l2_ci95": 0.04250633440839728,
  "init_shift_rel_l2_median": 6.54995824334037e-06,
  "init_shift_rel_l2_q25": 5.2349554380271e-06,
  "init_shift_rel_l2_q75": 1.0653616755007533e-05,
  "delta_l2_mean": 0.6382301078219825,
  "delta_l2_ci95": 1.2134266548885673,
  "delta_l2_median": 0.0001807535591069609,
  "delta_l2_q25": 0.000177182588231517,
  "delta_l2_q75": 0.00019174254339304753,
  "delta_linf_mean": 0.023610212412677356,
  "delta_linf_ci95": 0.0390315474201452,
  "delta_linf_median": 7.163733243942261e-06,
  "delta_linf_q25": 6.556510925292969e-06,
  "delta_linf_q75": 8.58306884765625e-06,
  "delta_mean_abs_mean": 0.001587576796609369,
  "delta_mean_abs_ci95": 0.003089091753137827,
  "delta_mean_abs_median": 5.776991542916221e-07,
  "delta_mean_abs_q25": 5.720392408647967e-07,
  "delta_mean_abs_q75": 5.8570763883381e-07,
  "delta_rel_l2_mean": 0.00016364286293977438,
  "delta_rel_l2_ci95": 0.0003060734129235719,
  "delta_rel_l2_median": 2.2150340227375848e-07,
  "delta_rel_l2_q25": 1.5762025019059465e-07,
  "delta_rel_l2_q75": 4.1140058221239117e-07,
  "success_rel_l2_mean": 0.03125,
  "success_rel_l2_ci95": 0.06124999999999999,
  "success_rel_l2_median": 0.0,
  "success_rel_l2_q25": 0.0,
  "success_rel_l2_q75": 0.0,
  "success_mse_mean": 0.03125,
  "success_mse_ci95": 0.06124999999999999,
  "success_mse_median": 0.0,
  "success_mse_q25": 0.0,
  "success_mse_q75": 0.0,
  "clean_e_ran_l2_mean": 3.2822710014879704,
  "clean_e_ran_l2_ci95": 0.7058654150374748,
  "clean_e_ran_l2_median": 2.9622809886932373,
  "clean_e_ran_l2_q25": 2.20460706949234,
  "clean_e_ran_l2_q75": 3.700905740261078,
  "clean_e_nul_l2_mean": 1.771011283621192,
  "clean_e_nul_l2_ci95": 0.2843276675042319,
  "clean_e_nul_l2_median": 1.7230495810508728,
  "clean_e_nul_l2_q25": 1.189131885766983,
  "clean_e_nul_l2_q75": 2.071072518825531,
  "clean_e_ran_frac_mean": 0.8620818088959625,
  "clean_e_ran_frac_ci95": 0.015679448433123966,
  "clean_e_ran_frac_median": 0.8657160777740261,
  "clean_e_ran_frac_q25": 0.8405338092256226,
  "clean_e_ran_frac_q75": 0.8940694001673287,
  "clean_e_nul_frac_mean": 0.4999121047017087,
  "clean_e_nul_frac_ci95": 0.024689564344172937,
  "clean_e_nul_frac_median": 0.500529639073731,
  "clean_e_nul_frac_q25": 0.44792627526120193,
  "clean_e_nul_frac_q75": 0.5417474810787155,
  "adv_e_ran_l2_mean": 4.145334918051958,
  "adv_e_ran_l2_ci95": 2.2170592997661456,
  "adv_e_ran_l2_median": 2.9623124599456787,
  "adv_e_ran_l2_q25": 2.2046337723731995,
  "adv_e_ran_l2_q75": 3.700949788093567,
  "adv_e_nul_l2_mean": 2.0785528793931007,
  "adv_e_nul_l2_ci95": 0.8067532876779637,
  "adv_e_nul_l2_median": 1.7230543494224548,
  "adv_e_nul_l2_q25": 1.1891382932662964,
  "adv_e_nul_l2_q75": 2.071227252483368,
  "adv_e_ran_frac_mean": 0.8626039502502942,
  "adv_e_ran_frac_ci95": 0.015936404885783025,
  "adv_e_ran_frac_median": 0.8657350489340812,
  "adv_e_ran_frac_q25": 0.8405639504268468,
  "adv_e_ran_frac_q75": 0.8940710552808737,
  "adv_e_nul_frac_mean": 0.49862921475186084,
  "adv_e_nul_frac_ci95": 0.025467655180504752,
  "adv_e_nul_frac_median": 0.5004966638681649,
  "adv_e_nul_frac_q25": 0.4479229961766962,
  "adv_e_nul_frac_q75": 0.5417004452737305,
  "attack_runtime_total_sec": 285.3408426642418,
  "attack_runtime_per_example_sec": 8.916901333257556,
  "model_name": "nsn",
  "attack_name": "adam",
  "norm": "l2",
  "eps": 0.005,
  "eps_actual": 6.3846251600341795,
  "eps_budget_mode": "per_sample_l2",
  "attack_init_mode": "exact",
  "eval_init_mode": "exact"
}