{
  "num_examples": 32,
  "gt_norm_mean": 27.580802619457245,
  "gt_norm_ci95": 2.1336641054187684,
  "gt_norm_median": 26.626888275146484,
  "clean_mse_mean": 7.050997218982502e-06,
  "clean_mse_ci95": 1.476663994989349e-06,
  "clean_mse_median": 5.843177632414154e-06,
  "adv_mse_mean": 2.207238119095564,
  "adv_mse_ci95": 0.1455141349511777,
  "adv_mse_median": 2.234613299369812,
  "mse_ratio_mean": 392086.5933832523,
  "mse_ratio_ci95": 57165.82147848752,
  "mse_ratio_median": 389998.279079575,
  "clean_rel_l2_mean": 0.011853363219415769,
  "clean_rel_l2_ci95": 0.00043245050545510493,
  "clean_rel_l2_median": 0.011533250100910664,
  "adv_rel_l2_mean": 7.14253856241703,
  "adv_rel_l2_ci95": 0.5079621678315701,
  "adv_rel_l2_median": 7.177289724349976,
  "rel_l2_ratio_mean": 610.584141501444,
  "rel_l2_ratio_ci95": 48.87160294047666,
  "rel_l2_ratio_median": 624.4809145103861,
  "clean_psnr_mean": 52.09839611019163,
  "clean_psnr_ci95": 0.7493930701575438,
  "clean_psnr_median": 52.3353482440351,
  "adv_psnr_mean": -3.3545745772274915,
  "adv_psnr_ci95": 0.30916576859923417,
  "adv_psnr_median": -3.491971120005708,
  "clean_ssim_mean": 0.9894606261477835,
  "clean_ssim_ci95": 0.0019892488264436578,
  "clean_ssim_median": 0.9909052238152636,
  "adv_ssim_mean": -0.009105979742426357,
  "adv_ssim_ci95": 0.0017647543285421073,
  "adv_ssim_median": -0.007852503303044576,
  "pred_shift_rel_l2_mean": 7.121720425784588,
  "pred_shift_rel_l2_ci95": 0.5057573074347318,
  "pred_shift_rel_l2_median": 7.166594743728638,
  "init_shift_rel_l2_mean": 8.687470316886902,
  "init_shift_rel_l2_ci95": 0.6896866070243464,
  "init_shift_rel_l2_median": 8.67942762374878,
  "delta_l2_mean": 153.83734226226807,
  "delta_l2_ci95": 1.8692016601562498e-06,
  "delta_l2_median": 153.83734130859375,
  "delta_linf_mean": 4.724953882396221,
  "delta_linf_ci95": 0.25655503701636667,
  "delta_linf_median": 4.501829385757446,
  "delta_mean_abs_mean": 0.5567920729517937,
  "delta_mean_abs_ci95": 0.0020237483924599093,
  "delta_mean_abs_median": 0.5567907989025116,
  "delta_rel_l2_mean": 0.11006485135937769,
  "delta_rel_l2_ci95": 0.011931525124105216,
  "delta_rel_l2_median": 0.10766584099049867,
  "success_rel_l2_mean": 1.0,
  "success_rel_l2_ci95": 0.0,
  "success_rel_l2_median": 1.0,
  "success_mse_mean": 1.0,
  "success_mse_ci95": 0.0,
  "success_mse_median": 1.0,
  "clean_e_ran_l2_mean": 0.2817896483466029,
  "clean_e_ran_l2_ci95": 0.028480255590778512,
  "clean_e_ran_l2_median": 0.26633520424366,
  "clean_e_nul_l2_mean": 0.16739655169658363,
  "clean_e_nul_l2_ci95": 0.013864267165281063,
  "clean_e_nul_l2_median": 0.15786196291446686,
  "clean_e_ran_frac_mean": 0.8557871177858765,
  "clean_e_ran_frac_ci95": 0.007948990617919632,
  "clean_e_ran_frac_median": 0.8563566974323826,
  "clean_e_nul_frac_mean": 0.515329415723506,
  "clean_e_nul_frac_ci95": 0.013877681167868442,
  "clean_e_nul_frac_median": 0.5163847451875081,
  "adv_e_ran_l2_mean": 189.02790689468384,
  "adv_e_ran_l2_ci95": 6.498968497839137,
  "adv_e_ran_l2_median": 191.10044860839844,
  "adv_e_nul_l2_mean": 9.263124018907547,
  "adv_e_nul_l2_ci95": 0.8029649242251041,
  "adv_e_nul_l2_median": 8.75863265991211,
  "adv_e_ran_frac_mean": 0.9986262444357006,
  "adv_e_ran_frac_ci95": 0.00039268870734021936,
  "adv_e_ran_frac_median": 0.9990044414113275,
  "adv_e_nul_frac_mean": 0.04987801288410856,
  "adv_e_nul_frac_ci95": 0.005638658478434571,
  "adv_e_nul_frac_median": 0.044611726754378384,
  "attack_runtime_total_sec": 57.99426765739918,
  "attack_runtime_per_example_sec": 1.8123208642937243,
  "model_name": "resnet",
  "attack_name": "adam",
  "norm": "l2",
  "eps": 0.1,
  "eps_actual": 153.83734005615236,
  "attack_init_mode": "exact",
  "eval_init_mode": "exact"
}