{
  "num_examples": 8,
  "clean_mse_mean": 0.002819745245460581,
  "clean_mse_ci95": 0.005371296296578558,
  "clean_mse_median": 4.9017928176908754e-05,
  "adv_mse_mean": 6.329777032136917,
  "adv_mse_ci95": 1.4077178759596831,
  "adv_mse_median": 6.456014156341553,
  "mse_ratio_mean": 203194.35343896397,
  "mse_ratio_ci95": 196540.20421339557,
  "mse_ratio_median": 130171.20791793981,
  "clean_rel_l2_mean": 0.1203608303918379,
  "clean_rel_l2_ci95": 0.09336443376117576,
  "clean_rel_l2_median": 0.07513731912653418,
  "adv_rel_l2_mean": 25.979905625129668,
  "adv_rel_l2_ci95": 13.616247364099584,
  "adv_rel_l2_median": 20.70954362869606,
  "rel_l2_ratio_mean": 371.1606143900424,
  "rel_l2_ratio_ci95": 189.49992525440177,
  "rel_l2_ratio_median": 354.4434224526683,
  "clean_psnr_mean": 39.91773913160955,
  "clean_psnr_ci95": 7.1955044880490835,
  "clean_psnr_median": 43.140096897510986,
  "adv_psnr_mean": -7.8035857274348785,
  "adv_psnr_ci95": 1.019553731059975,
  "adv_psnr_median": -8.09682565351307,
  "clean_ssim_mean": 0.948045282330383,
  "clean_ssim_ci95": 0.0475929500715228,
  "clean_ssim_median": 0.9674900426766246,
  "adv_ssim_mean": 0.6359267879928749,
  "adv_ssim_ci95": 0.03115431777340741,
  "adv_ssim_median": 0.6381844122443057,
  "pred_shift_rel_l2_mean": 26.271380872997632,
  "pred_shift_rel_l2_ci95": 14.117577422670818,
  "pred_shift_rel_l2_median": 20.63065091610511,
  "init_shift_rel_l2_mean": 4.4640875334201064,
  "init_shift_rel_l2_ci95": 2.2600440636199783,
  "init_shift_rel_l2_median": 2.7612850559080226,
  "delta_l2_mean": 782.0042953491211,
  "delta_l2_ci95": 38.82732043364724,
  "delta_l2_median": 790.3517456054688,
  "delta_linf_mean": 9.831246376037598,
  "delta_linf_ci95": 0.22170935370595848,
  "delta_linf_median": 9.933770656585693,
  "delta_mean_abs_mean": 2.8223622739315033,
  "delta_mean_abs_ci95": 0.16247919011774323,
  "delta_mean_abs_median": 2.8525561094284058,
  "success_rel_l2_mean": 1.0,
  "success_rel_l2_ci95": 0.0,
  "success_rel_l2_median": 1.0,
  "success_mse_mean": 1.0,
  "success_mse_ci95": 0.0,
  "success_mse_median": 1.0,
  "attack_runtime_total_sec": 873.9847014248371,
  "attack_runtime_per_example_sec": 109.24808767810464,
  "model_name": "resnet",
  "attack_name": "adam",
  "norm": "l2",
  "eps": 5.0,
  "attack_init_mode": "surrogate",
  "eval_init_mode": "exact"
}