{
  "num_examples": 32,
  "gt_norm_mean": 20.065786242485046,
  "gt_norm_ci95": 2.6439993761407936,
  "gt_norm_median": 18.550631523132324,
  "clean_mse_mean": 0.2511020527454093,
  "clean_mse_ci95": 0.10022149072164059,
  "clean_mse_median": 0.14312346279621124,
  "adv_mse_mean": 0.26386505307164043,
  "adv_mse_ci95": 0.10244628712215041,
  "adv_mse_median": 0.15351146459579468,
  "mse_ratio_mean": 1.0727288344594603,
  "mse_ratio_ci95": 0.009111178842271406,
  "mse_ratio_median": 1.0725788611388463,
  "clean_rel_l2_mean": 2.8201087564229965,
  "clean_rel_l2_ci95": 0.11811233824929637,
  "clean_rel_l2_median": 2.7740403413772583,
  "adv_rel_l2_mean": 2.918426215648651,
  "adv_rel_l2_ci95": 0.1155672720861151,
  "adv_rel_l2_median": 2.9088504314422607,
  "rel_l2_ratio_mean": 1.0356511581729908,
  "rel_l2_ratio_ci95": 0.004389399408117507,
  "rel_l2_ratio_median": 1.0356537135670068,
  "clean_psnr_mean": 3.988018829701324,
  "clean_psnr_ci95": 1.1986764678360333,
  "clean_psnr_median": 5.002813092097896,
  "adv_psnr_mean": 3.6843767130449523,
  "adv_psnr_ci95": 1.1736445119656391,
  "adv_psnr_median": 4.6240457443261445,
  "clean_ssim_mean": 0.00991870820547812,
  "clean_ssim_ci95": 0.0011128405075268605,
  "clean_ssim_median": 0.00968495755998881,
  "adv_ssim_mean": 0.01012112811319321,
  "adv_ssim_ci95": 0.0009806725358123194,
  "adv_ssim_median": 0.009736899337529744,
  "pred_shift_rel_l2_mean": 0.05783415411133319,
  "pred_shift_rel_l2_ci95": 0.011744988124453886,
  "pred_shift_rel_l2_median": 0.05232645943760872,
  "init_shift_rel_l2_mean": 0.04228304990101606,
  "init_shift_rel_l2_ci95": 0.006723126360453964,
  "init_shift_rel_l2_median": 0.041657522320747375,
  "delta_l2_mean": 12.820081770420074,
  "delta_l2_ci95": 2.3645972979776275e-07,
  "delta_l2_median": 12.82008171081543,
  "delta_linf_mean": 0.2986090797930956,
  "delta_linf_ci95": 0.009855650516126717,
  "delta_linf_median": 0.2920804023742676,
  "delta_mean_abs_mean": 0.04904934228397906,
  "delta_mean_abs_ci95": 5.087123845382063e-05,
  "delta_mean_abs_median": 0.04902354255318642,
  "delta_rel_l2_mean": 0.010424607029587158,
  "delta_rel_l2_ci95": 0.0016962304114458491,
  "delta_rel_l2_median": 0.010071145695370879,
  "success_rel_l2_mean": 0.0,
  "success_rel_l2_ci95": 0.0,
  "success_rel_l2_median": 0.0,
  "success_mse_mean": 0.0,
  "success_mse_ci95": 0.0,
  "success_mse_median": 0.0,
  "clean_e_ran_l2_mean": 47.75946801900864,
  "clean_e_ran_l2_ci95": 7.512926833326912,
  "clean_e_ran_l2_median": 40.83388900756836,
  "clean_e_nul_l2_mean": 32.48372036218643,
  "clean_e_nul_l2_ci95": 6.320993333660962,
  "clean_e_nul_l2_median": 26.372713088989258,
  "clean_e_ran_frac_mean": 0.8362930485994584,
  "clean_e_ran_frac_ci95": 0.008916902978395268,
  "clean_e_ran_frac_median": 0.8354798602137178,
  "clean_e_nul_frac_mean": 0.546219846619368,
  "clean_e_nul_frac_ci95": 0.014152060669362455,
  "clean_e_nul_frac_median": 0.5495179840178324,
  "adv_e_ran_l2_mean": 49.15068727731705,
  "adv_e_ran_l2_ci95": 7.526864966358406,
  "adv_e_ran_l2_median": 42.21029090881348,
  "adv_e_nul_l2_mean": 33.575995832681656,
  "adv_e_nul_l2_ci95": 6.32529175785072,
  "adv_e_nul_l2_median": 27.452848434448242,
  "adv_e_ran_frac_mean": 0.834445643718364,
  "adv_e_ran_frac_ci95": 0.00851856001593485,
  "adv_e_ran_frac_median": 0.834477751620283,
  "adv_e_nul_frac_mean": 0.5492439164141436,
  "adv_e_nul_frac_ci95": 0.01338628339257556,
  "adv_e_nul_frac_median": 0.5510410051665231,
  "attack_runtime_total_sec": 116.5242838524282,
  "attack_runtime_per_example_sec": 3.641383870388381,
  "model_name": "dpnsn_res",
  "attack_name": "adam",
  "norm": "l2",
  "eps": 0.01,
  "eps_actual": 12.820081581359863,
  "attack_init_mode": "exact",
  "eval_init_mode": "exact"
}