{
  "num_examples": 32,
  "gt_norm_mean": 22.48570889234543,
  "gt_norm_ci95": 3.7267142366218637,
  "gt_norm_median": 20.150904655456543,
  "gt_norm_q25": 16.28321075439453,
  "gt_norm_q75": 23.551395893096924,
  "clean_mse_mean": 0.07503052800893784,
  "clean_mse_ci95": 0.04452974944610082,
  "clean_mse_median": 0.032751645892858505,
  "clean_mse_q25": 0.02012743568047881,
  "clean_mse_q75": 0.06278177816420794,
  "adv_mse_mean": 0.5556062820833176,
  "adv_mse_ci95": 0.249881864164525,
  "adv_mse_median": 0.2673851549625397,
  "adv_mse_q25": 0.17827360704541206,
  "adv_mse_q75": 0.5212300419807434,
  "mse_ratio_mean": 8.533524559079481,
  "mse_ratio_ci95": 0.44580744752610935,
  "mse_ratio_median": 8.611259810903789,
  "mse_ratio_q25": 7.641339701482704,
  "mse_ratio_q75": 9.440734656644345,
  "clean_rel_l2_mean": 1.2561786845326424,
  "clean_rel_l2_ci95": 0.0640374882603003,
  "clean_rel_l2_median": 1.225469172000885,
  "clean_rel_l2_q25": 1.1104506850242615,
  "clean_rel_l2_q75": 1.3366803526878357,
  "adv_rel_l2_mean": 3.632972478866577,
  "adv_rel_l2_ci95": 0.1381219912091853,
  "adv_rel_l2_median": 3.6216001510620117,
  "adv_rel_l2_q25": 3.32687246799469,
  "adv_rel_l2_q75": 3.9677737951278687,
  "rel_l2_ratio_mean": 2.912673458203975,
  "rel_l2_ratio_ci95": 0.07860334346727138,
  "rel_l2_ratio_median": 2.934261751095957,
  "rel_l2_ratio_q25": 2.7642924615211824,
  "rel_l2_ratio_q75": 3.072454762186677,
  "clean_psnr_mean": 10.117933035592303,
  "clean_psnr_ci95": 1.2892230908580953,
  "clean_psnr_median": 10.279858860575006,
  "clean_psnr_q25": 7.8088903407529555,
  "clean_psnr_q75": 13.257571736939362,
  "adv_psnr_mean": 0.8588927002201177,
  "adv_psnr_ci95": 1.1434514782727179,
  "adv_psnr_median": 1.0215586610300296,
  "adv_psnr_q25": -1.3415763949614683,
  "adv_psnr_q75": 3.4931132149545605,
  "clean_ssim_mean": 0.05790533329115139,
  "clean_ssim_ci95": 0.002717853425959544,
  "clean_ssim_median": 0.05736918270219406,
  "clean_ssim_q25": 0.05401710889742473,
  "clean_ssim_q75": 0.06294109070401308,
  "adv_ssim_mean": 0.00048162142023668584,
  "adv_ssim_ci95": 0.0017734900619225933,
  "adv_ssim_median": -6.316474758295541e-05,
  "adv_ssim_q25": -0.0033736638804114467,
  "adv_ssim_q75": 0.0039815486402304395,
  "clean_mae_mean": 0.17822798434644938,
  "clean_mae_ci95": 0.040403309387756235,
  "clean_mae_median": 0.14010406285524368,
  "clean_mae_q25": 0.1092972420156002,
  "clean_mae_q75": 0.19400688633322716,
  "adv_mae_mean": 0.4712291359901428,
  "adv_mae_ci95": 0.08966797086771211,
  "adv_mae_median": 0.38921181857585907,
  "adv_mae_q25": 0.3072730004787445,
  "adv_mae_q75": 0.5132473781704903,
  "clean_nrmse_mean": 0.3428332367782697,
  "clean_nrmse_ci95": 0.056964340478248,
  "clean_nrmse_median": 0.30678963326641207,
  "clean_nrmse_q25": 0.21733336954794127,
  "clean_nrmse_q75": 0.4069671668277296,
  "adv_nrmse_mean": 0.9729816467052654,
  "adv_nrmse_ci95": 0.13417614440428452,
  "adv_nrmse_median": 0.889562155695186,
  "adv_nrmse_q25": 0.6689396908793426,
  "adv_nrmse_q75": 1.167021893240749,
  "clean_max_err_mean": 1.070324175991118,
  "clean_max_err_ci95": 0.2362914710135724,
  "clean_max_err_median": 0.8442934155464172,
  "clean_max_err_q25": 0.6868633329868317,
  "clean_max_err_q75": 1.166927456855774,
  "adv_max_err_mean": 4.651916038244963,
  "adv_max_err_ci95": 0.9937617314354011,
  "adv_max_err_median": 3.5384175777435303,
  "adv_max_err_q25": 2.9935116171836853,
  "adv_max_err_q75": 5.526935815811157,
  "clean_init_rel_l2_mean": 1.2768600173294544,
  "clean_init_rel_l2_ci95": 0.06145374216922123,
  "clean_init_rel_l2_median": 1.2511871457099915,
  "clean_init_rel_l2_q25": 1.1422662138938904,
  "clean_init_rel_l2_q75": 1.357904314994812,
  "adv_init_rel_l2_mean": 3.205136075615883,
  "adv_init_rel_l2_ci95": 0.11641917626134368,
  "adv_init_rel_l2_median": 3.1666250228881836,
  "adv_init_rel_l2_q25": 3.017180919647217,
  "adv_init_rel_l2_q75": 3.4751773476600647,
  "init_rel_l2_ratio_mean": 2.541501772035527,
  "init_rel_l2_ratio_ci95": 0.11519322794829409,
  "init_rel_l2_ratio_median": 2.618421778378094,
  "init_rel_l2_ratio_q25": 2.343750004905557,
  "init_rel_l2_ratio_q75": 2.7488663962497486,
  "clean_init_psnr_mean": 9.966758356110383,
  "clean_init_psnr_ci95": 1.2678164241493421,
  "clean_init_psnr_median": 10.044764355147933,
  "clean_init_psnr_q25": 7.77267796280662,
  "clean_init_psnr_q75": 12.971222698647555,
  "adv_init_psnr_mean": 1.9429819002983955,
  "adv_init_psnr_ci95": 0.9887432856398221,
  "adv_init_psnr_median": 2.216595560133465,
  "adv_init_psnr_q25": -0.07857868867825407,
  "adv_init_psnr_q75": 4.541434862424588,
  "clean_init_ssim_mean": 0.045894530813646195,
  "clean_init_ssim_ci95": 0.0029810721766441116,
  "clean_init_ssim_median": 0.04412002243173,
  "clean_init_ssim_q25": 0.0400464820982077,
  "clean_init_ssim_q75": 0.05181353231477137,
  "adv_init_ssim_mean": 0.017230815325811312,
  "adv_init_ssim_ci95": 0.0020170397334158593,
  "adv_init_ssim_median": 0.017033606561074464,
  "adv_init_ssim_q25": 0.015160175026056719,
  "adv_init_ssim_q75": 0.02076266775423966,
  "clean_init_mae_mean": 0.18155068787746131,
  "clean_init_mae_ci95": 0.040424957000169584,
  "clean_init_mae_median": 0.1451817750930786,
  "clean_init_mae_q25": 0.11259804293513298,
  "clean_init_mae_q75": 0.19700151309370995,
  "adv_init_mae_mean": 0.435215110424906,
  "adv_init_mae_ci95": 0.07820343646669344,
  "adv_init_mae_median": 0.3568742275238037,
  "adv_init_mae_q25": 0.29187240451574326,
  "adv_init_mae_q75": 0.47973330318927765,
  "pred_shift_rel_l2_mean": 2.157809305936098,
  "pred_shift_rel_l2_ci95": 0.05007298555606668,
  "pred_shift_rel_l2_median": 2.194349765777588,
  "pred_shift_rel_l2_q25": 2.087703824043274,
  "pred_shift_rel_l2_q75": 2.221814513206482,
  "init_shift_rel_l2_mean": 1.8998440206050873,
  "init_shift_rel_l2_ci95": 0.0766568051677682,
  "init_shift_rel_l2_median": 1.9329638481140137,
  "init_shift_rel_l2_q25": 1.7837316393852234,
  "init_shift_rel_l2_q75": 2.0645111799240112,
  "delta_l2_mean": 69.49694508314133,
  "delta_l2_ci95": 13.40818737163689,
  "delta_l2_median": 55.824188232421875,
  "delta_l2_q25": 44.03505897521973,
  "delta_l2_q75": 77.56232643127441,
  "delta_linf_mean": 2.6044195853173733,
  "delta_linf_ci95": 0.4834270697848311,
  "delta_linf_median": 2.1658471822738647,
  "delta_linf_q25": 1.739089012145996,
  "delta_linf_q75": 3.038211405277252,
  "delta_mean_abs_mean": 0.24873434496112168,
  "delta_mean_abs_ci95": 0.04667739404871489,
  "delta_mean_abs_median": 0.201028011739254,
  "delta_mean_abs_q25": 0.15978272631764412,
  "delta_mean_abs_q75": 0.28263790905475616,
  "delta_rel_l2_mean": 0.049560610375482705,
  "delta_rel_l2_ci95": 0.000861218011015764,
  "delta_rel_l2_median": 0.050000006803590846,
  "delta_rel_l2_q25": 0.050000003429300346,
  "delta_rel_l2_q75": 0.05000000929836574,
  "success_rel_l2_mean": 1.0,
  "success_rel_l2_ci95": 0.0,
  "success_rel_l2_median": 1.0,
  "success_rel_l2_q25": 1.0,
  "success_rel_l2_q75": 1.0,
  "success_mse_mean": 1.0,
  "success_mse_ci95": 0.0,
  "success_mse_median": 1.0,
  "success_mse_q25": 1.0,
  "success_mse_q75": 1.0,
  "clean_e_ran_l2_mean": 29.473533749580383,
  "clean_e_ran_l2_ci95": 6.680372437436268,
  "clean_e_ran_l2_median": 23.156664848327637,
  "clean_e_ran_l2_q25": 18.157376766204834,
  "clean_e_ran_l2_q75": 32.05737113952637,
  "clean_e_nul_l2_mean": 0.39166899328120053,
  "clean_e_nul_l2_ci95": 0.20359174983594364,
  "clean_e_nul_l2_median": 0.22786159068346024,
  "clean_e_nul_l2_q25": 0.15035904571413994,
  "clean_e_nul_l2_q75": 0.39371372759342194,
  "clean_e_ran_frac_mean": 0.999921482436053,
  "clean_e_ran_frac_ci95": 3.55785716482393e-05,
  "clean_e_ran_frac_median": 0.9999636818282296,
  "clean_e_ran_frac_q25": 0.999920868281627,
  "clean_e_ran_frac_q75": 0.9999725439696822,
  "clean_e_nul_frac_mean": 0.011028568462356713,
  "clean_e_nul_frac_ci95": 0.002094095715502086,