{
  "num_examples": 32,
  "gt_norm_mean": 24.628406435251236,
  "gt_norm_ci95": 3.042906305918084,
  "gt_norm_median": 24.647866249084473,
  "clean_mse_mean": 0.0001579060611334171,
  "clean_mse_ci95": 4.7557499549713335e-05,
  "clean_mse_median": 0.00010951803415082395,
  "adv_mse_mean": 0.012925820796226617,
  "adv_mse_ci95": 0.004979001568857984,
  "adv_mse_median": 0.0067256721667945385,
  "mse_ratio_mean": 120.55215028001176,
  "mse_ratio_ci95": 62.300701748942025,
  "mse_ratio_median": 72.09135799154072,
  "clean_rel_l2_mean": 0.06190707755740732,
  "clean_rel_l2_ci95": 0.005555665749948059,
  "clean_rel_l2_median": 0.05788412503898144,
  "adv_rel_l2_mean": 0.5569492317736149,
  "adv_rel_l2_ci95": 0.10233805053403794,
  "adv_rel_l2_median": 0.5038711726665497,
  "rel_l2_ratio_mean": 9.43630564114996,
  "rel_l2_ratio_ci95": 1.9760029006039719,
  "rel_l2_ratio_median": 8.489688288856387,
  "clean_psnr_mean": 35.303224168630855,
  "clean_psnr_ci95": 0.9921895445964676,
  "clean_psnr_median": 35.02381588998257,
  "adv_psnr_mean": 17.11024981911752,
  "adv_psnr_ci95": 2.021962535728022,
  "adv_psnr_median": 18.06690929293733,
  "clean_ssim_mean": 0.8972499401875316,
  "clean_ssim_ci95": 0.016656206385257485,
  "clean_ssim_median": 0.9013179267192992,
  "adv_ssim_mean": 0.5187006361061334,
  "adv_ssim_ci95": 0.06555639671755233,
  "adv_ssim_median": 0.5532858382292161,
  "pred_shift_rel_l2_mean": 0.5415706266649067,
  "pred_shift_rel_l2_ci95": 0.10335890891193106,
  "pred_shift_rel_l2_median": 0.49224692583084106,
  "init_shift_rel_l2_mean": 0.9876968115568161,
  "init_shift_rel_l2_ci95": 0.11376052781852057,
  "init_shift_rel_l2_median": 0.8940876126289368,
  "delta_l2_mean": 36.993969202041626,
  "delta_l2_ci95": 0.7853662052542477,
  "delta_l2_median": 36.78185844421387,
  "delta_linf_mean": 1.3706335686147213,
  "delta_linf_ci95": 0.08354779710292069,
  "delta_linf_median": 1.4105113744735718,
  "delta_mean_abs_mean": 0.13251738878898323,
  "delta_mean_abs_ci95": 0.002970394379728423,
  "delta_mean_abs_median": 0.13275139033794403,
  "success_rel_l2_mean": 1.0,
  "success_rel_l2_ci95": 0.0,
  "success_rel_l2_median": 1.0,
  "success_mse_mean": 1.0,
  "success_mse_ci95": 0.0,
  "success_mse_median": 1.0,
  "clean_e_ran_l2_mean": 1.1388916131109,
  "clean_e_ran_l2_ci95": 0.14754879217927835,
  "clean_e_ran_l2_median": 1.0623007416725159,
  "clean_e_nul_l2_mean": 0.9665594641119242,
  "clean_e_nul_l2_ci95": 0.14941114033436864,
  "clean_e_nul_l2_median": 0.8540297746658325,
  "clean_e_ran_frac_mean": 0.766981040007146,
  "clean_e_ran_frac_ci95": 0.01654866871457909,
  "clean_e_ran_frac_median": 0.7730783239063108,
  "clean_e_nul_frac_mean": 0.6378886755950866,
  "clean_e_nul_frac_ci95": 0.01804705379832677,
  "clean_e_nul_frac_median": 0.6343100344394725,
  "adv_e_ran_l2_mean": 6.324309520423412,
  "adv_e_ran_l2_ci95": 0.9139845394449561,
  "adv_e_ran_l2_median": 5.865357398986816,
  "adv_e_nul_l2_mean": 11.10516431927681,
  "adv_e_nul_l2_ci95": 2.273611889311605,
  "adv_e_nul_l2_median": 8.647501468658447,
  "adv_e_ran_frac_mean": 0.5308674473117421,
  "adv_e_ran_frac_ci95": 0.041102896507842705,
  "adv_e_ran_frac_median": 0.5209754916645795,
  "adv_e_nul_frac_mean": 0.8348428050099567,
  "adv_e_nul_frac_ci95": 0.030657068775219457,
  "adv_e_nul_frac_median": 0.8535582172482477,
  "attack_runtime_total_sec": 40.9357438609004,
  "attack_runtime_per_example_sec": 1.2792419956531376,
  "model_name": "resnet",
  "attack_name": "adam",
  "norm": "l2",
  "eps": 1.0,
  "attack_init_mode": "exact",
  "eval_init_mode": "exact"
}