{
  "num_examples": 32,
  "gt_norm_mean": 24.628406435251236,
  "gt_norm_ci95": 3.042906305918084,
  "gt_norm_median": 24.647866249084473,
  "clean_mse_mean": 0.025937196536688134,
  "clean_mse_ci95": 0.007513254702804834,
  "clean_mse_median": 0.01994071528315544,
  "adv_mse_mean": 0.02610961819300428,
  "adv_mse_ci95": 0.007517802001812869,
  "adv_mse_median": 0.020170392468571663,
  "mse_ratio_mean": 1.0095912615089133,
  "mse_ratio_ci95": 0.002289468072985385,
  "mse_ratio_median": 1.0084662884083242,
  "clean_rel_l2_mean": 0.7825683243572712,
  "clean_rel_l2_ci95": 0.030031656136485417,
  "clean_rel_l2_median": 0.8045099377632141,
  "adv_rel_l2_mean": 0.7861866429448128,
  "adv_rel_l2_ci95": 0.029801193876687275,
  "adv_rel_l2_median": 0.8068263530731201,
  "rel_l2_ratio_mean": 1.004779001335631,
  "rel_l2_ratio_ci95": 0.0011378579357369859,
  "rel_l2_ratio_median": 1.0042242177825216,
  "clean_psnr_mean": 13.099721368025856,
  "clean_psnr_ci95": 0.7984825785548999,
  "clean_psnr_median": 13.247261815932855,
  "adv_psnr_mean": 13.058355368966893,
  "adv_psnr_ci95": 0.7947189583505094,
  "adv_psnr_median": 13.2317273406258,
  "clean_ssim_mean": 0.3482742674653818,
  "clean_ssim_ci95": 0.028903993989279335,
  "clean_ssim_median": 0.33988664737501245,
  "adv_ssim_mean": 0.34285249986173055,
  "adv_ssim_ci95": 0.028545403664447227,
  "adv_ssim_median": 0.3333580680480052,
  "pred_shift_rel_l2_mean": 0.03439774949220009,
  "pred_shift_rel_l2_ci95": 0.007291732793641416,
  "pred_shift_rel_l2_median": 0.02913199830800295,
  "init_shift_rel_l2_mean": 0.016322860290529206,
  "init_shift_rel_l2_ci95": 0.002416397915264461,
  "init_shift_rel_l2_median": 0.01516831899061799,
  "delta_l2_mean": 37.19489228725433,
  "delta_l2_ci95": 1.2474212370356736,
  "delta_l2_median": 37.56709289550781,
  "delta_linf_mean": 0.6778469625860453,
  "delta_linf_ci95": 0.038727457120337934,
  "delta_linf_median": 0.6643505096435547,
  "delta_mean_abs_mean": 0.1374832410365343,
  "delta_mean_abs_ci95": 0.006033730209049168,
  "delta_mean_abs_median": 0.14014996588230133,
  "success_rel_l2_mean": 0.0,
  "success_rel_l2_ci95": 0.0,
  "success_rel_l2_median": 0.0,
  "success_mse_mean": 0.0,
  "success_mse_ci95": 0.0,
  "success_mse_median": 0.0,
  "clean_e_ran_l2_mean": 18.249845296144485,
  "clean_e_ran_l2_ci95": 2.4838548760376757,
  "clean_e_ran_l2_median": 16.669723510742188,
  "clean_e_nul_l2_mean": 5.657114218920469,
  "clean_e_nul_l2_ci95": 1.1193003571463915,
  "clean_e_nul_l2_median": 5.1226794719696045,
  "clean_e_ran_frac_mean": 0.9481144275023348,
  "clean_e_ran_frac_ci95": 0.017145385840785093,
  "clean_e_ran_frac_median": 0.9578523830180893,
  "clean_e_nul_frac_mean": 0.29166198642619157,
  "clean_e_nul_frac_ci95": 0.04111365508221794,
  "clean_e_nul_frac_median": 0.2872604390245822,
  "adv_e_ran_l2_mean": 18.31846386194229,
  "adv_e_ran_l2_ci95": 2.479605585819977,
  "adv_e_ran_l2_median": 16.755754470825195,
  "adv_e_nul_l2_mean": 5.68825663626194,
  "adv_e_nul_l2_ci95": 1.1266151627334586,
  "adv_e_nul_l2_median": 5.1239330768585205,
  "adv_e_ran_frac_mean": 0.9478725109595221,
  "adv_e_ran_frac_ci95": 0.01728857849438238,
  "adv_e_ran_frac_median": 0.9577765711383297,
  "adv_e_nul_frac_mean": 0.2920054657506238,
  "adv_e_nul_frac_ci95": 0.04144145391705123,
  "adv_e_nul_frac_median": 0.28751033671374904,
  "attack_runtime_total_sec": 40.924300238490105,
  "attack_runtime_per_example_sec": 1.2788843824528158,
  "model_name": "resnet",
  "attack_name": "adam",
  "norm": "l2",
  "eps": 1.0,
  "attack_init_mode": "exact",
  "eval_init_mode": "exact"
}