{
  "num_examples": 32,
  "clean_mse_mean": 0.007685186516422249,
  "clean_mse_ci95": 0.0038186115290053608,
  "clean_mse_median": 0.0031075995648279786,
  "adv_mse_mean": 0.009750581737534958,
  "adv_mse_ci95": 0.003964996614736484,
  "adv_mse_median": 0.0060067931190133095,
  "mse_ratio_mean": 294.3413644795806,
  "mse_ratio_ci95": 569.2930099197442,
  "mse_ratio_median": 1.489581839136992,
  "clean_rel_l2_mean": 4272498191.0126595,
  "clean_rel_l2_ci95": 8374096453.151302,
  "clean_rel_l2_median": 0.6290063100033365,
  "adv_rel_l2_mean": 411986291409.447,
  "adv_rel_l2_ci95": 807493131160.6787,
  "adv_rel_l2_median": 0.7720426779494354,
  "rel_l2_ratio_mean": 4.490468299736844,
  "rel_l2_ratio_ci95": 5.828956321356312,
  "rel_l2_ratio_median": 1.2204423276532816,
  "clean_psnr_mean": 26.57807020797403,
  "clean_psnr_ci95": 3.2791353129523655,
  "clean_psnr_median": 25.083314248672643,
  "adv_psnr_mean": 22.875116229377888,
  "adv_psnr_ci95": 1.9058239377629527,
  "adv_psnr_median": 22.21457941960417,
  "clean_ssim_mean": 0.49732057299742044,
  "clean_ssim_ci95": 0.10069747957178261,
  "clean_ssim_median": 0.43736258122353433,
  "adv_ssim_mean": 0.3780934878972333,
  "adv_ssim_ci95": 0.07942374880637713,
  "adv_ssim_median": 0.30464869555535984,
  "pred_shift_rel_l2_mean": 3.7948481870061563,
  "pred_shift_rel_l2_ci95": 5.868220491063181,
  "pred_shift_rel_l2_median": 0.528310389989223,
  "init_shift_rel_l2_mean": 46234175563.10875,
  "init_shift_rel_l2_ci95": 90618984103.18701,
  "init_shift_rel_l2_median": 0.20294202644503595,
  "delta_l2_mean": 24.355814218521118,
  "delta_l2_ci95": 1.629723786519765,
  "delta_l2_median": 24.08458423614502,
  "delta_linf_mean": 0.4377397485077381,
  "delta_linf_ci95": 0.004641544997406657,
  "delta_linf_median": 0.4382791668176651,
  "delta_mean_abs_mean": 0.07747787050902843,
  "delta_mean_abs_ci95": 0.006853388624893478,
  "delta_mean_abs_median": 0.07799052074551582,
  "success_rel_l2_mean": 0.25,
  "success_rel_l2_ci95": 0.1524318991253725,
  "success_rel_l2_median": 0.0,
  "success_mse_mean": 0.25,
  "success_mse_ci95": 0.1524318991253725,
  "success_mse_median": 0.0,
  "attack_runtime_total_sec": 14.99759135581553,
  "attack_runtime_per_example_sec": 0.4686747298692353,
  "model_name": "dpnsn",
  "attack_name": "adam",
  "norm": "l2",
  "eps": 1.0,
  "attack_init_mode": "surrogate",
  "eval_init_mode": "exact"
}