{
  "num_examples": 32,
  "clean_mse_mean": 0.0004536954741070076,
  "clean_mse_ci95": 0.00012186125493293089,
  "clean_mse_median": 0.0003083281626459211,
  "adv_mse_mean": 0.02602879254573054,
  "adv_mse_ci95": 0.009699579991203236,
  "adv_mse_median": 0.015890668146312237,
  "mse_ratio_mean": 79.14858662434392,
  "mse_ratio_ci95": 35.433630053866764,
  "mse_ratio_median": 57.0948236604646,
  "clean_rel_l2_mean": 0.2212820755599058,
  "clean_rel_l2_ci95": 0.03584591336510209,
  "clean_rel_l2_median": 0.17956182742511576,
  "adv_rel_l2_mean": 1.7567251349118647,
  "adv_rel_l2_ci95": 0.767753402586362,
  "adv_rel_l2_median": 1.1601001056055438,
  "rel_l2_ratio_mean": 7.537067519062669,
  "rel_l2_ratio_ci95": 1.663904788593623,
  "rel_l2_ratio_median": 7.55479052662067,
  "clean_psnr_mean": 34.75452893004686,
  "clean_psnr_ci95": 1.232885125764018,
  "clean_psnr_median": 35.13694128179338,
  "adv_psnr_mean": 19.3679961322758,
  "adv_psnr_ci95": 2.3103441753842375,
  "adv_psnr_median": 17.991617593684335,
  "clean_ssim_mean": 0.8182823946076918,
  "clean_ssim_ci95": 0.03549905178297096,
  "clean_ssim_median": 0.8677471816722224,
  "adv_ssim_mean": 0.36682784032744065,
  "adv_ssim_ci95": 0.0740610823268251,
  "adv_ssim_median": 0.35274163216403176,
  "pred_shift_rel_l2_mean": 1.7079966217712221,
  "pred_shift_rel_l2_ci95": 0.8455813092936281,
  "pred_shift_rel_l2_median": 1.1174618123774214,
  "init_shift_rel_l2_mean": 0.2702720543734219,
  "init_shift_rel_l2_ci95": 0.07728123761737532,
  "init_shift_rel_l2_median": 0.19153787353043464,
  "delta_l2_mean": 27.609033167362213,
  "delta_l2_ci95": 1.4295042565942893,
  "delta_l2_median": 26.915395736694336,
  "delta_linf_mean": 0.45230656303465366,
  "delta_linf_ci95": 0.004988537671744642,
  "delta_linf_median": 0.45741796493530273,
  "delta_mean_abs_mean": 0.09057101304642856,
  "delta_mean_abs_ci95": 0.005690445991200038,
  "delta_mean_abs_median": 0.08858384564518929,
  "success_rel_l2_mean": 0.90625,
  "success_rel_l2_ci95": 0.10260886233182911,
  "success_rel_l2_median": 1.0,
  "success_mse_mean": 0.9375,
  "success_mse_ci95": 0.08521202209593091,
  "success_mse_median": 1.0,
  "attack_runtime_total_sec": 11.717714684084058,
  "attack_runtime_per_example_sec": 0.3661785838776268,
  "model_name": "dpnsn",
  "attack_name": "adam",
  "norm": "l2",
  "eps": 1.0,
  "attack_init_mode": "surrogate",
  "eval_init_mode": "exact"
}