{
  "num_examples": 32,
  "clean_mse_mean": 481042.29010009766,
  "clean_mse_ci95": 191102.22804988662,
  "clean_mse_median": 170216.703125,
  "adv_mse_mean": 4128478892.0,
  "adv_mse_ci95": 1146619406.7949479,
  "adv_mse_median": 3367013888.0,
  "mse_ratio_mean": 110380.74013789179,
  "mse_ratio_ci95": 65450.24968869281,
  "mse_ratio_median": 21996.22265614412,
  "clean_rel_l2_mean": 6152.2724877958535,
  "clean_rel_l2_ci95": 902.757485739256,
  "clean_rel_l2_median": 5639.468148181167,
  "adv_rel_l2_mean": 1282038.4734553685,
  "adv_rel_l2_ci95": 440237.7701002508,
  "adv_rel_l2_median": 894929.9275463566,
  "rel_l2_ratio_mean": 232.7296125284413,
  "rel_l2_ratio_ci95": 83.46638912991018,
  "rel_l2_ratio_median": 148.0451175063004,
  "clean_psnr_mean": -55.31269919583717,
  "clean_psnr_ci95": 2.568963603497898,
  "clean_psnr_median": -54.95923981945644,
  "adv_psnr_mean": -97.98367689895713,
  "adv_psnr_ci95": 1.2656879907265899,
  "adv_psnr_median": -98.65807932008019,
  "clean_ssim_mean": 4.173527001395012e-06,
  "clean_ssim_ci95": 4.7707168273006315e-06,
  "clean_ssim_median": 1.5828158883745534e-07,
  "adv_ssim_mean": 2.386309491897746e-10,
  "adv_ssim_ci95": 4.0620931146612797e-10,
  "adv_ssim_median": 6.956806747480493e-12,
  "pred_shift_rel_l2_mean": 231.82799237693104,
  "pred_shift_rel_l2_ci95": 83.48296403281367,
  "pred_shift_rel_l2_median": 147.18909766480738,
  "init_shift_rel_l2_mean": 10.470895481565577,
  "init_shift_rel_l2_ci95": 3.1923364501472267,
  "init_shift_rel_l2_median": 7.945752985679313,
  "delta_l2_mean": 25.878518760204315,
  "delta_l2_ci95": 2.7638698184470393e-06,
  "delta_l2_median": 25.878520965576172,
  "delta_linf_mean": 0.7455113772302866,
  "delta_linf_ci95": 0.05338159815832846,
  "delta_linf_median": 0.6969394385814667,
  "delta_mean_abs_mean": 0.09572217077948153,
  "delta_mean_abs_ci95": 0.0006599754917482065,
  "delta_mean_abs_median": 0.09617385640740395,
  "success_rel_l2_mean": 1.0,
  "success_rel_l2_ci95": 0.0,
  "success_rel_l2_median": 1.0,
  "success_mse_mean": 1.0,
  "success_mse_ci95": 0.0,
  "success_mse_median": 1.0,
  "clean_e_ran_l2_mean": 2210.8474130630493,
  "clean_e_ran_l2_ci95": 565.5150806683324,
  "clean_e_ran_l2_median": 1502.0845947265625,
  "clean_e_nul_l2_mean": 72382.01657104492,
  "clean_e_nul_l2_ci95": 18069.52013123227,
  "clean_e_nul_l2_median": 52635.892578125,
  "clean_e_ran_frac_mean": 0.030848823578820676,
  "clean_e_ran_frac_ci95": 0.0014655741876535523,
  "clean_e_ran_frac_median": 0.030758356412116668,
  "clean_e_nul_frac_mean": 0.9995153792927087,
  "clean_e_nul_frac_ci95": 4.82440870320063e-05,
  "clean_e_nul_frac_median": 0.9995268411400953,
  "adv_e_ran_l2_mean": 12881.015655517578,
  "adv_e_ran_l2_ci95": 288.13069306147213,
  "adv_e_ran_l2_median": 12858.95654296875,
  "adv_e_nul_l2_mean": 7691566.296875,
  "adv_e_nul_l2_ci95": 1025154.226832119,
  "adv_e_nul_l2_median": 7426876.75,
  "adv_e_ran_frac_mean": 0.0019306872334953476,
  "adv_e_ran_frac_ci95": 0.0002686678619139744,
  "adv_e_ran_frac_median": 0.0017357529180755144,
  "adv_e_nul_frac_mean": 0.9999978442950517,
  "adv_e_nul_frac_ci95": 6.131208211213717e-07,
  "adv_e_nul_frac_median": 0.9999984500170886,
  "attack_runtime_total_sec": 17.29468271136284,
  "attack_runtime_per_example_sec": 0.5404588347300887,
  "model_name": "dpnsn",
  "attack_name": "adam",
  "norm": "l2",
  "eps": 1.0,
  "attack_init_mode": "surrogate",
  "eval_init_mode": "exact"
}