{
  "num_examples": 32,
  "clean_mse_mean": 3379735.96484375,
  "clean_mse_ci95": 548745.087406892,
  "clean_mse_median": 2972468.5,
  "adv_mse_mean": 4681282024.0,
  "adv_mse_ci95": 1115489927.7841542,
  "adv_mse_median": 3254051584.0,
  "mse_ratio_mean": 1817.537568201527,
  "mse_ratio_ci95": 620.8485432247599,
  "mse_ratio_median": 1300.7147710939912,
  "clean_rel_l2_mean": 5705.872860033421,
  "clean_rel_l2_ci95": 365.9639219376175,
  "clean_rel_l2_median": 5705.4605390307515,
  "adv_rel_l2_mean": 214255.20165171928,
  "adv_rel_l2_ci95": 28517.28526781897,
  "adv_rel_l2_median": 208302.7705733779,
  "rel_l2_ratio_mean": 38.999698469600844,
  "rel_l2_ratio_ci95": 6.062227644483513,
  "rel_l2_ratio_median": 36.06237573791438,
  "clean_psnr_mean": -64.87624041729688,
  "clean_psnr_ci95": 0.6530856828485591,
  "clean_psnr_median": -64.73116074379233,
  "adv_psnr_mean": -95.91595166403587,
  "adv_psnr_ci95": 0.8806603610949814,
  "adv_psnr_median": -95.12134908402426,
  "clean_ssim_mean": 3.32214097598309e-06,
  "clean_ssim_ci95": 2.832442695995768e-06,
  "clean_ssim_median": 1.5781965796345856e-06,
  "adv_ssim_mean": 9.033827901930143e-09,
  "adv_ssim_ci95": 1.2577643699584642e-08,
  "adv_ssim_median": 1.2766799259944454e-09,
  "pred_shift_rel_l2_mean": 38.099144308347604,
  "pred_shift_rel_l2_ci95": 6.075455173745976,
  "pred_shift_rel_l2_median": 35.16413046742526,
  "init_shift_rel_l2_mean": 2.8296562306057056,
  "init_shift_rel_l2_ci95": 0.17156730921119825,
  "init_shift_rel_l2_median": 2.8465447113484483,
  "delta_l2_mean": 41.02549350261688,
  "delta_l2_ci95": 0.8554447471876211,
  "delta_l2_median": 41.31970977783203,
  "delta_linf_mean": 1.1563902385532856,
  "delta_linf_ci95": 0.06628180236133757,
  "delta_linf_median": 1.0862545371055603,
  "delta_mean_abs_mean": 0.14990154793486,
  "delta_mean_abs_ci95": 0.003693465008699974,
  "delta_mean_abs_median": 0.1503477767109871,
  "success_rel_l2_mean": 1.0,
  "success_rel_l2_ci95": 0.0,
  "success_rel_l2_median": 1.0,
  "success_mse_mean": 1.0,
  "success_mse_ci95": 0.0,
  "success_mse_median": 1.0,
  "clean_e_ran_l2_mean": 6982.436416625977,
  "clean_e_ran_l2_ci95": 406.25450940633715,
  "clean_e_ran_l2_median": 6591.001708984375,
  "clean_e_nul_l2_mean": 229595.96337890625,
  "clean_e_nul_l2_ci95": 17981.59108707161,
  "clean_e_nul_l2_median": 220592.453125,
  "clean_e_ran_frac_mean": 0.030994439399765105,
  "clean_e_ran_frac_ci95": 0.001492122791982529,
  "clean_e_ran_frac_median": 0.031122687390618443,
  "clean_e_nul_frac_mean": 0.9995105433105369,
  "clean_e_nul_frac_ci95": 4.951984844044558e-05,
  "clean_e_nul_frac_median": 0.9995155569164873,
  "adv_e_ran_l2_mean": 22103.91455078125,
  "adv_e_ran_l2_ci95": 484.41703588409007,
  "adv_e_ran_l2_median": 22113.4755859375,
  "adv_e_nul_l2_mean": 8355835.703125,
  "adv_e_nul_l2_ci95": 923197.9249176313,
  "adv_e_nul_l2_median": 7300417.25,
  "adv_e_ran_frac_mean": 0.002910932133586236,
  "adv_e_ran_frac_ci95": 0.00031813138172896504,
  "adv_e_ran_frac_median": 0.0030879923319940715,
  "adv_e_nul_frac_mean": 0.9999953681617975,
  "adv_e_nul_frac_ci95": 9.386927597935728e-07,
  "adv_e_nul_frac_median": 0.9999951701135077,
  "attack_runtime_total_sec": 17.283199451863766,
  "attack_runtime_per_example_sec": 0.5400999828707427,
  "model_name": "dpnsn",
  "attack_name": "adam",
  "norm": "l2",
  "eps": 1.0,
  "attack_init_mode": "surrogate",
  "eval_init_mode": "exact"
}