{
  "num_examples": 32,
  "clean_mse_mean": 0.020298993011238053,
  "clean_mse_ci95": 0.0021419376733065555,
  "clean_mse_median": 0.020883322693407536,
  "adv_mse_mean": 0.16205341002205387,
  "adv_mse_ci95": 0.03190863322532182,
  "adv_mse_median": 0.1385052651166916,
  "mse_ratio_mean": 8.40393307251826,
  "mse_ratio_ci95": 1.631827749826039,
  "mse_ratio_median": 9.08143979508766,
  "clean_rel_l2_mean": 0.45693662131609386,
  "clean_rel_l2_ci95": 0.01941547743982606,
  "clean_rel_l2_median": 0.46283352842980097,
  "adv_rel_l2_mean": 1.2537545396005139,
  "adv_rel_l2_ci95": 0.13152419831889875,
  "adv_rel_l2_median": 1.3206247263507136,
  "rel_l2_ratio_mean": 2.7720422746472844,
  "rel_l2_ratio_ci95": 0.29864509849161774,
  "rel_l2_ratio_median": 3.0135429834724228,
  "clean_psnr_mean": 17.146817874840632,
  "clean_psnr_ci95": 0.5062702363655758,
  "clean_psnr_median": 16.80205177989327,
  "adv_psnr_mean": 8.75883108452196,
  "adv_psnr_ci95": 1.0331940694635857,
  "adv_psnr_median": 8.585946638076482,
  "clean_ssim_mean": 0.38172875498742975,
  "clean_ssim_ci95": 0.020880272866964734,
  "clean_ssim_median": 0.38808436037096095,
  "adv_ssim_mean": 0.21694466369484278,
  "adv_ssim_ci95": 0.014057631211678474,
  "adv_ssim_median": 0.21339798685202133,
  "pred_shift_rel_l2_mean": 1.5082135861487642,
  "pred_shift_rel_l2_ci95": 0.20395797669408244,
  "pred_shift_rel_l2_median": 1.64549931711836,
  "init_shift_rel_l2_mean": 0.06540456468795036,
  "init_shift_rel_l2_ci95": 0.006352688767802459,
  "init_shift_rel_l2_median": 0.06398287511223143,
  "delta_l2_mean": 36.17234182357788,
  "delta_l2_ci95": 2.7918240937875036,
  "delta_l2_median": 38.10806655883789,
  "delta_linf_mean": 0.46286091208457947,
  "delta_linf_ci95": 0.0039313461289676496,
  "delta_linf_median": 0.4680047035217285,
  "delta_mean_abs_mean": 0.14076904486864805,
  "delta_mean_abs_ci95": 0.011782144611737782,
  "delta_mean_abs_median": 0.14716507494449615,
  "success_rel_l2_mean": 0.875,
  "success_rel_l2_ci95": 0.11642178601131538,
  "success_rel_l2_median": 1.0,
  "success_mse_mean": 0.9375,
  "success_mse_ci95": 0.08521202209593091,
  "success_mse_median": 1.0,
  "clean_e_ran_l2_mean": 15.783659905195236,
  "clean_e_ran_l2_ci95": 1.0440218912467503,
  "clean_e_ran_l2_median": 16.375728607177734,
  "clean_e_nul_l2_mean": 8.005763679742813,
  "clean_e_nul_l2_ci95": 0.5808679324763466,
  "clean_e_nul_l2_median": 8.019813060760498,
  "clean_e_ran_frac_mean": 0.8727948562312837,
  "clean_e_ran_frac_ci95": 0.019732775355205744,
  "clean_e_ran_frac_median": 0.8912495733447312,
  "clean_e_nul_frac_mean": 0.4496663981029616,
  "clean_e_nul_frac_ci95": 0.031785508814288724,
  "clean_e_nul_frac_median": 0.4304484729038318,
  "adv_e_ran_l2_mean": 16.561476290225983,
  "adv_e_ran_l2_ci95": 1.0471806128195407,
  "adv_e_ran_l2_median": 16.602420806884766,
  "adv_e_nul_l2_mean": 45.27371537685394,
  "adv_e_nul_l2_ci95": 5.550193279290029,
  "adv_e_nul_l2_median": 44.66877365112305,
  "adv_e_ran_frac_mean": 0.3662264811010396,
  "adv_e_ran_frac_ci95": 0.04273322233032808,
  "adv_e_ran_frac_median": 0.3079410440056356,
  "adv_e_nul_frac_mean": 0.9042582961822473,
  "adv_e_nul_frac_ci95": 0.021818679300131483,
  "adv_e_nul_frac_median": 0.9315358403843613,
  "attack_runtime_total_sec": 159.1830613836646,
  "attack_runtime_per_example_sec": 4.974470668239519,
  "model_name": "dpnsn",
  "attack_name": "adam",
  "norm": "l2",
  "eps": 1.0,
  "attack_init_mode": "surrogate",
  "eval_init_mode": "exact"
}