{
  "num_examples": 32,
  "clean_mse_mean": 923543.8804977962,
  "clean_mse_ci95": 462022.0641464944,
  "clean_mse_median": 261113.75,
  "adv_mse_mean": 7676363912.0,
  "adv_mse_ci95": 1530626001.7138116,
  "adv_mse_median": 7490177792.0,
  "mse_ratio_mean": 4488877968.609009,
  "mse_ratio_ci95": 8796112343.862381,
  "mse_ratio_median": 30916.740944449026,
  "clean_rel_l2_mean": 920909709919.9696,
  "clean_rel_l2_ci95": 1804983016993.045,
  "clean_rel_l2_median": 6686.668580182564,
  "adv_rel_l2_mean": 3.489884375018732e+17,
  "adv_rel_l2_ci95": 6.840173374998813e+17,
  "adv_rel_l2_median": 1069273.9627931141,
  "rel_l2_ratio_mean": 12284.65850990561,
  "rel_l2_ratio_ci95": 23185.597780829292,
  "rel_l2_ratio_median": 175.8298353678774,
  "clean_psnr_mean": -51.86846722051294,
  "clean_psnr_ci95": 5.295440268111866,
  "clean_psnr_median": -54.16645105589217,
  "adv_psnr_mean": -98.07346384852028,
  "adv_psnr_ci95": 0.9691233293490842,
  "adv_psnr_median": -98.74484546911734,
  "clean_ssim_mean": 0.009162728659159165,
  "clean_ssim_ci95": 0.017861868455590818,
  "clean_ssim_median": 1.3108465895224854e-07,
  "adv_ssim_mean": 3.0201750414956177e-10,
  "adv_ssim_ci95": 7.984494154541617e-10,
  "adv_ssim_median": 1.0743026008219104e-12,
  "pred_shift_rel_l2_mean": 12283.762196712734,
  "pred_shift_rel_l2_ci95": 23185.594383967706,
  "pred_shift_rel_l2_median": 175.01635429205413,
  "init_shift_rel_l2_mean": 598481506347677.6,
  "init_shift_rel_l2_ci95": 1173023752441405.0,
  "init_shift_rel_l2_median": 8.51492065842145,
  "delta_l2_mean": 39.725645780563354,
  "delta_l2_ci95": 0.8039972119369917,
  "delta_l2_median": 41.00157165527344,
  "delta_linf_mean": 1.1750142965465784,
  "delta_linf_ci95": 0.10768669931027428,
  "delta_linf_median": 1.0480276942253113,
  "delta_mean_abs_mean": 0.14680202584713697,
  "delta_mean_abs_ci95": 0.0038625741270481065,
  "delta_mean_abs_median": 0.14982718229293823,
  "success_rel_l2_mean": 1.0,
  "success_rel_l2_ci95": 0.0,
  "success_rel_l2_median": 1.0,
  "success_mse_mean": 1.0,
  "success_mse_ci95": 0.0,
  "success_mse_median": 1.0,
  "clean_e_ran_l2_mean": 2851.31943561323,
  "clean_e_ran_l2_ci95": 791.6843412463076,
  "clean_e_ran_l2_median": 1997.5808715820312,
  "clean_e_nul_l2_mean": 95138.84903174639,
  "clean_e_nul_l2_ci95": 27419.111358334518,
  "clean_e_nul_l2_median": 65357.24609375,
  "clean_e_ran_frac_mean": 0.029901410783872838,
  "clean_e_ran_frac_ci95": 0.0021826980984030403,
  "clean_e_ran_frac_median": 0.03036327985107551,
  "clean_e_nul_frac_mean": 0.9995336170677194,
  "clean_e_nul_frac_ci95": 5.677015493745641e-05,
  "clean_e_nul_frac_median": 0.9995390842600604,
  "adv_e_ran_l2_mean": 19695.967651367188,
  "adv_e_ran_l2_ci95": 602.2412711148368,
  "adv_e_ran_l2_median": 19885.26171875,
  "adv_e_nul_l2_mean": 10753022.078125,
  "adv_e_nul_l2_ci95": 1121062.0965772888,
  "adv_e_nul_l2_median": 11077800.5,
  "adv_e_ran_frac_mean": 0.0020653192867345115,
  "adv_e_ran_frac_ci95": 0.0003027220759789248,
  "adv_e_ran_frac_median": 0.001714889555285266,
  "adv_e_nul_frac_mean": 0.9999975325083106,
  "adv_e_nul_frac_ci95": 7.795291558642702e-07,
  "adv_e_nul_frac_median": 0.9999985554994778,
  "attack_runtime_total_sec": 17.26832304894924,
  "attack_runtime_per_example_sec": 0.5396350952796638,
  "model_name": "dpnsn",
  "attack_name": "adam",
  "norm": "l2",
  "eps": 1.0,
  "attack_init_mode": "surrogate",
  "eval_init_mode": "exact"
}