{
  "num_examples": 32,
  "gt_norm_mean": 26.229215562343597,
  "gt_norm_ci95": 1.7699003430208013,
  "gt_norm_median": 25.09980010986328,
  "clean_mse_mean": 1.025996945180907e-07,
  "clean_mse_ci95": 1.1660480789548427e-08,
  "clean_mse_median": 9.5558977619703e-08,
  "adv_mse_mean": 0.010387465648818761,
  "adv_mse_ci95": 3.381869562118271e-05,
  "adv_mse_median": 0.010379837825894356,
  "mse_ratio_mean": 113449.31652831094,
  "mse_ratio_ci95": 14772.85313251101,
  "mse_ratio_median": 109560.04720026892,
  "clean_rel_l2_mean": 0.0015774143212183844,
  "clean_rel_l2_ci95": 0.00011414332912521247,
  "clean_rel_l2_median": 0.0015505558694712818,
  "adv_rel_l2_mean": 0.513649289496243,
  "adv_rel_l2_ci95": 0.030702443443694043,
  "adv_rel_l2_median": 0.5194710195064545,
  "rel_l2_ratio_mean": 331.751490427587,
  "rel_l2_ratio_ci95": 20.49708253247898,
  "rel_l2_ratio_median": 330.9950810012795,
  "clean_psnr_mean": 70.12463475941186,
  "clean_psnr_ci95": 0.5150265275794176,
  "clean_psnr_median": 70.19731557562864,
  "adv_psnr_mean": 19.83508960399996,
  "adv_psnr_ci95": 0.014133684865614496,
  "adv_psnr_median": 19.83809465582972,
  "clean_ssim_mean": 0.9997977814985025,
  "clean_ssim_ci95": 3.338262120056758e-05,
  "clean_ssim_median": 0.9998101007730946,
  "adv_ssim_mean": 0.10774874403596399,
  "adv_ssim_ci95": 0.003438132723474776,
  "adv_ssim_median": 0.10640965489814605,
  "pred_shift_rel_l2_mean": 0.5137035008519888,
  "pred_shift_rel_l2_ci95": 0.03071902314310556,
  "pred_shift_rel_l2_median": 0.5195308327674866,
  "init_shift_rel_l2_mean": 0.5326834814622998,
  "init_shift_rel_l2_ci95": 0.03469472098866849,
  "init_shift_rel_l2_median": 0.5314537882804871,
  "delta_l2_mean": 7.659952625632286,
  "delta_l2_ci95": 1.945121284994514e-07,
  "delta_l2_median": 7.659952640533447,
  "delta_linf_mean": 0.16127002891153097,
  "delta_linf_ci95": 0.004786789568701183,
  "delta_linf_median": 0.161131389439106,
  "delta_mean_abs_mean": 0.02981589885894209,
  "delta_mean_abs_ci95": 1.4712618476570196e-05,
  "delta_mean_abs_median": 0.029822600074112415,
  "delta_rel_l2_mean": 0.005831390130834484,
  "delta_rel_l2_ci95": 0.0005234818058828935,
  "delta_rel_l2_median": 0.00572834818072699,
  "success_rel_l2_mean": 1.0,
  "success_rel_l2_ci95": 0.0,
  "success_rel_l2_median": 1.0,
  "success_mse_mean": 1.0,
  "success_mse_ci95": 0.0,
  "success_mse_median": 1.0,
  "clean_e_ran_l2_mean": 9.589977111090775e-06,
  "clean_e_ran_l2_ci95": 1.290083452111422e-06,
  "clean_e_ran_l2_median": 8.932406672101934e-06,
  "clean_e_nul_l2_mean": 0.04045848536770791,
  "clean_e_nul_l2_ci95": 0.002337844378583584,
  "clean_e_nul_l2_median": 0.03956807777285576,
  "clean_e_ran_frac_mean": 0.00023874202005407292,
  "clean_e_ran_frac_ci95": 2.8000483469117344e-05,
  "clean_e_ran_frac_median": 0.00023929188680478876,
  "clean_e_nul_frac_mean": 0.9999999675110711,
  "clean_e_nul_frac_ci95": 1.9963878364630995e-08,
  "clean_e_nul_frac_median": 1.0,
  "adv_e_ran_l2_mean": 13.035107165575027,
  "adv_e_ran_l2_ci95": 0.021416132922703137,
  "adv_e_ran_l2_median": 13.02977466583252,
  "adv_e_nul_l2_mean": 0.4982582572847605,
  "adv_e_nul_l2_ci95": 0.05252281798768886,
  "adv_e_nul_l2_median": 0.4541192799806595,
  "adv_e_ran_frac_mean": 0.9992046636617562,
  "adv_e_ran_frac_ci95": 0.00018979378242387727,
  "adv_e_ran_frac_median": 0.9993936085022144,
  "adv_e_nul_frac_mean": 0.038192903606317136,
  "adv_e_nul_frac_ci95": 0.004030397236419598,
  "adv_e_nul_frac_median": 0.03481396372074996,
  "attack_runtime_total_sec": 12.923365116119385,
  "attack_runtime_per_example_sec": 0.4038551598787308,
  "model_name": "nsn",
  "attack_name": "adam",
  "norm": "l2",
  "eps": 0.005,
  "eps_actual": 7.659952872680663,
  "attack_init_mode": "exact",
  "eval_init_mode": "exact"
}