{
  "num_examples": 32,
  "gt_norm_mean": 27.44437724351883,
  "gt_norm_ci95": 2.532233818071928,
  "gt_norm_median": 24.26910400390625,
  "clean_mse_mean": 29.94617474079132,
  "clean_mse_ci95": 9.870372354346578,
  "clean_mse_median": 16.810115814208984,
  "adv_mse_mean": 30.654324129223824,
  "adv_mse_ci95": 9.97713395574016,
  "adv_mse_median": 17.393415451049805,
  "mse_ratio_mean": 1.032531625367286,
  "mse_ratio_ci95": 0.00384407862748805,
  "mse_ratio_median": 1.0346541389044877,
  "clean_rel_l2_mean": 22.548620998859406,
  "clean_rel_l2_ci95": 1.2155148245653924,
  "clean_rel_l2_median": 21.86583709716797,
  "adv_rel_l2_mean": 22.894024968147278,
  "adv_rel_l2_ci95": 1.1905037982626772,
  "adv_rel_l2_median": 22.23773193359375,
  "rel_l2_ratio_mean": 1.0161214208146032,
  "rel_l2_ratio_ci95": 0.0018925253501688411,
  "rel_l2_ratio_median": 1.0171794107911447,
  "clean_psnr_mean": -13.325096508016745,
  "clean_psnr_ci95": 1.1739073323259426,
  "clean_psnr_median": -12.254987467491684,
  "adv_psnr_mean": -13.463886885595892,
  "adv_psnr_ci95": 1.1579820458277674,
  "adv_psnr_median": -12.403138033395305,
  "clean_ssim_mean": 0.0031462123845398277,
  "clean_ssim_ci95": 0.0008204755958194474,
  "clean_ssim_median": 0.0024754409094645997,
  "adv_ssim_mean": 0.003058491431030841,
  "adv_ssim_ci95": 0.0008000586974972461,
  "adv_ssim_median": 0.002431447339582336,
  "pred_shift_rel_l2_mean": 0.019416438561165705,
  "pred_shift_rel_l2_ci95": 0.002283002659259687,
  "pred_shift_rel_l2_median": 0.020598760806024075,
  "init_shift_rel_l2_mean": 0.019417880685068667,
  "init_shift_rel_l2_ci95": 0.0022834362864711426,
  "init_shift_rel_l2_median": 0.020598510280251503,
  "delta_l2_mean": 7.607430055737495,
  "delta_l2_ci95": 1.8818482981592945e-07,
  "delta_l2_median": 7.6074299812316895,
  "delta_linf_mean": 0.16602548584342003,
  "delta_linf_ci95": 0.005757317506982396,
  "delta_linf_median": 0.1606435775756836,
  "delta_mean_abs_mean": 0.029530577536206692,
  "delta_mean_abs_ci95": 1.4937667124407468e-05,
  "delta_mean_abs_median": 0.029535118490457535,
  "delta_rel_l2_mean": 0.004336425023619292,
  "delta_rel_l2_ci95": 0.0005062462763494797,
  "delta_rel_l2_median": 0.004597567881520001,
  "success_rel_l2_mean": 0.0,
  "success_rel_l2_ci95": 0.0,
  "success_rel_l2_median": 0.0,
  "success_mse_mean": 0.0,
  "success_mse_ci95": 0.0,
  "success_mse_median": 0.0,
  "clean_e_ran_l2_mean": 642.6897773742676,
  "clean_e_ran_l2_ci95": 98.05371438207523,
  "clean_e_ran_l2_median": 524.7799072265625,
  "clean_e_nul_l2_mean": 1.3014421397820115,
  "clean_e_nul_l2_ci95": 0.40195300854949173,
  "clean_e_nul_l2_median": 0.7462562918663025,
  "clean_e_ran_frac_mean": 0.999996920928641,
  "clean_e_ran_frac_ci95": 1.4048665915234159e-06,
  "clean_e_ran_frac_median": 0.9999991246958406,
  "clean_e_nul_frac_mean": 0.0019582059062452544,
  "clean_e_nul_frac_ci95": 0.0005328366897523343,
  "clean_e_nul_frac_median": 0.0013132589340965535,
  "adv_e_ran_l2_mean": 651.6458721160889,
  "adv_e_ran_l2_ci95": 98.06010719595224,
  "adv_e_ran_l2_median": 533.8072204589844,
  "adv_e_nul_l2_mean": 1.304748554714024,
  "adv_e_nul_l2_ci95": 0.40096504567843566,
  "adv_e_nul_l2_median": 0.7234190106391907,
  "adv_e_ran_frac_mean": 0.9999970135556833,
  "adv_e_ran_frac_ci95": 1.363758376912707e-06,
  "adv_e_ran_frac_median": 0.999999143662059,
  "adv_e_nul_frac_mean": 0.001934053939439561,
  "adv_e_nul_frac_ci95": 0.0005228223417797042,
  "adv_e_nul_frac_median": 0.0012978423677854592,
  "attack_runtime_total_sec": 12.908916763961315,
  "attack_runtime_per_example_sec": 0.4034036488737911,
  "model_name": "nsn",
  "attack_name": "adam",
  "norm": "l2",
  "eps": 0.005,
  "eps_actual": 7.6074305807495115,
  "attack_init_mode": "exact",
  "eval_init_mode": "exact"
}