{
  "num_examples": 32,
  "gt_norm_mean": 19.246901780366898,
  "gt_norm_ci95": 3.3146818493907912,
  "gt_norm_median": 15.661028385162354,
  "clean_mse_mean": 0.0010802682797930174,
  "clean_mse_ci95": 0.00043825656391010566,
  "clean_mse_median": 0.0004372976254671812,
  "adv_mse_mean": 2.2191245332360268,
  "adv_mse_ci95": 0.016808298588726622,
  "adv_mse_median": 2.2159825563430786,
  "mse_ratio_mean": 5685.620277530305,
  "mse_ratio_ci95": 1747.8637426112136,
  "mse_ratio_median": 5032.847155130921,
  "clean_rel_l2_mean": 0.1851788512431085,
  "clean_rel_l2_ci95": 0.006548032356378378,
  "clean_rel_l2_median": 0.18163354694843292,
  "adv_rel_l2_mean": 12.296527102589607,
  "adv_rel_l2_ci95": 1.9006629861181008,
  "adv_rel_l2_median": 12.215480327606201,
  "rel_l2_ratio_mean": 68.21233263297286,
  "rel_l2_ratio_ci95": 11.312585352570268,
  "rel_l2_ratio_median": 70.90717387858041,
  "clean_psnr_mean": 27.290176986866747,
  "clean_psnr_ci95": 1.0854173650704422,
  "clean_psnr_median": 27.707658508936035,
  "adv_psnr_mean": -8.30002867657676,
  "adv_psnr_ci95": 1.0977151321096055,
  "adv_psnr_median": -8.001440553073413,
  "clean_ssim_mean": 0.43681568194082554,
  "clean_ssim_ci95": 0.04522888163089567,
  "clean_ssim_median": 0.4232770525941711,
  "adv_ssim_mean": 0.004225954896496042,
  "adv_ssim_ci95": 0.0015814759396900154,
  "adv_ssim_median": 0.0025158844113438925,
  "pred_shift_rel_l2_mean": 12.111322462558746,
  "pred_shift_rel_l2_ci95": 1.887365354605917,
  "pred_shift_rel_l2_median": 12.174004077911377,
  "init_shift_rel_l2_mean": 14.167475998401642,
  "init_shift_rel_l2_ci95": 2.189170519549357,
  "init_shift_rel_l2_median": 14.782903671264648,
  "delta_l2_mean": 128.0558614730835,
  "delta_l2_ci95": 2.3015702758681346e-06,
  "delta_l2_median": 128.0558624267578,
  "delta_linf_mean": 2.9014325216412544,
  "delta_linf_ci95": 0.07321201602646847,
  "delta_linf_median": 2.89593768119812,
  "delta_mean_abs_mean": 0.4896496143192053,
  "delta_mean_abs_ci95": 0.0005340889646828329,
  "delta_mean_abs_median": 0.4900599718093872,
  "delta_rel_l2_mean": 0.15453809007841668,
  "delta_rel_l2_ci95": 0.026091863230001483,
  "delta_rel_l2_median": 0.15840912947588068,
  "success_rel_l2_mean": 1.0,
  "success_rel_l2_ci95": 0.0,
  "success_rel_l2_median": 1.0,
  "success_mse_mean": 1.0,
  "success_mse_ci95": 0.0,
  "success_mse_median": 1.0,
  "clean_e_ran_l2_mean": 3.130324300378561,
  "clean_e_ran_l2_ci95": 0.6675030835691327,
  "clean_e_ran_l2_median": 2.2424978017807007,
  "clean_e_nul_l2_mean": 1.8522361926734447,
  "clean_e_nul_l2_ci95": 0.32908959786442465,
  "clean_e_nul_l2_median": 1.565009355545044,
  "clean_e_ran_frac_mean": 0.8461286954998428,
  "clean_e_ran_frac_ci95": 0.023401181862104763,
  "clean_e_ran_frac_median": 0.8598926975925376,
  "clean_e_nul_frac_mean": 0.5214822584449903,
  "clean_e_nul_frac_ci95": 0.03089715346364362,
  "clean_e_nul_frac_median": 0.5104641226983511,
  "adv_e_ran_l2_mean": 180.10515880584717,
  "adv_e_ran_l2_ci95": 0.6105999346288509,
  "adv_e_ran_l2_median": 179.86551666259766,
  "adv_e_nul_l2_mean": 62.550586342811584,
  "adv_e_nul_l2_ci95": 0.761857044549124,
  "adv_e_nul_l2_median": 62.07872009277344,
  "adv_e_ran_frac_mean": 0.9446213506662253,
  "adv_e_ran_frac_ci95": 0.0011488035852237279,
  "adv_e_ran_frac_median": 0.945336023554354,
  "adv_e_nul_frac_mean": 0.3280165070257455,
  "adv_e_nul_frac_ci95": 0.003246211139879772,
  "adv_e_nul_frac_median": 0.3260971039908228,
  "attack_runtime_total_sec": 116.4943009763956,
  "attack_runtime_per_example_sec": 3.6404469055123627,
  "model_name": "dpnsn",
  "attack_name": "adam",
  "norm": "l2",
  "eps": 0.1,
  "eps_actual": 128.05586398406984,
  "attack_init_mode": "exact",
  "eval_init_mode": "exact"
}