{
  "num_examples": 32,
  "gt_norm_mean": 19.670156359672546,
  "gt_norm_ci95": 3.306666391339513,
  "gt_norm_median": 18.95488929748535,
  "gt_norm_q25": 11.325607061386108,
  "gt_norm_q75": 25.38380765914917,
  "clean_mse_mean": 4.233089482497121e-06,
  "clean_mse_ci95": 1.3959376967791498e-06,
  "clean_mse_median": 3.1469310215470614e-06,
  "clean_mse_q25": 2.0588170173141407e-06,
  "clean_mse_q75": 4.839670509682037e-06,
  "adv_mse_mean": 0.03376207886230986,
  "adv_mse_ci95": 0.016641570503162346,
  "adv_mse_median": 0.009976709727197886,
  "adv_mse_q25": 0.0025635194033384323,
  "adv_mse_q75": 0.05597421806305647,
  "mse_ratio_mean": 7743.790731717763,
  "mse_ratio_ci95": 3091.214445124439,
  "mse_ratio_median": 4015.536643509731,
  "mse_ratio_q25": 1814.4007393441789,
  "mse_ratio_q75": 10007.874101006062,
  "clean_rel_l2_mean": 0.013990804654895328,
  "clean_rel_l2_ci95": 0.0027437009112949223,
  "clean_rel_l2_median": 0.011366177350282669,
  "clean_rel_l2_q25": 0.00963209429755807,
  "clean_rel_l2_q75": 0.014316188171505928,
  "adv_rel_l2_mean": 0.8118778523057699,
  "adv_rel_l2_ci95": 0.11986532240363579,
  "adv_rel_l2_median": 0.7360079288482666,
  "adv_rel_l2_q25": 0.5086856484413147,
  "adv_rel_l2_q75": 1.077251672744751,
  "rel_l2_ratio_mean": 74.26896509463319,
  "rel_l2_ratio_ci95": 16.6159059074365,
  "rel_l2_ratio_median": 63.35136027513933,
  "rel_l2_ratio_q25": 42.580590754103746,
  "rel_l2_ratio_q75": 98.91098894649934,
  "clean_psnr_mean": 50.400617942905725,
  "clean_psnr_ci95": 0.9582306673935479,
  "clean_psnr_median": 51.221854017716126,
  "clean_psnr_q25": 49.48024605897111,
  "clean_psnr_q75": 52.436419130903055,
  "adv_psnr_mean": 15.05425399344161,
  "adv_psnr_ci95": 2.152259317767048,
  "adv_psnr_median": 16.694882408060643,
  "adv_psnr_q25": 9.65301326775609,
  "adv_psnr_q75": 19.24376532456267,
  "clean_ssim_mean": 0.9970423391374046,
  "clean_ssim_ci95": 0.0004126937372226774,
  "clean_ssim_median": 0.9971779241078693,
  "clean_ssim_q25": 0.9962558470800563,
  "clean_ssim_q75": 0.9980665856771606,
  "adv_ssim_mean": 0.8180990127791272,
  "adv_ssim_ci95": 0.039477919177068284,
  "adv_ssim_median": 0.8654887994198783,
  "adv_ssim_q25": 0.7417448011654321,
  "adv_ssim_q75": 0.8889233236712827,
  "clean_mae_mean": 0.0007804920123817283,
  "clean_mae_ci95": 0.00011871629601624852,
  "clean_mae_median": 0.0007144018309190869,
  "clean_mae_q25": 0.0005749216361436993,
  "clean_mae_q75": 0.0009444958850508556,
  "adv_mae_mean": 0.0413795002605184,
  "adv_mae_ci95": 0.015270741796294632,
  "adv_mae_median": 0.01923972461372614,
  "adv_mae_q25": 0.009596747811883688,
  "adv_mae_q75": 0.06449255347251892,
  "clean_nrmse_mean": 0.0031891418470423455,
  "clean_nrmse_ci95": 0.00041450302620432884,
  "clean_nrmse_median": 0.002748937135148914,
  "clean_nrmse_q25": 0.002388820186285068,
  "clean_nrmse_q75": 0.0033585040753390354,
  "adv_nrmse_mean": 0.22520089151902284,
  "adv_nrmse_ci95": 0.05583186979418268,
  "adv_nrmse_median": 0.1463213558911446,
  "adv_nrmse_q25": 0.10914526322442325,
  "adv_nrmse_q75": 0.3291456652465692,
  "clean_max_err_mean": 0.05555336375255138,
  "clean_max_err_ci95": 0.009189805164417952,
  "clean_max_err_median": 0.049076568335294724,
  "clean_max_err_q25": 0.0329882875084877,
  "clean_max_err_q75": 0.07740922272205353,
  "adv_max_err_mean": 1.4319214224815369,
  "adv_max_err_ci95": 0.31857245814492513,
  "adv_max_err_median": 1.3730918765068054,
  "adv_max_err_q25": 0.5626395642757416,
  "adv_max_err_q75": 2.252218782901764,
  "clean_init_rel_l2_mean": 0.2520770381670445,
  "clean_init_rel_l2_ci95": 0.04474757835515376,
  "clean_init_rel_l2_median": 0.21722742170095444,
  "clean_init_rel_l2_q25": 0.17055825889110565,
  "clean_init_rel_l2_q75": 0.28996142745018005,
  "adv_init_rel_l2_mean": 0.49265140760689974,
  "adv_init_rel_l2_ci95": 0.02696255298472299,
  "adv_init_rel_l2_median": 0.48664216697216034,
  "adv_init_rel_l2_q25": 0.4473956525325775,
  "adv_init_rel_l2_q75": 0.5234688967466354,
  "init_rel_l2_ratio_mean": 2.2347738454549617,
  "init_rel_l2_ratio_ci95": 0.24839646064940712,
  "init_rel_l2_ratio_median": 2.135052524510222,
  "init_rel_l2_ratio_q25": 1.7634508435673877,
  "init_rel_l2_ratio_q75": 2.8300391970834404,
  "clean_init_psnr_mean": 25.194284395610136,
  "clean_init_psnr_ci95": 1.053763380803202,
  "clean_init_psnr_median": 24.783990491579146,
  "clean_init_psnr_q25": 23.15347558332141,
  "clean_init_psnr_q75": 27.63229479466916,
  "adv_init_psnr_mean": 18.66950474635736,
  "adv_init_psnr_ci95": 1.042081394772306,
  "adv_init_psnr_median": 19.858424060973043,
  "adv_init_psnr_q25": 16.467560533167823,
  "adv_init_psnr_q75": 20.580745483584117,
  "clean_init_ssim_mean": 0.4360748676610561,
  "clean_init_ssim_ci95": 0.038615712195724655,
  "clean_init_ssim_median": 0.4156293124047607,
  "clean_init_ssim_q25": 0.3746017818907749,
  "clean_init_ssim_q75": 0.4684293510924116,
  "adv_init_ssim_mean": 0.1193631729019421,
  "adv_init_ssim_ci95": 0.015220336745485442,
  "adv_init_ssim_median": 0.11206839342565644,
  "adv_init_ssim_q25": 0.0821139273510695,
  "adv_init_ssim_q75": 0.14288369010721907,
  "clean_init_mae_mean": 0.019345941531355493,
  "clean_init_mae_ci95": 0.0033431355899844186,
  "clean_init_mae_median": 0.0176046434789896,
  "clean_init_mae_q25": 0.012700640596449375,
  "clean_init_mae_q75": 0.023134255316108465,
  "adv_init_mae_mean": 0.05342576582916081,
  "adv_init_mae_ci95": 0.010383920334230613,
  "adv_init_mae_median": 0.04913455992937088,
  "adv_init_mae_q25": 0.02716313675045967,
  "adv_init_mae_q75": 0.07283636182546616,
  "pred_shift_rel_l2_mean": 0.8112736148759723,
  "pred_shift_rel_l2_ci95": 0.12029622268087392,
  "pred_shift_rel_l2_median": 0.7313413023948669,
  "pred_shift_rel_l2_q25": 0.507533386349678,
  "pred_shift_rel_l2_q75": 1.077416181564331,
  "init_shift_rel_l2_mean": 0.42160559445619583,
  "init_shift_rel_l2_ci95": 0.021531392428062308,
  "init_shift_rel_l2_median": 0.41306470334529877,
  "init_shift_rel_l2_q25": 0.3786889612674713,
  "init_shift_rel_l2_q75": 0.46425696462392807,
  "delta_l2_mean": 6.1408405266702175,
  "delta_l2_ci95": 1.3215059550253727,
  "delta_l2_median": 5.81782341003418,
  "delta_l2_q25": 2.6748408675193787,
  "delta_l2_q75": 8.139160394668579,
  "delta_linf_mean": 0.15988006175030023,
  "delta_linf_ci95": 0.03827227684818557,
  "delta_linf_median": 0.14118435978889465,
  "delta_linf_q25": 0.06912349723279476,
  "delta_linf_q75": 0.2193969301879406,
  "delta_mean_abs_mean": 0.022034161171177402,
  "delta_mean_abs_ci95": 0.004771699328502291,
  "delta_mean_abs_median": 0.0209560701623559,
  "delta_mean_abs_q25": 0.009683546843007207,
  "delta_mean_abs_q75": 0.02905743382871151,
  "delta_rel_l2_mean": 0.005000000675826942,
  "delta_rel_l2_ci95": 2.718773461553891e-10,
  "delta_rel_l2_median": 0.00500000053188452,
  "delta_rel_l2_q25": 0.005000000244169777,
  "delta_rel_l2_q75": 0.005000000882728231,
  "success_rel_l2_mean": 1.0,
  "success_rel_l2_ci95": 0.0,
  "success_rel_l2_median": 1.0,
  "success_rel_l2_q25": 1.0,
  "success_rel_l2_q75": 1.0,
  "success_mse_mean": 1.0,
  "success_mse_ci95": 0.0,
  "success_mse_median": 1.0,
  "success_mse_q25": 1.0,
  "success_mse_q75": 1.0,
  "clean_e_ran_l2_mean": 0.17228506109677255,
  "clean_e_ran_l2_ci95": 0.024773381249984038,
  "clean_e_ran_l2_median": 0.15739762783050537,
  "clean_e_ran_l2_q25": 0.12449581734836102,
  "clean_e_ran_l2_q75": 0.21829743310809135,
  "clean_e_nul_l2_mean": 0.16710232058539987,
  "clean_e_nul_l2_ci95": 0.029022772908131485,
  "clean_e_nul_l2_median": 0.14983142167329788,
  "clean_e_nul_l2_q25": 0.12005991861224174,
  "clean_e_nul_l2_q75": 0.18146085366606712,
  "clean_e_ran_frac_mean": 0.7217032111356882,
  "clean_e_ran_frac_ci95": 0.022452118520550065,
  "clean_e_ran_frac_median": 0.7492634411527208,
  "clean_e_ran_frac_q25": 0.6845589207454497,
  "clean_e_ran_frac_q75": 0.7669260220969667,
  "clean_e_nul_frac_mean": 0.6865996513384425,