{
  "num_examples": 32,
  "gt_norm_mean": 27.580802619457245,
  "gt_norm_ci95": 2.1336641054187684,
  "gt_norm_median": 26.626888275146484,
  "clean_mse_mean": 0.0014744857217010576,
  "clean_mse_ci95": 0.0003569780333900354,
  "clean_mse_median": 0.0011209662188775837,
  "adv_mse_mean": 0.012155370350228623,
  "adv_mse_ci95": 0.0007274395983911675,
  "adv_mse_median": 0.011501950211822987,
  "mse_ratio_mean": 11.028683571458306,
  "mse_ratio_ci95": 1.7015353152982982,
  "mse_ratio_median": 10.266863478039532,
  "clean_rel_l2_mean": 0.165856861975044,
  "clean_rel_l2_ci95": 0.006022646427444827,
  "clean_rel_l2_median": 0.16253682225942612,
  "adv_rel_l2_mean": 0.525202970020473,
  "adv_rel_l2_ci95": 0.025479925664634622,
  "adv_rel_l2_median": 0.5139707326889038,
  "rel_l2_ratio_mean": 3.238290532332225,
  "rel_l2_ratio_ci95": 0.25920192785624224,
  "rel_l2_ratio_median": 3.2037160354316594,
  "clean_psnr_mean": 29.182754348186975,
  "clean_psnr_ci95": 0.9472921232701044,
  "clean_psnr_median": 29.51232787554746,
  "adv_psnr_mean": 19.208622363115758,
  "adv_psnr_ci95": 0.24016174646772787,
  "adv_psnr_median": 19.3936992306716,
  "clean_ssim_mean": 0.49085925251548473,
  "clean_ssim_ci95": 0.04321741063617996,
  "clean_ssim_median": 0.49438416259876383,
  "adv_ssim_mean": 0.13485465867884572,
  "adv_ssim_ci95": 0.002542598447873022,
  "adv_ssim_median": 0.1332029964318634,
  "pred_shift_rel_l2_mean": 0.435903393663466,
  "pred_shift_rel_l2_ci95": 0.03413988999269072,
  "pred_shift_rel_l2_median": 0.4346691817045212,
  "init_shift_rel_l2_mean": 0.4944844013080001,
  "init_shift_rel_l2_ci95": 0.04092694622661134,
  "init_shift_rel_l2_median": 0.49674245715141296,
  "delta_l2_mean": 7.691866874694824,
  "delta_l2_ci95": 1.6252903384386237e-07,
  "delta_l2_median": 7.691866874694824,
  "delta_linf_mean": 0.1781538287177682,
  "delta_linf_ci95": 0.006308109871231423,
  "delta_linf_median": 0.17570925503969193,
  "delta_mean_abs_mean": 0.028527801565360278,
  "delta_mean_abs_ci95": 7.528417670691695e-05,
  "delta_mean_abs_median": 0.02849427703768015,
  "delta_rel_l2_mean": 0.005503242354292219,
  "delta_rel_l2_ci95": 0.0005965761876543426,
  "delta_rel_l2_median": 0.005383291916035695,
  "success_rel_l2_mean": 1.0,
  "success_rel_l2_ci95": 0.0,
  "success_rel_l2_median": 1.0,
  "success_mse_mean": 1.0,
  "success_mse_ci95": 0.0,
  "success_mse_median": 1.0,
  "clean_e_ran_l2_mean": 4.280051112174988,
  "clean_e_ran_l2_ci95": 0.5128654924837006,
  "clean_e_ran_l2_median": 3.8943002223968506,
  "clean_e_nul_l2_mean": 1.8646375313401222,
  "clean_e_nul_l2_ci95": 0.1723564485537361,
  "clean_e_nul_l2_median": 1.7958595752716064,
  "clean_e_ran_frac_mean": 0.9120667142246492,
  "clean_e_ran_frac_ci95": 0.00635447396284897,
  "clean_e_ran_frac_median": 0.9122568431456777,
  "clean_e_nul_frac_mean": 0.40784999304230934,
  "clean_e_nul_frac_ci95": 0.013482546395330766,
  "clean_e_nul_frac_median": 0.40961816402356765,
  "adv_e_ran_l2_mean": 13.272023767232895,
  "adv_e_ran_l2_ci95": 0.38017245137026656,
  "adv_e_ran_l2_median": 12.954393863677979,
  "adv_e_nul_l2_mean": 4.655986964702606,
  "adv_e_nul_l2_ci95": 0.1418875458305166,
  "adv_e_nul_l2_median": 4.536346673965454,
  "adv_e_ran_frac_mean": 0.9436126234516394,
  "adv_e_ran_frac_ci95": 0.0008619781511550128,
  "adv_e_ran_frac_median": 0.9434404025298673,
  "adv_e_nul_frac_mean": 0.3309689750210138,
  "adv_e_nul_frac_ci95": 0.0024585927165173124,
  "adv_e_nul_frac_median": 0.33154211975651326,
  "attack_runtime_total_sec": 116.59305722266436,
  "attack_runtime_per_example_sec": 3.643533038208261,
  "model_name": "dpnsn",
  "attack_name": "adam",
  "norm": "l2",
  "eps": 0.005,
  "eps_actual": 7.691867002807617,
  "attack_init_mode": "exact",
  "eval_init_mode": "exact"
}