{
  "num_examples": 32,
  "gt_norm_mean": 19.554032936692238,
  "gt_norm_ci95": 3.175656556464896,
  "gt_norm_median": 19.43148136138916,
  "gt_norm_q25": 13.664082050323486,
  "gt_norm_q75": 22.861806869506836,
  "clean_mse_mean": 0.0011342021898599342,
  "clean_mse_ci95": 0.0005445552811869841,
  "clean_mse_median": 0.0007189511088654399,
  "clean_mse_q25": 0.0003874075337080285,
  "clean_mse_q75": 0.0010221929696854204,
  "adv_mse_mean": 2.3879746198654175,
  "adv_mse_ci95": 1.1178540407753212,
  "adv_mse_median": 1.5091993808746338,
  "adv_mse_q25": 0.7882496565580368,
  "adv_mse_q75": 2.274785041809082,
  "mse_ratio_mean": 2045.8077539726835,
  "mse_ratio_ci95": 78.63550724132416,
  "mse_ratio_median": 2040.7427903669084,
  "mse_ratio_q25": 1964.0037896153626,
  "mse_ratio_q75": 2202.6210284240506,
  "clean_rel_l2_mean": 0.18589467136189342,
  "clean_rel_l2_ci95": 0.007185605500314222,
  "clean_rel_l2_median": 0.17879388481378555,
  "clean_rel_l2_q25": 0.1720423772931099,
  "clean_rel_l2_q75": 0.193845447152853,
  "adv_rel_l2_mean": 8.42109976708889,
  "adv_rel_l2_ci95": 0.43382389905391483,
  "adv_rel_l2_median": 8.226327896118164,
  "adv_rel_l2_q25": 7.623415231704712,
  "adv_rel_l2_q75": 9.006153583526611,
  "rel_l2_ratio_mean": 45.156324934370204,
  "rel_l2_ratio_ci95": 0.9121605375755796,
  "rel_l2_ratio_median": 45.17458299822179,
  "rel_l2_ratio_q25": 44.31706416656174,
  "rel_l2_ratio_q75": 46.93175290470922,
  "clean_psnr_mean": 27.55817465843262,
  "clean_psnr_ci95": 1.1035217157889887,
  "clean_psnr_median": 28.227475017396607,
  "clean_psnr_q25": 26.055675139984363,
  "clean_psnr_q75": 29.978643347734035,
  "adv_psnr_mean": -5.520803681555882,
  "adv_psnr_ci95": 1.213902167995573,
  "adv_psnr_median": -4.99956966229452,
  "adv_psnr_q25": -7.1467713386462925,
  "adv_psnr_q75": -2.8897135393375946,
  "clean_ssim_mean": 0.4317298656773858,
  "clean_ssim_ci95": 0.04553041731059458,
  "clean_ssim_median": 0.4432430366818557,
  "clean_ssim_q25": 0.3377199835764448,
  "clean_ssim_q75": 0.5265224321816168,
  "adv_ssim_mean": 0.00629211465744378,
  "adv_ssim_ci95": 0.0017113519962272603,
  "adv_ssim_median": 0.005697568174468374,
  "adv_ssim_q25": 0.003408076852805033,
  "adv_ssim_q75": 0.0072770562550069015,
  "pred_shift_rel_l2_mean": 8.234599485993385,
  "pred_shift_rel_l2_ci95": 0.4070469880094564,
  "pred_shift_rel_l2_median": 8.086754322052002,
  "pred_shift_rel_l2_q25": 7.51654851436615,
  "pred_shift_rel_l2_q75": 8.788093566894531,
  "init_shift_rel_l2_mean": 9.468810319900513,
  "init_shift_rel_l2_ci95": 0.3513007617190605,
  "init_shift_rel_l2_median": 9.289830684661865,
  "init_shift_rel_l2_q25": 8.77507495880127,
  "init_shift_rel_l2_q75": 9.822582244873047,
  "delta_l2_mean": 114.38953214883804,
  "delta_l2_ci95": 23.947953665265377,
  "delta_l2_median": 105.38117218017578,
  "delta_l2_q25": 75.85117530822754,
  "delta_l2_q75": 129.2472801208496,
  "delta_linf_mean": 2.6126453522592783,
  "delta_linf_ci95": 0.5279289565740858,
  "delta_linf_median": 2.394843101501465,
  "delta_linf_q25": 1.704037368297577,
  "delta_linf_q75": 2.847047448158264,
  "delta_mean_abs_mean": 0.43507999065332115,
  "delta_mean_abs_ci95": 0.09176646984007189,
  "delta_mean_abs_median": 0.40093643963336945,
  "delta_mean_abs_q25": 0.2862381190061569,
  "delta_mean_abs_q75": 0.4947119504213333,
  "delta_rel_l2_mean": 0.09963456906714259,
  "delta_rel_l2_ci95": 0.0007163554947910962,
  "delta_rel_l2_median": 0.10000005493529121,
  "delta_rel_l2_q25": 0.10000004958373024,
  "delta_rel_l2_q75": 0.10000006183417318,
  "success_rel_l2_mean": 1.0,
  "success_rel_l2_ci95": 0.0,
  "success_rel_l2_median": 1.0,
  "success_rel_l2_q25": 1.0,
  "success_rel_l2_q75": 1.0,
  "success_mse_mean": 1.0,
  "success_mse_ci95": 0.0,
  "success_mse_median": 1.0,
  "success_mse_q25": 1.0,
  "success_mse_q75": 1.0,
  "clean_e_ran_l2_mean": 3.2822710014879704,
  "clean_e_ran_l2_ci95": 0.7058654150374748,
  "clean_e_ran_l2_median": 2.9622809886932373,
  "clean_e_ran_l2_q25": 2.20460706949234,
  "clean_e_ran_l2_q75": 3.700905740261078,
  "clean_e_nul_l2_mean": 1.771011283621192,
  "clean_e_nul_l2_ci95": 0.2843276675042319,
  "clean_e_nul_l2_median": 1.7230495810508728,
  "clean_e_nul_l2_q25": 1.189131885766983,
  "clean_e_nul_l2_q75": 2.071072518825531,
  "clean_e_ran_frac_mean": 0.8620818088959625,
  "clean_e_ran_frac_ci95": 0.015679448433123966,
  "clean_e_ran_frac_median": 0.8657160777740261,
  "clean_e_ran_frac_q25": 0.8405338092256226,
  "clean_e_ran_frac_q75": 0.8940694001673287,
  "clean_e_nul_frac_mean": 0.4999121047017087,
  "clean_e_nul_frac_ci95": 0.024689564344172937,
  "clean_e_nul_frac_median": 0.500529639073731,
  "clean_e_nul_frac_q25": 0.44792627526120193,
  "clean_e_nul_frac_q75": 0.5417474810787155,
  "adv_e_ran_l2_mean": 160.99813568592072,
  "adv_e_ran_l2_ci95": 33.32532743369953,
  "adv_e_ran_l2_median": 147.53234100341797,
  "adv_e_ran_l2_q25": 106.32872772216797,
  "adv_e_ran_l2_q75": 181.88461685180664,
  "adv_e_nul_l2_mean": 56.84755438566208,
  "adv_e_nul_l2_ci95": 11.19127124367265,
  "adv_e_nul_l2_median": 53.361270904541016,
  "adv_e_nul_l2_q25": 38.549954414367676,
  "adv_e_nul_l2_q75": 64.5503921508789,
  "adv_e_ran_frac_mean": 0.9417840374379585,
  "adv_e_ran_frac_ci95": 0.0018589011664613157,
  "adv_e_ran_frac_median": 0.9426078529111032,
  "adv_e_ran_frac_q25": 0.9374341117147298,
  "adv_e_ran_frac_q75": 0.946057151233688,
  "adv_e_nul_frac_mean": 0.3358541736883458,
  "adv_e_nul_frac_ci95": 0.005185140382362852,
  "adv_e_nul_frac_median": 0.33390106861558777,
  "adv_e_nul_frac_q25": 0.32399963279336264,
  "adv_e_nul_frac_q75": 0.34815773103664555,
  "attack_runtime_total_sec": 284.92464400827885,
  "attack_runtime_per_example_sec": 8.903895125258714,
  "model_name": "nsn",
  "attack_name": "adam",
  "norm": "l2",
  "eps": 0.1,
  "eps_actual": 127.69250320068359,
  "eps_budget_mode": "per_sample_l2",
  "attack_init_mode": "exact",
  "eval_init_mode": "exact"
}