{
  "num_examples": 32,
  "gt_norm_mean": 19.554032936692238,
  "gt_norm_ci95": 3.175656556464896,
  "gt_norm_median": 19.43148136138916,
  "gt_norm_q25": 13.664082050323486,
  "gt_norm_q75": 22.861806869506836,
  "clean_mse_mean": 0.001924151118601003,
  "clean_mse_ci95": 0.0010289406101084823,
  "clean_mse_median": 0.0011581165599636734,
  "clean_mse_q25": 0.0006059290026314557,
  "clean_mse_q75": 0.0016500898345839232,
  "adv_mse_mean": 3.2633118350058794,
  "adv_mse_ci95": 1.593944641171361,
  "adv_mse_median": 2.0351295471191406,
  "adv_mse_q25": 1.0777051746845245,
  "adv_mse_q75": 3.0141850113868713,
  "mse_ratio_mean": 1783.6759270937516,
  "mse_ratio_ci95": 30.88171904041741,
  "mse_ratio_median": 1807.1026197130177,
  "mse_ratio_q25": 1719.1330244208161,
  "mse_ratio_q75": 1835.619510222476,
  "clean_rel_l2_mean": 0.23229862423613667,
  "clean_rel_l2_ci95": 0.013726037420157784,
  "clean_rel_l2_median": 0.2268487513065338,
  "clean_rel_l2_q25": 0.20449154451489449,
  "clean_rel_l2_q75": 0.2522178366780281,
  "adv_rel_l2_mean": 9.78027068078518,
  "adv_rel_l2_ci95": 0.5159285481572882,
  "adv_rel_l2_median": 9.498366355895996,
  "adv_rel_l2_q25": 8.859477758407593,
  "adv_rel_l2_q75": 10.497265815734863,
  "rel_l2_ratio_mean": 42.22045555742552,
  "rel_l2_ratio_ci95": 0.3707344953065901,
  "rel_l2_ratio_median": 42.5099100849954,
  "rel_l2_ratio_q25": 41.4624296168417,
  "rel_l2_ratio_q75": 42.84413249509945,
  "clean_psnr_mean": 25.690754018858367,
  "clean_psnr_ci95": 1.2688538456663796,
  "clean_psnr_median": 26.244424927608996,
  "clean_psnr_q25": 23.984371270441493,
  "clean_psnr_q75": 28.310314242364985,
  "adv_psnr_mean": -6.816948356327154,
  "adv_psnr_ci95": 1.222174164091792,
  "adv_psnr_median": -6.218428302416714,
  "adv_psnr_q25": -8.446103977124482,
  "adv_psnr_q75": -4.178871913655442,
  "clean_ssim_mean": 0.32515578796698613,
  "clean_ssim_ci95": 0.04017835787208558,
  "clean_ssim_median": 0.3166826353161236,
  "clean_ssim_q25": 0.2430872181378837,
  "clean_ssim_q75": 0.40743115362722515,
  "adv_ssim_mean": 0.006072746603909506,
  "adv_ssim_ci95": 0.001224920510792118,
  "adv_ssim_median": 0.006117118738489103,
  "adv_ssim_q25": 0.003395976011061268,
  "adv_ssim_q75": 0.007833684563183377,
  "pred_shift_rel_l2_mean": 9.408775717020035,
  "pred_shift_rel_l2_ci95": 0.4574136249782888,
  "pred_shift_rel_l2_median": 9.171913146972656,
  "pred_shift_rel_l2_q25": 8.613318681716919,
  "pred_shift_rel_l2_q75": 10.047262191772461,
  "init_shift_rel_l2_mean": 9.888425007462502,
  "init_shift_rel_l2_ci95": 0.3707273591092955,
  "init_shift_rel_l2_median": 9.654665470123291,
  "init_shift_rel_l2_q25": 9.18625807762146,
  "init_shift_rel_l2_q75": 10.326664686203003,
  "delta_l2_mean": 114.956682741642,
  "delta_l2_ci95": 24.654998018923177,
  "delta_l2_median": 105.38117599487305,
  "delta_l2_q25": 75.85117530822754,
  "delta_l2_q75": 129.24725341796875,
  "delta_linf_mean": 2.3773220125585794,
  "delta_linf_ci95": 0.4855948230466372,
  "delta_linf_median": 2.0739859342575073,
  "delta_linf_q25": 1.5239455103874207,
  "delta_linf_q75": 2.7047632932662964,
  "delta_mean_abs_mean": 0.4454420260153711,
  "delta_mean_abs_ci95": 0.09664563961075517,
  "delta_mean_abs_median": 0.40881484746932983,
  "delta_mean_abs_q25": 0.29071126133203506,
  "delta_mean_abs_q75": 0.5039804875850677,
  "delta_rel_l2_mean": 0.09977763113967555,
  "delta_rel_l2_ci95": 0.0004359549870974493,
  "delta_rel_l2_median": 0.10000005632578139,
  "delta_rel_l2_q25": 0.10000004958373024,
  "delta_rel_l2_q75": 0.10000006260841261,
  "success_rel_l2_mean": 1.0,
  "success_rel_l2_ci95": 0.0,
  "success_rel_l2_median": 1.0,
  "success_rel_l2_q25": 1.0,
  "success_rel_l2_q75": 1.0,
  "success_mse_mean": 1.0,
  "success_mse_ci95": 0.0,
  "success_mse_median": 1.0,
  "success_mse_q25": 1.0,
  "success_mse_q75": 1.0,
  "clean_e_ran_l2_mean": 4.753224637359381,
  "clean_e_ran_l2_ci95": 1.0499606179863412,
  "clean_e_ran_l2_median": 4.352665901184082,
  "clean_e_ran_l2_q25": 3.148624002933502,
  "clean_e_ran_l2_q75": 5.197188854217529,
  "clean_e_nul_l2_mean": 0.15181693714112043,
  "clean_e_nul_l2_ci95": 0.04026530217036222,
  "clean_e_nul_l2_median": 0.14408285170793533,
  "clean_e_nul_l2_q25": 0.09085659310221672,
  "clean_e_nul_l2_q75": 0.16051903367042542,
  "clean_e_ran_frac_mean": 0.9992111618024778,
  "clean_e_ran_frac_ci95": 0.00035456890244417666,
  "clean_e_ran_frac_median": 0.9995149913284032,
  "clean_e_ran_frac_q25": 0.9991331034384834,
  "clean_e_ran_frac_q75": 0.9997124982968899,
  "clean_e_nul_frac_mean": 0.03524959981854558,
  "clean_e_nul_frac_ci95": 0.0064289168692697445,
  "clean_e_nul_frac_median": 0.03113417337072339,
  "clean_e_nul_frac_q25": 0.023940618420648128,
  "clean_e_nul_frac_q75": 0.041628640021455394,
  "adv_e_ran_l2_mean": 198.33296012878418,
  "adv_e_ran_l2_ci95": 41.668093708808634,
  "adv_e_ran_l2_median": 182.19839477539062,
  "adv_e_ran_l2_q25": 132.6087989807129,
  "adv_e_ran_l2_q75": 221.61532974243164,
  "adv_e_nul_l2_mean": 9.33026921376586,
  "adv_e_nul_l2_ci95": 2.0063035926727757,
  "adv_e_nul_l2_median": 8.537631034851074,
  "adv_e_nul_l2_q25": 4.94985294342041,
  "adv_e_nul_l2_q75": 11.846809148788452,
  "adv_e_ran_frac_mean": 0.9979777366506823,
  "adv_e_ran_frac_ci95": 0.0007001323815540601,
  "adv_e_ran_frac_median": 0.9984164984085959,
  "adv_e_ran_frac_q25": 0.9969149695637777,
  "adv_e_ran_frac_q75": 0.9996376250846631,
  "adv_e_nul_frac_mean": 0.05544441395350692,
  "adv_e_nul_frac_ci95": 0.010920761543363607,
  "adv_e_nul_frac_median": 0.056243557879672515,
  "adv_e_nul_frac_q25": 0.026910568805631224,
  "adv_e_nul_frac_q75": 0.07848765821185728,
  "attack_runtime_total_sec": 64.68945967406034,
  "attack_runtime_per_example_sec": 2.0215456148143858,
  "model_name": "nsn",
  "attack_name": "adam",
  "norm": "l2",
  "eps": 0.1,
  "eps_actual": 127.69250320068359,
  "eps_budget_mode": "per_sample_l2",
  "attack_init_mode": "exact",
  "eval_init_mode": "exact"
}