{
  "num_examples": 32,
  "gt_norm_mean": 19.246901780366898,
  "gt_norm_ci95": 3.3146818493907912,
  "gt_norm_median": 15.661028385162354,
  "gt_norm_q25": 12.43287444114685,
  "gt_norm_q75": 25.732792377471924,
  "clean_mse_mean": 0.0018032488128483237,
  "clean_mse_ci95": 0.0007991373618706786,
  "clean_mse_median": 0.000680547789670527,
  "clean_mse_q25": 0.0004057399128214456,
  "clean_mse_q75": 0.0026656558038666844,
  "adv_mse_mean": 3.155527393333614,
  "adv_mse_ci95": 1.405207147845642,
  "adv_mse_median": 1.2134677171707153,
  "adv_mse_q25": 0.7533652037382126,
  "adv_mse_q75": 4.615867495536804,
  "mse_ratio_mean": 1784.7019901351623,
  "mse_ratio_ci95": 38.09737686760068,
  "mse_ratio_median": 1783.882104274776,
  "mse_ratio_q25": 1738.0421199992427,
  "mse_ratio_q75": 1849.7849508896277,
  "clean_rel_l2_mean": 0.2324072839692235,
  "clean_rel_l2_ci95": 0.013910097559146871,
  "clean_rel_l2_median": 0.22967718541622162,
  "clean_rel_l2_q25": 0.21139682829380035,
  "clean_rel_l2_q75": 0.25372643768787384,
  "adv_rel_l2_mean": 9.81282226741314,
  "adv_rel_l2_ci95": 0.5856246868011931,
  "adv_rel_l2_median": 9.747107982635498,
  "adv_rel_l2_q25": 8.98580813407898,
  "adv_rel_l2_q75": 10.547091484069824,
  "rel_l2_ratio_mean": 42.22547668913654,
  "rel_l2_ratio_ci95": 0.46049627627984513,
  "rel_l2_ratio_median": 42.23602647416279,
  "rel_l2_ratio_q25": 41.689833717137766,
  "rel_l2_ratio_q75": 43.00907100222126,
  "clean_psnr_mean": 25.40477201258683,
  "clean_psnr_ci95": 1.27647347981304,
  "clean_psnr_median": 25.518454069438,
  "clean_psnr_q25": 22.917255903936546,
  "clean_psnr_q75": 27.857067383029335,
  "adv_psnr_mean": -7.102419389835899,
  "adv_psnr_ci95": 1.2684593041125782,
  "adv_psnr_median": -7.234055077652565,
  "adv_psnr_q25": -9.473787279632724,
  "adv_psnr_q75": -4.809792118597516,
  "clean_ssim_mean": 0.32125235960678483,
  "clean_ssim_ci95": 0.0423519261597885,
  "clean_ssim_median": 0.29293252418375354,
  "clean_ssim_q25": 0.22839618869706763,
  "clean_ssim_q75": 0.38031350265960867,
  "adv_ssim_mean": 0.004352068462948935,
  "adv_ssim_ci95": 0.0009253764798554109,
  "adv_ssim_median": 0.004215806581366192,
  "adv_ssim_q25": 0.0028830886462229465,
  "adv_ssim_q75": 0.0057099554130829655,
  "pred_shift_rel_l2_mean": 9.44856607913971,
  "pred_shift_rel_l2_ci95": 0.5244993744350527,
  "pred_shift_rel_l2_median": 9.391132354736328,
  "pred_shift_rel_l2_q25": 8.730737924575806,
  "pred_shift_rel_l2_q75": 10.153732776641846,
  "init_shift_rel_l2_mean": 9.963709354400635,
  "init_shift_rel_l2_ci95": 0.3858239935745922,
  "init_shift_rel_l2_median": 9.74352216720581,
  "init_shift_rel_l2_q25": 9.334852457046509,
  "init_shift_rel_l2_q75": 10.284112215042114,
  "delta_l2_mean": 112.08733892440796,
  "delta_l2_ci95": 24.445143366119567,
  "delta_l2_median": 80.8491096496582,
  "delta_l2_q25": 63.079341888427734,
  "delta_l2_q75": 160.99736404418945,
  "delta_linf_mean": 2.323456846177578,
  "delta_linf_ci95": 0.4831244563108449,
  "delta_linf_median": 1.6868294477462769,
  "delta_linf_q25": 1.3279254734516144,
  "delta_linf_q75": 3.212161362171173,
  "delta_mean_abs_mean": 0.43351448606699705,
  "delta_mean_abs_ci95": 0.09615834215387956,
  "delta_mean_abs_median": 0.3105839788913727,
  "delta_mean_abs_q25": 0.24013390019536018,
  "delta_mean_abs_q75": 0.6300405859947205,
  "delta_rel_l2_mean": 0.10000004783408897,
  "delta_rel_l2_ci95": 4.8405168635096444e-09,
  "delta_rel_l2_median": 0.10000004996217411,
  "delta_rel_l2_q25": 0.10000004114144534,
  "delta_rel_l2_q75": 0.10000005848401658,
  "success_rel_l2_mean": 1.0,
  "success_rel_l2_ci95": 0.0,
  "success_rel_l2_median": 1.0,
  "success_rel_l2_q25": 1.0,
  "success_rel_l2_q75": 1.0,
  "success_mse_mean": 1.0,
  "success_mse_ci95": 0.0,
  "success_mse_median": 1.0,
  "success_mse_q25": 1.0,
  "success_mse_q75": 1.0,
  "clean_e_ran_l2_mean": 4.6121383756399155,
  "clean_e_ran_l2_ci95": 1.0028494325831814,
  "clean_e_ran_l2_median": 3.3379909992218018,
  "clean_e_ran_l2_q25": 2.5590142607688904,
  "clean_e_ran_l2_q75": 6.599800944328308,
  "clean_e_nul_l2_mean": 0.2216303343884647,
  "clean_e_nul_l2_ci95": 0.1156233264114206,
  "clean_e_nul_l2_median": 0.09233365952968597,
  "clean_e_nul_l2_q25": 0.06436594761908054,
  "clean_e_nul_l2_q75": 0.21196022257208824,
  "clean_e_ran_frac_mean": 0.9938446596790343,
  "clean_e_ran_frac_ci95": 0.009056837722061636,
  "clean_e_ran_frac_median": 0.9997248250598978,
  "clean_e_ran_frac_q25": 0.9993253517054499,
  "clean_e_ran_frac_q75": 0.9998211323287949,
  "clean_e_nul_frac_mean": 0.05435843749283506,
  "clean_e_nul_frac_ci95": 0.03275178588459226,
  "clean_e_nul_frac_median": 0.023457721835694847,
  "clean_e_nul_frac_q25": 0.018907446586850354,
  "clean_e_nul_frac_q75": 0.03670731919818575,
  "adv_e_ran_l2_mean": 193.746253490448,
  "adv_e_ran_l2_ci95": 41.52795925791417,
  "adv_e_ran_l2_median": 140.66571044921875,
  "adv_e_ran_l2_q25": 110.71099090576172,
  "adv_e_ran_l2_q75": 274.1343231201172,
  "adv_e_nul_l2_mean": 13.508600190281868,
  "adv_e_nul_l2_ci95": 2.806180446459587,
  "adv_e_nul_l2_median": 11.357974529266357,
  "adv_e_nul_l2_q25": 8.463099002838135,
  "adv_e_nul_l2_q75": 15.534903287887573,
  "adv_e_ran_frac_mean": 0.9957515809126013,
  "adv_e_ran_frac_ci95": 0.0023933782721853613,
  "adv_e_ran_frac_median": 0.9975753457216319,
  "adv_e_ran_frac_q25": 0.996220318624837,
  "adv_e_ran_frac_q75": 0.9983006989134822,
  "adv_e_nul_frac_mean": 0.07978882955887431,
  "adv_e_nul_frac_ci95": 0.016001894169078688,
  "adv_e_nul_frac_median": 0.06957224319347473,
  "adv_e_nul_frac_q25": 0.05827074945393339,
  "adv_e_nul_frac_q75": 0.08646044311980892,
  "attack_runtime_total_sec": 64.68721394240856,
  "attack_runtime_per_example_sec": 2.0214754357002676,
  "model_name": "nsn",
  "attack_name": "adam",
  "norm": "l2",
  "eps": 0.1,
  "eps_actual": 128.05586398406984,
  "eps_budget_mode": "per_sample_l2",
  "attack_init_mode": "exact",
  "eval_init_mode": "exact"
}