{
  "num_examples": 32,
  "gt_norm_mean": 24.628406435251236,
  "gt_norm_ci95": 3.042906305918084,
  "gt_norm_median": 24.647866249084473,
  "clean_mse_mean": 3.8597152617114716e-05,
  "clean_mse_ci95": 1.312911679899631e-05,
  "clean_mse_median": 2.4863335056579672e-05,
  "adv_mse_mean": 0.009925165613822173,
  "adv_mse_ci95": 0.0035340449903813625,
  "adv_mse_median": 0.00733825983479619,
  "mse_ratio_mean": 579.5914110237505,
  "mse_ratio_ci95": 437.42440457475516,
  "mse_ratio_median": 223.36126262079267,
  "clean_rel_l2_mean": 0.029625943687278777,
  "clean_rel_l2_ci95": 0.0033034354753640046,
  "clean_rel_l2_median": 0.027859735302627087,
  "adv_rel_l2_mean": 0.5004669795744121,
  "adv_rel_l2_ci95": 0.10969595185588805,
  "adv_rel_l2_median": 0.4284868836402893,
  "rel_l2_ratio_mean": 18.77273923661287,
  "rel_l2_ratio_ci95": 5.305860303948527,
  "rel_l2_ratio_median": 14.945185677585048,
  "clean_psnr_mean": 41.872142477917706,
  "clean_psnr_ci95": 1.2658175569213839,
  "clean_psnr_median": 41.571184539869336,
  "adv_psnr_mean": 18.448144727393974,
  "adv_psnr_ci95": 2.1665813212064764,
  "adv_psnr_median": 17.94570058442332,
  "clean_ssim_mean": 0.9727906405098462,
  "clean_ssim_ci95": 0.004580703770935541,
  "clean_ssim_median": 0.9749115240644766,
  "adv_ssim_mean": 0.882458899959981,
  "adv_ssim_ci95": 0.021647561262653697,
  "adv_ssim_median": 0.882706748847593,
  "pred_shift_rel_l2_mean": 0.4920965319033712,
  "pred_shift_rel_l2_ci95": 0.10991892479640097,
  "pred_shift_rel_l2_median": 0.4211554229259491,
  "init_shift_rel_l2_mean": 0.09609824931249022,
  "init_shift_rel_l2_ci95": 0.009980097218522513,
  "init_shift_rel_l2_median": 0.08737812936306,
  "delta_l2_mean": 32.55326950550079,
  "delta_l2_ci95": 1.8538721126763904,
  "delta_l2_median": 32.98967742919922,
  "delta_linf_mean": 0.6533453036099672,
  "delta_linf_ci95": 0.019403817390901,
  "delta_linf_median": 0.6539224982261658,
  "delta_mean_abs_mean": 0.11232647125143558,
  "delta_mean_abs_ci95": 0.00811173780243878,
  "delta_mean_abs_median": 0.11408476158976555,
  "success_rel_l2_mean": 1.0,
  "success_rel_l2_ci95": 0.0,
  "success_rel_l2_median": 1.0,
  "success_mse_mean": 1.0,
  "success_mse_ci95": 0.0,
  "success_mse_median": 1.0,
  "clean_e_ran_l2_mean": 0.5702067413367331,
  "clean_e_ran_l2_ci95": 0.08219285055315458,
  "clean_e_ran_l2_median": 0.5148922652006149,
  "clean_e_nul_l2_mean": 0.44040639721788466,
  "clean_e_nul_l2_ci95": 0.08533791806380144,
  "clean_e_nul_l2_median": 0.35483458638191223,
  "clean_e_ran_frac_mean": 0.8032756881520828,
  "clean_e_ran_frac_ci95": 0.019519318181960146,
  "clean_e_ran_frac_median": 0.8148966171809013,
  "clean_e_nul_frac_mean": 0.5886739000553305,
  "clean_e_nul_frac_ci95": 0.02523004983171321,
  "clean_e_nul_frac_median": 0.5796063392027229,
  "adv_e_ran_l2_mean": 6.5657666102051735,
  "adv_e_ran_l2_ci95": 1.191821590164666,
  "adv_e_ran_l2_median": 6.05873703956604,
  "adv_e_nul_l2_mean": 9.196240596473217,
  "adv_e_nul_l2_ci95": 1.705475042914577,
  "adv_e_nul_l2_median": 8.857889652252197,
  "adv_e_ran_frac_mean": 0.5895632276801661,
  "adv_e_ran_frac_ci95": 0.034420193397197006,
  "adv_e_ran_frac_median": 0.5709092361070869,
  "adv_e_nul_frac_mean": 0.7980839095655075,
  "adv_e_nul_frac_ci95": 0.0270790264367361,
  "adv_e_nul_frac_median": 0.8210132414116308,
  "attack_runtime_total_sec": 38.8313762024045,
  "attack_runtime_per_example_sec": 1.2134805063251406,
  "model_name": "resnet",
  "attack_name": "adam",
  "norm": "l2",
  "eps": 1.0,
  "attack_init_mode": "exact",
  "eval_init_mode": "exact"
}