{
  "num_examples": 32,
  "gt_norm_mean": 24.628406435251236,
  "gt_norm_ci95": 3.042906305918084,
  "gt_norm_median": 24.647866249084473,
  "clean_mse_mean": 3.864159870659023e-05,
  "clean_mse_ci95": 1.3129782754777978e-05,
  "clean_mse_median": 2.4896259674278554e-05,
  "adv_mse_mean": 0.009924884224801644,
  "adv_mse_ci95": 0.0035346962454125357,
  "adv_mse_median": 0.007322769844904542,
  "mse_ratio_mean": 578.1695964923557,
  "mse_ratio_ci95": 437.19794727384556,
  "mse_ratio_median": 224.37447899169229,
  "clean_rel_l2_mean": 0.029652040917426348,
  "clean_rel_l2_ci95": 0.0033092024816454026,
  "clean_rel_l2_median": 0.027878690510988235,
  "adv_rel_l2_mean": 0.5004359867889434,
  "adv_rel_l2_ci95": 0.10969393812062385,
  "adv_rel_l2_median": 0.42860184609889984,
  "rel_l2_ratio_mean": 18.748425406145778,
  "rel_l2_ratio_ci95": 5.299907339993236,
  "rel_l2_ratio_median": 14.979072675456507,
  "clean_psnr_mean": 41.86475754429216,
  "clean_psnr_ci95": 1.26716080082267,
  "clean_psnr_median": 41.558925459759635,
  "adv_psnr_mean": 18.448489552971214,
  "adv_psnr_ci95": 2.1662679867169423,
  "adv_psnr_median": 17.94738651246891,
  "clean_ssim_mean": 0.9727851136311961,
  "clean_ssim_ci95": 0.004583319496747355,
  "clean_ssim_median": 0.9749054249853608,
  "adv_ssim_mean": 0.8824684947735413,
  "adv_ssim_ci95": 0.021617257853429744,
  "adv_ssim_median": 0.8827026811407566,
  "pred_shift_rel_l2_mean": 0.4920631814748049,
  "pred_shift_rel_l2_ci95": 0.10991401576748648,
  "pred_shift_rel_l2_median": 0.4212882071733475,
  "init_shift_rel_l2_mean": 0.09624310757499188,
  "init_shift_rel_l2_ci95": 0.009962200169751946,
  "init_shift_rel_l2_median": 0.08764223009347916,
  "delta_l2_mean": 32.551603615283966,
  "delta_l2_ci95": 1.8535543087693591,
  "delta_l2_median": 32.97749328613281,
  "delta_linf_mean": 0.6532462351024151,
  "delta_linf_ci95": 0.019388353062049862,
  "delta_linf_median": 0.6543905138969421,
  "delta_mean_abs_mean": 0.11232388473581523,
  "delta_mean_abs_ci95": 0.008110169136960096,
  "delta_mean_abs_median": 0.11407554149627686,
  "success_rel_l2_mean": 1.0,
  "success_rel_l2_ci95": 0.0,
  "success_rel_l2_median": 1.0,
  "success_mse_mean": 1.0,
  "success_mse_ci95": 0.0,
  "success_mse_median": 1.0,
  "clean_e_ran_l2_mean": 0.5705316443927586,
  "clean_e_ran_l2_ci95": 0.08212874281774639,
  "clean_e_ran_l2_median": 0.516585648059845,
  "clean_e_nul_l2_mean": 0.4407998900860548,
  "clean_e_nul_l2_ci95": 0.08540746580070704,
  "clean_e_nul_l2_median": 0.35515572130680084,
  "clean_e_ran_frac_mean": 0.803171362488519,
  "clean_e_ran_frac_ci95": 0.019552823847026144,
  "clean_e_ran_frac_median": 0.8147314096468625,
  "clean_e_nul_frac_mean": 0.5887951184353064,
  "clean_e_nul_frac_ci95": 0.025265100314958138,
  "clean_e_nul_frac_median": 0.5798385231072815,
  "adv_e_ran_l2_mean": 6.566518060863018,
  "adv_e_ran_l2_ci95": 1.1920313004698158,
  "adv_e_ran_l2_median": 6.053877592086792,
  "adv_e_nul_l2_mean": 9.194965347647667,
  "adv_e_nul_l2_ci95": 1.705654498684665,
  "adv_e_nul_l2_median": 8.84590196609497,
  "adv_e_ran_frac_mean": 0.5896664413584396,
  "adv_e_ran_frac_ci95": 0.03443220335541887,
  "adv_e_ran_frac_median": 0.5709522622237959,
  "adv_e_nul_frac_mean": 0.7980015356534105,
  "adv_e_nul_frac_ci95": 0.027086049031202136,
  "adv_e_nul_frac_median": 0.8209832971263258,
  "attack_runtime_total_sec": 38.862615555524826,
  "attack_runtime_per_example_sec": 1.2144567361101508,
  "model_name": "resnet",
  "attack_name": "adam",
  "norm": "l2",
  "eps": 1.0,
  "attack_init_mode": "exact",
  "eval_init_mode": "exact"
}