{
  "num_examples": 32,
  "gt_norm_mean": 24.628406435251236,
  "gt_norm_ci95": 3.042906305918084,
  "gt_norm_median": 24.647866249084473,
  "clean_mse_mean": 3.8597152617114716e-05,
  "clean_mse_ci95": 1.312911679899631e-05,
  "clean_mse_median": 2.4863335056579672e-05,
  "adv_mse_mean": 0.009930261236149818,
  "adv_mse_ci95": 0.00353400607633218,
  "adv_mse_median": 0.007377204485237598,
  "mse_ratio_mean": 580.1342496780404,
  "mse_ratio_ci95": 437.9495857332302,
  "mse_ratio_median": 223.4953485083019,
  "clean_rel_l2_mean": 0.029625943687278777,
  "clean_rel_l2_ci95": 0.0033034354753640046,
  "clean_rel_l2_median": 0.027859735302627087,
  "adv_rel_l2_mean": 0.5006703017279506,
  "adv_rel_l2_ci95": 0.10975430859235319,
  "adv_rel_l2_median": 0.42829495668411255,
  "rel_l2_ratio_mean": 18.780484938953926,
  "rel_l2_ratio_ci95": 5.3088016328626075,
  "rel_l2_ratio_median": 14.94964624872511,
  "clean_psnr_mean": 41.872142477917706,
  "clean_psnr_ci95": 1.2658175569213839,
  "clean_psnr_median": 41.571184539869336,
  "adv_psnr_mean": 18.445254117689103,
  "adv_psnr_ci95": 2.1673027849978297,
  "adv_psnr_median": 17.945825503695826,
  "clean_ssim_mean": 0.9727906405098462,
  "clean_ssim_ci95": 0.004580703770935541,
  "clean_ssim_median": 0.9749115240644766,
  "adv_ssim_mean": 0.8824368583491881,
  "adv_ssim_ci95": 0.021653789385212778,
  "adv_ssim_median": 0.8826910376959862,
  "pred_shift_rel_l2_mean": 0.49229896487668157,
  "pred_shift_rel_l2_ci95": 0.10997671315906471,
  "pred_shift_rel_l2_median": 0.42099548876285553,
  "init_shift_rel_l2_mean": 0.09610190498642623,
  "init_shift_rel_l2_ci95": 0.009983492467087695,
  "init_shift_rel_l2_median": 0.08738264814019203,
  "delta_l2_mean": 32.55360168218613,
  "delta_l2_ci95": 1.853790152138824,
  "delta_l2_median": 32.979156494140625,
  "delta_linf_mean": 0.653342742472887,
  "delta_linf_ci95": 0.019430992822859833,
  "delta_linf_median": 0.6543179750442505,
  "delta_mean_abs_mean": 0.11232950689736754,
  "delta_mean_abs_ci95": 0.008111574015284359,
  "delta_mean_abs_median": 0.11405946686863899,
  "success_rel_l2_mean": 1.0,
  "success_rel_l2_ci95": 0.0,
  "success_rel_l2_median": 1.0,
  "success_mse_mean": 1.0,
  "success_mse_ci95": 0.0,
  "success_mse_median": 1.0,
  "clean_e_ran_l2_mean": 0.5702067413367331,
  "clean_e_ran_l2_ci95": 0.08219285055315458,
  "clean_e_ran_l2_median": 0.5148922652006149,
  "clean_e_nul_l2_mean": 0.44040639721788466,
  "clean_e_nul_l2_ci95": 0.08533791806380144,
  "clean_e_nul_l2_median": 0.35483458638191223,
  "clean_e_ran_frac_mean": 0.8032756881520828,
  "clean_e_ran_frac_ci95": 0.019519318181960146,
  "clean_e_ran_frac_median": 0.8148966171809013,
  "clean_e_nul_frac_mean": 0.5886739000553305,
  "clean_e_nul_frac_ci95": 0.02523004983171321,
  "clean_e_nul_frac_median": 0.5796063392027229,
  "adv_e_ran_l2_mean": 6.568816736340523,
  "adv_e_ran_l2_ci95": 1.1922081904159885,
  "adv_e_ran_l2_median": 6.068753957748413,
  "adv_e_nul_l2_mean": 9.198416348546743,
  "adv_e_nul_l2_ci95": 1.7053285509775895,
  "adv_e_nul_l2_median": 8.88239860534668,
  "adv_e_ran_frac_mean": 0.5896372861611194,
  "adv_e_ran_frac_ci95": 0.0344238039311035,
  "adv_e_ran_frac_median": 0.5709083501732402,
  "adv_e_nul_frac_mean": 0.7980261786073443,
  "adv_e_nul_frac_ci95": 0.02708541832643353,
  "adv_e_nul_frac_median": 0.8210138383812565,
  "attack_runtime_total_sec": 38.72195699065924,
  "attack_runtime_per_example_sec": 1.2100611559581012,
  "model_name": "resnet",
  "attack_name": "adam",
  "norm": "l2",
  "eps": 1.0,
  "attack_init_mode": "exact",
  "eval_init_mode": "exact"
}