{
  "eps": 0.05,
  "attack": "adam",
  "matrix": {
    "nsn": {
      "mse": {
        "l2_nul": 5.194942235946655,
        "l2_ran": 98.6384506225586,
        "rel_l2_nul": 0.29434625804424286,
        "rel_l2_ran": 4.974762201309204,
        "psnr_nul": 22.647123914493484,
        "psnr_ran": -0.970270193616761,
        "ssim_nul": 0.2609409392702585,
        "ssim_ran": 0.019815361072373618,
        "mae_nul": 0.026507764123380184,
        "mae_ran": 0.5895500779151917,
        "nrmse_nul": 0.0738191887047891,
        "nrmse_ran": 1.118236166737066,
        "max_err_nul": 0.5251406133174896,
        "max_err_ran": 4.218387603759766
      },
      "null": {
        "l2_nul": 88.55897903442383,
        "l2_ran": 74.41819763183594,
        "rel_l2_nul": 4.471184015274048,
        "rel_l2_ran": 3.69351863861084,
        "psnr_nul": 0.5122208839868205,
        "psnr_ran": 1.4842857371644225,
        "ssim_nul": 0.018250987088419622,
        "ssim_ran": 0.019746252024120187,
        "mae_nul": 0.28259795904159546,
        "mae_ran": 0.3989274799823761,
        "nrmse_nul": 0.9427507066741113,
        "nrmse_ran": 0.8433657139380997,
        "max_err_nul": 10.960813522338867,
        "max_err_ran": 6.445724010467529
      }
    },
    "resnet": {
      "mse": {
        "l2_nul": 103.04742431640625,
        "l2_ran": 56.20506477355957,
        "rel_l2_nul": 5.578623294830322,
        "rel_l2_ran": 2.7498974800109863,
        "psnr_nul": -1.0438516173826367,
        "psnr_ran": 4.248780387143909,
        "ssim_nul": 0.01108987047232839,
        "ssim_ran": 0.009023052325861343,
        "mae_nul": 0.3024537265300751,
        "mae_ran": 0.26323336362838745,
        "nrmse_nul": 1.1279074502579896,
        "nrmse_ran": 0.6140998882695528,
        "max_err_nul": 12.728715419769287,
        "max_err_ran": 4.834637641906738
      },
      "null": {
        "l2_nul": 103.21266174316406,
        "l2_ran": 51.67438507080078,
        "rel_l2_nul": 5.404853582382202,
        "rel_l2_ran": 2.6352953910827637,
        "psnr_nul": -1.5868692709341599,
        "psnr_ran": 4.44680715422276,
        "ssim_nul": 0.010207955409277606,
        "ssim_ran": 0.011514514620977856,
        "mae_nul": 0.3105919063091278,
        "mae_ran": 0.24794404208660126,
        "nrmse_nul": 1.2005148593703703,
        "nrmse_ran": 0.6007850671160662,
        "max_err_nul": 12.182721138000488,
        "max_err_ran": 4.576317310333252
      }
    }
  },
  "shift_weight_sweep": {},
  "lipschitz_nullspace": {
    "nsn": {
      "mean": 1.225891255773604,
      "max": 9.751324653625488,
      "std": 1.6200907883426556,
      "n": 32
    },
    "resnet": {
      "mean": 1.9245888330042362,
      "max": 8.231012344360352,
      "std": 1.7297969968411617,
      "n": 32
    }
  }
}