{
  "num_examples": 32,
  "gt_norm_mean": 20.065786242485046,
  "gt_norm_ci95": 2.6439993761407936,
  "gt_norm_median": 18.550631523132324,
  "clean_mse_mean": 0.006183219678860041,
  "clean_mse_ci95": 0.002363341799444001,
  "clean_mse_median": 0.004231042927131057,
  "adv_mse_mean": 0.007138393488276051,
  "adv_mse_ci95": 0.0023828493593504784,
  "adv_mse_median": 0.005283221835270524,
  "mse_ratio_mean": 1.2970029081631096,
  "mse_ratio_ci95": 0.13752960335270165,
  "mse_ratio_median": 1.166297931260797,
  "clean_rel_l2_mean": 0.4488188084214926,
  "clean_rel_l2_ci95": 0.021548765821428773,
  "clean_rel_l2_median": 0.4298713803291321,
  "adv_rel_l2_mean": 0.5059414347633719,
  "adv_rel_l2_ci95": 0.03152148224247571,
  "adv_rel_l2_median": 0.48608389496803284,
  "rel_l2_ratio_mean": 1.129655956821574,
  "rel_l2_ratio_ci95": 0.05086792718412685,
  "rel_l2_ratio_median": 1.0799507289442714,
  "clean_psnr_mean": 19.963957320865624,
  "clean_psnr_ci95": 1.1801890290791668,
  "clean_psnr_median": 21.27207421809475,
  "adv_psnr_mean": 18.963328533225308,
  "adv_psnr_ci95": 1.1279938116277393,
  "adv_psnr_median": 20.709858392638814,
  "clean_ssim_mean": 0.1325875817914598,
  "clean_ssim_ci95": 0.020139036700641256,
  "clean_ssim_median": 0.11027060768567143,
  "adv_ssim_mean": 0.1239741635373236,
  "adv_ssim_ci95": 0.020086314832402554,
  "adv_ssim_median": 0.10251887875288535,
  "pred_shift_rel_l2_mean": 0.13123131985776126,
  "pred_shift_rel_l2_ci95": 0.037546586740286755,
  "pred_shift_rel_l2_median": 0.09262483194470406,
  "init_shift_rel_l2_mean": 0.028374016837915406,
  "init_shift_rel_l2_ci95": 0.0046194577644812305,
  "init_shift_rel_l2_median": 0.026817532256245613,
  "delta_l2_mean": 9.615060657262802,
  "delta_l2_ci95": 1.7013873798932073e-07,
  "delta_l2_median": 9.615060806274414,
  "delta_linf_mean": 0.25616013817489147,
  "delta_linf_ci95": 0.01653693914822451,
  "delta_linf_median": 0.24800830334424973,
  "delta_mean_abs_mean": 0.03644740709569305,
  "delta_mean_abs_ci95": 0.00011144333671786092,
  "delta_mean_abs_median": 0.03639657981693745,
  "delta_rel_l2_mean": 0.007818454696303198,
  "delta_rel_l2_ci95": 0.00127217269824999,
  "delta_rel_l2_median": 0.007553358145508256,
  "success_rel_l2_mean": 0.03125,
  "success_rel_l2_ci95": 0.06124999999999999,
  "success_rel_l2_median": 0.0,
  "success_mse_mean": 0.03125,
  "success_mse_ci95": 0.06124999999999999,
  "success_mse_median": 0.0,
  "clean_e_ran_l2_mean": 7.712452948093414,
  "clean_e_ran_l2_ci95": 1.2999072415063377,
  "clean_e_ran_l2_median": 6.773916482925415,
  "clean_e_nul_l2_mean": 4.8605454452335835,
  "clean_e_nul_l2_ci95": 0.7520058510399594,
  "clean_e_nul_l2_median": 4.363865852355957,
  "clean_e_ran_frac_mean": 0.8410908043603228,
  "clean_e_ran_frac_ci95": 0.01631977274951405,
  "clean_e_ran_frac_median": 0.856352453737071,
  "clean_e_nul_frac_mean": 0.5352241547032565,
  "clean_e_nul_frac_ci95": 0.022130510644111645,
  "clean_e_nul_frac_median": 0.5163912562266719,
  "adv_e_ran_l2_mean": 8.203200533986092,
  "adv_e_ran_l2_ci95": 1.27684068514911,
  "adv_e_ran_l2_median": 7.2736570835113525,
  "adv_e_nul_l2_mean": 5.629702381789684,
  "adv_e_nul_l2_ci95": 0.772328050473242,
  "adv_e_nul_l2_median": 5.018082857131958,
  "adv_e_ran_frac_mean": 0.8136020809270805,
  "adv_e_ran_frac_ci95": 0.032394651818388645,
  "adv_e_ran_frac_median": 0.8463559455230087,
  "adv_e_nul_frac_mean": 0.5650351083447748,
  "adv_e_nul_frac_ci95": 0.03575913671779728,
  "adv_e_nul_frac_median": 0.5326175978701462,
  "attack_runtime_total_sec": 57.9370831027627,
  "attack_runtime_per_example_sec": 1.8105338469613343,
  "model_name": "resnet",
  "attack_name": "adam",
  "norm": "l2",
  "eps": 0.0075,
  "eps_actual": 9.615061186019897,
  "attack_init_mode": "exact",
  "eval_init_mode": "exact"
}