{
  "num_examples": 32,
  "gt_norm_mean": 20.065786242485046,
  "gt_norm_ci95": 2.6439993761407936,
  "gt_norm_median": 18.550631523132324,
  "clean_mse_mean": 19.504284624010324,
  "clean_mse_ci95": 8.901575561772624,
  "clean_mse_median": 9.643728256225586,
  "adv_mse_mean": 23.434143535792828,
  "adv_mse_ci95": 9.590689891794884,
  "adv_mse_median": 12.849104881286621,
  "mse_ratio_mean": 1.3501550204824988,
  "mse_ratio_ci95": 0.06481099985742236,
  "mse_ratio_median": 1.331388321450985,
  "clean_rel_l2_mean": 23.404385089874268,
  "clean_rel_l2_ci95": 1.4466901634052205,
  "clean_rel_l2_median": 21.632630348205566,
  "adv_rel_l2_mean": 26.89762705564499,
  "adv_rel_l2_ci95": 1.2048414568487318,
  "adv_rel_l2_median": 25.78262996673584,
  "rel_l2_ratio_mean": 1.1594311731421456,
  "rel_l2_ratio_ci95": 0.02698088767633945,
  "rel_l2_ratio_median": 1.153857781340685,
  "clean_psnr_mean": -14.326258762420618,
  "clean_psnr_ci95": 1.3685778043143835,
  "clean_psnr_median": -13.07460149136302,
  "adv_psnr_mean": -15.592906738446128,
  "adv_psnr_ci95": 1.2298434704246153,
  "adv_psnr_median": -14.378339999490741,
  "clean_ssim_mean": 0.0022781784367303585,
  "clean_ssim_ci95": 0.0006170280755123265,
  "clean_ssim_median": 0.002341633265503162,
  "adv_ssim_mean": 0.0016938627260956744,
  "adv_ssim_ci95": 0.0004799148659043367,
  "adv_ssim_median": 0.0015880306375151755,
  "pred_shift_rel_l2_mean": 0.19576044636778533,
  "pred_shift_rel_l2_ci95": 0.033735074605836995,
  "pred_shift_rel_l2_median": 0.18972663581371307,
  "init_shift_rel_l2_mean": 0.19577469502110034,
  "init_shift_rel_l2_ci95": 0.033738678173568994,
  "init_shift_rel_l2_median": 0.18973246961832047,
  "delta_l2_mean": 51.28032720088959,
  "delta_l2_ci95": 7.009506225585935e-07,
  "delta_l2_median": 51.28032684326172,
  "delta_linf_mean": 1.107733827084303,
  "delta_linf_ci95": 0.038264347395890234,
  "delta_linf_median": 1.073358178138733,
  "delta_mean_abs_mean": 0.1991264382377267,
  "delta_mean_abs_ci95": 0.0001133635530864502,
  "delta_mean_abs_median": 0.19911684095859528,
  "delta_rel_l2_mean": 0.041698428001299664,
  "delta_rel_l2_ci95": 0.0067849214524232735,
  "delta_rel_l2_median": 0.04028458276951159,
  "success_rel_l2_mean": 0.0,
  "success_rel_l2_ci95": 0.0,
  "success_rel_l2_median": 0.0,
  "success_mse_mean": 0.0,
  "success_mse_ci95": 0.0,
  "success_mse_median": 0.0,
  "clean_e_ran_l2_mean": 493.140832901001,
  "clean_e_ran_l2_ci95": 97.2786357590227,
  "clean_e_ran_l2_median": 397.4880676269531,
  "clean_e_nul_l2_mean": 2.4533347710967064,
  "clean_e_nul_l2_ci95": 0.35688617646202564,
  "clean_e_nul_l2_median": 2.0915669202804565,
  "clean_e_ran_frac_mean": 0.999977346152342,
  "clean_e_ran_frac_ci95": 1.3561015216512225e-05,
  "clean_e_ran_frac_median": 0.9999866445867445,
  "clean_e_nul_frac_mean": 0.00583750710101698,
  "clean_e_nul_frac_ci95": 0.0011794662072690998,
  "clean_e_nul_frac_median": 0.005167597762708311,
  "adv_e_ran_l2_mean": 554.8823037147522,
  "adv_e_ran_l2_ci95": 97.07458560903038,
  "adv_e_ran_l2_median": 458.81727600097656,
  "adv_e_nul_l2_mean": 2.4999203383922577,
  "adv_e_nul_l2_ci95": 0.3754372589265123,
  "adv_e_nul_l2_median": 2.142009139060974,
  "adv_e_ran_frac_mean": 0.9999830538063896,
  "adv_e_ran_frac_ci95": 1.0166612740044322e-05,
  "adv_e_ran_frac_median": 0.999989789098704,
  "adv_e_nul_frac_mean": 0.0050727246210381955,
  "adv_e_nul_frac_ci95": 0.001005649048879845,
  "adv_e_nul_frac_median": 0.004518958412365005,
  "attack_runtime_total_sec": 64.54773249477148,
  "attack_runtime_per_example_sec": 2.0171166404616088,
  "model_name": "nsn",
  "attack_name": "adam",
  "norm": "l2",
  "eps": 0.04,
  "eps_actual": 51.280326325439454,
  "attack_init_mode": "exact",
  "eval_init_mode": "exact"
}