{
  "num_examples": 32,
  "gt_norm_mean": 19.10678167641163,
  "gt_norm_ci95": 3.4833903043152117,
  "gt_norm_median": 16.756710529327393,
  "clean_mse_mean": 0.00013262900853305837,
  "clean_mse_ci95": 3.2522637756062395e-05,
  "clean_mse_median": 0.00011535870362422429,
  "adv_mse_mean": 0.21332422643899918,
  "adv_mse_ci95": 0.03318561263582768,
  "adv_mse_median": 0.20306743681430817,
  "mse_ratio_mean": 2426.029923514553,
  "mse_ratio_ci95": 651.465106659507,
  "mse_ratio_median": 1714.8610659004028,
  "clean_rel_l2_mean": 0.07849633332807571,
  "clean_rel_l2_ci95": 0.007879544108547624,
  "clean_rel_l2_median": 0.07557433098554611,
  "adv_rel_l2_mean": 3.5133986808359623,
  "adv_rel_l2_ci95": 0.4117880651324683,
  "adv_rel_l2_median": 3.3520506620407104,
  "rel_l2_ratio_mean": 46.55023766491672,
  "rel_l2_ratio_ci95": 5.66647942001178,
  "rel_l2_ratio_median": 41.40780249732645,
  "clean_psnr_mean": 35.50508335103929,
  "clean_psnr_ci95": 0.5100320234437955,
  "clean_psnr_median": 35.68560227573899,
  "adv_psnr_mean": 2.6042947659353888,
  "adv_psnr_ci95": 0.8798348755622952,
  "adv_psnr_median": 3.3281368663659023,
  "clean_ssim_mean": 0.8870374882576997,
  "clean_ssim_ci95": 0.010990359347556482,
  "clean_ssim_median": 0.8914903551740565,
  "adv_ssim_mean": 0.008892996011075571,
  "adv_ssim_ci95": 0.0029637810157638433,
  "adv_ssim_median": 0.008871001727269272,
  "pred_shift_rel_l2_mean": 3.529718831181526,
  "pred_shift_rel_l2_ci95": 0.4158979943242381,
  "pred_shift_rel_l2_median": 3.3612637519836426,
  "init_shift_rel_l2_mean": 2.8140549529343843,
  "init_shift_rel_l2_ci95": 0.6223623438367257,
  "init_shift_rel_l2_median": 2.329364538192749,
  "delta_l2_mean": 25.730920493602753,
  "delta_l2_ci95": 2.959932905095894e-07,
  "delta_l2_median": 25.730920791625977,
  "delta_linf_mean": 0.6070021521300077,
  "delta_linf_ci95": 0.014323643910696028,
  "delta_linf_median": 0.6006013453006744,
  "delta_mean_abs_mean": 0.0931842599529773,
  "delta_mean_abs_ci95": 0.0001726779810511921,
  "delta_mean_abs_median": 0.0931554026901722,
  "delta_rel_l2_mean": 0.03373750325558234,
  "delta_rel_l2_ci95": 0.00716188969362153,
  "delta_rel_l2_median": 0.030690658188728563,
  "success_rel_l2_mean": 1.0,
  "success_rel_l2_ci95": 0.0,
  "success_rel_l2_median": 1.0,
  "success_mse_mean": 1.0,
  "success_mse_ci95": 0.0,
  "success_mse_median": 1.0,
  "clean_e_ran_l2_mean": 0.47194874472916126,
  "clean_e_ran_l2_ci95": 0.07856286195501386,
  "clean_e_ran_l2_median": 0.4195670187473297,
  "clean_e_nul_l2_mean": 1.2913936451077461,
  "clean_e_nul_l2_ci95": 0.16983371067378006,
  "clean_e_nul_l2_median": 1.2792801260948181,
  "clean_e_ran_frac_mean": 0.34016146555690685,
  "clean_e_ran_frac_ci95": 0.026948651439128734,
  "clean_e_ran_frac_median": 0.3290711687903702,
  "clean_e_nul_frac_mean": 0.9367748594213503,
  "clean_e_nul_frac_ci95": 0.010458710944562143,
  "clean_e_nul_frac_median": 0.9442996848256342,
  "adv_e_ran_l2_mean": 33.876911997795105,
  "adv_e_ran_l2_ci95": 0.9417022141446706,
  "adv_e_ran_l2_median": 33.595680236816406,
  "adv_e_nul_l2_mean": 44.63027587532997,
  "adv_e_nul_l2_ci95": 6.571129029724816,
  "adv_e_nul_l2_median": 46.77313232421875,
  "adv_e_ran_frac_mean": 0.6217702892383355,
  "adv_e_ran_frac_ci95": 0.06211535367859152,
  "adv_e_ran_frac_median": 0.5772287041402777,
  "adv_e_nul_frac_mean": 0.7367680189084986,
  "adv_e_nul_frac_ci95": 0.069910412620429,
  "adv_e_nul_frac_median": 0.8165819673248624,
  "attack_runtime_total_sec": 116.53576669842005,
  "attack_runtime_per_example_sec": 3.6417427093256265,
  "model_name": "dpnsn",
  "attack_name": "adam",
  "norm": "l2",
  "eps": 0.02,
  "eps_actual": 25.73092107702637,
  "attack_init_mode": "exact",
  "eval_init_mode": "exact"
}