{
  "num_examples": 32,
  "gt_norm_mean": 19.10678167641163,
  "gt_norm_ci95": 3.4833903043152117,
  "gt_norm_median": 16.756710529327393,
  "clean_mse_mean": 0.00013262900853305837,
  "clean_mse_ci95": 3.2522637756062395e-05,
  "clean_mse_median": 0.00011535870362422429,
  "adv_mse_mean": 0.393492947332561,
  "adv_mse_ci95": 0.06428049418416427,
  "adv_mse_median": 0.3731336295604706,
  "mse_ratio_mean": 4440.088833845362,
  "mse_ratio_ci95": 1159.898501350778,
  "mse_ratio_median": 2981.177522010322,
  "clean_rel_l2_mean": 0.07849633332807571,
  "clean_rel_l2_ci95": 0.007879544108547624,
  "clean_rel_l2_median": 0.07557433098554611,
  "adv_rel_l2_mean": 4.785606034100056,
  "adv_rel_l2_ci95": 0.5977634384923706,
  "adv_rel_l2_median": 4.45168924331665,
  "rel_l2_ratio_mean": 63.028454369008024,
  "rel_l2_ratio_ci95": 7.6114483276791045,
  "rel_l2_ratio_median": 54.59958321038966,
  "clean_psnr_mean": 35.50508335103929,
  "clean_psnr_ci95": 0.5100320234437955,
  "clean_psnr_median": 35.68560227573899,
  "adv_psnr_mean": -0.034325914673182564,
  "adv_psnr_ci95": 0.9259911727929673,
  "adv_psnr_median": 0.4463578446717137,
  "clean_ssim_mean": 0.8870374882576997,
  "clean_ssim_ci95": 0.010990359347556482,
  "clean_ssim_median": 0.8914903551740565,
  "adv_ssim_mean": 0.006542086807881674,
  "adv_ssim_ci95": 0.0031271500950089647,
  "adv_ssim_median": 0.002958959690717177,
  "pred_shift_rel_l2_mean": 4.808513857424259,
  "pred_shift_rel_l2_ci95": 0.6043676883464112,
  "pred_shift_rel_l2_median": 4.471266269683838,
  "init_shift_rel_l2_mean": 4.338967278599739,
  "init_shift_rel_l2_ci95": 0.9272061126957842,
  "init_shift_rel_l2_median": 4.033341884613037,
  "delta_l2_mean": 38.59638285636902,
  "delta_l2_ci95": 7.072036511590465e-07,
  "delta_l2_median": 38.59638214111328,
  "delta_linf_mean": 0.896606145426631,
  "delta_linf_ci95": 0.02215987925352303,
  "delta_linf_median": 0.8936082124710083,
  "delta_mean_abs_mean": 0.1408521174453199,
  "delta_mean_abs_ci95": 0.00025090856090990787,
  "delta_mean_abs_median": 0.14086166769266129,
  "delta_rel_l2_mean": 0.050606257661043166,
  "delta_rel_l2_ci95": 0.010742835115470015,
  "delta_rel_l2_median": 0.04603599077247302,
  "success_rel_l2_mean": 1.0,
  "success_rel_l2_ci95": 0.0,
  "success_rel_l2_median": 1.0,
  "success_mse_mean": 1.0,
  "success_mse_ci95": 0.0,
  "success_mse_median": 1.0,
  "clean_e_ran_l2_mean": 0.47194874472916126,
  "clean_e_ran_l2_ci95": 0.07856286195501386,
  "clean_e_ran_l2_median": 0.4195670187473297,
  "clean_e_nul_l2_mean": 1.2913936451077461,
  "clean_e_nul_l2_ci95": 0.16983371067378006,
  "clean_e_nul_l2_median": 1.2792801260948181,
  "clean_e_ran_frac_mean": 0.34016146555690685,
  "clean_e_ran_frac_ci95": 0.026948651439128734,
  "clean_e_ran_frac_median": 0.3290711687903702,
  "clean_e_nul_frac_mean": 0.9367748594213503,
  "clean_e_nul_frac_ci95": 0.010458710944562143,
  "clean_e_nul_frac_median": 0.9442996848256342,
  "adv_e_ran_l2_mean": 51.60189247131348,
  "adv_e_ran_l2_ci95": 1.620894524906468,
  "adv_e_ran_l2_median": 51.09864044189453,
  "adv_e_nul_l2_mean": 53.748281359672546,
  "adv_e_nul_l2_ci95": 10.408046848585256,
  "adv_e_nul_l2_median": 60.18182563781738,
  "adv_e_ran_frac_mean": 0.702703143593618,
  "adv_e_ran_frac_ci95": 0.07158024077688876,
  "adv_e_ran_frac_median": 0.6391783741924779,
  "adv_e_nul_frac_mean": 0.6365934009178832,
  "adv_e_nul_frac_ci95": 0.08594845269203558,
  "adv_e_nul_frac_median": 0.7687119155922988,
  "attack_runtime_total_sec": 116.52518971264362,
  "attack_runtime_per_example_sec": 3.6414121785201132,
  "model_name": "dpnsn",
  "attack_name": "adam",
  "norm": "l2",
  "eps": 0.03,
  "eps_actual": 38.59638161553955,
  "attack_init_mode": "exact",
  "eval_init_mode": "exact"
}