{
  "num_examples": 32,
  "gt_norm_mean": 20.065786242485046,
  "gt_norm_ci95": 2.6439993761407936,
  "gt_norm_median": 18.550631523132324,
  "clean_mse_mean": 9.639423973858356,
  "clean_mse_ci95": 4.439303482592667,
  "clean_mse_median": 4.855641841888428,
  "adv_mse_mean": 11.365065190941095,
  "adv_mse_ci95": 4.736353247140158,
  "adv_mse_median": 6.2853758335113525,
  "mse_ratio_mean": 1.3102805258379504,
  "mse_ratio_ci95": 0.05522718336496671,
  "mse_ratio_median": 1.2930002250244994,
  "clean_rel_l2_mean": 16.44574084877968,
  "clean_rel_l2_ci95": 1.007078038996911,
  "clean_rel_l2_median": 15.256311416625977,
  "adv_rel_l2_mean": 18.64643481373787,
  "adv_rel_l2_ci95": 0.8504742545368498,
  "adv_rel_l2_median": 17.946718215942383,
  "rel_l2_ratio_mean": 1.1427218131917065,
  "rel_l2_ratio_ci95": 0.023529004091598305,
  "rel_l2_ratio_median": 1.1371011654914298,
  "clean_psnr_mean": -11.263836214371953,
  "clean_psnr_ci95": 1.3597054225712226,
  "clean_psnr_median": -9.990405852075192,
  "adv_psnr_mean": -12.40822092042323,
  "adv_psnr_ci95": 1.2336300816692882,
  "adv_psnr_median": -11.128970862657784,
  "clean_ssim_mean": 0.003995435876704161,
  "clean_ssim_ci95": 0.000808119772480811,
  "clean_ssim_median": 0.004264916469006661,
  "adv_ssim_mean": 0.003275408289683449,
  "adv_ssim_ci95": 0.0006925222747782581,
  "adv_ssim_median": 0.003219124652544447,
  "pred_shift_rel_l2_mean": 0.1775761969620362,
  "pred_shift_rel_l2_ci95": 0.030843588675555884,
  "pred_shift_rel_l2_median": 0.16901835799217224,
  "init_shift_rel_l2_mean": 0.14255208056420088,
  "init_shift_rel_l2_ci95": 0.02448483196628357,
  "init_shift_rel_l2_median": 0.13776645809412003,
  "delta_l2_mean": 38.460243225097656,
  "delta_l2_ci95": 0.0,
  "delta_l2_median": 38.460243225097656,
  "delta_linf_mean": 0.8380251731723547,
  "delta_linf_ci95": 0.018892835658522147,
  "delta_linf_median": 0.8235939145088196,
  "delta_mean_abs_mean": 0.14713955111801624,
  "delta_mean_abs_ci95": 0.00012024298370436805,
  "delta_mean_abs_median": 0.14716287702322006,
  "delta_rel_l2_mean": 0.03127381926010263,
  "delta_rel_l2_ci95": 0.005088690816170883,
  "delta_rel_l2_median": 0.030213435578766802,
  "success_rel_l2_mean": 0.0,
  "success_rel_l2_ci95": 0.0,
  "success_rel_l2_median": 0.0,
  "success_mse_mean": 0.0,
  "success_mse_ci95": 0.0,
  "success_mse_median": 0.0,
  "clean_e_ran_l2_mean": 323.76527309417725,
  "clean_e_ran_l2_ci95": 64.00753844413146,
  "clean_e_ran_l2_median": 264.1322021484375,
  "clean_e_nul_l2_mean": 123.37530064582825,
  "clean_e_nul_l2_ci95": 24.455615584552184,
  "clean_e_nul_l2_median": 99.11756896972656,
  "clean_e_ran_frac_mean": 0.9345447859958261,
  "clean_e_ran_frac_ci95": 0.0009621966897816927,
  "clean_e_ran_frac_median": 0.9348092094820519,
  "clean_e_nul_frac_mean": 0.3557626749830798,
  "clean_e_nul_frac_ci95": 0.0025260092126172078,
  "clean_e_nul_frac_median": 0.35515014955746316,
  "adv_e_ran_l2_mean": 360.8982000350952,
  "adv_e_ran_l2_ci95": 63.80595882868904,
  "adv_e_ran_l2_median": 301.2218933105469,
  "adv_e_nul_l2_mean": 135.19625103473663,
  "adv_e_nul_l2_ci95": 24.457397735511787,
  "adv_e_nul_l2_median": 111.1641960144043,
  "adv_e_ran_frac_mean": 0.9369877500420967,
  "adv_e_ran_frac_ci95": 0.0010203216415646085,
  "adv_e_ran_frac_median": 0.9371200924813654,
  "adv_e_nul_frac_mean": 0.34926441665921193,
  "adv_e_nul_frac_ci95": 0.0027247289217032047,
  "adv_e_nul_frac_median": 0.34900593043354855,
  "attack_runtime_total_sec": 116.4771830253303,
  "attack_runtime_per_example_sec": 3.639911969541572,
  "model_name": "dpnsn",
  "attack_name": "adam",
  "norm": "l2",
  "eps": 0.03,
  "eps_actual": 38.46024474407959,
  "attack_init_mode": "exact",
  "eval_init_mode": "exact"
}