{
  "num_examples": 32,
  "gt_norm_mean": 26.229215562343597,
  "gt_norm_ci95": 1.7699003430208013,
  "gt_norm_median": 25.09980010986328,
  "clean_mse_mean": 4.9583440357992e-06,
  "clean_mse_ci95": 4.519650097408396e-07,
  "clean_mse_median": 4.840518158744089e-06,
  "adv_mse_mean": 0.620833795517683,
  "adv_mse_ci95": 0.020997082419244945,
  "adv_mse_median": 0.6143218874931335,
  "mse_ratio_mean": 133845.6873055188,
  "mse_ratio_ci95": 13066.784216074297,
  "mse_ratio_median": 128348.88479280379,
  "clean_rel_l2_mean": 0.011041214864235371,
  "clean_rel_l2_ci95": 0.0007037167521178696,
  "clean_rel_l2_median": 0.011030352208763361,
  "adv_rel_l2_mean": 3.977273516356945,
  "adv_rel_l2_ci95": 0.26283681966742795,
  "adv_rel_l2_median": 3.991881847381592,
  "rel_l2_ratio_mean": 362.5097784831008,
  "rel_l2_ratio_ci95": 17.361556189185414,
  "rel_l2_ratio_median": 358.19537303407236,
  "clean_psnr_mean": 53.19743909233761,
  "clean_psnr_ci95": 0.40751740505288303,
  "clean_psnr_median": 53.151087710041026,
  "adv_psnr_mean": 2.089362409989101,
  "adv_psnr_ci95": 0.14188798445951517,
  "adv_psnr_median": 2.116350864294191,
  "clean_ssim_mean": 0.9904999783016327,
  "clean_ssim_ci95": 0.001189331999779911,
  "clean_ssim_median": 0.9907526185886734,
  "adv_ssim_mean": 0.022859998044158607,
  "adv_ssim_ci95": 0.0025672735669497395,
  "adv_ssim_median": 0.02265923407340431,
  "pred_shift_rel_l2_mean": 3.983910046517849,
  "pred_shift_rel_l2_ci95": 0.2633120580958372,
  "pred_shift_rel_l2_median": 3.996737003326416,
  "init_shift_rel_l2_mean": 3.33635526150465,
  "init_shift_rel_l2_ci95": 0.21654381533537045,
  "init_shift_rel_l2_median": 3.3218979835510254,
  "delta_l2_mean": 49.64016306400299,
  "delta_l2_ci95": 0.2844179813174474,
  "delta_l2_median": 49.64212989807129,
  "delta_linf_mean": 1.2061237543821335,
  "delta_linf_ci95": 0.04265914782216355,
  "delta_linf_median": 1.2075589299201965,
  "delta_mean_abs_mean": 0.1865566000342369,
  "delta_mean_abs_ci95": 0.0015255462920528886,
  "delta_mean_abs_median": 0.1869368925690651,
  "delta_rel_l2_mean": 0.03774995253412412,
  "delta_rel_l2_ci95": 0.0033663815452810637,
  "delta_rel_l2_median": 0.036757504753389854,
  "success_rel_l2_mean": 1.0,
  "success_rel_l2_ci95": 0.0,
  "success_rel_l2_median": 1.0,
  "success_mse_mean": 1.0,
  "success_mse_ci95": 0.0,
  "success_mse_median": 1.0,
  "clean_e_ran_l2_mean": 0.23237067321315408,
  "clean_e_ran_l2_ci95": 0.011164406895551813,
  "clean_e_ran_l2_median": 0.23025696724653244,
  "clean_e_nul_l2_mean": 0.16039481130428612,
  "clean_e_nul_l2_ci95": 0.007942556404711965,
  "clean_e_nul_l2_median": 0.16060858964920044,
  "clean_e_ran_frac_mean": 0.8220851473302472,
  "clean_e_ran_frac_ci95": 0.008368842599784983,
  "clean_e_ran_frac_median": 0.8270322448874858,
  "clean_e_nul_frac_mean": 0.5678645933270593,
  "clean_e_nul_frac_ci95": 0.011889239334128027,
  "clean_e_nul_frac_median": 0.5621543530695601,
  "adv_e_ran_l2_mean": 99.93790912628174,
  "adv_e_ran_l2_ci95": 1.6998803418181079,
  "adv_e_ran_l2_median": 99.51005172729492,
  "adv_e_nul_l2_mean": 12.646006852388382,
  "adv_e_nul_l2_ci95": 0.33695947270796284,
  "adv_e_nul_l2_median": 12.726491451263428,
  "adv_e_ran_frac_mean": 0.9919596900059111,
  "adv_e_ran_frac_ci95": 0.0005408547672197912,
  "adv_e_ran_frac_median": 0.9921392211551072,
  "adv_e_nul_frac_mean": 0.12593686826513179,
  "adv_e_nul_frac_ci95": 0.004361704931647539,
  "adv_e_nul_frac_median": 0.12513908965816894,
  "attack_runtime_total_sec": 23.329570040106773,
  "attack_runtime_per_example_sec": 0.7290490637533367,
  "model_name": "dpnsn_res",
  "attack_name": "adam",
  "norm": "l2",
  "eps": 0.1,
  "eps_actual": 153.19905745361328,
  "attack_init_mode": "exact",
  "eval_init_mode": "exact"
}