{
  "num_examples": 32,
  "gt_norm_mean": 26.229215562343597,
  "gt_norm_ci95": 1.7699003430208013,
  "gt_norm_median": 25.09980010986328,
  "clean_mse_mean": 4.9583440357992e-06,
  "clean_mse_ci95": 4.519650097408396e-07,
  "clean_mse_median": 4.840518158744089e-06,
  "adv_mse_mean": 0.620929192751646,
  "adv_mse_ci95": 0.0209978493355248,
  "adv_mse_median": 0.6144227385520935,
  "mse_ratio_mean": 133865.71308399446,
  "mse_ratio_ci95": 13067.199193992847,
  "mse_ratio_median": 128392.03863420022,
  "clean_rel_l2_mean": 0.011041214864235371,
  "clean_rel_l2_ci95": 0.0007037167521178696,
  "clean_rel_l2_median": 0.011030352208763361,
  "adv_rel_l2_mean": 3.9775901809334755,
  "adv_rel_l2_ci95": 0.26286259686386676,
  "adv_rel_l2_median": 3.991937279701233,
  "rel_l2_ratio_mean": 362.53753141035764,
  "rel_l2_ratio_ci95": 17.361200031924618,
  "rel_l2_ratio_median": 358.2564696528359,
  "clean_psnr_mean": 53.19743909233761,
  "clean_psnr_ci95": 0.40751740505288303,
  "clean_psnr_median": 53.151087710041026,
  "adv_psnr_mean": 2.0886859527066592,
  "adv_psnr_ci95": 0.14184545658037714,
  "adv_psnr_median": 2.115640298851264,
  "clean_ssim_mean": 0.9904999783016327,
  "clean_ssim_ci95": 0.001189331999779911,
  "clean_ssim_median": 0.9907526185886734,
  "adv_ssim_mean": 0.022859754890292225,
  "adv_ssim_ci95": 0.0025675768781861855,
  "adv_ssim_median": 0.022657439213561403,
  "pred_shift_rel_l2_mean": 3.98422759026289,
  "pred_shift_rel_l2_ci95": 0.26333806914592733,
  "pred_shift_rel_l2_median": 3.996792793273926,
  "init_shift_rel_l2_mean": 3.336156290024519,
  "init_shift_rel_l2_ci95": 0.21653935894391013,
  "init_shift_rel_l2_median": 3.321812391281128,
  "delta_l2_mean": 49.638338923454285,
  "delta_l2_ci95": 0.28485919999433623,
  "delta_l2_median": 49.63844299316406,
  "delta_linf_mean": 1.206387858837843,
  "delta_linf_ci95": 0.042587089513856834,
  "delta_linf_median": 1.2057121992111206,
  "delta_mean_abs_mean": 0.18654825910925865,
  "delta_mean_abs_ci95": 0.001527749783325197,
  "delta_mean_abs_median": 0.1868964433670044,
  "delta_rel_l2_mean": 0.03774831119198998,
  "delta_rel_l2_ci95": 0.0033659700071263354,
  "delta_rel_l2_median": 0.03675898004205465,
  "success_rel_l2_mean": 1.0,
  "success_rel_l2_ci95": 0.0,
  "success_rel_l2_median": 1.0,
  "success_mse_mean": 1.0,
  "success_mse_ci95": 0.0,
  "success_mse_median": 1.0,
  "clean_e_ran_l2_mean": 0.23237067321315408,
  "clean_e_ran_l2_ci95": 0.011164406895551813,
  "clean_e_ran_l2_median": 0.23025696724653244,
  "clean_e_nul_l2_mean": 0.16039481130428612,
  "clean_e_nul_l2_ci95": 0.007942556404711965,
  "clean_e_nul_l2_median": 0.16060858964920044,
  "clean_e_ran_frac_mean": 0.8220851473302472,
  "clean_e_ran_frac_ci95": 0.008368842599784983,
  "clean_e_ran_frac_median": 0.8270322448874858,
  "clean_e_nul_frac_mean": 0.5678645933270593,
  "clean_e_nul_frac_ci95": 0.011889239334128027,
  "clean_e_nul_frac_median": 0.5621543530695601,
  "adv_e_ran_l2_mean": 99.94583535194397,
  "adv_e_ran_l2_ci95": 1.6996756140833988,
  "adv_e_ran_l2_median": 99.51830291748047,
  "adv_e_nul_l2_mean": 12.645336836576462,
  "adv_e_nul_l2_ci95": 0.33711974627141456,
  "adv_e_nul_l2_median": 12.7267427444458,
  "adv_e_ran_frac_mean": 0.9919617249389487,
  "adv_e_ran_frac_ci95": 0.000540859068656053,
  "adv_e_ran_frac_median": 0.9921353341749244,
  "adv_e_nul_frac_mean": 0.12592053722660593,
  "adv_e_nul_frac_ci95": 0.004362693051905507,
  "adv_e_nul_frac_median": 0.12516959907484987,
  "attack_runtime_total_sec": 23.336722318083048,
  "attack_runtime_per_example_sec": 0.7292725724400952,
  "model_name": "dpnsn_res",
  "attack_name": "adam",
  "norm": "l2",
  "eps": 0.05,
  "eps_actual": 76.59952872680664,
  "attack_init_mode": "exact",
  "eval_init_mode": "exact"
}