{
  "num_examples": 32,
  "gt_norm_mean": 19.10678167641163,
  "gt_norm_ci95": 3.4833903043152117,
  "gt_norm_median": 16.756710529327393,
  "gt_norm_q25": 12.742112159729004,
  "gt_norm_q75": 21.370549201965332,
  "clean_mse_mean": 0.00027638890128400817,
  "clean_mse_ci95": 6.712016490322704e-05,
  "clean_mse_median": 0.00023686107306275517,
  "clean_mse_q25": 0.0001161249110737117,
  "clean_mse_q75": 0.0003859057178488001,
  "adv_mse_mean": 0.0002764051336043849,
  "adv_mse_ci95": 6.712387613736328e-05,
  "adv_mse_median": 0.00023693195544183254,
  "adv_mse_q25": 0.00011613131209742278,
  "adv_mse_q75": 0.0003859167845803313,
  "mse_ratio_mean": 1.0000563345600537,
  "mse_ratio_ci95": 3.202975229113174e-05,
  "mse_ratio_median": 1.0000447588816888,
  "mse_ratio_q25": 1.0000261517598914,
  "mse_ratio_q75": 1.000061673937228,
  "clean_rel_l2_mean": 0.11245803418569267,
  "clean_rel_l2_ci95": 0.008704213009158253,
  "clean_rel_l2_median": 0.1135103739798069,
  "clean_rel_l2_q25": 0.09323267638683319,
  "clean_rel_l2_q75": 0.12188530713319778,
  "adv_rel_l2_mean": 0.11246160231530666,
  "adv_rel_l2_ci95": 0.00870540959227318,
  "adv_rel_l2_median": 0.11351339519023895,
  "adv_rel_l2_q25": 0.09323539212346077,
  "adv_rel_l2_q75": 0.12188681960105896,
  "rel_l2_ratio_mean": 1.0000281483795725,
  "rel_l2_ratio_ci95": 1.600348704071929e-05,
  "rel_l2_ratio_median": 1.0000223578278478,
  "rel_l2_ratio_q25": 1.0000131069379923,
  "rel_l2_ratio_q75": 1.0000309289924216,
  "clean_psnr_mean": 32.24125215775135,
  "clean_psnr_ci95": 0.4122670077333718,
  "clean_psnr_median": 32.05672595089986,
  "clean_psnr_q25": 31.314489118155393,
  "clean_psnr_q75": 33.083222007921535,
  "adv_psnr_mean": 32.24100761523886,
  "adv_psnr_ci95": 0.41231295387698025,
  "adv_psnr_median": 32.05645456196743,
  "adv_psnr_q25": 31.314361085182675,
  "adv_psnr_q75": 33.08318475626702,
  "clean_ssim_mean": 0.9217629099657447,
  "clean_ssim_ci95": 0.00618343404386955,
  "clean_ssim_median": 0.9210925225692319,
  "clean_ssim_q25": 0.9106303254989848,
  "clean_ssim_q75": 0.9342832282236613,
  "adv_ssim_mean": 0.921764023179221,
  "adv_ssim_ci95": 0.006184778282577391,
  "adv_ssim_median": 0.9210917691072438,
  "adv_ssim_q25": 0.9106490700725771,
  "adv_ssim_q75": 0.934285535370917,
  "pred_shift_rel_l2_mean": 0.0002925755532032781,
  "pred_shift_rel_l2_ci95": 7.045779834687084e-05,
  "pred_shift_rel_l2_median": 0.00018985291535500437,
  "pred_shift_rel_l2_q25": 0.00014491578622255474,
  "pred_shift_rel_l2_q75": 0.000411076944146771,
  "init_shift_rel_l2_mean": 0.0004548657825580449,
  "init_shift_rel_l2_ci95": 0.00015738000882067177,
  "init_shift_rel_l2_median": 0.00023526909353677183,
  "init_shift_rel_l2_q25": 0.00017043442494468763,
  "init_shift_rel_l2_q75": 0.0005270021356409416,
  "delta_l2_mean": 0.00017565231610205956,
  "delta_l2_ci95": 8.821176295554871e-07,
  "delta_l2_median": 0.0001751153395161964,
  "delta_l2_q25": 0.0001738723694870714,
  "delta_l2_q75": 0.00017721352924127132,
  "delta_linf_mean": 6.484418463514885e-06,
  "delta_linf_ci95": 2.629311886870386e-07,
  "delta_linf_median": 6.198883056640625e-06,
  "delta_linf_q25": 5.752546712756157e-06,
  "delta_linf_q75": 7.142603863030672e-06,
  "delta_mean_abs_mean": 5.546360597463718e-07,
  "delta_mean_abs_ci95": 6.504242010155891e-09,
  "delta_mean_abs_median": 5.619919534183282e-07,
  "delta_mean_abs_q25": 5.549876505028806e-07,
  "delta_mean_abs_q75": 5.650777268328966e-07,
  "delta_rel_l2_mean": 2.289895699155856e-07,
  "delta_rel_l2_ci95": 4.796373593580773e-08,
  "delta_rel_l2_median": 2.0738295808666296e-07,
  "delta_rel_l2_q25": 1.3410766164906813e-07,
  "delta_rel_l2_q75": 2.8212910793254144e-07,
  "success_rel_l2_mean": 0.0,
  "success_rel_l2_ci95": 0.0,
  "success_rel_l2_median": 0.0,
  "success_rel_l2_q25": 0.0,
  "success_rel_l2_q75": 0.0,
  "success_mse_mean": 0.0,
  "success_mse_ci95": 0.0,
  "success_mse_median": 0.0,
  "success_mse_q25": 0.0,
  "success_mse_q75": 0.0,
  "clean_e_ran_l2_mean": 1.467962834984064,
  "clean_e_ran_l2_ci95": 0.1991634589894239,
  "clean_e_ran_l2_median": 1.3799903392791748,
  "clean_e_ran_l2_q25": 1.0279322862625122,
  "clean_e_ran_l2_q75": 1.7673651576042175,
  "clean_e_nul_l2_mean": 1.3447564356029034,
  "clean_e_nul_l2_ci95": 0.17423822071015513,
  "clean_e_nul_l2_median": 1.3605948686599731,
  "clean_e_nul_l2_q25": 0.9259719550609589,
  "clean_e_nul_l2_q75": 1.790343850851059,
  "clean_e_ran_frac_mean": 0.7312204400225835,
  "clean_e_ran_frac_ci95": 0.023607974060003367,
  "clean_e_ran_frac_median": 0.7427919748880567,
  "clean_e_ran_frac_q25": 0.6975291103833331,
  "clean_e_ran_frac_q75": 0.7626070611368011,
  "clean_e_nul_frac_mean": 0.6749534446990542,
  "clean_e_nul_frac_ci95": 0.025523928620885816,
  "clean_e_nul_frac_median": 0.6695212211613825,
  "clean_e_nul_frac_q25": 0.646855251608721,
  "clean_e_nul_frac_q75": 0.7165558316403394,
  "adv_e_ran_l2_mean": 1.4679583795368671,
  "adv_e_ran_l2_ci95": 0.1991638828895444,
  "adv_e_ran_l2_median": 1.3800437450408936,
  "adv_e_ran_l2_q25": 1.027929812669754,
  "adv_e_ran_l2_q75": 1.767346352338791,
  "adv_e_nul_l2_mean": 1.3448483850806952,
  "adv_e_nul_l2_ci95": 0.1742490400549553,
  "adv_e_nul_l2_median": 1.360726237297058,
  "adv_e_nul_l2_q25": 0.9260338544845581,
  "adv_e_nul_l2_q75": 1.7904690206050873,
  "adv_e_ran_frac_mean": 0.7311963414086236,
  "adv_e_ran_frac_ci95": 0.023608424480995843,
  "adv_e_ran_frac_median": 0.7427716230766928,
  "adv_e_ran_frac_q25": 0.6974814721155664,
  "adv_e_ran_frac_q75": 0.7625867663464319,
  "adv_e_nul_frac_mean": 0.6749797129899608,
  "adv_e_nul_frac_ci95": 0.025523055372571775,
  "adv_e_nul_frac_median": 0.6695438772127669,
  "adv_e_nul_frac_q25": 0.6468791257876988,
  "adv_e_nul_frac_q75": 0.7166022029761336,
  "attack_runtime_total_sec": 275.38024047762156,
  "attack_runtime_per_example_sec": 8.605632514925674,
  "model_name": "nsn",
  "attack_name": "adam",
  "norm": "l2",
  "eps": 0.01,
  "eps_actual": 12.865460538513185,
  "eps_budget_mode": "per_sample_l2",
  "attack_init_mode": "exact",
  "eval_init_mode": "exact"
}