{
  "num_examples": 32,
  "gt_norm_mean": 19.10678167641163,
  "gt_norm_ci95": 3.4833903043152117,
  "gt_norm_median": 16.756710529327393,
  "clean_mse_mean": 8.843375994160851e-06,
  "clean_mse_ci95": 2.7519022650824865e-06,
  "clean_mse_median": 6.181682010719669e-06,
  "adv_mse_mean": 0.08833392115775496,
  "adv_mse_ci95": 0.020226438632384366,
  "adv_mse_median": 0.06873364001512527,
  "mse_ratio_mean": 17017.07673992426,
  "mse_ratio_ci95": 4876.48841109362,
  "mse_ratio_median": 13580.78191066164,
  "clean_rel_l2_mean": 0.0200345172197558,
  "clean_rel_l2_ci95": 0.003151300402619934,
  "clean_rel_l2_median": 0.016435040161013603,
  "adv_rel_l2_mean": 2.1567525565624237,
  "adv_rel_l2_ci95": 0.23897189007955996,
  "adv_rel_l2_median": 1.9110709428787231,
  "rel_l2_ratio_mean": 121.30580050925613,
  "rel_l2_ratio_ci95": 16.88985075193271,
  "rel_l2_ratio_median": 116.49797906026926,
  "clean_psnr_mean": 47.765172938798585,
  "clean_psnr_ci95": 0.9003122279186407,
  "clean_psnr_median": 48.48047978493125,
  "adv_psnr_mean": 6.763410915175398,
  "adv_psnr_ci95": 0.9472361251250836,
  "adv_psnr_median": 6.964936287817063,
  "clean_ssim_mean": 0.9889715226305857,
  "clean_ssim_ci95": 0.0016066172664913005,
  "clean_ssim_median": 0.9905324106361718,
  "adv_ssim_mean": 0.18316111212411912,
  "adv_ssim_ci95": 0.028601045154402652,
  "adv_ssim_median": 0.1970363987544184,
  "pred_shift_rel_l2_mean": 2.1495428942143917,
  "pred_shift_rel_l2_ci95": 0.2381340561170046,
  "pred_shift_rel_l2_median": 1.9027413129806519,
  "init_shift_rel_l2_mean": 1.8709257394075394,
  "init_shift_rel_l2_ci95": 0.31438915546351676,
  "init_shift_rel_l2_median": 1.7199658751487732,
  "delta_l2_mean": 19.2981915473938,
  "delta_l2_ci95": 3.7534472576353494e-07,
  "delta_l2_median": 19.29819107055664,
  "delta_linf_mean": 0.5018200762569904,
  "delta_linf_ci95": 0.022679356731588194,
  "delta_linf_median": 0.4921644926071167,
  "delta_mean_abs_mean": 0.06987109524197876,
  "delta_mean_abs_ci95": 0.00018565604955379786,
  "delta_mean_abs_median": 0.06994041055440903,
  "delta_rel_l2_mean": 0.025303128992698154,
  "delta_rel_l2_ci95": 0.005371417699525185,
  "delta_rel_l2_median": 0.023017994210295843,
  "success_rel_l2_mean": 1.0,
  "success_rel_l2_ci95": 0.0,
  "success_rel_l2_median": 1.0,
  "success_mse_mean": 1.0,
  "success_mse_ci95": 0.0,
  "success_mse_median": 1.0,
  "clean_e_ran_l2_mean": 0.2332250231411308,
  "clean_e_ran_l2_ci95": 0.036767732192424345,
  "clean_e_ran_l2_median": 0.21223297715187073,
  "clean_e_nul_l2_mean": 0.25436562835238874,
  "clean_e_nul_l2_ci95": 0.042948842957437616,
  "clean_e_nul_l2_median": 0.23184172809123993,
  "clean_e_ran_frac_mean": 0.6792161228490077,
  "clean_e_ran_frac_ci95": 0.019441329702788664,
  "clean_e_ran_frac_median": 0.6801848047019097,
  "clean_e_nul_frac_mean": 0.7302116340174626,
  "clean_e_nul_frac_ci95": 0.017268747773017155,
  "clean_e_nul_frac_median": 0.7330393031963305,
  "adv_e_ran_l2_mean": 15.923667043447495,
  "adv_e_ran_l2_ci95": 1.3651914992261933,
  "adv_e_ran_l2_median": 14.260902404785156,
  "adv_e_nul_l2_mean": 32.64659404754639,
  "adv_e_nul_l2_ci95": 3.739773739038607,
  "adv_e_nul_l2_median": 29.833316802978516,
  "adv_e_ran_frac_mean": 0.4478212025841368,
  "adv_e_ran_frac_ci95": 0.02184909286715589,
  "adv_e_ran_frac_median": 0.4378514568683325,
  "adv_e_nul_frac_mean": 0.8914040559513865,
  "adv_e_nul_frac_ci95": 0.011147454892504155,
  "adv_e_nul_frac_median": 0.899013667973154,
  "attack_runtime_total_sec": 116.55625230073929,
  "attack_runtime_per_example_sec": 3.6423828843981028,
  "model_name": "dpnsn_res",
  "attack_name": "adam",
  "norm": "l2",
  "eps": 0.015,
  "eps_actual": 19.298190807769775,
  "attack_init_mode": "exact",
  "eval_init_mode": "exact"
}