{
  "num_examples": 32,
  "gt_norm_mean": 19.246901780366898,
  "gt_norm_ci95": 3.3146818493907912,
  "gt_norm_median": 15.661028385162354,
  "clean_mse_mean": 0.0018032488128483237,
  "clean_mse_ci95": 0.0007991373618706786,
  "clean_mse_median": 0.000680547789670527,
  "adv_mse_mean": 11.574879467487335,
  "adv_mse_ci95": 0.060531006547007306,
  "adv_mse_median": 11.558423519134521,
  "mse_ratio_mean": 19798.291733296835,
  "mse_ratio_ci95": 6051.325985423702,
  "mse_ratio_median": 16885.733920040184,
  "clean_rel_l2_mean": 0.2324072839692235,
  "clean_rel_l2_ci95": 0.013910097559146871,
  "clean_rel_l2_median": 0.22967718541622162,
  "adv_rel_l2_mean": 28.134060710668564,
  "adv_rel_l2_ci95": 4.398393040145671,
  "adv_rel_l2_median": 27.782636642456055,
  "rel_l2_ratio_mean": 126.83624131107985,
  "rel_l2_ratio_ci95": 21.444331968490882,
  "rel_l2_ratio_median": 129.91065971783019,
  "clean_psnr_mean": 25.40477201258683,
  "clean_psnr_ci95": 1.27647347981304,
  "clean_psnr_median": 25.518454069438,
  "adv_psnr_mean": -15.47390191521357,
  "adv_psnr_ci95": 1.1092216117888771,
  "adv_psnr_median": -15.255758920578543,
  "clean_ssim_mean": 0.32125235960678483,
  "clean_ssim_ci95": 0.0423519261597885,
  "clean_ssim_median": 0.29293252418375354,
  "adv_ssim_mean": 0.0015316594348852145,
  "adv_ssim_ci95": 0.0005599205265137907,
  "adv_ssim_median": 0.000973289515933416,
  "pred_shift_rel_l2_mean": 27.316953748464584,
  "pred_shift_rel_l2_ci95": 4.300024197718216,
  "pred_shift_rel_l2_median": 27.353992462158203,
  "init_shift_rel_l2_mean": 29.187244832515717,
  "init_shift_rel_l2_ci95": 4.524249887839307,
  "init_shift_rel_l2_median": 30.37795066833496,
  "delta_l2_mean": 256.11172676086426,
  "delta_l2_ci95": 4.603140551736269e-06,
  "delta_l2_median": 256.1117248535156,
  "delta_linf_mean": 5.390683099627495,
  "delta_linf_ci95": 0.1471619762547114,
  "delta_linf_median": 5.434940576553345,
  "delta_mean_abs_mean": 0.9996920097619295,
  "delta_mean_abs_ci95": 0.0007742948179315004,
  "delta_mean_abs_median": 0.9998418986797333,
  "delta_rel_l2_mean": 0.3090761823864274,
  "delta_rel_l2_ci95": 0.052183724033447385,
  "delta_rel_l2_median": 0.31681825895176136,
  "success_rel_l2_mean": 1.0,
  "success_rel_l2_ci95": 0.0,
  "success_rel_l2_median": 1.0,
  "success_mse_mean": 1.0,
  "success_mse_ci95": 0.0,
  "success_mse_median": 1.0,
  "clean_e_ran_l2_mean": 4.6121383756399155,
  "clean_e_ran_l2_ci95": 1.0028494325831814,
  "clean_e_ran_l2_median": 3.3379909992218018,
  "clean_e_nul_l2_mean": 0.2216303343884647,
  "clean_e_nul_l2_ci95": 0.1156233264114206,
  "clean_e_nul_l2_median": 0.09233365952968597,
  "clean_e_ran_frac_mean": 0.9938446596790343,
  "clean_e_ran_frac_ci95": 0.009056837722061636,
  "clean_e_ran_frac_median": 0.9997248250598978,
  "clean_e_nul_frac_mean": 0.05435843749283506,
  "clean_e_nul_frac_ci95": 0.03275178588459226,
  "clean_e_nul_frac_median": 0.023457721835694847,
  "adv_e_ran_l2_mean": 435.2929983139038,
  "adv_e_ran_l2_ci95": 1.0797810620989565,
  "adv_e_ran_l2_median": 435.1481475830078,
  "adv_e_nul_l2_mean": 9.02419663220644,
  "adv_e_nul_l2_ci95": 2.9867551244982433,
  "adv_e_nul_l2_median": 5.146655559539795,
  "adv_e_ran_frac_mean": 0.9996008102655755,
  "adv_e_ran_frac_ci95": 0.00031352123670036345,
  "adv_e_ran_frac_median": 0.9999292796334631,
  "adv_e_nul_frac_mean": 0.020658535329266002,
  "adv_e_nul_frac_ci95": 0.006777475503403265,
  "adv_e_nul_frac_median": 0.011890862962238628,
  "attack_runtime_total_sec": 64.67204320058227,
  "attack_runtime_per_example_sec": 2.021001350018196,
  "model_name": "nsn",
  "attack_name": "adam",
  "norm": "l2",
  "eps": 0.2,
  "eps_actual": 256.1117279681397,
  "attack_init_mode": "exact",
  "eval_init_mode": "exact"
}