{
  "num_examples": 32,
  "gt_norm_mean": 19.554032936692238,
  "gt_norm_ci95": 3.175656556464896,
  "gt_norm_median": 19.43148136138916,
  "gt_norm_q25": 13.664082050323486,
  "gt_norm_q75": 22.861806869506836,
  "clean_mse_mean": 0.0011342021898599342,
  "clean_mse_ci95": 0.0005445552811869841,
  "clean_mse_median": 0.0007189511088654399,
  "clean_mse_q25": 0.0003874075337080285,
  "clean_mse_q75": 0.0010221929696854204,
  "adv_mse_mean": 6.844507526606321,
  "adv_mse_ci95": 1.883778477162546,
  "adv_mse_median": 5.80045485496521,
  "adv_mse_q25": 3.0105987787246704,
  "adv_mse_q75": 8.838700771331787,
  "mse_ratio_mean": 7423.58461828413,
  "mse_ratio_ci95": 513.439848600692,
  "mse_ratio_median": 7700.785081924372,
  "mse_ratio_q25": 7282.932542045875,
  "mse_ratio_q75": 8324.435528659898,
  "clean_rel_l2_mean": 0.18589467136189342,
  "clean_rel_l2_ci95": 0.007185605500314222,
  "clean_rel_l2_median": 0.17879388481378555,
  "clean_rel_l2_q25": 0.1720423772931099,
  "clean_rel_l2_q75": 0.193845447152853,
  "adv_rel_l2_mean": 15.84037497639656,
  "adv_rel_l2_ci95": 0.7948262677827072,
  "adv_rel_l2_median": 15.67751693725586,
  "adv_rel_l2_q25": 14.614173412322998,
  "adv_rel_l2_q75": 17.019978046417236,
  "rel_l2_ratio_mean": 85.57627989859358,
  "rel_l2_ratio_ci95": 3.525278995696899,
  "rel_l2_ratio_median": 87.75411875406874,
  "rel_l2_ratio_q25": 85.33993907723317,
  "rel_l2_ratio_q75": 91.23824407150293,
  "clean_psnr_mean": 27.55817465843262,
  "clean_psnr_ci95": 1.1035217157889887,
  "clean_psnr_median": 28.227475017396607,
  "clean_psnr_q25": 26.055675139984363,
  "clean_psnr_q75": 29.978643347734035,
  "adv_psnr_mean": -11.010514756563525,
  "adv_psnr_ci95": 1.0317773929731657,
  "adv_psnr_median": -10.876426237425257,
  "adv_psnr_q25": -12.78381179076398,
  "adv_psnr_q75": -8.72319256798462,
  "clean_ssim_mean": 0.4317298656773858,
  "clean_ssim_ci95": 0.04553041731059458,
  "clean_ssim_median": 0.4432430366818557,
  "clean_ssim_q25": 0.3377199835764448,
  "clean_ssim_q75": 0.5265224321816168,
  "adv_ssim_mean": 0.00321344498012249,
  "adv_ssim_ci95": 0.001045303579506392,
  "adv_ssim_median": 0.0028161358240022774,
  "adv_ssim_q25": 0.0012889748635140988,
  "adv_ssim_q75": 0.003684327656622995,
  "pred_shift_rel_l2_mean": 15.542497217655182,
  "pred_shift_rel_l2_ci95": 0.7719276125528162,
  "pred_shift_rel_l2_median": 15.390400886535645,
  "pred_shift_rel_l2_q25": 14.419285535812378,
  "pred_shift_rel_l2_q75": 16.639530658721924,
  "init_shift_rel_l2_mean": 18.043316066265106,
  "init_shift_rel_l2_ci95": 0.7396987140424086,
  "init_shift_rel_l2_median": 18.10741138458252,
  "init_shift_rel_l2_q25": 17.029157161712646,
  "init_shift_rel_l2_q75": 19.341071605682373,
  "delta_l2_mean": 208.8208122253418,
  "delta_l2_ci95": 31.84918508425054,
  "delta_l2_median": 210.7623519897461,
  "delta_l2_q25": 151.70234298706055,
  "delta_l2_q75": 258.4945373535156,
  "delta_linf_mean": 4.8379131481051445,
  "delta_linf_ci95": 0.7380573844599279,
  "delta_linf_median": 4.813298940658569,
  "delta_linf_q25": 3.333413541316986,
  "delta_linf_q75": 5.798493385314941,
  "delta_mean_abs_mean": 0.7982790186069906,
  "delta_mean_abs_ci95": 0.1217480907114432,
  "delta_mean_abs_median": 0.8062825798988342,
  "delta_mean_abs_q25": 0.5811893939971924,
  "delta_mean_abs_q75": 0.9902989417314529,
  "delta_rel_l2_mean": 0.19270678986112727,
  "delta_rel_l2_ci95": 0.007971525498345317,
  "delta_rel_l2_median": 0.20000010007342253,
  "delta_rel_l2_q25": 0.20000008464709146,
  "delta_rel_l2_q75": 0.20000012521682523,
  "success_rel_l2_mean": 1.0,
  "success_rel_l2_ci95": 0.0,
  "success_rel_l2_median": 1.0,
  "success_rel_l2_q25": 1.0,
  "success_rel_l2_q75": 1.0,
  "success_mse_mean": 1.0,
  "success_mse_ci95": 0.0,
  "success_mse_median": 1.0,
  "success_mse_q25": 1.0,
  "success_mse_q75": 1.0,
  "clean_e_ran_l2_mean": 3.2822710014879704,
  "clean_e_ran_l2_ci95": 0.7058654150374748,
  "clean_e_ran_l2_median": 2.9622809886932373,
  "clean_e_ran_l2_q25": 2.20460706949234,
  "clean_e_ran_l2_q75": 3.700905740261078,
  "clean_e_nul_l2_mean": 1.771011283621192,
  "clean_e_nul_l2_ci95": 0.2843276675042319,
  "clean_e_nul_l2_median": 1.7230495810508728,
  "clean_e_nul_l2_q25": 1.189131885766983,
  "clean_e_nul_l2_q75": 2.071072518825531,
  "clean_e_ran_frac_mean": 0.8620818088959625,
  "clean_e_ran_frac_ci95": 0.015679448433123966,
  "clean_e_ran_frac_median": 0.8657160777740261,
  "clean_e_ran_frac_q25": 0.8405338092256226,
  "clean_e_ran_frac_q75": 0.8940694001673287,
  "clean_e_nul_frac_mean": 0.4999121047017087,
  "clean_e_nul_frac_ci95": 0.024689564344172937,
  "clean_e_nul_frac_median": 0.500529639073731,
  "clean_e_nul_frac_q25": 0.44792627526120193,
  "clean_e_nul_frac_q75": 0.5417474810787155,
  "adv_e_ran_l2_mean": 290.87591576576233,
  "adv_e_ran_l2_ci95": 44.191139728974704,
  "adv_e_ran_l2_median": 290.28025817871094,
  "adv_e_ran_l2_q25": 210.05995559692383,
  "adv_e_ran_l2_q75": 359.3236541748047,
  "adv_e_nul_l2_mean": 99.74639928340912,
  "adv_e_nul_l2_ci95": 15.032757551901947,
  "adv_e_nul_l2_median": 101.88064575195312,
  "adv_e_nul_l2_q25": 70.59695625305176,
  "adv_e_nul_l2_q75": 123.61140060424805,
  "adv_e_ran_frac_mean": 0.9456979768589407,
  "adv_e_ran_frac_ci95": 0.0008772846146806758,
  "adv_e_ran_frac_median": 0.9459822543847258,
  "adv_e_ran_frac_q25": 0.9441329388632249,
  "adv_e_ran_frac_q75": 0.9473053523666678,
  "adv_e_nul_frac_mean": 0.32495702120675674,
  "adv_e_nul_frac_ci95": 0.0025409403117532016,
  "adv_e_nul_frac_median": 0.32421819030660626,
  "adv_e_nul_frac_q25": 0.32033208714447114,
  "adv_e_nul_frac_q75": 0.32956313813601973,
  "attack_runtime_total_sec": 284.8672535866499,
  "attack_runtime_per_example_sec": 8.90210167458281,
  "model_name": "nsn",
  "attack_name": "adam",
  "norm": "l2",
  "eps": 0.2,
  "eps_actual": 255.38500640136718,
  "eps_budget_mode": "per_sample_l2",
  "attack_init_mode": "exact",
  "eval_init_mode": "exact"
}