{
  "num_examples": 32,
  "gt_norm_mean": 19.246901780366898,
  "gt_norm_ci95": 3.3146818493907912,
  "gt_norm_median": 15.661028385162354,
  "gt_norm_q25": 12.43287444114685,
  "gt_norm_q75": 25.732792377471924,
  "clean_mse_mean": 0.0018032488128483237,
  "clean_mse_ci95": 0.0007991373618706786,
  "clean_mse_median": 0.000680547789670527,
  "clean_mse_q25": 0.0004057399128214456,
  "clean_mse_q75": 0.0026656558038666844,
  "adv_mse_mean": 9.400252372026443,
  "adv_mse_ci95": 3.0342855655955914,
  "adv_mse_median": 4.63464879989624,
  "adv_mse_q25": 2.8656466007232666,
  "adv_mse_q75": 17.99929141998291,
  "mse_ratio_mean": 6446.868544998792,
  "mse_ratio_ci95": 387.31705952935965,
  "mse_ratio_median": 6781.144501424669,
  "mse_ratio_q25": 6566.27737747125,
  "mse_ratio_q75": 7075.0628962137125,
  "clean_rel_l2_mean": 0.2324072839692235,
  "clean_rel_l2_ci95": 0.013910097559146871,
  "clean_rel_l2_median": 0.22967718541622162,
  "clean_rel_l2_q25": 0.21139682829380035,
  "clean_rel_l2_q75": 0.25372643768787384,
  "adv_rel_l2_mean": 18.42250320315361,
  "adv_rel_l2_ci95": 0.9812101754733965,
  "adv_rel_l2_median": 18.4242000579834,
  "adv_rel_l2_q25": 17.207695960998535,
  "adv_rel_l2_q75": 20.09047508239746,
  "rel_l2_ratio_mean": 79.90973670865588,
  "rel_l2_ratio_ci95": 2.7562283308902615,
  "rel_l2_ratio_median": 82.34768176648183,
  "rel_l2_ratio_q25": 81.03027715241528,
  "rel_l2_ratio_q75": 84.11338183886924,
  "clean_psnr_mean": 25.40477201258683,
  "clean_psnr_ci95": 1.27647347981304,
  "clean_psnr_median": 25.518454069438,
  "clean_psnr_q25": 22.917255903936546,
  "clean_psnr_q75": 27.857067383029335,
  "adv_psnr_mean": -12.595923768305704,
  "adv_psnr_ci95": 1.1388579334274327,
  "adv_psnr_median": -13.070255455089313,
  "adv_psnr_q25": -13.843028660709576,
  "adv_psnr_q75": -10.577803078226218,
  "clean_ssim_mean": 0.32125235960678483,
  "clean_ssim_ci95": 0.0423519261597885,
  "clean_ssim_median": 0.29293252418375354,
  "clean_ssim_q25": 0.22839618869706763,
  "clean_ssim_q75": 0.38031350265960867,
  "adv_ssim_mean": 0.002286201321581834,
  "adv_ssim_ci95": 0.0006049308303258664,
  "adv_ssim_median": 0.0022223815636188814,
  "adv_ssim_q25": 0.0010854823505726168,
  "adv_ssim_q75": 0.0031169191030429324,
  "pred_shift_rel_l2_mean": 17.81231078505516,
  "pred_shift_rel_l2_ci95": 0.9012623974646166,
  "pred_shift_rel_l2_median": 17.894770622253418,
  "pred_shift_rel_l2_q25": 16.74333143234253,
  "pred_shift_rel_l2_q75": 19.38582944869995,
  "init_shift_rel_l2_mean": 18.87980505824089,
  "init_shift_rel_l2_ci95": 0.665795352475477,
  "init_shift_rel_l2_median": 18.812552452087402,
  "init_shift_rel_l2_q25": 17.855346202850342,
  "init_shift_rel_l2_q75": 19.95197296142578,
  "delta_l2_mean": 206.17128610610962,
  "delta_l2_ci95": 36.023988108071904,
  "delta_l2_median": 161.69821166992188,
  "delta_l2_q25": 126.1586856842041,
  "delta_l2_q75": 321.9947509765625,
  "delta_linf_mean": 4.290852185338736,
  "delta_linf_ci95": 0.7350404557278434,
  "delta_linf_median": 3.4664969444274902,
  "delta_linf_q25": 2.7669755816459656,
  "delta_linf_q75": 6.37772798538208,
  "delta_mean_abs_mean": 0.8034504652023315,
  "delta_mean_abs_ci95": 0.14050221010866232,
  "delta_mean_abs_median": 0.6310500204563141,
  "delta_mean_abs_q25": 0.49122848361730576,
  "delta_mean_abs_q75": 1.2591847777366638,
  "delta_rel_l2_mean": 0.1932288156527619,
  "delta_rel_l2_ci95": 0.006422409095410924,
  "delta_rel_l2_median": 0.20000010002503596,
  "delta_rel_l2_q25": 0.20000007691322108,
  "delta_rel_l2_q75": 0.20000011487737135,
  "success_rel_l2_mean": 1.0,
  "success_rel_l2_ci95": 0.0,
  "success_rel_l2_median": 1.0,
  "success_rel_l2_q25": 1.0,
  "success_rel_l2_q75": 1.0,
  "success_mse_mean": 1.0,
  "success_mse_ci95": 0.0,
  "success_mse_median": 1.0,
  "success_mse_q25": 1.0,
  "success_mse_q75": 1.0,
  "clean_e_ran_l2_mean": 4.6121383756399155,
  "clean_e_ran_l2_ci95": 1.0028494325831814,
  "clean_e_ran_l2_median": 3.3379909992218018,
  "clean_e_ran_l2_q25": 2.5590142607688904,
  "clean_e_ran_l2_q75": 6.599800944328308,
  "clean_e_nul_l2_mean": 0.2216303343884647,
  "clean_e_nul_l2_ci95": 0.1156233264114206,
  "clean_e_nul_l2_median": 0.09233365952968597,
  "clean_e_nul_l2_q25": 0.06436594761908054,
  "clean_e_nul_l2_q75": 0.21196022257208824,
  "clean_e_ran_frac_mean": 0.9938446596790343,
  "clean_e_ran_frac_ci95": 0.009056837722061636,
  "clean_e_ran_frac_median": 0.9997248250598978,
  "clean_e_ran_frac_q25": 0.9993253517054499,
  "clean_e_ran_frac_q75": 0.9998211323287949,
  "clean_e_nul_frac_mean": 0.05435843749283506,
  "clean_e_nul_frac_ci95": 0.03275178588459226,
  "clean_e_nul_frac_median": 0.023457721835694847,
  "clean_e_nul_frac_q25": 0.018907446586850354,
  "clean_e_nul_frac_q75": 0.03670731919818575,
  "adv_e_ran_l2_mean": 351.84163522720337,
  "adv_e_ran_l2_ci95": 61.075767234460734,
  "adv_e_ran_l2_median": 275.4636993408203,
  "adv_e_ran_l2_q25": 216.63735961914062,
  "adv_e_ran_l2_q75": 542.6627502441406,
  "adv_e_nul_l2_mean": 8.736711844801903,
  "adv_e_nul_l2_ci95": 2.3195672399471614,
  "adv_e_nul_l2_median": 6.540832996368408,
  "adv_e_nul_l2_q25": 4.509485960006714,
  "adv_e_nul_l2_q75": 10.545670509338379,
  "adv_e_ran_frac_mean": 0.999531406553351,
  "adv_e_ran_frac_ci95": 0.00020489756437956262,
  "adv_e_ran_frac_median": 0.9997680293842179,
  "adv_e_ran_frac_q25": 0.9994237555525491,
  "adv_e_ran_frac_q75": 0.9998992096936135,
  "adv_e_nul_frac_mean": 0.02623167397049922,
  "adv_e_nul_frac_ci95": 0.005549626057682378,
  "adv_e_nul_frac_median": 0.021534360167459042,
  "adv_e_nul_frac_q25": 0.014206176403034846,
  "adv_e_nul_frac_q75": 0.03393996196226458,
  "attack_runtime_total_sec": 64.65071453154087,
  "attack_runtime_per_example_sec": 2.020334829110652,
  "model_name": "nsn",
  "attack_name": "adam",
  "norm": "l2",
  "eps": 0.2,
  "eps_actual": 256.1117279681397,
  "eps_budget_mode": "per_sample_l2",
  "attack_init_mode": "exact",
  "eval_init_mode": "exact"
}