{
  "num_examples": 32,
  "gt_norm_mean": 19.554032936692238,
  "gt_norm_ci95": 3.175656556464896,
  "gt_norm_median": 19.43148136138916,
  "gt_norm_q25": 13.664082050323486,
  "gt_norm_q75": 22.861806869506836,
  "clean_mse_mean": 0.001924151118601003,
  "clean_mse_ci95": 0.0010289406101084823,
  "clean_mse_median": 0.0011581165599636734,
  "clean_mse_q25": 0.0006059290026314557,
  "clean_mse_q75": 0.0016500898345839232,
  "adv_mse_mean": 9.446459891274571,
  "adv_mse_ci95": 2.707323616901195,
  "adv_mse_median": 7.873485565185547,
  "adv_mse_q25": 4.095680832862854,
  "adv_mse_q75": 11.67259931564331,
  "mse_ratio_mean": 6555.252562686168,
  "mse_ratio_ci95": 402.8083635550221,
  "mse_ratio_median": 6905.886752105891,
  "mse_ratio_q25": 6575.874494404099,
  "mse_ratio_q75": 7050.87672147658,
  "clean_rel_l2_mean": 0.23229862423613667,
  "clean_rel_l2_ci95": 0.013726037420157784,
  "clean_rel_l2_median": 0.2268487513065338,
  "clean_rel_l2_q25": 0.20449154451489449,
  "clean_rel_l2_q75": 0.2522178366780281,
  "adv_rel_l2_mean": 18.466012984514236,
  "adv_rel_l2_ci95": 0.9181590912974511,
  "adv_rel_l2_median": 18.122231483459473,
  "adv_rel_l2_q25": 17.108004093170166,
  "adv_rel_l2_q75": 20.055106163024902,
  "rel_l2_ratio_mean": 80.47238231160203,
  "rel_l2_ratio_ci95": 3.1377414515764808,
  "rel_l2_ratio_median": 83.10165747883991,
  "rel_l2_ratio_q25": 81.09168446266908,
  "rel_l2_ratio_q75": 83.9694672710922,
  "clean_psnr_mean": 25.690754018858367,
  "clean_psnr_ci95": 1.2688538456663796,
  "clean_psnr_median": 26.244424927608996,
  "clean_psnr_q25": 23.984371270441493,
  "clean_psnr_q75": 28.310314242364985,
  "adv_psnr_mean": -12.345148342105812,
  "adv_psnr_ci95": 1.0464996610382737,
  "adv_psnr_median": -12.106423180111182,
  "adv_psnr_q25": -14.117347805121458,
  "adv_psnr_q75": -10.018360931991321,
  "clean_ssim_mean": 0.32515578796698613,
  "clean_ssim_ci95": 0.04017835787208558,
  "clean_ssim_median": 0.3166826353161236,
  "clean_ssim_q25": 0.2430872181378837,
  "clean_ssim_q75": 0.40743115362722515,
  "adv_ssim_mean": 0.0030263016254283405,
  "adv_ssim_ci95": 0.000887588893684395,
  "adv_ssim_median": 0.0023036034607823233,
  "adv_ssim_q25": 0.0014563789512480967,
  "adv_ssim_q75": 0.003942457773722734,
  "pred_shift_rel_l2_mean": 17.847857892513275,
  "pred_shift_rel_l2_ci95": 0.8579294659214733,
  "pred_shift_rel_l2_median": 17.538253784179688,
  "pred_shift_rel_l2_q25": 16.695553302764893,
  "pred_shift_rel_l2_q75": 19.3220157623291,
  "init_shift_rel_l2_mean": 18.811837464571,
  "init_shift_rel_l2_ci95": 0.745447746039661,
  "init_shift_rel_l2_median": 18.642770767211914,
  "init_shift_rel_l2_q25": 17.79999828338623,
  "init_shift_rel_l2_q75": 20.00617265701294,
  "delta_l2_mean": 211.14049291610718,
  "delta_l2_ci95": 33.20562517131602,
  "delta_l2_median": 210.76234436035156,
  "delta_l2_q25": 151.7023468017578,
  "delta_l2_q75": 258.4945373535156,
  "delta_linf_mean": 4.381487876176834,
  "delta_linf_ci95": 0.679020839829739,
  "delta_linf_median": 4.214658737182617,
  "delta_linf_q25": 3.0637145042419434,
  "delta_linf_q75": 5.428355693817139,
  "delta_mean_abs_mean": 0.8232202921062708,
  "delta_mean_abs_ci95": 0.12977821716616925,
  "delta_mean_abs_median": 0.8227020502090454,
  "delta_mean_abs_q25": 0.5926429182291031,
  "delta_mean_abs_q75": 1.010131299495697,
  "delta_rel_l2_mean": 0.193659736121074,
  "delta_rel_l2_ci95": 0.007461027621893792,
  "delta_rel_l2_median": 0.20000010790588812,
  "delta_rel_l2_q25": 0.20000009740584235,
  "delta_rel_l2_q75": 0.20000012305247777,
  "success_rel_l2_mean": 1.0,
  "success_rel_l2_ci95": 0.0,
  "success_rel_l2_median": 1.0,
  "success_rel_l2_q25": 1.0,
  "success_rel_l2_q75": 1.0,
  "success_mse_mean": 1.0,
  "success_mse_ci95": 0.0,
  "success_mse_median": 1.0,
  "success_mse_q25": 1.0,
  "success_mse_q75": 1.0,
  "clean_e_ran_l2_mean": 4.753224637359381,
  "clean_e_ran_l2_ci95": 1.0499606179863412,
  "clean_e_ran_l2_median": 4.352665901184082,
  "clean_e_ran_l2_q25": 3.148624002933502,
  "clean_e_ran_l2_q75": 5.197188854217529,
  "clean_e_nul_l2_mean": 0.15181693714112043,
  "clean_e_nul_l2_ci95": 0.04026530217036222,
  "clean_e_nul_l2_median": 0.14408285170793533,
  "clean_e_nul_l2_q25": 0.09085659310221672,
  "clean_e_nul_l2_q75": 0.16051903367042542,
  "clean_e_ran_frac_mean": 0.9992111618024778,
  "clean_e_ran_frac_ci95": 0.00035456890244417666,
  "clean_e_ran_frac_median": 0.9995149913284032,
  "clean_e_ran_frac_q25": 0.9991331034384834,
  "clean_e_ran_frac_q75": 0.9997124982968899,
  "clean_e_nul_frac_mean": 0.03524959981854558,
  "clean_e_nul_frac_ci95": 0.0064289168692697445,
  "clean_e_nul_frac_median": 0.03113417337072339,
  "clean_e_nul_frac_q25": 0.023940618420648128,
  "clean_e_nul_frac_q75": 0.041628640021455394,
  "adv_e_ran_l2_mean": 359.69992876052856,
  "adv_e_ran_l2_ci95": 56.04437156055533,
  "adv_e_ran_l2_median": 358.9691162109375,
  "adv_e_ran_l2_q25": 258.8853988647461,
  "adv_e_ran_l2_q75": 437.24658203125,
  "adv_e_nul_l2_mean": 5.833019658923149,
  "adv_e_nul_l2_ci95": 0.8970738833638459,
  "adv_e_nul_l2_median": 5.964037179946899,
  "adv_e_nul_l2_q25": 4.1196635365486145,
  "adv_e_nul_l2_q75": 7.85371732711792,
  "adv_e_ran_frac_mean": 0.9997583065621463,
  "adv_e_ran_frac_ci95": 0.00013170370671528717,
  "adv_e_ran_frac_median": 0.9998655806563808,
  "adv_e_ran_frac_q25": 0.9997891482399066,
  "adv_e_ran_frac_q75": 0.9999483522018691,
  "adv_e_nul_frac_mean": 0.018512404624725955,
  "adv_e_nul_frac_ci95": 0.004172439523639639,
  "adv_e_nul_frac_median": 0.016392964592004546,
  "adv_e_nul_frac_q25": 0.010167034763478085,
  "adv_e_nul_frac_q75": 0.020514967250751172,
  "attack_runtime_total_sec": 64.6657615788281,
  "attack_runtime_per_example_sec": 2.020805049338378,
  "model_name": "nsn",
  "attack_name": "adam",
  "norm": "l2",
  "eps": 0.2,
  "eps_actual": 255.38500640136718,
  "eps_budget_mode": "per_sample_l2",
  "attack_init_mode": "exact",
  "eval_init_mode": "exact"
}