{
  "num_examples": 32,
  "gt_norm_mean": 26.229215562343597,
  "gt_norm_ci95": 1.7699003430208013,
  "gt_norm_median": 25.09980010986328,
  "clean_mse_mean": 4.9583440357992e-06,
  "clean_mse_ci95": 4.519650097408396e-07,
  "clean_mse_median": 4.840518158744089e-06,
  "adv_mse_mean": 0.006026663744705729,
  "adv_mse_ci95": 0.0005711636342527464,
  "adv_mse_median": 0.005509720183908939,
  "mse_ratio_mean": 1268.0437357166213,
  "mse_ratio_ci95": 135.47461092443513,
  "mse_ratio_median": 1182.0901839647502,
  "clean_rel_l2_mean": 0.011041214864235371,
  "clean_rel_l2_ci95": 0.0007037167521178696,
  "clean_rel_l2_median": 0.011030352208763361,
  "adv_rel_l2_mean": 0.3892248631455004,
  "adv_rel_l2_ci95": 0.030561909480158172,
  "adv_rel_l2_median": 0.37748846411705017,
  "rel_l2_ratio_mean": 35.24329105516498,
  "rel_l2_ratio_ci95": 1.7934075815185593,
  "rel_l2_ratio_median": 34.38072201490242,
  "clean_psnr_mean": 53.19743909233761,
  "clean_psnr_ci95": 0.40751740505288303,
  "clean_psnr_median": 53.151087710041026,
  "adv_psnr_mean": 22.34176313239269,
  "adv_psnr_ci95": 0.3839933370443706,
  "adv_psnr_median": 22.589799144641066,
  "clean_ssim_mean": 0.9904999783016327,
  "clean_ssim_ci95": 0.001189331999779911,
  "clean_ssim_median": 0.9907526185886734,
  "adv_ssim_mean": 0.08321061484799261,
  "adv_ssim_ci95": 0.006793044178012434,
  "adv_ssim_median": 0.08004826630912126,
  "pred_shift_rel_l2_mean": 0.3878636257722974,
  "pred_shift_rel_l2_ci95": 0.030396935466120167,
  "pred_shift_rel_l2_median": 0.3769526481628418,
  "init_shift_rel_l2_mean": 0.5061617866158485,
  "init_shift_rel_l2_ci95": 0.032706756354692425,
  "init_shift_rel_l2_median": 0.5039136558771133,
  "delta_l2_mean": 7.659952729940414,
  "delta_l2_ci95": 1.7523765563964838e-07,
  "delta_l2_median": 7.659952640533447,
  "delta_linf_mean": 0.20523296343162656,
  "delta_linf_ci95": 0.010631678418570758,
  "delta_linf_median": 0.19698578864336014,
  "delta_mean_abs_mean": 0.028557263081893325,
  "delta_mean_abs_ci95": 0.00011456400451634906,
  "delta_mean_abs_median": 0.02864133007824421,
  "delta_rel_l2_mean": 0.005831390197381641,
  "delta_rel_l2_ci95": 0.0005234818063074487,
  "delta_rel_l2_median": 0.005728348537320494,
  "success_rel_l2_mean": 1.0,
  "success_rel_l2_ci95": 0.0,
  "success_rel_l2_median": 1.0,
  "success_mse_mean": 1.0,
  "success_mse_ci95": 0.0,
  "success_mse_median": 1.0,
  "clean_e_ran_l2_mean": 0.23237067321315408,
  "clean_e_ran_l2_ci95": 0.011164406895551813,
  "clean_e_ran_l2_median": 0.23025696724653244,
  "clean_e_nul_l2_mean": 0.16039481130428612,
  "clean_e_nul_l2_ci95": 0.007942556404711965,
  "clean_e_nul_l2_median": 0.16060858964920044,
  "clean_e_ran_frac_mean": 0.8220851473302472,
  "clean_e_ran_frac_ci95": 0.008368842599784983,
  "clean_e_ran_frac_median": 0.8270322448874858,
  "clean_e_nul_frac_mean": 0.5678645933270593,
  "clean_e_nul_frac_ci95": 0.011889239334128027,
  "clean_e_nul_frac_median": 0.5621543530695601,
  "adv_e_ran_l2_mean": 9.636042714118958,
  "adv_e_ran_l2_ci95": 0.45984354794883586,
  "adv_e_ran_l2_median": 9.265209197998047,
  "adv_e_nul_l2_mean": 2.034780316054821,
  "adv_e_nul_l2_ci95": 0.07115234591062897,
  "adv_e_nul_l2_median": 2.0055912733078003,
  "adv_e_ran_frac_mean": 0.9772033761589645,
  "adv_e_ran_frac_ci95": 0.002495623932940593,
  "adv_e_ran_frac_median": 0.977551766662075,
  "adv_e_nul_frac_mean": 0.20968171911133576,
  "adv_e_nul_frac_ci95": 0.011444197388282926,
  "adv_e_nul_frac_median": 0.21069334761392267,
  "attack_runtime_total_sec": 23.336580257862806,
  "attack_runtime_per_example_sec": 0.7292681330582127,
  "model_name": "dpnsn_res",
  "attack_name": "adam",
  "norm": "l2",
  "eps": 0.005,
  "eps_actual": 7.659952872680663,
  "attack_init_mode": "exact",
  "eval_init_mode": "exact"
}