{
  "num_examples": 32,
  "gt_norm_mean": 27.44437724351883,
  "gt_norm_ci95": 2.532233818071928,
  "gt_norm_median": 24.26910400390625,
  "clean_mse_mean": 0.37591920024715364,
  "clean_mse_ci95": 0.10885200686041875,
  "clean_mse_median": 0.2267502173781395,
  "adv_mse_mean": 0.38553262618370354,
  "adv_mse_ci95": 0.11020609269745,
  "adv_mse_median": 0.23469611257314682,
  "mse_ratio_mean": 1.0322260421431864,
  "mse_ratio_ci95": 0.0031227745235372895,
  "mse_ratio_median": 1.03493523146152,
  "clean_rel_l2_mean": 2.6067876517772675,
  "clean_rel_l2_ci95": 0.09624428701162611,
  "clean_rel_l2_median": 2.5373117923736572,
  "adv_rel_l2_mean": 2.6472865864634514,
  "adv_rel_l2_ci95": 0.09372578598756455,
  "adv_rel_l2_median": 2.583586812019348,
  "rel_l2_ratio_mean": 1.0159758619188173,
  "rel_l2_ratio_ci95": 0.0015382890603097747,
  "rel_l2_ratio_median": 1.0173176028904198,
  "clean_psnr_mean": 5.363626435770389,
  "clean_psnr_ci95": 1.0303858667582142,
  "clean_psnr_median": 6.445192803812407,
  "adv_psnr_mean": 5.226039128040737,
  "adv_psnr_ci95": 1.0173544325578052,
  "adv_psnr_median": 6.295642365156175,
  "clean_ssim_mean": 0.016546984108049688,
  "clean_ssim_ci95": 0.0012402993684598985,
  "clean_ssim_median": 0.015957577159299345,
  "adv_ssim_mean": 0.0165484778155138,
  "adv_ssim_ci95": 0.0012509540995847648,
  "adv_ssim_median": 0.01597437197399834,
  "pred_shift_rel_l2_mean": 0.022189512761542574,
  "pred_shift_rel_l2_ci95": 0.0022584281586896784,
  "pred_shift_rel_l2_median": 0.024381084367632866,
  "init_shift_rel_l2_mean": 0.01785306264355313,
  "init_shift_rel_l2_ci95": 0.0020612721494761613,
  "init_shift_rel_l2_median": 0.018999840132892132,
  "delta_l2_mean": 7.607430502772331,
  "delta_l2_ci95": 1.9394544957204317e-07,
  "delta_l2_median": 7.607430458068848,
  "delta_linf_mean": 0.1810375414788723,
  "delta_linf_ci95": 0.006147677093327603,
  "delta_linf_median": 0.18169641494750977,
  "delta_mean_abs_mean": 0.02905904850922525,
  "delta_mean_abs_ci95": 3.2179516849908654e-05,
  "delta_mean_abs_median": 0.029079534113407135,
  "delta_rel_l2_mean": 0.004336425241112213,
  "delta_rel_l2_ci95": 0.0005062462458911635,
  "delta_rel_l2_median": 0.004597568457224747,
  "success_rel_l2_mean": 0.0,
  "success_rel_l2_ci95": 0.0,
  "success_rel_l2_median": 0.0,
  "success_mse_mean": 0.0,
  "success_mse_ci95": 0.0,
  "success_mse_median": 0.0,
  "clean_e_ran_l2_mean": 59.940213084220886,
  "clean_e_ran_l2_ci95": 7.52838095784298,
  "clean_e_ran_l2_median": 50.70963668823242,
  "clean_e_nul_l2_mean": 42.28315722942352,
  "clean_e_nul_l2_ci95": 6.307183237299324,
  "clean_e_nul_l2_median": 34.54378318786621,
  "clean_e_ran_frac_mean": 0.8223694518375446,
  "clean_e_ran_frac_ci95": 0.005612774598236042,
  "clean_e_ran_frac_median": 0.8246416643514392,
  "clean_e_nul_frac_mean": 0.5682742337455204,
  "clean_e_nul_frac_ci95": 0.008017245255767053,
  "clean_e_nul_frac_median": 0.5656555877870246,
  "adv_e_ran_l2_mean": 60.77080857753754,
  "adv_e_ran_l2_ci95": 7.539008158158604,
  "adv_e_ran_l2_median": 51.56566047668457,
  "adv_e_nul_l2_mean": 42.93921744823456,
  "adv_e_nul_l2_ci95": 6.307586828185437,
  "adv_e_nul_l2_median": 35.18441581726074,
  "adv_e_ran_frac_mean": 0.8217041815635724,
  "adv_e_ran_frac_ci95": 0.0054571557019442935,
  "adv_e_ran_frac_median": 0.8239229944119277,
  "adv_e_nul_frac_mean": 0.5692750215353186,
  "adv_e_nul_frac_ci95": 0.007775660225227753,
  "adv_e_nul_frac_median": 0.5667016810997381,
  "attack_runtime_total_sec": 23.346255879849195,
  "attack_runtime_per_example_sec": 0.7295704962452874,
  "model_name": "dpnsn_res",
  "attack_name": "adam",
  "norm": "l2",
  "eps": 0.005,
  "eps_actual": 7.6074305807495115,
  "attack_init_mode": "exact",
  "eval_init_mode": "exact"
}