{
  "num_examples": 32,
  "gt_norm_mean": 19.670156359672546,
  "gt_norm_ci95": 3.306666391339513,
  "gt_norm_median": 18.95488929748535,
  "gt_norm_q25": 11.325607061386108,
  "gt_norm_q75": 25.38380765914917,
  "clean_mse_mean": 4.233089482497121e-06,
  "clean_mse_ci95": 1.3959376967791498e-06,
  "clean_mse_median": 3.1469310215470614e-06,
  "clean_mse_q25": 2.0588170173141407e-06,
  "clean_mse_q75": 4.839670509682037e-06,
  "adv_mse_mean": 4.233075602044778e-06,
  "adv_mse_ci95": 1.3959507042355135e-06,
  "adv_mse_median": 3.147208076370589e-06,
  "adv_mse_q25": 2.0588248048625246e-06,
  "adv_mse_q75": 4.840018050344952e-06,
  "mse_ratio_mean": 0.999986413508102,
  "mse_ratio_ci95": 6.346143247693668e-05,
  "mse_ratio_median": 0.9999742597572828,
  "mse_ratio_q25": 0.9998962506861895,
  "mse_ratio_q75": 1.0000834772989724,
  "clean_rel_l2_mean": 0.013990804654895328,
  "clean_rel_l2_ci95": 0.0027437009112949223,
  "clean_rel_l2_median": 0.011366177350282669,
  "clean_rel_l2_q25": 0.00963209429755807,
  "clean_rel_l2_q75": 0.014316188171505928,
  "adv_rel_l2_mean": 0.013990602092235349,
  "adv_rel_l2_ci95": 0.0027435778477176874,
  "adv_rel_l2_median": 0.011367241386324167,
  "adv_rel_l2_q25": 0.00963225751183927,
  "adv_rel_l2_q75": 0.014315314823761582,
  "rel_l2_ratio_mean": 0.9999931881066613,
  "rel_l2_ratio_ci95": 3.1721105461923445e-05,
  "rel_l2_ratio_median": 0.9999871781558767,
  "rel_l2_ratio_q25": 0.9999481976388451,
  "rel_l2_ratio_q75": 1.0000416779060302,
  "clean_psnr_mean": 50.400617942905725,
  "clean_psnr_ci95": 0.9582306673935479,
  "clean_psnr_median": 51.221854017716126,
  "clean_psnr_q25": 49.48024605897111,
  "clean_psnr_q75": 52.436419130903055,
  "adv_psnr_mean": 50.40067702879074,
  "adv_psnr_ci95": 0.958190029267182,
  "adv_psnr_median": 51.222028637786906,
  "adv_psnr_q25": 49.48123317510455,
  "adv_psnr_q75": 52.43661525317558,
  "clean_ssim_mean": 0.9970423391374046,
  "clean_ssim_ci95": 0.0004126937372226774,
  "clean_ssim_median": 0.9971779241078693,
  "clean_ssim_q25": 0.9962558470800563,
  "clean_ssim_q75": 0.9980665856771606,
  "adv_ssim_mean": 0.9970423228579062,
  "adv_ssim_ci95": 0.0004126272036786118,
  "adv_ssim_median": 0.9971770205432626,
  "adv_ssim_q25": 0.9962579841372371,
  "adv_ssim_q75": 0.9980661468177401,
  "clean_mae_mean": 0.0007804920123817283,
  "clean_mae_ci95": 0.00011871629601624852,
  "clean_mae_median": 0.0007144018309190869,
  "clean_mae_q25": 0.0005749216361436993,
  "clean_mae_q75": 0.0009444958850508556,
  "adv_mae_mean": 0.000780503818532452,
  "adv_mae_ci95": 0.00011872390895059928,
  "adv_mae_median": 0.0007144066330511123,
  "adv_mae_q25": 0.0005748653056798503,
  "adv_mae_q75": 0.0009445051400689408,
  "clean_nrmse_mean": 0.0031891418470423455,
  "clean_nrmse_ci95": 0.00041450302620432884,
  "clean_nrmse_median": 0.002748937135148914,
  "clean_nrmse_q25": 0.002388820186285068,
  "clean_nrmse_q75": 0.0033585040753390354,
  "adv_nrmse_mean": 0.0031891057813858504,
  "adv_nrmse_ci95": 0.00041448174897448813,
  "adv_nrmse_median": 0.0027488813525577424,
  "adv_nrmse_q25": 0.0023887649805239956,
  "adv_nrmse_q75": 0.003358132020195087,
  "clean_max_err_mean": 0.05555336375255138,
  "clean_max_err_ci95": 0.009189805164417952,
  "clean_max_err_median": 0.049076568335294724,
  "clean_max_err_q25": 0.0329882875084877,
  "clean_max_err_q75": 0.07740922272205353,
  "adv_max_err_mean": 0.0555505728116259,
  "adv_max_err_ci95": 0.009187858631609204,
  "adv_max_err_median": 0.04907090961933136,
  "adv_max_err_q25": 0.03300608694553375,
  "adv_max_err_q75": 0.07738526165485382,
  "clean_init_rel_l2_mean": 0.2520770381670445,
  "clean_init_rel_l2_ci95": 0.04474757835515376,
  "clean_init_rel_l2_median": 0.21722742170095444,
  "clean_init_rel_l2_q25": 0.17055825889110565,
  "clean_init_rel_l2_q75": 0.28996142745018005,
  "adv_init_rel_l2_mean": 0.2520770381670445,
  "adv_init_rel_l2_ci95": 0.04474757835024333,
  "adv_init_rel_l2_median": 0.21722742170095444,
  "adv_init_rel_l2_q25": 0.17055827006697655,
  "adv_init_rel_l2_q75": 0.28996142745018005,
  "init_rel_l2_ratio_mean": 1.000000000860473,
  "init_rel_l2_ratio_ci95": 1.2094701743718521e-08,
  "init_rel_l2_ratio_median": 1.0,
  "init_rel_l2_ratio_q25": 1.0,
  "init_rel_l2_ratio_q75": 1.0,
  "clean_init_psnr_mean": 25.194284395610136,
  "clean_init_psnr_ci95": 1.053763380803202,
  "clean_init_psnr_median": 24.783990491579146,
  "clean_init_psnr_q25": 23.15347558332141,
  "clean_init_psnr_q75": 27.63229479466916,
  "adv_init_psnr_mean": 25.194284460374547,
  "adv_init_psnr_ci95": 1.0537633865611682,
  "adv_init_psnr_median": 24.783990700194828,
  "adv_init_psnr_q25": 23.15347558332141,
  "adv_init_psnr_q75": 27.63229485947596,
  "clean_init_ssim_mean": 0.4360748676610561,
  "clean_init_ssim_ci95": 0.038615712195724655,
  "clean_init_ssim_median": 0.4156293124047607,
  "clean_init_ssim_q25": 0.3746017818907749,
  "clean_init_ssim_q75": 0.4684293510924116,
  "adv_init_ssim_mean": 0.4360748769827697,
  "adv_init_ssim_ci95": 0.03861571050635527,
  "adv_init_ssim_median": 0.41562941403069315,
  "adv_init_ssim_q25": 0.37460181085745237,
  "adv_init_ssim_q75": 0.4684296669230921,
  "clean_init_mae_mean": 0.019345941531355493,
  "clean_init_mae_ci95": 0.0033431355899844186,
  "clean_init_mae_median": 0.0176046434789896,
  "clean_init_mae_q25": 0.012700640596449375,
  "clean_init_mae_q75": 0.023134255316108465,
  "adv_init_mae_mean": 0.019345942171639763,
  "adv_init_mae_ci95": 0.0033431357718855877,
  "adv_init_mae_median": 0.01760464534163475,
  "adv_init_mae_q25": 0.012700640596449375,
  "adv_init_mae_q75": 0.02313425438478589,
  "pred_shift_rel_l2_mean": 3.8135046281695395e-05,
  "pred_shift_rel_l2_ci95": 3.999810323446854e-06,
  "pred_shift_rel_l2_median": 3.521076541801449e-05,
  "pred_shift_rel_l2_q25": 3.138409374514595e-05,
  "pred_shift_rel_l2_q75": 4.096158590982668e-05,
  "init_shift_rel_l2_mean": 7.872565337407877e-07,
  "init_shift_rel_l2_ci95": 4.393852346871948e-08,
  "init_shift_rel_l2_median": 8.024912006021623e-07,
  "init_shift_rel_l2_q25": 7.27576079384562e-07,
  "init_shift_rel_l2_q75": 8.39848013356459e-07,
  "delta_l2_mean": 5.604489022204007e-06,
  "delta_l2_ci95": 1.1660776152523628e-06,
  "delta_l2_median": 5.668565108862822e-06,
  "delta_l2_q25": 2.519800204936473e-06,
  "delta_l2_q75": 6.98006567745324e-06,
  "delta_linf_mean": 1.8551945686340332e-06,
  "delta_linf_ci95": 4.045495198054279e-07,
  "delta_linf_median": 1.9073486328125e-06,
  "delta_linf_q25": 9.5367431640625e-07,
  "delta_linf_q75": 1.9073486328125e-06,
  "delta_mean_abs_mean": 1.0478331410879171e-08,
  "delta_mean_abs_ci95": 2.00736046440539e-09,
  "delta_mean_abs_median": 1.0761697755157229e-08,
  "delta_mean_abs_q25": 5.576168637944079e-09,
  "delta_mean_abs_q75": 1.4222229394178498e-08,
  "delta_rel_l2_mean": 4.637197199241114e-09,
  "delta_rel_l2_ci95": 1.9369232197516477e-10,
  "delta_rel_l2_median": 4.638718853216234e-09,
  "delta_rel_l2_q25": 4.386856288794363e-09,
  "delta_rel_l2_q75": 5.04032322664858e-09,
  "success_rel_l2_mean": 0.0,
  "success_rel_l2_ci95": 0.0,
  "success_rel_l2_median": 0.0,
  "success_rel_l2_q25": 0.0,
  "success_rel_l2_q75": 0.0,
  "success_mse_mean": 0.0,
  "success_mse_ci95": 0.0,
  "success_mse_median": 0.0,
  "success_mse_q25": 0.0,
  "success_mse_q75": 0.0,
  "clean_e_ran_l2_mean": 0.17228506109677255,
  "clean_e_ran_l2_ci95": 0.024773381249984038,
  "clean_e_ran_l2_median": 0.15739762783050537,
  "clean_e_ran_l2_q25": 0.12449581734836102,
  "clean_e_ran_l2_q75": 0.21829743310809135,
  "clean_e_nul_l2_mean": 0.16710232058539987,
  "clean_e_nul_l2_ci95": 0.029022772908131485,
  "clean_e_nul_l2_median": 0.14983142167329788,
  "clean_e_nul_l2_q25": 0.12005991861224174,
  "clean_e_nul_l2_q75": 0.18146085366606712,
  "clean_e_ran_frac_mean": 0.7217032111356882,
  "clean_e_ran_frac_ci95": 0.022452118520550065,
  "clean_e_ran_frac_median": 0.7492634411527208,
  "clean_e_ran_frac_q25": 0.6845589207454497,