{
  "num_examples": 32,
  "gt_norm_mean": 24.628406435251236,
  "gt_norm_ci95": 3.042906305918084,
  "gt_norm_median": 24.647866249084473,
  "clean_mse_mean": 0.010573451210802887,
  "clean_mse_ci95": 0.0034059537795549668,
  "clean_mse_median": 0.008372093085199594,
  "adv_mse_mean": 0.018086962481902447,
  "adv_mse_ci95": 0.004771489453413482,
  "adv_mse_median": 0.015157913323491812,
  "mse_ratio_mean": 1.9837435157322194,
  "mse_ratio_ci95": 0.3875399107747347,
  "mse_ratio_median": 1.6477554149188456,
  "clean_rel_l2_mean": 0.4799250606447458,
  "clean_rel_l2_ci95": 0.02786905822022515,
  "clean_rel_l2_median": 0.501848429441452,
  "adv_rel_l2_mean": 0.6582538029178977,
  "adv_rel_l2_ci95": 0.06676869056138351,
  "adv_rel_l2_median": 0.6126915812492371,
  "rel_l2_ratio_mean": 1.3718610579224224,
  "rel_l2_ratio_ci95": 0.11228523421839923,
  "rel_l2_ratio_median": 1.2836488624071452,
  "clean_psnr_mean": 17.415414736858935,
  "clean_psnr_ci95": 1.1252226070158176,
  "clean_psnr_median": 17.222699767608738,
  "adv_psnr_mean": 14.859752560720116,
  "adv_psnr_ci95": 1.3866111761623074,
  "adv_psnr_median": 15.144865700375032,
  "clean_ssim_mean": 0.10158754403820722,
  "clean_ssim_ci95": 0.007518093517956174,
  "clean_ssim_median": 0.09516497631306911,
  "adv_ssim_mean": 0.05997635152717015,
  "adv_ssim_ci95": 0.007694834270128924,
  "adv_ssim_median": 0.0595677794712406,
  "pred_shift_rel_l2_mean": 0.46997102396562696,
  "pred_shift_rel_l2_ci95": 0.11562659189383866,
  "pred_shift_rel_l2_median": 0.323511004447937,
  "init_shift_rel_l2_mean": 0.1358965071849525,
  "init_shift_rel_l2_ci95": 0.01569147577513706,
  "init_shift_rel_l2_median": 0.13119149953126907,
  "delta_l2_mean": 43.064412236213684,
  "delta_l2_ci95": 0.8800936088067609,
  "delta_l2_median": 42.96642303466797,
  "delta_linf_mean": 0.7690645437687635,
  "delta_linf_ci95": 0.017753822807988068,
  "delta_linf_median": 0.7615048587322235,
  "delta_mean_abs_mean": 0.1635403409600258,
  "delta_mean_abs_ci95": 0.0045218854877981515,
  "delta_mean_abs_median": 0.163246788084507,
  "success_rel_l2_mean": 0.25,
  "success_rel_l2_ci95": 0.1524318991253725,
  "success_rel_l2_median": 0.0,
  "success_mse_mean": 0.34375,
  "success_mse_ci95": 0.1671980607909615,
  "success_mse_median": 0.0,
  "clean_e_ran_l2_mean": 12.053593665361404,
  "clean_e_ran_l2_ci95": 1.8557782075241307,
  "clean_e_ran_l2_median": 11.704667091369629,
  "clean_e_nul_l2_mean": 0.3610701598227024,
  "clean_e_nul_l2_ci95": 0.05575709312545589,
  "clean_e_nul_l2_median": 0.33153505623340607,
  "clean_e_ran_frac_mean": 0.9993561339484927,
  "clean_e_ran_frac_ci95": 0.00023284391963129342,
  "clean_e_ran_frac_median": 0.9995470988360464,
  "clean_e_nul_frac_mean": 0.03265179990638581,
  "clean_e_nul_frac_ci95": 0.005230007646430483,
  "clean_e_nul_frac_median": 0.030052358669513522,
  "adv_e_ran_l2_mean": 12.896766677498817,
  "adv_e_ran_l2_ci95": 1.7526330077352996,
  "adv_e_ran_l2_median": 12.41524362564087,
  "adv_e_nul_l2_mean": 8.297564012929797,
  "adv_e_nul_l2_ci95": 2.123078078034776,
  "adv_e_nul_l2_median": 8.252835750579834,
  "adv_e_ran_frac_mean": 0.8352843608449507,
  "adv_e_ran_frac_ci95": 0.05471591172493548,
  "adv_e_ran_frac_median": 0.9030821459907439,
  "adv_e_nul_frac_mean": 0.46619555324356476,
  "adv_e_nul_frac_ci95": 0.08680348779296758,
  "adv_e_nul_frac_median": 0.42822239737757567,
  "attack_runtime_total_sec": 56.60960730910301,
  "attack_runtime_per_example_sec": 1.7690502284094691,
  "model_name": "nsn",
  "attack_name": "adam",
  "norm": "l2",
  "eps": 1.0,
  "attack_init_mode": "exact",
  "eval_init_mode": "exact"
}