{
  "num_examples": 32,
  "gt_norm_mean": 24.628406435251236,
  "gt_norm_ci95": 3.042906305918084,
  "gt_norm_median": 24.647866249084473,
  "clean_mse_mean": 0.010573356063105166,
  "clean_mse_ci95": 0.0034064704265334795,
  "clean_mse_median": 0.008372282143682241,
  "adv_mse_mean": 0.01808707351301564,
  "adv_mse_ci95": 0.004771223640843133,
  "adv_mse_median": 0.015155731234699488,
  "mse_ratio_mean": 1.9842409753558612,
  "mse_ratio_ci95": 0.3874129738915115,
  "mse_ratio_median": 1.647884001027762,
  "clean_rel_l2_mean": 0.4799082549288869,
  "clean_rel_l2_ci95": 0.02787402754809294,
  "clean_rel_l2_median": 0.5018362402915955,
  "adv_rel_l2_mean": 0.6583006577566266,
  "adv_rel_l2_ci95": 0.06674482683545892,
  "adv_rel_l2_median": 0.6126967966556549,
  "rel_l2_ratio_mean": 1.372045521281314,
  "rel_l2_ratio_ci95": 0.11228043999127817,
  "rel_l2_ratio_median": 1.2836989459881945,
  "clean_psnr_mean": 17.41577366101767,
  "clean_psnr_ci95": 1.1253231592021498,
  "clean_psnr_median": 17.22248269564207,
  "adv_psnr_mean": 14.858967826230202,
  "adv_psnr_ci95": 1.3863575928759273,
  "adv_psnr_median": 15.145398324063741,
  "clean_ssim_mean": 0.10158562625238513,
  "clean_ssim_ci95": 0.007525271538894008,
  "clean_ssim_median": 0.0951652144054625,
  "adv_ssim_mean": 0.05997188575509209,
  "adv_ssim_ci95": 0.007696094695984338,
  "adv_ssim_median": 0.05957656068759733,
  "pred_shift_rel_l2_mean": 0.4700047818478197,
  "pred_shift_rel_l2_ci95": 0.11560997656500621,
  "pred_shift_rel_l2_median": 0.32339493930339813,
  "init_shift_rel_l2_mean": 0.13577484502457082,
  "init_shift_rel_l2_ci95": 0.015693091597888384,
  "init_shift_rel_l2_median": 0.13112752884626389,
  "delta_l2_mean": 43.06417417526245,
  "delta_l2_ci95": 0.8800145352948515,
  "delta_l2_median": 42.9659309387207,
  "delta_linf_mean": 0.7688810434192419,
  "delta_linf_ci95": 0.017770994469423096,
  "delta_linf_median": 0.7609974443912506,
  "delta_mean_abs_mean": 0.163537812884897,
  "delta_mean_abs_ci95": 0.004521093745029526,
  "delta_mean_abs_median": 0.16323059052228928,
  "success_rel_l2_mean": 0.25,
  "success_rel_l2_ci95": 0.1524318991253725,
  "success_rel_l2_median": 0.0,
  "success_mse_mean": 0.34375,
  "success_mse_ci95": 0.1671980607909615,
  "success_mse_median": 0.0,
  "clean_e_ran_l2_mean": 12.05338516831398,
  "clean_e_ran_l2_ci95": 1.8559488260883936,
  "clean_e_ran_l2_median": 11.70481538772583,
  "clean_e_nul_l2_mean": 0.35880120005458593,
  "clean_e_nul_l2_ci95": 0.05574923836359075,
  "clean_e_nul_l2_median": 0.3283190280199051,
  "clean_e_ran_frac_mean": 0.9993644404307258,
  "clean_e_ran_frac_ci95": 0.00022976469630345373,
  "clean_e_ran_frac_median": 0.9995502661878224,
  "clean_e_nul_frac_mean": 0.03242919170561095,
  "clean_e_nul_frac_ci95": 0.005204577243220409,
  "clean_e_nul_frac_median": 0.029945799139116235,
  "adv_e_ran_l2_mean": 12.896742478013039,
  "adv_e_ran_l2_ci95": 1.7526524179752205,
  "adv_e_ran_l2_median": 12.41523790359497,
  "adv_e_nul_l2_mean": 8.298794088885188,
  "adv_e_nul_l2_ci95": 2.1225376114803955,
  "adv_e_nul_l2_median": 8.25549054145813,
  "adv_e_ran_frac_mean": 0.8352004696355191,
  "adv_e_ran_frac_ci95": 0.054713952091386145,
  "adv_e_ran_frac_median": 0.9030270527869508,
  "adv_e_nul_frac_mean": 0.4663293900531879,
  "adv_e_nul_frac_ci95": 0.08681568413448205,
  "adv_e_nul_frac_median": 0.428336796769321,
  "attack_runtime_total_sec": 56.427624970674515,
  "attack_runtime_per_example_sec": 1.7633632803335786,
  "model_name": "nsn",
  "attack_name": "adam",
  "norm": "l2",
  "eps": 1.0,
  "attack_init_mode": "exact",
  "eval_init_mode": "exact"
}