{
  "num_examples": 32,
  "gt_norm_mean": 24.628406435251236,
  "gt_norm_ci95": 3.042906305918084,
  "gt_norm_median": 24.647866249084473,
  "clean_mse_mean": 0.010573451210802887,
  "clean_mse_ci95": 0.0034059537795549668,
  "clean_mse_median": 0.008372093085199594,
  "adv_mse_mean": 0.018085383089783136,
  "adv_mse_ci95": 0.004770386468148282,
  "adv_mse_median": 0.015156330075114965,
  "mse_ratio_mean": 1.9838230319978847,
  "mse_ratio_ci95": 0.38716207273529946,
  "mse_ratio_median": 1.6475907120460929,
  "clean_rel_l2_mean": 0.4799250606447458,
  "clean_rel_l2_ci95": 0.02786905822022515,
  "clean_rel_l2_median": 0.501848429441452,
  "adv_rel_l2_mean": 0.658265233039856,
  "adv_rel_l2_ci95": 0.06673030664724877,
  "adv_rel_l2_median": 0.6126676201820374,
  "rel_l2_ratio_mean": 1.3719159327723915,
  "rel_l2_ratio_ci95": 0.11224599555921036,
  "rel_l2_ratio_median": 1.2835846490646687,
  "clean_psnr_mean": 17.415414736858935,
  "clean_psnr_ci95": 1.1252226070158176,
  "clean_psnr_median": 17.222699767608738,
  "adv_psnr_mean": 14.859375227162232,
  "adv_psnr_ci95": 1.386415020546337,
  "adv_psnr_median": 15.145243656660714,
  "clean_ssim_mean": 0.10158754403820722,
  "clean_ssim_ci95": 0.007518093517956174,
  "clean_ssim_median": 0.09516497631306911,
  "adv_ssim_mean": 0.05997280398927414,
  "adv_ssim_ci95": 0.007694717469681647,
  "adv_ssim_median": 0.05957195902860163,
  "pred_shift_rel_l2_mean": 0.46998819010332227,
  "pred_shift_rel_l2_ci95": 0.11558003815179216,
  "pred_shift_rel_l2_median": 0.3234493136405945,
  "init_shift_rel_l2_mean": 0.13589461450465024,
  "init_shift_rel_l2_ci95": 0.01568862909063592,
  "init_shift_rel_l2_median": 0.13120786100625992,
  "delta_l2_mean": 43.06448543071747,
  "delta_l2_ci95": 0.8800989932549421,
  "delta_l2_median": 42.96624183654785,
  "delta_linf_mean": 0.7689335625618696,
  "delta_linf_ci95": 0.017769339958838646,
  "delta_linf_median": 0.7609236240386963,
  "delta_mean_abs_mean": 0.1635411479510367,
  "delta_mean_abs_ci95": 0.004521254503328837,
  "delta_mean_abs_median": 0.1632384955883026,
  "success_rel_l2_mean": 0.25,
  "success_rel_l2_ci95": 0.1524318991253725,
  "success_rel_l2_median": 0.0,
  "success_mse_mean": 0.34375,
  "success_mse_ci95": 0.1671980607909615,
  "success_mse_median": 0.0,
  "clean_e_ran_l2_mean": 12.053593665361404,
  "clean_e_ran_l2_ci95": 1.8557782075241307,
  "clean_e_ran_l2_median": 11.704667091369629,
  "clean_e_nul_l2_mean": 0.3610701598227024,
  "clean_e_nul_l2_ci95": 0.05575709312545589,
  "clean_e_nul_l2_median": 0.33153505623340607,
  "clean_e_ran_frac_mean": 0.9993561339484927,
  "clean_e_ran_frac_ci95": 0.00023284391963129342,
  "clean_e_ran_frac_median": 0.9995470988360464,
  "clean_e_nul_frac_mean": 0.03265179990638581,
  "clean_e_nul_frac_ci95": 0.005230007646430483,
  "clean_e_nul_frac_median": 0.030052358669513522,
  "adv_e_ran_l2_mean": 12.896757438778877,
  "adv_e_ran_l2_ci95": 1.752651367061182,
  "adv_e_ran_l2_median": 12.41524887084961,
  "adv_e_nul_l2_mean": 8.297485189512372,
  "adv_e_nul_l2_ci95": 2.122352709637266,
  "adv_e_nul_l2_median": 8.250523090362549,
  "adv_e_ran_frac_mean": 0.8352400266185163,
  "adv_e_ran_frac_ci95": 0.05471427355942309,
  "adv_e_ran_frac_median": 0.9031467293881603,
  "adv_e_nul_frac_mean": 0.4662600947574449,
  "adv_e_nul_frac_ci95": 0.08681444736685577,
  "adv_e_nul_frac_median": 0.428089155106651,
  "attack_runtime_total_sec": 56.60071421414614,
  "attack_runtime_per_example_sec": 1.7687723191920668,
  "model_name": "nsn",
  "attack_name": "adam",
  "norm": "l2",
  "eps": 1.0,
  "attack_init_mode": "exact",
  "eval_init_mode": "exact"
}