{
  "num_examples": 32,
  "gt_norm_mean": 21.939702212810516,
  "gt_norm_ci95": 3.9247519621992337,
  "gt_norm_median": 20.571069717407227,
  "gt_norm_q25": 14.864426374435425,
  "gt_norm_q75": 25.995609283447266,
  "clean_mse_mean": 0.012489894186728634,
  "clean_mse_ci95": 0.008646799125557776,
  "clean_mse_median": 0.005611394997686148,
  "clean_mse_q25": 0.002593012584839016,
  "clean_mse_q75": 0.012176325311884284,
  "adv_mse_mean": 0.05361218205507612,
  "adv_mse_ci95": 0.04199072577859595,
  "adv_mse_median": 0.02030804380774498,
  "adv_mse_q25": 0.008146757259964943,
  "adv_mse_q75": 0.045347556471824646,
  "mse_ratio_mean": 3.814056507028847,
  "mse_ratio_ci95": 0.27286166512118515,
  "mse_ratio_median": 3.591581516767497,
  "mse_ratio_q25": 3.2528362376826196,
  "mse_ratio_q75": 4.146495131563227,
  "clean_rel_l2_mean": 0.49675575736910105,
  "clean_rel_l2_ci95": 0.029992169105078247,
  "clean_rel_l2_median": 0.4736618548631668,
  "clean_rel_l2_q25": 0.4383295252919197,
  "clean_rel_l2_q75": 0.545915350317955,
  "adv_rel_l2_mean": 0.9745692387223244,
  "adv_rel_l2_ci95": 0.08568602669863777,
  "adv_rel_l2_median": 0.8722212314605713,
  "adv_rel_l2_q25": 0.8140306323766708,
  "adv_rel_l2_q75": 1.113712638616562,
  "rel_l2_ratio_mean": 1.9433962387432957,
  "rel_l2_ratio_ci95": 0.06795776995909039,
  "rel_l2_ratio_median": 1.8951459306990472,
  "rel_l2_ratio_q25": 1.8035588745555322,
  "rel_l2_ratio_q75": 2.035990447053546,
  "clean_psnr_mean": 18.317877293833536,
  "clean_psnr_ci95": 1.4130127544769702,
  "clean_psnr_median": 18.943971967933134,
  "clean_psnr_q25": 15.254707800149957,
  "clean_psnr_q75": 21.06507564402597,
  "adv_psnr_mean": 12.588148717017173,
  "adv_psnr_ci95": 1.6058259798868681,
  "adv_psnr_median": 13.764532546697797,
  "adv_psnr_q25": 8.962209801426988,
  "adv_psnr_q75": 16.008929599688173,
  "clean_ssim_mean": 0.13311747625100523,
  "clean_ssim_ci95": 0.014336500698712597,
  "clean_ssim_median": 0.130721432340678,
  "clean_ssim_q25": 0.09961181380443576,
  "clean_ssim_q75": 0.15195746509134372,
  "adv_ssim_mean": 0.046684850779307466,
  "adv_ssim_ci95": 0.006384870879766432,
  "adv_ssim_median": 0.045686219272441306,
  "adv_ssim_q25": 0.03456048127961729,
  "adv_ssim_q75": 0.05485291210625916,
  "clean_mae_mean": 0.07004449452506378,
  "clean_mae_ci95": 0.017880978263907606,
  "clean_mae_median": 0.058120282366871834,
  "clean_mae_q25": 0.03941717278212309,
  "clean_mae_q75": 0.08488917723298073,
  "adv_mae_mean": 0.13457812025444582,
  "adv_mae_ci95": 0.037264092479327736,
  "adv_mae_median": 0.10857439786195755,
  "adv_mae_q25": 0.0688349548727274,
  "adv_mae_q75": 0.15777771547436714,
  "clean_nrmse_mean": 0.13703168557385273,
  "clean_nrmse_ci95": 0.028060961518899957,
  "clean_nrmse_median": 0.1129295861754557,
  "clean_nrmse_q25": 0.08847313323804548,
  "clean_nrmse_q75": 0.1726907136835969,
  "adv_nrmse_mean": 0.2749602411453145,
  "adv_nrmse_ci95": 0.06469384384024901,
  "adv_nrmse_median": 0.20506392945720375,
  "adv_nrmse_q25": 0.15832735986922614,
  "adv_nrmse_q75": 0.35649403385413714,
  "clean_max_err_mean": 0.4223327918443829,
  "clean_max_err_ci95": 0.10558955125708926,
  "clean_max_err_median": 0.3407019376754761,
  "clean_max_err_q25": 0.24020782485604286,
  "clean_max_err_q75": 0.5068585127592087,
  "adv_max_err_mean": 1.1846914812922478,
  "adv_max_err_ci95": 0.30913056377637266,
  "adv_max_err_median": 1.0305229425430298,
  "adv_max_err_q25": 0.7366290390491486,
  "adv_max_err_q75": 1.3296090364456177,
  "clean_init_rel_l2_mean": 0.5536772310733795,
  "clean_init_rel_l2_ci95": 0.02506772902256389,
  "clean_init_rel_l2_median": 0.5395685136318207,
  "clean_init_rel_l2_q25": 0.5074928402900696,
  "clean_init_rel_l2_q75": 0.5876893401145935,
  "adv_init_rel_l2_mean": 0.8788071069866419,
  "adv_init_rel_l2_ci95": 0.032832061583147824,
  "adv_init_rel_l2_median": 0.8647150695323944,
  "adv_init_rel_l2_q25": 0.8232628703117371,
  "adv_init_rel_l2_q75": 0.9426410347223282,
  "init_rel_l2_ratio_mean": 1.5978135577197858,
  "init_rel_l2_ratio_ci95": 0.05147155378040465,
  "init_rel_l2_ratio_median": 1.5708278045225463,
  "init_rel_l2_ratio_q25": 1.5237357001721943,
  "init_rel_l2_ratio_q75": 1.7140784264468103,
  "clean_init_psnr_mean": 17.32811655528948,
  "clean_init_psnr_ci95": 1.277972040417629,
  "clean_init_psnr_median": 18.486651408331085,
  "clean_init_psnr_q25": 14.726242622631924,
  "clean_init_psnr_q75": 19.917953138892184,
  "adv_init_psnr_mean": 13.294437546940998,
  "adv_init_psnr_ci95": 1.208562864089847,
  "adv_init_psnr_median": 13.848597715364527,
  "adv_init_psnr_q25": 10.769679715318706,
  "adv_init_psnr_q75": 15.88661530177567,
  "clean_init_ssim_mean": 0.089813785677639,
  "clean_init_ssim_ci95": 0.011960331601667429,
  "clean_init_ssim_median": 0.0773485782316394,
  "clean_init_ssim_q25": 0.06890477600312231,
  "clean_init_ssim_q75": 0.09774976727847494,
  "adv_init_ssim_mean": 0.05154140360299263,
  "adv_init_ssim_ci95": 0.004680611503024782,
  "adv_init_ssim_median": 0.04742405818778919,
  "adv_init_ssim_q25": 0.043728184187121,
  "adv_init_ssim_q75": 0.053777951098704854,
  "clean_init_mae_mean": 0.07636199059197679,
  "clean_init_mae_ci95": 0.018004814122315953,
  "clean_init_mae_median": 0.06415321677923203,
  "clean_init_mae_q25": 0.04510226845741272,
  "clean_init_mae_q75": 0.09492911025881767,
  "adv_init_mae_mean": 0.12087985454127192,
  "adv_init_mae_ci95": 0.02743895447866033,
  "adv_init_mae_median": 0.10769101977348328,
  "adv_init_mae_q25": 0.07132181338965893,
  "adv_init_mae_q75": 0.14361517876386642,
  "pred_shift_rel_l2_mean": 0.7490617465227842,
  "pred_shift_rel_l2_ci95": 0.06400315002787568,
  "pred_shift_rel_l2_median": 0.6703182458877563,
  "pred_shift_rel_l2_q25": 0.6267770677804947,
  "pred_shift_rel_l2_q75": 0.8736678212881088,
  "init_shift_rel_l2_mean": 0.6314020231366158,
  "init_shift_rel_l2_ci95": 0.01970957018802696,
  "init_shift_rel_l2_median": 0.6353493928909302,
  "init_shift_rel_l2_q25": 0.6032737046480179,
  "init_shift_rel_l2_q75": 0.6637497097253799,
  "delta_l2_mean": 14.078716032207012,
  "delta_l2_ci95": 3.571205141416509,
  "delta_l2_median": 11.806253433227539,
  "delta_l2_q25": 7.988289713859558,
  "delta_l2_q75": 16.827322483062744,
  "delta_linf_mean": 0.49071897799149156,
  "delta_linf_ci95": 0.12872416159865027,
  "delta_linf_median": 0.3537325859069824,
  "delta_linf_q25": 0.2781524285674095,
  "delta_linf_q75": 0.69338658452034,
  "delta_mean_abs_mean": 0.05124122285633348,
  "delta_mean_abs_ci95": 0.013107562596900966,
  "delta_mean_abs_median": 0.04317311383783817,
  "delta_mean_abs_q25": 0.02914321655407548,
  "delta_mean_abs_q75": 0.06178918108344078,
  "delta_rel_l2_mean": 0.010000002966600417,
  "delta_rel_l2_ci95": 4.3710228854165146e-10,
  "delta_rel_l2_median": 0.010000002846674365,
  "delta_rel_l2_q25": 0.010000002177101466,
  "delta_rel_l2_q75": 0.010000003453990845,
  "success_rel_l2_mean": 1.0,
  "success_rel_l2_ci95": 0.0,
  "success_rel_l2_median": 1.0,
  "success_rel_l2_q25": 1.0,
  "success_rel_l2_q75": 1.0,
  "success_mse_mean": 1.0,
  "success_mse_ci95": 0.0,
  "success_mse_median": 1.0,
  "success_mse_q25": 1.0,
  "success_mse_q75": 1.0,
  "clean_e_ran_l2_mean": 11.585059136152267,
  "clean_e_ran_l2_ci95": 2.9522027683146335,
  "clean_e_ran_l2_median": 9.58735990524292,
  "clean_e_ran_l2_q25": 6.517334222793579,
  "clean_e_ran_l2_q75": 14.115809202194214,
  "clean_e_nul_l2_mean": 0.1760684965411201,
  "clean_e_nul_l2_ci95": 0.08595035851411344,
  "clean_e_nul_l2_median": 0.12069869413971901,
  "clean_e_nul_l2_q25": 0.06746348924934864,
  "clean_e_nul_l2_q75": 0.158787090331316,
  "clean_e_ran_frac_mean": 0.9998980434856173,
  "clean_e_ran_frac_ci95": 3.5726665437752443e-05,
  "clean_e_ran_frac_median": 0.9999294756912683,
  "clean_e_ran_frac_q25": 0.9999068523086194,
  "clean_e_ran_frac_q75": 0.9999487736014766,
  "clean_e_nul_frac_mean": 0.013215718040903053,
  "clean_e_nul_frac_ci95": 0.0019023836866113755,