{
  "num_examples": 32,
  "gt_norm_mean": 20.065786242485046,
  "gt_norm_ci95": 2.6439993761407936,
  "gt_norm_median": 18.550631523132324,
  "clean_mse_mean": 19.504284624010324,
  "clean_mse_ci95": 8.901575561772624,
  "clean_mse_median": 9.643728256225586,
  "adv_mse_mean": 21.392601415514946,
  "adv_mse_ci95": 9.24611283098505,
  "adv_mse_median": 11.171831130981445,
  "mse_ratio_mean": 1.1648235195374235,
  "mse_ratio_ci95": 0.02884731974381487,
  "mse_ratio_median": 1.157883740821248,
  "clean_rel_l2_mean": 23.404385089874268,
  "clean_rel_l2_ci95": 1.4466901634052205,
  "clean_rel_l2_median": 21.632630348205566,
  "adv_rel_l2_mean": 25.128041684627533,
  "adv_rel_l2_ci95": 1.3145184331512851,
  "adv_rel_l2_median": 23.416053771972656,
  "rel_l2_ratio_mean": 1.078624641449299,
  "rel_l2_ratio_ci95": 0.013135918362386511,
  "rel_l2_ratio_median": 1.0760500640611104,
  "clean_psnr_mean": -14.326258762420618,
  "clean_psnr_ci95": 1.3685778043143835,
  "clean_psnr_median": -13.07460149136302,
  "adv_psnr_mean": -14.978578491568836,
  "adv_psnr_ci95": 1.293894404521126,
  "adv_psnr_median": -13.73307529375758,
  "clean_ssim_mean": 0.0022781784367303585,
  "clean_ssim_ci95": 0.0006170280755123265,
  "clean_ssim_median": 0.002341633265503162,
  "adv_ssim_mean": 0.001958882451942872,
  "adv_ssim_ci95": 0.0005411817192573984,
  "adv_ssim_median": 0.0019100256428420694,
  "pred_shift_rel_l2_mean": 0.09511507203569636,
  "pred_shift_rel_l2_ci95": 0.016026145194734297,
  "pred_shift_rel_l2_median": 0.09232313558459282,
  "init_shift_rel_l2_mean": 0.09512195200659335,
  "init_shift_rel_l2_ci95": 0.016027882764354743,
  "init_shift_rel_l2_median": 0.09232593327760696,
  "delta_l2_mean": 25.64016366004944,
  "delta_l2_ci95": 3.658407850425894e-07,
  "delta_l2_median": 25.64016342163086,
  "delta_linf_mean": 0.5551376938819885,
  "delta_linf_ci95": 0.019430251386583334,
  "delta_linf_median": 0.5375714302062988,
  "delta_mean_abs_mean": 0.09959057625383139,
  "delta_mean_abs_ci95": 5.495245179525439e-05,
  "delta_mean_abs_median": 0.09958821535110474,
  "delta_rel_l2_mean": 0.020849214148520995,
  "delta_rel_l2_ci95": 0.0033924608215742656,
  "delta_rel_l2_median": 0.020142291384755796,
  "success_rel_l2_mean": 0.0,
  "success_rel_l2_ci95": 0.0,
  "success_rel_l2_median": 0.0,
  "success_mse_mean": 0.0,
  "success_mse_ci95": 0.0,
  "success_mse_median": 0.0,
  "clean_e_ran_l2_mean": 493.140832901001,
  "clean_e_ran_l2_ci95": 97.2786357590227,
  "clean_e_ran_l2_median": 397.4880676269531,
  "clean_e_nul_l2_mean": 2.4533347710967064,
  "clean_e_nul_l2_ci95": 0.35688617646202564,
  "clean_e_nul_l2_median": 2.0915669202804565,
  "clean_e_ran_frac_mean": 0.999977346152342,
  "clean_e_ran_frac_ci95": 1.3561015216512225e-05,
  "clean_e_ran_frac_median": 0.9999866445867445,
  "clean_e_nul_frac_mean": 0.00583750710101698,
  "clean_e_nul_frac_ci95": 0.0011794662072690998,
  "clean_e_nul_frac_median": 0.005167597762708311,
  "adv_e_ran_l2_mean": 523.6584062576294,
  "adv_e_ran_l2_ci95": 97.21988167100223,
  "adv_e_ran_l2_median": 427.8237609863281,
  "adv_e_nul_l2_mean": 2.471716608852148,
  "adv_e_nul_l2_ci95": 0.36817863346939966,
  "adv_e_nul_l2_median": 2.127324342727661,
  "adv_e_ran_frac_mean": 0.9999806233638641,
  "adv_e_ran_frac_ci95": 1.1777597888484975e-05,
  "adv_e_ran_frac_median": 0.9999885218306157,
  "adv_e_nul_frac_mean": 0.005407400012501442,
  "adv_e_nul_frac_ci95": 0.0010851287731144666,
  "adv_e_nul_frac_median": 0.004790501105075484,
  "attack_runtime_total_sec": 64.60965447500348,
  "attack_runtime_per_example_sec": 2.019051702343859,
  "model_name": "nsn",
  "attack_name": "adam",
  "norm": "l2",
  "eps": 0.02,
  "eps_actual": 25.640163162719727,
  "attack_init_mode": "exact",
  "eval_init_mode": "exact"
}