{
  "num_examples": 32,
  "gt_norm_mean": 19.10678167641163,
  "gt_norm_ci95": 3.4833903043152117,
  "gt_norm_median": 16.756710529327393,
  "clean_mse_mean": 1.957722669754247e-06,
  "clean_mse_ci95": 9.89738328026982e-07,
  "clean_mse_median": 8.055008038354572e-07,
  "adv_mse_mean": 0.22450328059494495,
  "adv_mse_ci95": 0.05059455791539756,
  "adv_mse_median": 0.13112662732601166,
  "mse_ratio_mean": 289960.7752221992,
  "mse_ratio_ci95": 95193.67053231524,
  "mse_ratio_median": 199267.17107848317,
  "clean_rel_l2_mean": 0.009064431542356033,
  "clean_rel_l2_ci95": 0.002387528005385162,
  "clean_rel_l2_median": 0.0064170153345912695,
  "adv_rel_l2_mean": 3.659692969173193,
  "adv_rel_l2_ci95": 0.7187716684415565,
  "adv_rel_l2_median": 3.1104637384414673,
  "rel_l2_ratio_mean": 487.18455585516585,
  "rel_l2_ratio_ci95": 80.74536943725319,
  "rel_l2_ratio_median": 446.37906033859053,
  "clean_psnr_mean": 55.35154978236515,
  "clean_psnr_ci95": 1.302505239813912,
  "clean_psnr_median": 56.10053265120885,
  "adv_psnr_mean": 2.679692335277033,
  "adv_psnr_ci95": 1.1278634766479148,
  "adv_psnr_median": 3.137276524387246,
  "clean_ssim_mean": 0.9957795228653752,
  "clean_ssim_ci95": 0.001261959707525621,
  "clean_ssim_median": 0.9970786727642507,
  "adv_ssim_mean": 0.02042630635076443,
  "adv_ssim_ci95": 0.004955616531002243,
  "adv_ssim_median": 0.021117177786591758,
  "pred_shift_rel_l2_mean": 3.663844410330057,
  "pred_shift_rel_l2_ci95": 0.7209821711089045,
  "pred_shift_rel_l2_median": 3.1130176782608032,
  "init_shift_rel_l2_mean": 3.102194918319583,
  "init_shift_rel_l2_ci95": 0.5640735040080915,
  "init_shift_rel_l2_median": 3.053116202354431,
  "delta_l2_mean": 25.730920374393463,
  "delta_l2_ci95": 4.0196511190016033e-07,
  "delta_l2_median": 25.730920791625977,
  "delta_linf_mean": 0.5866099763661623,
  "delta_linf_ci95": 0.02644827519714187,
  "delta_linf_median": 0.5575046241283417,
  "delta_mean_abs_mean": 0.09391890140250325,
  "delta_mean_abs_ci95": 0.000356188358245268,
  "delta_mean_abs_median": 0.09436750411987305,
  "delta_rel_l2_mean": 0.03373750342234179,
  "delta_rel_l2_ci95": 0.007161890004848719,
  "delta_rel_l2_median": 0.030690658188728563,
  "success_rel_l2_mean": 1.0,
  "success_rel_l2_ci95": 0.0,
  "success_rel_l2_median": 1.0,
  "success_mse_mean": 1.0,
  "success_mse_ci95": 0.0,
  "success_mse_median": 1.0,
  "clean_e_ran_l2_mean": 1.0879851458867051e-05,
  "clean_e_ran_l2_ci95": 2.7357687887222925e-06,
  "clean_e_ran_l2_median": 7.997972033990663e-06,
  "clean_e_nul_l2_mean": 0.15207682619802654,
  "clean_e_nul_l2_ci95": 0.033299477824608494,
  "clean_e_nul_l2_median": 0.1148621253669262,
  "clean_e_ran_frac_mean": 8.252142791887493e-05,
  "clean_e_ran_frac_ci95": 1.6217378508151025e-05,
  "clean_e_ran_frac_median": 7.863959840546429e-05,
  "clean_e_nul_frac_mean": 0.9999999933895116,
  "clean_e_nul_frac_ci95": 2.127406843147796e-08,
  "clean_e_nul_frac_median": 1.0,
  "adv_e_ran_l2_mean": 42.91900610923767,
  "adv_e_ran_l2_ci95": 1.4912699965098801,
  "adv_e_ran_l2_median": 45.76770782470703,
  "adv_e_nul_l2_mean": 27.762813560664654,
  "adv_e_nul_l2_ci95": 11.393377233880493,
  "adv_e_nul_l2_median": 5.237364768981934,
  "adv_e_ran_frac_mean": 0.811585991028966,
  "adv_e_ran_frac_ci95": 0.08829892679983437,
  "adv_e_ran_frac_median": 0.993507757655644,
  "adv_e_nul_frac_mean": 0.3722422489974143,
  "adv_e_nul_frac_ci95": 0.13164470389299382,
  "adv_e_nul_frac_median": 0.11373854356923402,
  "attack_runtime_total_sec": 64.67415585368872,
  "attack_runtime_per_example_sec": 2.0210673704277724,
  "model_name": "nsn",
  "attack_name": "adam",
  "norm": "l2",
  "eps": 0.02,
  "eps_actual": 25.73092107702637,
  "attack_init_mode": "exact",
  "eval_init_mode": "exact"
}