{
  "num_examples": 32,
  "gt_norm_mean": 19.554032936692238,
  "gt_norm_ci95": 3.175656556464896,
  "gt_norm_median": 19.43148136138916,
  "gt_norm_q25": 13.664082050323486,
  "gt_norm_q75": 22.861806869506836,
  "clean_mse_mean": 0.00026445050684742455,
  "clean_mse_ci95": 6.356442169143319e-05,
  "clean_mse_median": 0.00025715997617226094,
  "clean_mse_q25": 0.00010551254672463983,
  "clean_mse_q75": 0.00033409633761039004,
  "adv_mse_mean": 0.0002644461728777969,
  "adv_mse_ci95": 6.356193512897547e-05,
  "adv_mse_median": 0.00025716115487739444,
  "adv_mse_q25": 0.00010551123523327988,
  "adv_mse_q75": 0.0003340840121381916,
  "mse_ratio_mean": 0.999995858782963,
  "mse_ratio_ci95": 2.06697125718204e-05,
  "mse_ratio_median": 1.0000000106410887,
  "mse_ratio_q25": 0.999956433891866,
  "mse_ratio_q75": 1.0000338421681612,
  "clean_rel_l2_mean": 0.10566540830768645,
  "clean_rel_l2_ci95": 0.00612752949188252,
  "clean_rel_l2_median": 0.10447508096694946,
  "clean_rel_l2_q25": 0.09630278125405312,
  "clean_rel_l2_q75": 0.1120400670915842,
  "adv_rel_l2_mean": 0.10566530912183225,
  "adv_rel_l2_ci95": 0.006127841929915878,
  "adv_rel_l2_median": 0.1044735461473465,
  "adv_rel_l2_q25": 0.09630444087088108,
  "adv_rel_l2_q75": 0.1120381448417902,
  "rel_l2_ratio_mean": 0.9999979001460575,
  "rel_l2_ratio_ci95": 1.0333907856479552e-05,
  "rel_l2_ratio_median": 0.9999998671565482,
  "rel_l2_ratio_q25": 0.9999782079101769,
  "rel_l2_ratio_q75": 1.0000169534493333,
  "clean_psnr_mean": 32.52383930250875,
  "clean_psnr_ci95": 0.518211344130933,
  "clean_psnr_median": 32.62140900813701,
  "clean_psnr_q25": 31.648503717073737,
  "clean_psnr_q75": 33.824843651096444,
  "adv_psnr_mean": 32.52385719701675,
  "adv_psnr_ci95": 0.518217872554745,
  "adv_psnr_median": 32.621182880295464,
  "adv_psnr_q25": 31.64868547111465,
  "adv_psnr_q75": 33.824823613417415,
  "clean_ssim_mean": 0.896095197126876,
  "clean_ssim_ci95": 0.01929196796449886,
  "clean_ssim_median": 0.9055180053315002,
  "clean_ssim_q25": 0.886603267546872,
  "clean_ssim_q75": 0.9361248314119407,
  "adv_ssim_mean": 0.8961118285977794,
  "adv_ssim_ci95": 0.019286871008043754,
  "adv_ssim_median": 0.9055267671236777,
  "adv_ssim_q25": 0.886646615506715,
  "adv_ssim_q75": 0.9361558489659032,
  "pred_shift_rel_l2_mean": 0.0007134224924811861,
  "pred_shift_rel_l2_ci95": 3.725455463598669e-05,
  "pred_shift_rel_l2_median": 0.0007291896909009665,
  "pred_shift_rel_l2_q25": 0.000653192400932312,
  "pred_shift_rel_l2_q75": 0.0007616195362061262,
  "init_shift_rel_l2_mean": 0.0009828777656366583,
  "init_shift_rel_l2_ci95": 0.00011911154961929545,
  "init_shift_rel_l2_median": 0.000912606657948345,
  "init_shift_rel_l2_q25": 0.0008061266416916624,
  "init_shift_rel_l2_q75": 0.001091081852791831,
  "delta_l2_mean": 0.0001758548196448828,
  "delta_l2_ci95": 8.278317885032702e-07,
  "delta_l2_median": 0.00017582235886948183,
  "delta_l2_q25": 0.0001747564529068768,
  "delta_l2_q75": 0.0001769738519215025,
  "delta_linf_mean": 6.503282406811195e-06,
  "delta_linf_ci95": 2.3366599008509646e-07,
  "delta_linf_median": 6.453172318288125e-06,
  "delta_linf_q25": 5.916459485888481e-06,
  "delta_linf_q75": 6.743241101503372e-06,
  "delta_mean_abs_mean": 5.563082323689628e-07,
  "delta_mean_abs_ci95": 6.969295427677351e-09,
  "delta_mean_abs_median": 5.621965328828082e-07,
  "delta_mean_abs_q25": 5.563401686003999e-07,
  "delta_mean_abs_q75": 5.660152737618773e-07,
  "delta_rel_l2_mean": 2.103611885669091e-07,
  "delta_rel_l2_ci95": 4.401177947201817e-08,
  "delta_rel_l2_median": 1.667987189573025e-07,
  "delta_rel_l2_q25": 1.3686688476187051e-07,
  "delta_rel_l2_q75": 2.3255934783251822e-07,
  "success_rel_l2_mean": 0.0,
  "success_rel_l2_ci95": 0.0,
  "success_rel_l2_median": 0.0,
  "success_rel_l2_q25": 0.0,
  "success_rel_l2_q75": 0.0,
  "success_mse_mean": 0.0,
  "success_mse_ci95": 0.0,
  "success_mse_median": 0.0,
  "success_mse_q25": 0.0,
  "success_mse_q75": 0.0,
  "clean_e_ran_l2_mean": 1.4460620451718569,
  "clean_e_ran_l2_ci95": 0.19823760088211823,
  "clean_e_ran_l2_median": 1.503426432609558,
  "clean_e_ran_l2_q25": 0.948512464761734,
  "clean_e_ran_l2_q75": 1.6380369067192078,
  "clean_e_nul_l2_mean": 1.3163206223398447,
  "clean_e_nul_l2_ci95": 0.15418718969184525,
  "clean_e_nul_l2_median": 1.3473610281944275,
  "clean_e_nul_l2_q25": 0.9407127499580383,
  "clean_e_nul_l2_q75": 1.594138503074646,
  "clean_e_ran_frac_mean": 0.7313071603672179,
  "clean_e_ran_frac_ci95": 0.018661179919279715,
  "clean_e_ran_frac_median": 0.7299274171969863,
  "clean_e_ran_frac_q25": 0.7030144301159762,
  "clean_e_ran_frac_q75": 0.7613703229057314,
  "clean_e_nul_frac_mean": 0.6776525043292396,
  "clean_e_nul_frac_ci95": 0.01980999050623247,
  "clean_e_nul_frac_median": 0.6835176667898522,
  "clean_e_nul_frac_q25": 0.6483171812554095,
  "clean_e_nul_frac_q75": 0.7111753636163098,
  "adv_e_ran_l2_mean": 1.4460011180490255,
  "adv_e_ran_l2_ci95": 0.19822152404160384,
  "adv_e_ran_l2_median": 1.5033393502235413,
  "adv_e_ran_l2_q25": 0.9484910368919373,
  "adv_e_ran_l2_q75": 1.6379508674144745,
  "adv_e_nul_l2_mean": 1.3163727652281523,
  "adv_e_nul_l2_ci95": 0.15419498860269706,
  "adv_e_nul_l2_median": 1.3473785519599915,
  "adv_e_nul_l2_q25": 0.9407653659582138,
  "adv_e_nul_l2_q75": 1.5941839814186096,
  "adv_e_ran_frac_mean": 0.7312820421641869,
  "adv_e_ran_frac_ci95": 0.01866131929084501,
  "adv_e_ran_frac_median": 0.7299042969281779,
  "adv_e_ran_frac_q25": 0.703004561672548,
  "adv_e_ran_frac_q75": 0.7613531701009423,
  "adv_e_nul_frac_mean": 0.6776800170856693,
  "adv_e_nul_frac_ci95": 0.019808288351430222,
  "adv_e_nul_frac_median": 0.6835423381116907,
  "adv_e_nul_frac_q25": 0.64833738982161,
  "adv_e_nul_frac_q75": 0.7111852457620611,
  "attack_runtime_total_sec": 3984.3575047031045,
  "attack_runtime_per_example_sec": 124.51117202197202,
  "model_name": "nsn",
  "attack_name": "adam",
  "norm": "l2",
  "eps": 0.005,
  "eps_actual": 6.3846251600341795,
  "eps_budget_mode": "per_sample_l2",
  "attack_init_mode": "exact",
  "eval_init_mode": "exact"
}