{
  "num_examples": 32,
  "clean_mse_mean": 0.00778968771670001,
  "clean_mse_ci95": 0.004052175204239631,
  "clean_mse_median": 0.0024121293099597096,
  "adv_mse_mean": 0.01078483513606443,
  "adv_mse_ci95": 0.004732861136087871,
  "adv_mse_median": 0.005430825985968113,
  "mse_ratio_mean": 109762.75474791063,
  "mse_ratio_ci95": 215127.91634096467,
  "mse_ratio_median": 1.992397575312522,
  "clean_rel_l2_mean": 16263907.370013272,
  "clean_rel_l2_ci95": 31877256.11490418,
  "clean_rel_l2_median": 1.0735346019694512,
  "adv_rel_l2_mean": 30480379240.451996,
  "adv_rel_l2_ci95": 59741543307.791214,
  "adv_rel_l2_median": 1.6401727729214395,
  "rel_l2_ratio_mean": 60.2096335729446,
  "rel_l2_ratio_ci95": 114.68581469070317,
  "rel_l2_ratio_median": 1.411485926330736,
  "clean_psnr_mean": 25.226597320477286,
  "clean_psnr_ci95": 6.176139026005944,
  "clean_psnr_median": 22.28632022893706,
  "adv_psnr_mean": 19.48442864357106,
  "adv_psnr_ci95": 2.716339646730057,
  "adv_psnr_median": 18.6583543769243,
  "clean_ssim_mean": 0.2791727701313654,
  "clean_ssim_ci95": 0.10790085900664047,
  "clean_ssim_median": 0.13822946427263114,
  "adv_ssim_mean": 0.18366069994867268,
  "adv_ssim_ci95": 0.08280871528720499,
  "adv_ssim_median": 0.07091625585929465,
  "pred_shift_rel_l2_mean": 59.239374457164,
  "pred_shift_rel_l2_ci95": 114.73929298867122,
  "pred_shift_rel_l2_median": 0.5579035040908935,
  "init_shift_rel_l2_mean": 9761478752.528873,
  "init_shift_rel_l2_ci95": 19132498353.679813,
  "init_shift_rel_l2_median": 0.49387209980649843,
  "delta_l2_mean": 29.54642776399851,
  "delta_l2_ci95": 3.0960610655477567,
  "delta_l2_median": 30.291972160339355,
  "delta_linf_mean": 0.5752362594939768,
  "delta_linf_ci95": 0.04855566306159473,
  "delta_linf_median": 0.5881147682666779,
  "delta_mean_abs_mean": 0.1089493113104254,
  "delta_mean_abs_ci95": 0.012437523976704615,
  "delta_mean_abs_median": 0.11230457201600075,
  "success_rel_l2_mean": 0.40625,
  "success_rel_l2_ci95": 0.17289153205070137,
  "success_rel_l2_median": 0.0,
  "success_mse_mean": 0.5,
  "success_mse_ci95": 0.17601319598623938,
  "success_mse_median": 0.5,
  "clean_e_ran_l2_mean": 8.5480385869745,
  "clean_e_ran_l2_ci95": 2.593084694126637,
  "clean_e_ran_l2_median": 6.281721115112305,
  "clean_e_nul_l2_mean": 0.30263175977052015,
  "clean_e_nul_l2_ci95": 0.159499046760794,
  "clean_e_nul_l2_median": 0.13148992508649826,
  "clean_e_ran_frac_mean": 0.9561326449442236,
  "clean_e_ran_frac_ci95": 0.06226352638027645,
  "clean_e_ran_frac_median": 0.9997210697829938,
  "clean_e_nul_frac_mean": 0.10174463097649335,
  "clean_e_nul_frac_ci95": 0.07398816594035025,
  "clean_e_nul_frac_median": 0.023614842350729564,
  "adv_e_ran_l2_mean": 10.278857696801424,
  "adv_e_ran_l2_ci95": 2.642839245316982,
  "adv_e_ran_l2_median": 8.163456678390503,
  "adv_e_nul_l2_mean": 2.430221254006028,
  "adv_e_nul_l2_ci95": 1.0428087414815967,
  "adv_e_nul_l2_median": 1.2497220039367676,
  "adv_e_ran_frac_mean": 0.9130702704249073,
  "adv_e_ran_frac_ci95": 0.059742570837130964,
  "adv_e_ran_frac_median": 0.9883872383002312,
  "adv_e_nul_frac_mean": 0.2696430509313106,
  "adv_e_nul_frac_ci95": 0.08960687765124961,
  "adv_e_nul_frac_median": 0.1514317016095571,
  "attack_runtime_total_sec": 11.206724189221859,
  "attack_runtime_per_example_sec": 0.3502101309131831,
  "model_name": "nsn",
  "attack_name": "adam",
  "norm": "l2",
  "eps": 1.0,
  "attack_init_mode": "surrogate",
  "eval_init_mode": "exact"
}