{
  "num_examples": 32,
  "gt_norm_mean": 34.14803624153137,
  "gt_norm_ci95": 5.117252085674433,
  "gt_norm_median": 30.453283309936523,
  "clean_mse_mean": 0.015514778038777877,
  "clean_mse_ci95": 0.003917743678974594,
  "clean_mse_median": 0.010288010817021132,
  "adv_mse_mean": 0.1283381599932909,
  "adv_mse_ci95": 0.020258080239012852,
  "adv_mse_median": 0.11207688972353935,
  "mse_ratio_mean": 11.502095250055289,
  "mse_ratio_ci95": 2.19842542503609,
  "mse_ratio_median": 10.812923006828562,
  "clean_rel_l2_mean": 0.4596696775406599,
  "clean_rel_l2_ci95": 0.04523228870878475,
  "clean_rel_l2_median": 0.43787743151187897,
  "adv_rel_l2_mean": 1.5236837267875671,
  "adv_rel_l2_ci95": 0.24103398791386052,
  "adv_rel_l2_median": 1.3631290197372437,
  "rel_l2_ratio_mean": 3.258491923912025,
  "rel_l2_ratio_ci95": 0.33104067275420573,
  "rel_l2_ratio_median": 3.2876941502128054,
  "clean_psnr_mean": 14.266057314720708,
  "clean_psnr_ci95": 0.8894840796358117,
  "clean_psnr_median": 14.584331664474185,
  "adv_psnr_mean": 4.3974581196221525,
  "adv_psnr_ci95": 1.2198950314828492,
  "adv_psnr_median": 4.498455410505496,
  "clean_ssim_mean": 0.10012130791629906,
  "clean_ssim_ci95": 0.006364167149906339,
  "clean_ssim_median": 0.10252522052512689,
  "adv_ssim_mean": 0.04473489070995389,
  "adv_ssim_ci95": 0.0064556753944826455,
  "adv_ssim_median": 0.04243736980843539,
  "pred_shift_rel_l2_mean": 1.0112561890855432,
  "pred_shift_rel_l2_ci95": 0.18128228447701866,
  "pred_shift_rel_l2_median": 0.9502906203269958,
  "init_shift_rel_l2_mean": 1.0173456128686666,
  "init_shift_rel_l2_ci95": 0.18274748019679343,
  "init_shift_rel_l2_median": 0.9566012322902679,
  "delta_l2_mean": 55.55793237686157,
  "delta_l2_ci95": 0.36529108529614723,
  "delta_l2_median": 55.965436935424805,
  "delta_linf_mean": 1.096234753727913,
  "delta_linf_ci95": 0.036804796119114386,
  "delta_linf_median": 1.065056025981903,
  "delta_mean_abs_mean": 0.21796909999102354,
  "delta_mean_abs_ci95": 0.0015328579499447482,
  "delta_mean_abs_median": 0.21918652206659317,
  "success_rel_l2_mean": 1.0,
  "success_rel_l2_ci95": 0.0,
  "success_rel_l2_median": 1.0,
  "success_mse_mean": 1.0,
  "success_mse_ci95": 0.0,
  "success_mse_median": 1.0,
  "clean_e_ran_l2_mean": 14.86373120546341,
  "clean_e_ran_l2_ci95": 1.918679561077555,
  "clean_e_ran_l2_median": 12.970603942871094,
  "clean_e_nul_l2_mean": 0.9638753025792539,
  "clean_e_nul_l2_ci95": 0.5706577780926823,
  "clean_e_nul_l2_median": 0.5009401589632034,
  "clean_e_ran_frac_mean": 0.9960489544573905,
  "clean_e_ran_frac_ci95": 0.0038669063098282336,
  "clean_e_ran_frac_median": 0.9993613322063988,
  "clean_e_nul_frac_mean": 0.05710187721565799,
  "clean_e_nul_frac_ci95": 0.023628253136225016,
  "clean_e_nul_frac_median": 0.03472898762576377,
  "adv_e_ran_l2_mean": 44.505753219127655,
  "adv_e_ran_l2_ci95": 3.699943111356005,
  "adv_e_ran_l2_median": 42.4422550201416,
  "adv_e_nul_l2_mean": 2.3058606842532754,
  "adv_e_nul_l2_ci95": 0.8726051720412396,
  "adv_e_nul_l2_median": 1.6686326265335083,
  "adv_e_ran_frac_mean": 0.997143404884117,
  "adv_e_ran_frac_ci95": 0.0023198626985229524,
  "adv_e_ran_frac_median": 0.9994277807867287,
  "adv_e_nul_frac_mean": 0.053278027542502125,
  "adv_e_nul_frac_ci95": 0.01870388799321849,
  "adv_e_nul_frac_median": 0.03379844468458161,
  "attack_runtime_total_sec": 12.999319583177567,
  "attack_runtime_per_example_sec": 0.40622873697429895,
  "model_name": "nsn",
  "attack_name": "adam",
  "norm": "l2",
  "eps": 1.0,
  "attack_init_mode": "exact",
  "eval_init_mode": "exact"
}