{
  "num_examples": 32,
  "gt_norm_mean": 36.43584167957306,
  "gt_norm_ci95": 4.266847595455006,
  "gt_norm_median": 38.57119941711426,
  "clean_mse_mean": 0.01701760397554608,
  "clean_mse_ci95": 0.0036074732009699806,
  "clean_mse_median": 0.014412589371204376,
  "adv_mse_mean": 0.13970300857909024,
  "adv_mse_ci95": 0.025815374758388576,
  "adv_mse_median": 0.12648995965719223,
  "mse_ratio_mean": 13.236717824210405,
  "mse_ratio_ci95": 5.115234632691839,
  "mse_ratio_median": 7.564146575162203,
  "clean_rel_l2_mean": 0.44903957657516,
  "clean_rel_l2_ci95": 0.03492322010861817,
  "clean_rel_l2_median": 0.42036955058574677,
  "adv_rel_l2_mean": 1.5368139762431383,
  "adv_rel_l2_ci95": 0.36277641329292953,
  "adv_rel_l2_median": 1.193890929222107,
  "rel_l2_ratio_mean": 3.2927424431108294,
  "rel_l2_ratio_ci95": 0.5447391035667231,
  "rel_l2_ratio_median": 2.750267675383426,
  "clean_psnr_mean": 14.67834799158106,
  "clean_psnr_ci95": 0.6735119248014951,
  "clean_psnr_median": 14.360666773852126,
  "adv_psnr_mean": 5.048668637335536,
  "adv_psnr_ci95": 1.4117308585478432,
  "adv_psnr_median": 6.170719882248495,
  "clean_ssim_mean": 0.11247495263060725,
  "clean_ssim_ci95": 0.0041895932346522205,
  "clean_ssim_median": 0.11398814546805752,
  "adv_ssim_mean": 0.051805584085241614,
  "adv_ssim_ci95": 0.00777670000024182,
  "adv_ssim_median": 0.06011580842763224,
  "pred_shift_rel_l2_mean": 1.0366494404152036,
  "pred_shift_rel_l2_ci95": 0.2966020620374826,
  "pred_shift_rel_l2_median": 0.7164303660392761,
  "init_shift_rel_l2_mean": 1.048257046379149,
  "init_shift_rel_l2_ci95": 0.3005285734002531,
  "init_shift_rel_l2_median": 0.7247161567211151,
  "delta_l2_mean": 53.961575508117676,
  "delta_l2_ci95": 0.09850329269321283,
  "delta_l2_median": 54.06509780883789,
  "delta_linf_mean": 1.063611626625061,
  "delta_linf_ci95": 0.03066545226296748,
  "delta_linf_median": 1.0514533519744873,
  "delta_mean_abs_mean": 0.2113118371926248,
  "delta_mean_abs_ci95": 0.0005967985116357553,
  "delta_mean_abs_median": 0.21194816380739212,
  "success_rel_l2_mean": 1.0,
  "success_rel_l2_ci95": 0.0,
  "success_rel_l2_median": 1.0,
  "success_mse_mean": 1.0,
  "success_mse_ci95": 0.0,
  "success_mse_median": 1.0,
  "clean_e_ran_l2_mean": 15.790155351161957,
  "clean_e_ran_l2_ci95": 1.8141968228287904,
  "clean_e_ran_l2_median": 15.358678817749023,
  "clean_e_nul_l2_mean": 1.1630307992454618,
  "clean_e_nul_l2_ci95": 0.44184021746306484,
  "clean_e_nul_l2_median": 0.5388314127922058,
  "clean_e_ran_frac_mean": 0.9948252724190008,
  "clean_e_ran_frac_ci95": 0.0029134688059257482,
  "clean_e_ran_frac_median": 0.9995059462327076,
  "clean_e_nul_frac_mean": 0.07225251998248511,
  "clean_e_nul_frac_ci95": 0.0249758478336719,
  "clean_e_nul_frac_median": 0.031068270093693482,
  "adv_e_ran_l2_mean": 46.31737160682678,
  "adv_e_ran_l2_ci95": 3.957381377540676,
  "adv_e_ran_l2_median": 45.34917640686035,
  "adv_e_nul_l2_mean": 3.0589700806885958,
  "adv_e_nul_l2_ci95": 0.9870319795903278,
  "adv_e_nul_l2_median": 2.0995618104934692,
  "adv_e_ran_frac_mean": 0.9957686478474713,
  "adv_e_ran_frac_ci95": 0.0025014577855142477,
  "adv_e_ran_frac_median": 0.9988158975092407,
  "adv_e_nul_frac_mean": 0.0670102030050281,
  "adv_e_nul_frac_ci95": 0.021995033130342383,
  "adv_e_nul_frac_median": 0.04863826958699867,
  "attack_runtime_total_sec": 12.982368141412735,
  "attack_runtime_per_example_sec": 0.40569900441914797,
  "model_name": "nsn",
  "attack_name": "adam",
  "norm": "l2",
  "eps": 1.0,
  "attack_init_mode": "exact",
  "eval_init_mode": "exact"
}