{
  "num_examples": 32,
  "gt_norm_mean": 36.43584167957306,
  "gt_norm_ci95": 4.266847595455006,
  "gt_norm_median": 38.57119941711426,
  "clean_mse_mean": 0.017013084128848277,
  "clean_mse_ci95": 0.003599056567161417,
  "clean_mse_median": 0.014411925338208675,
  "adv_mse_mean": 0.1397659368813038,
  "adv_mse_ci95": 0.025777589759540552,
  "adv_mse_median": 0.12675538659095764,
  "mse_ratio_mean": 13.22180969474807,
  "mse_ratio_ci95": 5.106230998654052,
  "mse_ratio_median": 7.579921410775068,
  "clean_rel_l2_mean": 0.4491341980174184,
  "clean_rel_l2_ci95": 0.034864414340914696,
  "clean_rel_l2_median": 0.4203648120164871,
  "adv_rel_l2_mean": 1.5369709394872189,
  "adv_rel_l2_ci95": 0.36249955703328146,
  "adv_rel_l2_median": 1.194146990776062,
  "rel_l2_ratio_mean": 3.291820073742889,
  "rel_l2_ratio_ci95": 0.5437332175491488,
  "rel_l2_ratio_median": 2.7531237023984643,
  "clean_psnr_mean": 14.675664521783045,
  "clean_psnr_ci95": 0.6718829583458246,
  "clean_psnr_median": 14.357007731868482,
  "adv_psnr_mean": 5.045573191424534,
  "adv_psnr_ci95": 1.4105198041212956,
  "adv_psnr_median": 6.172596146485969,
  "clean_ssim_mean": 0.1124573088581699,
  "clean_ssim_ci95": 0.0041850735083208005,
  "clean_ssim_median": 0.11334531725572652,
  "adv_ssim_mean": 0.05141866766488484,
  "adv_ssim_ci95": 0.0077309603278303525,
  "adv_ssim_median": 0.059621091595271514,
  "pred_shift_rel_l2_mean": 1.0367781361564994,
  "pred_shift_rel_l2_ci95": 0.29628051467521527,
  "pred_shift_rel_l2_median": 0.7165342569351196,
  "init_shift_rel_l2_mean": 1.0483714258298278,
  "init_shift_rel_l2_ci95": 0.3004883457516369,
  "init_shift_rel_l2_median": 0.72471883893013,
  "delta_l2_mean": 53.98913586139679,
  "delta_l2_ci95": 0.07186639091495164,
  "delta_l2_median": 54.06509780883789,
  "delta_linf_mean": 1.0650405157357454,
  "delta_linf_ci95": 0.031110605918780152,
  "delta_linf_median": 1.051783263683319,
  "delta_mean_abs_mean": 0.21143348701298237,
  "delta_mean_abs_ci95": 0.0004915093231809754,
  "delta_mean_abs_median": 0.21194210648536682,
  "success_rel_l2_mean": 1.0,
  "success_rel_l2_ci95": 0.0,
  "success_rel_l2_median": 1.0,
  "success_mse_mean": 1.0,
  "success_mse_ci95": 0.0,
  "success_mse_median": 1.0,
  "clean_e_ran_l2_mean": 15.79015538096428,
  "clean_e_ran_l2_ci95": 1.814196819202186,
  "clean_e_ran_l2_median": 15.358678817749023,
  "clean_e_nul_l2_mean": 1.167748284060508,
  "clean_e_nul_l2_ci95": 0.4297478299411441,
  "clean_e_nul_l2_median": 0.6322942972183228,
  "clean_e_ran_frac_mean": 0.9945306072384057,
  "clean_e_ran_frac_ci95": 0.0033882380873531317,
  "clean_e_ran_frac_median": 0.9994222343347277,
  "clean_e_nul_frac_mean": 0.07380869497679939,
  "clean_e_nul_frac_ci95": 0.025792967162172425,
  "clean_e_nul_frac_median": 0.033970197010219,
  "adv_e_ran_l2_mean": 46.32501447200775,
  "adv_e_ran_l2_ci95": 3.9566703035471957,
  "adv_e_ran_l2_median": 45.359798431396484,
  "adv_e_nul_l2_mean": 3.068677943199873,
  "adv_e_nul_l2_ci95": 1.0062347432357674,
  "adv_e_nul_l2_median": 1.8766552805900574,
  "adv_e_ran_frac_mean": 0.9955984041708379,
  "adv_e_ran_frac_ci95": 0.002654667970979533,
  "adv_e_ran_frac_median": 0.9991569688054159,
  "adv_e_nul_frac_mean": 0.06780790242607534,
  "adv_e_nul_frac_ci95": 0.022620340214429026,
  "adv_e_nul_frac_median": 0.04104639250575748,
  "attack_runtime_total_sec": 12.964321687817574,
  "attack_runtime_per_example_sec": 0.4051350527442992,
  "model_name": "nsn",
  "attack_name": "adam",
  "norm": "l2",
  "eps": 1.0,
  "attack_init_mode": "exact",
  "eval_init_mode": "exact"
}