{
  "num_examples": 32,
  "gt_norm_mean": 10.20190628618002,
  "gt_norm_ci95": 3.288175396316753,
  "gt_norm_median": 6.981602191925049,
  "clean_mse_mean": 0.009319543047070056,
  "clean_mse_ci95": 0.0040462688464244145,
  "clean_mse_median": 0.004469388630241156,
  "adv_mse_mean": 0.012387093380311853,
  "adv_mse_ci95": 0.004673152572083188,
  "adv_mse_median": 0.008936368394643068,
  "mse_ratio_mean": 3.4154237885739622,
  "mse_ratio_ci95": 1.4548703883574092,
  "mse_ratio_median": 1.6458178114681923,
  "clean_rel_l2_mean": 1.1030130870640278,
  "clean_rel_l2_ci95": 0.1803988181060078,
  "clean_rel_l2_median": 1.0026443898677826,
  "adv_rel_l2_mean": 1.626974099315703,
  "adv_rel_l2_ci95": 0.22883277258686363,
  "adv_rel_l2_median": 1.5792446732521057,
  "rel_l2_ratio_mean": 1.6473564435829129,
  "rel_l2_ratio_ci95": 0.29487134908356066,
  "rel_l2_ratio_median": 1.2828877851148945,
  "clean_psnr_mean": 21.496675275381705,
  "clean_psnr_ci95": 3.2137137006313004,
  "clean_psnr_median": 19.48944882220928,
  "adv_psnr_mean": 17.96880884476741,
  "adv_psnr_ci95": 2.1720500907150786,
  "adv_psnr_median": 16.99982724519824,
  "clean_ssim_mean": 0.236895463936245,
  "clean_ssim_ci95": 0.09500875070212964,
  "clean_ssim_median": 0.10294527664332334,
  "adv_ssim_mean": 0.13204258348469694,
  "adv_ssim_ci95": 0.0559163485844241,
  "adv_ssim_median": 0.06775247556261589,
  "pred_shift_rel_l2_mean": 0.6533765937201679,
  "pred_shift_rel_l2_ci95": 0.17800174529579013,
  "pred_shift_rel_l2_median": 0.4968172311782837,
  "init_shift_rel_l2_mean": 0.5950528252869844,
  "init_shift_rel_l2_ci95": 0.1839176814357321,
  "init_shift_rel_l2_median": 0.3954581767320633,
  "delta_l2_mean": 31.63222274184227,
  "delta_l2_ci95": 2.6594359057498766,
  "delta_l2_median": 32.03750419616699,
  "delta_linf_mean": 0.608875984326005,
  "delta_linf_ci95": 0.04130513933794343,
  "delta_linf_median": 0.604348748922348,
  "delta_mean_abs_mean": 0.11707076651509851,
  "delta_mean_abs_ci95": 0.010907117356216434,
  "delta_mean_abs_median": 0.11842112988233566,
  "success_rel_l2_mean": 0.3125,
  "success_rel_l2_ci95": 0.16316859972275263,
  "success_rel_l2_median": 0.0,
  "success_mse_mean": 0.375,
  "success_mse_ci95": 0.17042404419186183,
  "success_mse_median": 0.0,
  "clean_e_ran_l2_mean": 10.012475465424359,
  "clean_e_ran_l2_ci95": 2.5463388828038283,
  "clean_e_ran_l2_median": 8.544150829315186,
  "clean_e_nul_l2_mean": 0.27070308511611074,
  "clean_e_nul_l2_ci95": 0.07609766313752123,
  "clean_e_nul_l2_median": 0.2193136289715767,
  "clean_e_ran_frac_mean": 0.9958324942877244,
  "clean_e_ran_frac_ci95": 0.004381861031882209,
  "clean_e_ran_frac_median": 0.9996923084760501,
  "clean_e_nul_frac_mean": 0.05107055600353131,
  "clean_e_nul_frac_ci95": 0.026236004554752904,
  "clean_e_nul_frac_median": 0.02478951640076607,
  "adv_e_ran_l2_mean": 11.688379440456629,
  "adv_e_ran_l2_ci95": 2.573675010998421,
  "adv_e_ran_l2_median": 9.78795862197876,
  "adv_e_nul_l2_mean": 2.5725976172834635,
  "adv_e_nul_l2_ci95": 0.8809478536921245,
  "adv_e_nul_l2_median": 1.6634995341300964,
  "adv_e_ran_frac_mean": 0.9332942115047401,
  "adv_e_ran_frac_ci95": 0.03647141901884133,
  "adv_e_ran_frac_median": 0.9825731510303892,
  "adv_e_nul_frac_mean": 0.2677840596587465,
  "adv_e_nul_frac_ci95": 0.07592663203741028,
  "adv_e_nul_frac_median": 0.18586677825336478,
  "attack_runtime_total_sec": 11.325056463479996,
  "attack_runtime_per_example_sec": 0.35390801448374987,
  "model_name": "nsn",
  "attack_name": "adam",
  "norm": "l2",
  "eps": 1.0,
  "attack_init_mode": "surrogate",
  "eval_init_mode": "exact"
}