{
  "num_examples": 32,
  "gt_norm_mean": 36.11315447092056,
  "gt_norm_ci95": 4.385454180357387,
  "gt_norm_median": 36.00058174133301,
  "clean_mse_mean": 0.016388267649745103,
  "clean_mse_ci95": 0.0031304273199723237,
  "clean_mse_median": 0.013826923444867134,
  "adv_mse_mean": 0.15373478387482464,
  "adv_mse_ci95": 0.01844110501985501,
  "adv_mse_median": 0.1504543572664261,
  "mse_ratio_mean": 12.90065116296714,
  "mse_ratio_ci95": 2.8963609291185026,
  "mse_ratio_median": 10.390122620896383,
  "clean_rel_l2_mean": 0.44902451429516077,
  "clean_rel_l2_ci95": 0.03459301060623447,
  "clean_rel_l2_median": 0.4288187772035599,
  "adv_rel_l2_mean": 1.569262633100152,
  "adv_rel_l2_ci95": 0.24644249117393713,
  "adv_rel_l2_median": 1.3226620554924011,
  "rel_l2_ratio_mean": 3.424118401725485,
  "rel_l2_ratio_ci95": 0.38176026966247156,
  "rel_l2_ratio_median": 3.2225741899874616,
  "clean_psnr_mean": 14.326537987442375,
  "clean_psnr_ci95": 0.7029007780084798,
  "clean_psnr_median": 14.235319302893002,
  "adv_psnr_mean": 4.058380636276746,
  "adv_psnr_ci95": 1.120731452185635,
  "adv_psnr_median": 4.152859666759985,
  "clean_ssim_mean": 0.11208344200564144,
  "clean_ssim_ci95": 0.0036562229699037907,
  "clean_ssim_median": 0.1098568729194774,
  "adv_ssim_mean": 0.04841074832476012,
  "adv_ssim_ci95": 0.0066824827223317985,
  "adv_ssim_median": 0.050614663753158554,
  "pred_shift_rel_l2_mean": 1.0686593130230904,
  "pred_shift_rel_l2_ci95": 0.19266217422298096,
  "pred_shift_rel_l2_median": 0.86776202917099,
  "init_shift_rel_l2_mean": 1.0825943434610963,
  "init_shift_rel_l2_ci95": 0.19559298396549232,
  "init_shift_rel_l2_median": 0.8753153681755066,
  "delta_l2_mean": 54.124881863594055,
  "delta_l2_ci95": 7.109290693037741e-07,
  "delta_l2_median": 54.124881744384766,
  "delta_linf_mean": 1.071101015433669,
  "delta_linf_ci95": 0.041462596488538256,
  "delta_linf_median": 1.038837969303131,
  "delta_mean_abs_mean": 0.21213889820501208,
  "delta_mean_abs_ci95": 0.00020418055460158995,
  "delta_mean_abs_median": 0.21211092174053192,
  "success_rel_l2_mean": 1.0,
  "success_rel_l2_ci95": 0.0,
  "success_rel_l2_median": 1.0,
  "success_mse_mean": 1.0,
  "success_mse_ci95": 0.0,
  "success_mse_median": 1.0,
  "clean_e_ran_l2_mean": 15.672980859875679,
  "clean_e_ran_l2_ci95": 1.660871065028853,
  "clean_e_ran_l2_median": 15.050034999847412,
  "clean_e_nul_l2_mean": 0.5286371484398842,
  "clean_e_nul_l2_ci95": 0.2003093728936463,
  "clean_e_nul_l2_median": 0.29377250373363495,
  "clean_e_ran_frac_mean": 0.9983324808307696,
  "clean_e_ran_frac_ci95": 0.0016578831450288576,
  "clean_e_ran_frac_median": 0.999867281383923,
  "clean_e_nul_frac_mean": 0.03613048330630698,
  "clean_e_nul_frac_ci95": 0.015761419386316367,
  "clean_e_nul_frac_median": 0.01628611602455409,
  "adv_e_ran_l2_mean": 49.34073609113693,
  "adv_e_ran_l2_ci95": 3.119533981276282,
  "adv_e_ran_l2_median": 49.642751693725586,
  "adv_e_nul_l2_mean": 1.9895454766228795,
  "adv_e_nul_l2_ci95": 0.4716825041388138,
  "adv_e_nul_l2_median": 1.7158743143081665,
  "adv_e_ran_frac_mean": 0.9988031128347585,
  "adv_e_ran_frac_ci95": 0.0005103433249744634,
  "adv_e_ran_frac_median": 0.9994791452656724,
  "adv_e_nul_frac_mean": 0.04072761067126041,
  "adv_e_nul_frac_ci95": 0.00952107528283148,
  "adv_e_nul_frac_median": 0.03224281131628752,
  "attack_runtime_total_sec": 58.32743852585554,
  "attack_runtime_per_example_sec": 1.8227324539329857,
  "model_name": "nsn",
  "attack_name": "adam",
  "norm": "l2",
  "eps": 1.0,
  "attack_init_mode": "exact",
  "eval_init_mode": "exact"
}