{
  "num_examples": 32,
  "gt_norm_mean": 62.204518258571625,
  "gt_norm_ci95": 8.198231773313978,
  "gt_norm_median": 59.9796199798584,
  "clean_mse_mean": 0.03297116875182837,
  "clean_mse_ci95": 0.0067548321442721625,
  "clean_mse_median": 0.028950978070497513,
  "adv_mse_mean": 0.05757163534872234,
  "adv_mse_ci95": 0.009367375297274275,
  "adv_mse_median": 0.05472840368747711,
  "mse_ratio_mean": 1.9081043895245813,
  "mse_ratio_ci95": 0.1415788635580858,
  "mse_ratio_median": 1.8330778386407327,
  "clean_rel_l2_mean": 0.3681262545287609,
  "clean_rel_l2_ci95": 0.02966931521105825,
  "clean_rel_l2_median": 0.3354963958263397,
  "adv_rel_l2_mean": 0.5120043884962797,
  "adv_rel_l2_ci95": 0.05611416281995643,
  "adv_rel_l2_median": 0.48616044223308563,
  "rel_l2_ratio_mean": 1.373683337868006,
  "rel_l2_ratio_ci95": 0.05113289046308315,
  "rel_l2_ratio_median": 1.3539042502490193,
  "clean_psnr_mean": 9.916506521665513,
  "clean_psnr_ci95": 0.6192444483490964,
  "clean_psnr_median": 10.506516216197479,
  "adv_psnr_mean": 7.2073786874609524,
  "adv_psnr_ci95": 0.7966638660164369,
  "adv_psnr_median": 7.837409350444812,
  "clean_ssim_mean": 0.05037943945987767,
  "clean_ssim_ci95": 0.00509096425259374,
  "clean_ssim_median": 0.052655589396431904,
  "adv_ssim_mean": 0.037275197068863716,
  "adv_ssim_ci95": 0.0041666319127453815,
  "adv_ssim_median": 0.039003493796817036,
  "pred_shift_rel_l2_mean": 0.15513577626552433,
  "pred_shift_rel_l2_ci95": 0.028100107564938963,
  "pred_shift_rel_l2_median": 0.14182866364717484,
  "init_shift_rel_l2_mean": 0.1544925202615559,
  "init_shift_rel_l2_ci95": 0.028178887210662678,
  "init_shift_rel_l2_median": 0.1412387192249298,
  "delta_l2_mean": 52.74199855327606,
  "delta_l2_ci95": 0.17780927528976168,
  "delta_l2_median": 52.658681869506836,
  "delta_linf_mean": 0.9127045124769211,
  "delta_linf_ci95": 0.01911399671614111,
  "delta_linf_median": 0.8972196578979492,
  "delta_mean_abs_mean": 0.20875132828950882,
  "delta_mean_abs_ci95": 0.0005933849744680943,
  "delta_mean_abs_median": 0.20841433852910995,
  "success_rel_l2_mean": 0.25,
  "success_rel_l2_ci95": 0.1524318991253725,
  "success_rel_l2_median": 0.0,
  "success_mse_mean": 0.40625,
  "success_mse_ci95": 0.17289153205070137,
  "success_mse_median": 0.0,
  "clean_e_ran_l2_mean": 22.03560960292816,
  "clean_e_ran_l2_ci95": 2.4535083037968093,
  "clean_e_ran_l2_median": 21.765639305114746,
  "clean_e_nul_l2_mean": 1.9902767669409513,
  "clean_e_nul_l2_ci95": 0.5094091938976376,
  "clean_e_nul_l2_median": 1.667582929134369,
  "clean_e_ran_frac_mean": 0.9934352274241077,
  "clean_e_ran_frac_ci95": 0.0027543266609579057,
  "clean_e_ran_frac_median": 0.996451714602246,
  "clean_e_nul_frac_mean": 0.09481692021430117,
  "clean_e_nul_frac_ci95": 0.022361309326784935,
  "clean_e_nul_frac_median": 0.0841551268825583,
  "adv_e_ran_l2_mean": 29.607760697603226,
  "adv_e_ran_l2_ci95": 2.6953415618787107,
  "adv_e_ran_l2_median": 29.818424224853516,
  "adv_e_nul_l2_mean": 2.250602994579822,
  "adv_e_nul_l2_ci95": 0.6040839014891667,
  "adv_e_nul_l2_median": 1.7894561290740967,
  "adv_e_ran_frac_mean": 0.9949800923701484,
  "adv_e_ran_frac_ci95": 0.0022697117777295515,
  "adv_e_ran_frac_median": 0.9977999013626468,
  "adv_e_nul_frac_mean": 0.0801503716809166,
  "adv_e_nul_frac_ci95": 0.02097130221116495,
  "adv_e_nul_frac_median": 0.06629674484455567,
  "attack_runtime_total_sec": 12.961019560694695,
  "attack_runtime_per_example_sec": 0.4050318612717092,
  "model_name": "nsn",
  "attack_name": "adam",
  "norm": "l2",
  "eps": 1.0,
  "attack_init_mode": "exact",
  "eval_init_mode": "exact"
}