{
  "num_examples": 32,
  "clean_mse_mean": 0.006276939658287005,
  "clean_mse_ci95": 0.0026410257884706286,
  "clean_mse_median": 0.002287162933498621,
  "adv_mse_mean": 0.007845784196644529,
  "adv_mse_ci95": 0.0027310769262735364,
  "adv_mse_median": 0.004490669351071119,
  "mse_ratio_mean": 18.196829119250737,
  "mse_ratio_ci95": 29.012317931371342,
  "mse_ratio_median": 1.606708992801929,
  "clean_rel_l2_mean": 18810728.670013167,
  "clean_rel_l2_ci95": 36869026.53782533,
  "clean_rel_l2_median": 0.7183308749701394,
  "adv_rel_l2_mean": 410419919.06501627,
  "adv_rel_l2_ci95": 804423039.0068054,
  "adv_rel_l2_median": 1.054688582069792,
  "rel_l2_ratio_mean": 2.214843086267609,
  "rel_l2_ratio_ci95": 1.2833913743688659,
  "rel_l2_ratio_median": 1.2675551371651097,
  "clean_psnr_mean": 24.402590115667355,
  "clean_psnr_ci95": 5.90260620330247,
  "clean_psnr_median": 19.990967233071835,
  "adv_psnr_mean": 20.603946693904813,
  "adv_psnr_ci95": 4.128315678662621,
  "adv_psnr_median": 18.382715748323953,
  "clean_ssim_mean": 0.2499085250238241,
  "clean_ssim_ci95": 0.09694714158127489,
  "clean_ssim_median": 0.11825508018764352,
  "adv_ssim_mean": 0.17407096789887228,
  "adv_ssim_ci95": 0.07946557912234396,
  "adv_ssim_median": 0.08666096212906797,
  "pred_shift_rel_l2_mean": 1.1936365007308143,
  "pred_shift_rel_l2_ci95": 1.3073164453735275,
  "pred_shift_rel_l2_median": 0.45996549534826847,
  "init_shift_rel_l2_mean": 248604338.1420069,
  "init_shift_rel_l2_ci95": 487264501.8333213,
  "init_shift_rel_l2_median": 0.33509686113494636,
  "delta_l2_mean": 21.466728320810944,
  "delta_l2_ci95": 1.4990362427726551,
  "delta_l2_median": 22.555421829223633,
  "delta_linf_mean": 0.4397255073708948,
  "delta_linf_ci95": 0.033118047628162846,
  "delta_linf_median": 0.44266942143440247,
  "delta_mean_abs_mean": 0.07794390612070856,
  "delta_mean_abs_ci95": 0.005690544973122664,
  "delta_mean_abs_median": 0.08212203532457352,
  "success_rel_l2_mean": 0.28125,
  "success_rel_l2_ci95": 0.1582743063430925,
  "success_rel_l2_median": 0.0,
  "success_mse_mean": 0.3125,
  "success_mse_ci95": 0.16316859972275263,
  "success_mse_median": 0.0,
  "clean_e_ran_l2_mean": 8.192342851764238,
  "clean_e_ran_l2_ci95": 2.096560961908641,
  "clean_e_ran_l2_median": 6.115831136703491,
  "clean_e_nul_l2_mean": 0.3080482171772019,
  "clean_e_nul_l2_ci95": 0.14156853030322195,
  "clean_e_nul_l2_median": 0.12223552539944649,
  "clean_e_ran_frac_mean": 0.9527469881209467,
  "clean_e_ran_frac_ci95": 0.06514287365365694,
  "clean_e_ran_frac_median": 0.9998440574384548,
  "clean_e_nul_frac_mean": 0.09900348194968626,
  "clean_e_nul_frac_ci95": 0.07730772420861291,
  "clean_e_nul_frac_median": 0.017657498520642148,
  "adv_e_ran_l2_mean": 9.258640792715596,
  "adv_e_ran_l2_ci95": 1.9997979224604194,
  "adv_e_ran_l2_median": 7.361311912536621,
  "adv_e_nul_l2_mean": 2.4273109367641155,
  "adv_e_nul_l2_ci95": 0.7598689592439801,
  "adv_e_nul_l2_median": 1.6840137839317322,
  "adv_e_ran_frac_mean": 0.9077845589969267,
  "adv_e_ran_frac_ci95": 0.04834114239015931,
  "adv_e_ran_frac_median": 0.9831567281273718,
  "adv_e_nul_frac_mean": 0.3071113599694007,
  "adv_e_nul_frac_ci95": 0.08818413143774559,
  "adv_e_nul_frac_median": 0.18220494523606034,
  "attack_runtime_total_sec": 8.383474558591843,
  "attack_runtime_per_example_sec": 0.2619835799559951,
  "model_name": "nsn",
  "attack_name": "adam",
  "norm": "l2",
  "eps": 1.0,
  "attack_init_mode": "surrogate",
  "eval_init_mode": "exact"
}