{
  "num_examples": 32,
  "gt_norm_mean": 10.20190628618002,
  "gt_norm_ci95": 3.288175396316753,
  "gt_norm_median": 6.981602191925049,
  "clean_mse_mean": 0.009319543047070056,
  "clean_mse_ci95": 0.0040462688464244145,
  "clean_mse_median": 0.004469388630241156,
  "adv_mse_mean": 0.12258655900950544,
  "adv_mse_ci95": 0.026220451925431463,
  "adv_mse_median": 0.12157367542386055,
  "mse_ratio_mean": 233.08643437009076,
  "mse_ratio_ci95": 268.9293551270155,
  "mse_ratio_median": 32.84504719439836,
  "clean_rel_l2_mean": 1.1030130870640278,
  "clean_rel_l2_ci95": 0.1803988181060078,
  "clean_rel_l2_median": 1.0026443898677826,
  "adv_rel_l2_mean": 8.934791959822178,
  "adv_rel_l2_ci95": 3.9790024865012086,
  "adv_rel_l2_median": 6.283742189407349,
  "rel_l2_ratio_mean": 9.092598712367252,
  "rel_l2_ratio_ci95": 4.317328922075897,
  "rel_l2_ratio_median": 5.730682926546377,
  "clean_psnr_mean": 21.496675275381705,
  "clean_psnr_ci95": 3.2137137006313004,
  "clean_psnr_median": 19.48944882220928,
  "adv_psnr_mean": 6.3612168241983245,
  "adv_psnr_ci95": 1.787007260202808,
  "adv_psnr_median": 6.168829537503448,
  "clean_ssim_mean": 0.236895463936245,
  "clean_ssim_ci95": 0.09500875070212964,
  "clean_ssim_median": 0.10294527664332334,
  "adv_ssim_mean": 0.019025672474919143,
  "adv_ssim_ci95": 0.007226257956545588,
  "adv_ssim_median": 0.010341074297357164,
  "pred_shift_rel_l2_mean": 5.670564960222691,
  "pred_shift_rel_l2_ci95": 3.0983004633235813,
  "pred_shift_rel_l2_median": 3.8417943716049194,
  "init_shift_rel_l2_mean": 6.282890764065087,
  "init_shift_rel_l2_ci95": 3.3601048412837113,
  "init_shift_rel_l2_median": 4.108631134033203,
  "delta_l2_mean": 43.55546176433563,
  "delta_l2_ci95": 2.3365020751953122e-07,
  "delta_l2_median": 43.55546188354492,
  "delta_linf_mean": 0.8704300858080387,
  "delta_linf_ci95": 0.030851961466702986,
  "delta_linf_median": 0.8481220304965973,
  "delta_mean_abs_mean": 0.17073563439771533,
  "delta_mean_abs_ci95": 0.0003472476813074219,
  "delta_mean_abs_median": 0.17073078453540802,
  "success_rel_l2_mean": 0.9375,
  "success_rel_l2_ci95": 0.08521202209593091,
  "success_rel_l2_median": 1.0,
  "success_mse_mean": 0.9375,
  "success_mse_ci95": 0.08521202209593091,
  "success_mse_median": 1.0,
  "clean_e_ran_l2_mean": 10.012475465424359,
  "clean_e_ran_l2_ci95": 2.5463388828038283,
  "clean_e_ran_l2_median": 8.544150829315186,
  "clean_e_nul_l2_mean": 0.27070308511611074,
  "clean_e_nul_l2_ci95": 0.07609766313752123,
  "clean_e_nul_l2_median": 0.2193136289715767,
  "clean_e_ran_frac_mean": 0.9958324942877244,
  "clean_e_ran_frac_ci95": 0.004381861031882209,
  "clean_e_ran_frac_median": 0.9996923084760501,
  "clean_e_nul_frac_mean": 0.05107055600353131,
  "clean_e_nul_frac_ci95": 0.026236004554752904,
  "clean_e_nul_frac_median": 0.02478951640076607,
  "adv_e_ran_l2_mean": 41.826750576496124,
  "adv_e_ran_l2_ci95": 5.542612720209699,
  "adv_e_ran_l2_median": 44.54253005981445,
  "adv_e_nul_l2_mean": 2.3819947382435203,
  "adv_e_nul_l2_ci95": 0.8184931291452706,
  "adv_e_nul_l2_median": 1.5742353796958923,
  "adv_e_ran_frac_mean": 0.9968438004765592,
  "adv_e_ran_frac_ci95": 0.0022591852509862512,
  "adv_e_ran_frac_median": 0.9993191162733219,
  "adv_e_nul_frac_mean": 0.05862392902307692,
  "adv_e_nul_frac_ci95": 0.018708772573002533,
  "adv_e_nul_frac_median": 0.03689045728752318,
  "attack_runtime_total_sec": 12.843315832316875,
  "attack_runtime_per_example_sec": 0.40135361975990236,
  "model_name": "nsn",
  "attack_name": "adam",
  "norm": "l2",
  "eps": 1.0,
  "attack_init_mode": "exact",
  "eval_init_mode": "exact"
}