{
  "num_examples": 32,
  "gt_norm_mean": 19.554032936692238,
  "gt_norm_ci95": 3.175656556464896,
  "gt_norm_median": 19.43148136138916,
  "gt_norm_q25": 13.664082050323486,
  "gt_norm_q75": 22.861806869506836,
  "clean_mse_mean": 9.142003378315167e-06,
  "clean_mse_ci95": 2.5528174298543775e-06,
  "clean_mse_median": 6.865635896247113e-06,
  "clean_mse_q25": 4.33554919254675e-06,
  "clean_mse_q75": 1.1853206842715736e-05,
  "adv_mse_mean": 2.677236879710108,
  "adv_mse_ci95": 0.665763741642831,
  "adv_mse_median": 2.5798779726028442,
  "adv_mse_q25": 1.21111860871315,
  "adv_mse_q75": 3.7067313194274902,
  "mse_ratio_mean": 344860.6037243795,
  "mse_ratio_ci95": 72759.46726166843,
  "mse_ratio_median": 299212.18421759293,
  "mse_ratio_q25": 213605.13806163362,
  "mse_ratio_q75": 471535.1734787966,
  "clean_rel_l2_mean": 0.019411705958191305,
  "clean_rel_l2_ci95": 0.001877143722838397,
  "clean_rel_l2_median": 0.018151484429836273,
  "clean_rel_l2_q25": 0.015882522333413363,
  "clean_rel_l2_q75": 0.020816242322325706,
  "adv_rel_l2_mean": 10.23561455309391,
  "adv_rel_l2_ci95": 0.7044655259849445,
  "adv_rel_l2_median": 10.214056968688965,
  "adv_rel_l2_q25": 9.091572523117065,
  "adv_rel_l2_q75": 11.55638599395752,
  "rel_l2_ratio_mean": 560.7911639307669,
  "rel_l2_ratio_ci95": 61.35130732244215,
  "rel_l2_ratio_median": 546.9584962512979,
  "rel_l2_ratio_q25": 461.21910412546754,
  "rel_l2_ratio_q75": 686.5838570880962,
  "clean_psnr_mean": 47.41716506966145,
  "clean_psnr_ci95": 0.8242574843526868,
  "clean_psnr_median": 48.24702502811121,
  "clean_psnr_q25": 45.344993989811,
  "clean_psnr_q75": 49.073431291758716,
  "adv_psnr_mean": -7.115511316272084,
  "adv_psnr_ci95": 0.9280984972873968,
  "adv_psnr_median": -6.840726292503119,
  "adv_psnr_q25": -9.1903736157157,
  "adv_psnr_q75": -4.947357621947059,
  "clean_ssim_mean": 0.9906714820205786,
  "clean_ssim_ci95": 0.0016415516546320666,
  "clean_ssim_median": 0.9917016074029357,
  "clean_ssim_q25": 0.989259551102293,
  "clean_ssim_q75": 0.9940804794582908,
  "adv_ssim_mean": 0.41161234546814696,
  "adv_ssim_ci95": 0.03833895551723282,
  "adv_ssim_median": 0.42262619088062797,
  "adv_ssim_q25": 0.338678974113061,
  "adv_ssim_q75": 0.48921928904434764,
  "pred_shift_rel_l2_mean": 10.193835437297821,
  "pred_shift_rel_l2_ci95": 0.7006782956239478,
  "pred_shift_rel_l2_median": 10.072443962097168,
  "pred_shift_rel_l2_q25": 9.049338579177856,
  "pred_shift_rel_l2_q75": 11.489777326583862,
  "init_shift_rel_l2_mean": 0.7603813670575619,
  "init_shift_rel_l2_ci95": 0.050718458877404095,
  "init_shift_rel_l2_median": 0.7415019571781158,
  "init_shift_rel_l2_q25": 0.6786302775144577,
  "init_shift_rel_l2_q75": 0.8046654611825943,
  "delta_l2_mean": 198.97189140319824,
  "delta_l2_ci95": 26.794420857424726,
  "delta_l2_median": 210.7623519897461,
  "delta_l2_q25": 151.70235061645508,
  "delta_l2_q75": 258.4945602416992,
  "delta_linf_mean": 3.593763340264559,
  "delta_linf_ci95": 0.507273710495837,
  "delta_linf_median": 3.604607939720154,
  "delta_linf_q25": 2.3719735145568848,
  "delta_linf_q75": 4.858017206192017,
  "delta_mean_abs_mean": 0.7416283097118139,
  "delta_mean_abs_ci95": 0.09919830857260813,
  "delta_mean_abs_median": 0.7941741049289703,
  "delta_mean_abs_q25": 0.5768548995256424,
  "delta_mean_abs_q75": 0.9470799416303635,
  "delta_rel_l2_mean": 0.18836303455869546,
  "delta_rel_l2_ci95": 0.01008685879537287,
  "delta_rel_l2_median": 0.20000010790588812,
  "delta_rel_l2_q25": 0.20000008445706852,
  "delta_rel_l2_q75": 0.20000012123508054,
  "success_rel_l2_mean": 1.0,
  "success_rel_l2_ci95": 0.0,
  "success_rel_l2_median": 1.0,
  "success_rel_l2_q25": 1.0,
  "success_rel_l2_q75": 1.0,
  "success_mse_mean": 1.0,
  "success_mse_ci95": 0.0,
  "success_mse_median": 1.0,
  "success_mse_q25": 1.0,
  "success_mse_q75": 1.0,
  "clean_e_ran_l2_mean": 0.27798344218172133,
  "clean_e_ran_l2_ci95": 0.04226609194439555,
  "clean_e_ran_l2_median": 0.2603345811367035,
  "clean_e_ran_l2_q25": 0.1800968460738659,
  "clean_e_ran_l2_q75": 0.334165059030056,
  "clean_e_nul_l2_mean": 0.22604267485439777,
  "clean_e_nul_l2_ci95": 0.02944604056691479,
  "clean_e_nul_l2_median": 0.21390778571367264,
  "clean_e_nul_l2_q25": 0.17324862629175186,
  "clean_e_nul_l2_q75": 0.282314732670784,
  "clean_e_ran_frac_mean": 0.7672518466975085,
  "clean_e_ran_frac_ci95": 0.01642934795271839,
  "clean_e_ran_frac_median": 0.766944670556619,
  "clean_e_ran_frac_q25": 0.7443410885489925,
  "clean_e_ran_frac_q75": 0.8041779446525601,
  "clean_e_nul_frac_mean": 0.6374899324735304,
  "clean_e_nul_frac_ci95": 0.018470706952165617,
  "clean_e_nul_frac_median": 0.6417086235619245,
  "clean_e_nul_frac_q25": 0.5943866200630952,
  "clean_e_nul_frac_q75": 0.667797378301997,
  "adv_e_ran_l2_mean": 143.79420709609985,
  "adv_e_ran_l2_ci95": 21.898024292387642,
  "adv_e_ran_l2_median": 141.6379852294922,
  "adv_e_ran_l2_q25": 108.50576972961426,
  "adv_e_ran_l2_q75": 191.71835708618164,
  "adv_e_nul_l2_mean": 128.64507722854614,
  "adv_e_nul_l2_ci95": 18.52066315973183,
  "adv_e_nul_l2_median": 141.91580963134766,
  "adv_e_nul_l2_q25": 83.23045349121094,
  "adv_e_nul_l2_q75": 157.0195655822754,
  "adv_e_ran_frac_mean": 0.7309512979108524,
  "adv_e_ran_frac_ci95": 0.03193033174228693,
  "adv_e_ran_frac_median": 0.7357394906082999,
  "adv_e_ran_frac_q25": 0.6952457012217617,
  "adv_e_ran_frac_q75": 0.7917780823533455,
  "adv_e_nul_frac_mean": 0.6699671548183147,
  "adv_e_nul_frac_ci95": 0.03269783600418868,
  "adv_e_nul_frac_median": 0.677124433394482,
  "adv_e_nul_frac_q25": 0.6107750844594286,
  "adv_e_nul_frac_q75": 0.718772321180713,
  "attack_runtime_total_sec": 1129.0314120911062,
  "attack_runtime_per_example_sec": 35.28223162784707,
  "model_name": "resnet",
  "attack_name": "adam",
  "norm": "l2",
  "eps": 0.2,
  "eps_actual": 255.38500640136718,
  "eps_budget_mode": "per_sample_l2",
  "attack_init_mode": "exact",
  "eval_init_mode": "exact"
}