{
  "num_examples": 32,
  "gt_norm_mean": 19.554032936692238,
  "gt_norm_ci95": 3.175656556464896,
  "gt_norm_median": 19.43148136138916,
  "gt_norm_q25": 13.664082050323486,
  "gt_norm_q75": 22.861806869506836,
  "clean_mse_mean": 1.0495388490738833e-05,
  "clean_mse_ci95": 3.614849470066708e-06,
  "clean_mse_median": 6.547749535457115e-06,
  "clean_mse_q25": 2.716479571063246e-06,
  "clean_mse_q75": 1.4935000763216522e-05,
  "adv_mse_mean": 1.2257453696802258,
  "adv_mse_ci95": 0.258069862428659,
  "adv_mse_median": 1.1619811058044434,
  "adv_mse_q25": 0.679796114563942,
  "adv_mse_q75": 1.6559968888759613,
  "mse_ratio_mean": 223951.53695883643,
  "mse_ratio_ci95": 63418.5657272619,
  "mse_ratio_median": 187378.58403583264,
  "mse_ratio_q25": 85785.26888232779,
  "mse_ratio_q75": 272201.30169040454,
  "clean_rel_l2_mean": 0.020059730566572398,
  "clean_rel_l2_ci95": 0.0043137690677338995,
  "clean_rel_l2_median": 0.01590473484247923,
  "clean_rel_l2_q25": 0.013792262645438313,
  "clean_rel_l2_q75": 0.01940204482525587,
  "adv_rel_l2_mean": 7.136328145861626,
  "adv_rel_l2_ci95": 0.4387645852869209,
  "adv_rel_l2_median": 7.043016672134399,
  "adv_rel_l2_q25": 6.402672529220581,
  "adv_rel_l2_q75": 7.7473108768463135,
  "rel_l2_ratio_mean": 435.715002067418,
  "rel_l2_ratio_ci95": 65.00948927568069,
  "rel_l2_ratio_median": 432.8553927911594,
  "rel_l2_ratio_q25": 292.7180136981808,
  "rel_l2_ratio_q75": 521.7283559971821,
  "clean_psnr_mean": 47.792881318475466,
  "clean_psnr_ci95": 1.3066600591427144,
  "clean_psnr_median": 48.83813521959547,
  "clean_psnr_q25": 46.3559548316005,
  "clean_psnr_q75": 50.50386070214706,
  "adv_psnr_mean": -4.040919364808091,
  "adv_psnr_ci95": 0.9468810901510193,
  "adv_psnr_median": -3.3678815650812908,
  "adv_psnr_q25": -6.2329319619762416,
  "adv_psnr_q75": -1.8714598822038366,
  "clean_ssim_mean": 0.9930179666291059,
  "clean_ssim_ci95": 0.0012907342887925838,
  "clean_ssim_median": 0.9938976838243677,
  "clean_ssim_q25": 0.9920214830450483,
  "clean_ssim_q75": 0.9958007619524757,
  "adv_ssim_mean": 0.5619648796813381,
  "adv_ssim_ci95": 0.03941375182151298,
  "adv_ssim_median": 0.5648821266598764,
  "adv_ssim_q25": 0.5100181791576697,
  "adv_ssim_q75": 0.6493534042056859,
  "pred_shift_rel_l2_mean": 7.141999036073685,
  "pred_shift_rel_l2_ci95": 0.4401780629446495,
  "pred_shift_rel_l2_median": 7.034405708312988,
  "pred_shift_rel_l2_q25": 6.410749912261963,
  "pred_shift_rel_l2_q75": 7.717844486236572,
  "init_shift_rel_l2_mean": 0.5841889046132565,
  "init_shift_rel_l2_ci95": 0.046608924151891544,
  "init_shift_rel_l2_median": 0.5679064393043518,
  "init_shift_rel_l2_q25": 0.5007984265685081,
  "init_shift_rel_l2_q75": 0.641414076089859,
  "delta_l2_mean": 191.61632776260376,
  "delta_l2_ci95": 23.42287585200288,
  "delta_l2_median": 210.76235961914062,
  "delta_l2_q25": 151.70235061645508,
  "delta_l2_q75": 255.48211669921875,
  "delta_linf_mean": 3.5226240679621696,
  "delta_linf_ci95": 0.4638585722584294,
  "delta_linf_median": 3.9249027967453003,
  "delta_linf_q25": 2.577107787132263,
  "delta_linf_q75": 4.657735824584961,
  "delta_mean_abs_mean": 0.6818712456151843,
  "delta_mean_abs_ci95": 0.08065051166428315,
  "delta_mean_abs_median": 0.7478965222835541,
  "delta_mean_abs_q25": 0.5457199811935425,
  "delta_mean_abs_q75": 0.8989230394363403,
  "delta_rel_l2_mean": 0.18479203009881112,
  "delta_rel_l2_ci95": 0.011864675258254341,
  "delta_rel_l2_median": 0.20000010906122007,
  "delta_rel_l2_q25": 0.20000007277300205,
  "delta_rel_l2_q75": 0.20000012181168597,
  "success_rel_l2_mean": 1.0,
  "success_rel_l2_ci95": 0.0,
  "success_rel_l2_median": 1.0,
  "success_rel_l2_q25": 1.0,
  "success_rel_l2_q75": 1.0,
  "success_mse_mean": 1.0,
  "success_mse_ci95": 0.0,
  "success_mse_median": 1.0,
  "success_mse_q25": 1.0,
  "success_mse_q75": 1.0,
  "clean_e_ran_l2_mean": 0.27356535010039806,
  "clean_e_ran_l2_ci95": 0.04978142212326442,
  "clean_e_ran_l2_median": 0.24494683742523193,
  "clean_e_ran_l2_q25": 0.16096367686986923,
  "clean_e_ran_l2_q75": 0.3704134002327919,
  "clean_e_nul_l2_mean": 0.24163308436982334,
  "clean_e_nul_l2_ci95": 0.04818263524731038,
  "clean_e_nul_l2_median": 0.19822188466787338,
  "clean_e_nul_l2_q25": 0.12803003564476967,
  "clean_e_nul_l2_q75": 0.31488481909036636,
  "clean_e_ran_frac_mean": 0.7528498178343836,
  "clean_e_ran_frac_ci95": 0.018993016298058274,
  "clean_e_ran_frac_median": 0.7493951243518098,
  "clean_e_ran_frac_q25": 0.7221202973953669,
  "clean_e_ran_frac_q75": 0.7930194840809878,
  "clean_e_nul_frac_mean": 0.6533708533174419,
  "clean_e_nul_frac_ci95": 0.020565142492702894,
  "clean_e_nul_frac_median": 0.6621186060454819,
  "clean_e_nul_frac_q25": 0.6091450856965718,
  "clean_e_nul_frac_q75": 0.6917657972724601,
  "adv_e_ran_l2_mean": 79.65991127490997,
  "adv_e_ran_l2_ci95": 11.407870192093323,
  "adv_e_ran_l2_median": 79.99987411499023,
  "adv_e_ran_l2_q25": 62.89844226837158,
  "adv_e_ran_l2_q75": 102.17016983032227,
  "adv_e_nul_l2_mean": 106.96111690998077,
  "adv_e_nul_l2_ci95": 12.426393624462454,
  "adv_e_nul_l2_median": 112.30315780639648,
  "adv_e_nul_l2_q25": 78.9238166809082,
  "adv_e_nul_l2_q75": 130.88072967529297,
  "adv_e_ran_frac_mean": 0.5836833674452948,
  "adv_e_ran_frac_ci95": 0.02321998264504924,
  "adv_e_ran_frac_median": 0.5860911071740982,
  "adv_e_ran_frac_q25": 0.5314711089193369,
  "adv_e_ran_frac_q75": 0.6365515847981471,
  "adv_e_nul_frac_mean": 0.8079102869686736,
  "adv_e_nul_frac_ci95": 0.016678016191970395,
  "adv_e_nul_frac_median": 0.8102443587757646,
  "adv_e_nul_frac_q25": 0.7712245188720486,
  "adv_e_nul_frac_q75": 0.8470734510868405,
  "attack_runtime_total_sec": 1215.6833865642548,
  "attack_runtime_per_example_sec": 37.99010583013296,
  "model_name": "resnet",
  "attack_name": "adam",
  "norm": "l2",
  "eps": 0.2,
  "eps_actual": 255.38500640136718,
  "eps_budget_mode": "per_sample_l2",
  "attack_init_mode": "exact",
  "eval_init_mode": "exact"
}