{
  "num_examples": 32,
  "gt_norm_mean": 22.48570889234543,
  "gt_norm_ci95": 3.7267142366218637,
  "gt_norm_median": 20.150904655456543,
  "gt_norm_q25": 16.28321075439453,
  "gt_norm_q75": 23.551395893096924,
  "clean_mse_mean": 0.00011819734288565087,
  "clean_mse_ci95": 7.482913538906371e-05,
  "clean_mse_median": 5.7194145483663306e-05,
  "clean_mse_q25": 3.2716106943553314e-05,
  "clean_mse_q75": 9.231047806679271e-05,
  "adv_mse_mean": 0.1600227817252744,
  "adv_mse_ci95": 0.11974571045499335,
  "adv_mse_median": 0.0372355692088604,
  "adv_mse_q25": 0.014680067077279091,
  "adv_mse_q75": 0.14472302049398422,
  "mse_ratio_mean": 991.1073670996401,
  "mse_ratio_ci95": 221.08505074179504,
  "mse_ratio_median": 1047.8867169424384,
  "mse_ratio_q25": 434.1195687717742,
  "mse_ratio_q75": 1498.7301081082398,
  "clean_rel_l2_mean": 0.0499020250281319,
  "clean_rel_l2_ci95": 0.002641603638062451,
  "clean_rel_l2_median": 0.04793270491063595,
  "clean_rel_l2_q25": 0.04460453800857067,
  "clean_rel_l2_q75": 0.05321281496435404,
  "adv_rel_l2_mean": 1.5215751491487026,
  "adv_rel_l2_ci95": 0.24152758072064168,
  "adv_rel_l2_median": 1.3629510998725891,
  "adv_rel_l2_q25": 0.9382360577583313,
  "adv_rel_l2_q75": 1.9174710810184479,
  "rel_l2_ratio_mean": 29.717868142377622,
  "rel_l2_ratio_ci95": 3.657612292723797,
  "rel_l2_ratio_median": 32.37101143342114,
  "rel_l2_ratio_q25": 20.8355369546936,
  "rel_l2_ratio_q75": 38.713361548340124,
  "clean_psnr_mean": 38.14168617012356,
  "clean_psnr_ci95": 1.2402792071628115,
  "clean_psnr_median": 38.65706754727126,
  "clean_psnr_q25": 36.86415164078834,
  "clean_psnr_q75": 41.39793913593701,
  "adv_psnr_mean": 9.272580811732196,
  "adv_psnr_ci95": 2.201337401127208,
  "adv_psnr_median": 10.04214925992278,
  "adv_psnr_q25": 4.388128211099709,
  "adv_psnr_q75": 14.587694165396263,
  "clean_ssim_mean": 0.9382193190164401,
  "clean_ssim_ci95": 0.017573193741820033,
  "clean_ssim_median": 0.952939684262754,
  "clean_ssim_q25": 0.9256516434679004,
  "clean_ssim_q75": 0.9719925386867707,
  "adv_ssim_mean": 0.3970164913141334,
  "adv_ssim_ci95": 0.059892761369142296,
  "adv_ssim_median": 0.3867525527988455,
  "adv_ssim_q25": 0.2677343795292554,
  "adv_ssim_q75": 0.5637166838816366,
  "clean_mae_mean": 0.004379009507829323,
  "clean_mae_ci95": 0.001019830545245486,
  "clean_mae_median": 0.003441965440288186,
  "clean_mae_q25": 0.002594910911284387,
  "clean_mae_q75": 0.0047461241483688354,
  "adv_mae_mean": 0.08292381861247122,
  "adv_mae_ci95": 0.029269458158713662,
  "adv_mae_median": 0.044970834627747536,
  "adv_mae_q25": 0.03267544507980347,
  "adv_mae_q75": 0.1017377469688654,
  "clean_nrmse_mean": 0.013550756483890935,
  "clean_nrmse_ci95": 0.002261338091628395,
  "clean_nrmse_median": 0.011672055019238483,
  "clean_nrmse_q25": 0.008513414258439007,
  "clean_nrmse_q75": 0.014359305746059155,
  "adv_nrmse_mean": 0.4455294121876282,
  "adv_nrmse_ci95": 0.11706526821072058,
  "adv_nrmse_median": 0.3147000001060014,
  "adv_nrmse_q25": 0.1864822024396614,
  "adv_nrmse_q75": 0.6036107379777291,
  "clean_max_err_mean": 0.27906179847195745,
  "clean_max_err_ci95": 0.05013236581163897,
  "clean_max_err_median": 0.25757864117622375,
  "clean_max_err_q25": 0.19653389230370522,
  "clean_max_err_q75": 0.32194922119379044,
  "adv_max_err_mean": 3.652929799631238,
  "adv_max_err_ci95": 1.1502632446986765,
  "adv_max_err_median": 2.3820083141326904,
  "adv_max_err_q25": 1.4437787234783173,
  "adv_max_err_q75": 4.617687463760376,
  "clean_init_rel_l2_mean": 1.2768600173294544,
  "clean_init_rel_l2_ci95": 0.06145374216922123,
  "clean_init_rel_l2_median": 1.2511871457099915,
  "clean_init_rel_l2_q25": 1.1422662138938904,
  "clean_init_rel_l2_q75": 1.357904314994812,
  "adv_init_rel_l2_mean": 3.795578822493553,
  "adv_init_rel_l2_ci95": 0.1490337914101952,
  "adv_init_rel_l2_median": 3.794946312904358,
  "adv_init_rel_l2_q25": 3.4561256766319275,
  "adv_init_rel_l2_q75": 4.074024200439453,
  "init_rel_l2_ratio_mean": 2.9942234782417994,
  "init_rel_l2_ratio_ci95": 0.09949084556625926,
  "init_rel_l2_ratio_median": 3.0294588122361885,
  "init_rel_l2_ratio_q25": 2.788967709033379,
  "init_rel_l2_ratio_q75": 3.208598890493959,
  "clean_init_psnr_mean": 9.966758356110383,
  "clean_init_psnr_ci95": 1.2678164241493421,
  "clean_init_psnr_median": 10.044764355147933,
  "clean_init_psnr_q25": 7.77267796280662,
  "clean_init_psnr_q75": 12.971222698647555,
  "adv_init_psnr_mean": 0.48066470720197024,
  "adv_init_psnr_ci95": 1.1136234337175264,
  "adv_init_psnr_median": 1.2009549732710745,
  "adv_init_psnr_q25": -1.7491046825557917,
  "adv_init_psnr_q75": 3.2775801652340086,
  "clean_init_ssim_mean": 0.045894530813646195,
  "clean_init_ssim_ci95": 0.0029810721766441116,
  "clean_init_ssim_median": 0.04412002243173,
  "clean_init_ssim_q25": 0.0400464820982077,
  "clean_init_ssim_q75": 0.05181353231477137,
  "adv_init_ssim_mean": 0.01401736412623087,
  "adv_init_ssim_ci95": 0.0018702452056206342,
  "adv_init_ssim_median": 0.013762265062960377,
  "adv_init_ssim_q25": 0.011407386758522103,
  "adv_init_ssim_q75": 0.016010963369519217,
  "clean_init_mae_mean": 0.18155068787746131,
  "clean_init_mae_ci95": 0.040424957000169584,
  "clean_init_mae_median": 0.1451817750930786,
  "clean_init_mae_q25": 0.11259804293513298,
  "clean_init_mae_q75": 0.19700151309370995,
  "adv_init_mae_mean": 0.5110265435650945,
  "adv_init_mae_ci95": 0.0980284705322242,
  "adv_init_mae_median": 0.40782831609249115,
  "adv_init_mae_q25": 0.33446135371923447,
  "adv_init_mae_q75": 0.5316591262817383,
  "pred_shift_rel_l2_mean": 1.5156532358378172,
  "pred_shift_rel_l2_ci95": 0.24036672248134897,
  "pred_shift_rel_l2_median": 1.3546735048294067,
  "pred_shift_rel_l2_q25": 0.9343176484107971,
  "pred_shift_rel_l2_q75": 1.9150999784469604,
  "init_shift_rel_l2_mean": 2.2404263392090797,
  "init_shift_rel_l2_ci95": 0.06397495241784444,
  "init_shift_rel_l2_median": 2.246021866798401,
  "init_shift_rel_l2_q25": 2.113264739513397,
  "init_shift_rel_l2_q75": 2.3628533482551575,
  "delta_l2_mean": 70.40230458974838,
  "delta_l2_ci95": 14.472475087777589,
  "delta_l2_median": 55.82418441772461,
  "delta_l2_q25": 44.03506088256836,
  "delta_l2_q75": 77.56232070922852,
  "delta_linf_mean": 2.8303659856319427,
  "delta_linf_ci95": 0.6394227952823556,
  "delta_linf_median": 2.34360408782959,
  "delta_linf_q25": 1.6615791320800781,
  "delta_linf_q75": 2.9632225036621094,
  "delta_mean_abs_mean": 0.2562750899232924,
  "delta_mean_abs_ci95": 0.0518067021200235,
  "delta_mean_abs_median": 0.2047950178384781,
  "delta_mean_abs_q25": 0.16239310055971146,
  "delta_mean_abs_q75": 0.2855399027466774,
  "delta_rel_l2_mean": 0.04973395872772487,
  "delta_rel_l2_ci95": 0.000521455890976104,
  "delta_rel_l2_median": 0.05000000682070084,
  "delta_rel_l2_q25": 0.050000005721290444,
  "delta_rel_l2_q75": 0.05000000916319129,
  "success_rel_l2_mean": 1.0,
  "success_rel_l2_ci95": 0.0,
  "success_rel_l2_median": 1.0,
  "success_rel_l2_q25": 1.0,
  "success_rel_l2_q75": 1.0,
  "success_mse_mean": 1.0,
  "success_mse_ci95": 0.0,
  "success_mse_median": 1.0,
  "success_mse_q25": 1.0,
  "success_mse_q75": 1.0,
  "clean_e_ran_l2_mean": 0.8994036195799708,
  "clean_e_ran_l2_ci95": 0.2049986448912956,
  "clean_e_ran_l2_median": 0.7439800202846527,
  "clean_e_ran_l2_q25": 0.5644854009151459,
  "clean_e_ran_l2_q75": 0.9646771252155304,
  "clean_e_nul_l2_mean": 0.7448996305465698,
  "clean_e_nul_l2_ci95": 0.17015091126531273,
  "clean_e_nul_l2_median": 0.6325936913490295,
  "clean_e_nul_l2_q25": 0.48461806029081345,
  "clean_e_nul_l2_q75": 0.7692376524209976,
  "clean_e_ran_frac_mean": 0.7682325714619281,
  "clean_e_ran_frac_ci95": 0.00930902926718601,
  "clean_e_ran_frac_median": 0.7705459142612929,
  "clean_e_ran_frac_q25": 0.7478372369776518,
  "clean_e_ran_frac_q75": 0.7828897413862829,
  "clean_e_nul_frac_mean": 0.6388419159566807,
  "clean_e_nul_frac_ci95": 0.011134388835925487,