{
  "num_examples": 32,
  "gt_norm_mean": 19.10678167641163,
  "gt_norm_ci95": 3.4833903043152117,
  "gt_norm_median": 16.756710529327393,
  "gt_norm_q25": 12.742112159729004,
  "gt_norm_q75": 21.370549201965332,
  "clean_mse_mean": 0.00013198901223177018,
  "clean_mse_ci95": 3.234215378138444e-05,
  "clean_mse_median": 0.00011484555943752639,
  "clean_mse_q25": 5.0991910029551946e-05,
  "clean_mse_q75": 0.00020180757928756066,
  "adv_mse_mean": 0.00013198929900681833,
  "adv_mse_ci95": 3.23422475156536e-05,
  "adv_mse_median": 0.0001148454139183741,
  "adv_mse_q25": 5.099198551761219e-05,
  "adv_mse_q75": 0.00020180777210043743,
  "mse_ratio_mean": 1.0000017916589776,
  "mse_ratio_ci95": 1.001576891862157e-06,
  "mse_ratio_median": 1.0000016003672656,
  "mse_ratio_q25": 1.0000000364203416,
  "mse_ratio_q75": 1.0000029627718372,
  "clean_rel_l2_mean": 0.0782920076744631,
  "clean_rel_l2_ci95": 0.007855770026993676,
  "clean_rel_l2_median": 0.0752459205687046,
  "clean_rel_l2_q25": 0.05952897761017084,
  "clean_rel_l2_q75": 0.09706782177090645,
  "adv_rel_l2_mean": 0.07829209056217223,
  "adv_rel_l2_ci95": 0.007855793595912704,
  "adv_rel_l2_median": 0.07524590566754341,
  "adv_rel_l2_q25": 0.059529042802751064,
  "adv_rel_l2_q75": 0.09706800803542137,
  "rel_l2_ratio_mean": 1.0000009067095235,
  "rel_l2_ratio_ci95": 4.99364399430533e-07,
  "rel_l2_ratio_median": 1.0000007287637178,
  "rel_l2_ratio_q25": 1.0000000735685324,
  "rel_l2_ratio_q75": 1.0000014522532126,
  "clean_psnr_mean": 35.52735004583441,
  "clean_psnr_ci95": 0.5068594004900783,
  "clean_psnr_median": 35.705187179974104,
  "clean_psnr_q25": 34.47943708623423,
  "clean_psnr_q75": 36.534115355259566,
  "adv_psnr_mean": 35.5273424187031,
  "adv_psnr_ci95": 0.5068607624403331,
  "adv_psnr_median": 35.705192946021995,
  "adv_psnr_q25": 34.47944722688845,
  "adv_psnr_q75": 36.53410804615655,
  "clean_ssim_mean": 0.8859582505650836,
  "clean_ssim_ci95": 0.011522134277112722,
  "clean_ssim_median": 0.8910043964543408,
  "clean_ssim_q25": 0.8771283620619559,
  "clean_ssim_q75": 0.9081736840435359,
  "adv_ssim_mean": 0.8859579258368702,
  "adv_ssim_ci95": 0.011522227665093119,
  "adv_ssim_median": 0.8910047725509793,
  "adv_ssim_q25": 0.8771278380604801,
  "adv_ssim_q75": 0.9081739528658801,
  "pred_shift_rel_l2_mean": 7.028056842273145e-06,
  "pred_shift_rel_l2_ci95": 7.225363893618344e-07,
  "pred_shift_rel_l2_median": 6.764233376088669e-06,
  "pred_shift_rel_l2_q25": 5.4561077149628545e-06,
  "pred_shift_rel_l2_q75": 8.24519338493701e-06,
  "init_shift_rel_l2_mean": 6.275095387309193e-06,
  "init_shift_rel_l2_ci95": 1.1415072117113942e-06,
  "init_shift_rel_l2_median": 5.868568678124575e-06,
  "init_shift_rel_l2_q25": 4.408148697621073e-06,
  "init_shift_rel_l2_q75": 7.35206185709103e-06,
  "delta_l2_mean": 0.0001759037272677233,
  "delta_l2_ci95": 7.614112892939593e-07,
  "delta_l2_median": 0.00017566653696121648,
  "delta_l2_q25": 0.00017447988648200408,
  "delta_l2_q75": 0.00017658405704423785,
  "delta_linf_mean": 6.501542429759866e-06,
  "delta_linf_ci95": 2.5177015681910783e-07,
  "delta_linf_median": 6.299669621512294e-06,
  "delta_linf_q25": 5.856330972164869e-06,
  "delta_linf_q75": 7.1086687967181206e-06,
  "delta_mean_abs_mean": 5.558711517750226e-07,
  "delta_mean_abs_ci95": 7.004174613893353e-09,
  "delta_mean_abs_median": 5.631419810470106e-07,
  "delta_mean_abs_q25": 5.565341609781171e-07,
  "delta_mean_abs_q75": 5.672297191949838e-07,
  "delta_rel_l2_mean": 2.294783333238542e-07,
  "delta_rel_l2_ci95": 4.8217132914058284e-08,
  "delta_rel_l2_median": 2.0890985388942311e-07,
  "delta_rel_l2_q25": 1.3319749168414166e-07,
  "delta_rel_l2_q75": 2.838552093044216e-07,
  "success_rel_l2_mean": 0.0,
  "success_rel_l2_ci95": 0.0,
  "success_rel_l2_median": 0.0,
  "success_rel_l2_q25": 0.0,
  "success_rel_l2_q75": 0.0,
  "success_mse_mean": 0.0,
  "success_mse_ci95": 0.0,
  "success_mse_median": 0.0,
  "success_mse_q25": 0.0,
  "success_mse_q75": 0.0,
  "clean_e_ran_l2_mean": 0.4763784729875624,
  "clean_e_ran_l2_ci95": 0.08134664745519703,
  "clean_e_ran_l2_median": 0.41296227276325226,
  "clean_e_ran_l2_q25": 0.31342317909002304,
  "clean_e_ran_l2_q75": 0.5882557928562164,
  "clean_e_nul_l2_mean": 1.2854020986706018,
  "clean_e_nul_l2_ci95": 0.16879455110712988,
  "clean_e_nul_l2_median": 1.27644681930542,
  "clean_e_nul_l2_q25": 0.8710883259773254,
  "clean_e_nul_l2_q75": 1.7147288620471954,
  "clean_e_ran_frac_mean": 0.34379351369271205,
  "clean_e_ran_frac_ci95": 0.028531019715228464,
  "clean_e_ran_frac_median": 0.33265376414907,
  "clean_e_ran_frac_q25": 0.2892520296836573,
  "clean_e_ran_frac_q75": 0.3808962315262196,
  "clean_e_nul_frac_mean": 0.9349683361187454,
  "clean_e_nul_frac_ci95": 0.011523091322048493,
  "clean_e_nul_frac_median": 0.9430141803446308,
  "clean_e_nul_frac_q25": 0.9246136408617294,
  "clean_e_nul_frac_q75": 0.9572528857655127,
  "adv_e_ran_l2_mean": 0.4763803114183247,
  "adv_e_ran_l2_ci95": 0.08134709362523307,
  "adv_e_ran_l2_median": 0.4129651039838791,
  "adv_e_ran_l2_q25": 0.31342437863349915,
  "adv_e_ran_l2_q75": 0.5882566571235657,
  "adv_e_nul_l2_mean": 1.2854027841240168,
  "adv_e_nul_l2_ci95": 0.16879476628651674,
  "adv_e_nul_l2_median": 1.2764472365379333,
  "adv_e_nul_l2_q25": 0.8710891157388687,
  "adv_e_nul_l2_q75": 1.7147309184074402,
  "adv_e_ran_frac_mean": 0.3437945326934042,
  "adv_e_ran_frac_ci95": 0.02853120472208835,
  "adv_e_ran_frac_median": 0.33265391804449007,
  "adv_e_ran_frac_q25": 0.2892516907650715,
  "adv_e_ran_frac_q75": 0.380895853748488,
  "adv_e_nul_frac_mean": 0.9349678962846142,
  "adv_e_nul_frac_ci95": 0.01152321817007987,
  "adv_e_nul_frac_median": 0.9430141760411415,
  "adv_e_nul_frac_q25": 0.9246138037295771,
  "adv_e_nul_frac_q75": 0.9572531343545073,
  "attack_runtime_total_sec": 285.28949382156134,
  "attack_runtime_per_example_sec": 8.915296681923792,
  "model_name": "nsn",
  "attack_name": "adam",
  "norm": "l2",
  "eps": 0.005,
  "eps_actual": 6.432730269256592,
  "eps_budget_mode": "per_sample_l2",
  "attack_init_mode": "exact",
  "eval_init_mode": "exact"
}