{
  "num_examples": 32,
  "gt_norm_mean": 19.554032936692238,
  "gt_norm_ci95": 3.175656556464896,
  "gt_norm_median": 19.43148136138916,
  "gt_norm_q25": 13.664082050323486,
  "gt_norm_q75": 22.861806869506836,
  "clean_mse_mean": 0.0010473749416632927,
  "clean_mse_ci95": 0.000298399623242184,
  "clean_mse_median": 0.0009859981655608863,
  "clean_mse_q25": 0.00040942976193036884,
  "clean_mse_q75": 0.0013247384340502322,
  "adv_mse_mean": 0.0010473399893271562,
  "adv_mse_ci95": 0.0002983663496289491,
  "adv_mse_median": 0.0009860360296443105,
  "adv_mse_q25": 0.0004094527175766416,
  "adv_mse_q75": 0.0013248139875940979,
  "mse_ratio_mean": 0.999998322885283,
  "mse_ratio_ci95": 2.150696579608855e-05,
  "mse_ratio_median": 1.000002716062966,
  "mse_ratio_q25": 0.9999733233124213,
  "mse_ratio_q75": 1.000032881191132,
  "clean_rel_l2_mean": 0.19651426142081618,
  "clean_rel_l2_ci95": 0.009461751545814934,
  "clean_rel_l2_median": 0.2037706971168518,
  "clean_rel_l2_q25": 0.18412325903773308,
  "clean_rel_l2_q75": 0.21153900027275085,
  "adv_rel_l2_mean": 0.19651412591338158,
  "adv_rel_l2_ci95": 0.009461908446146855,
  "adv_rel_l2_median": 0.20377479493618011,
  "adv_rel_l2_q25": 0.1841210313141346,
  "adv_rel_l2_q75": 0.2115376926958561,
  "rel_l2_ratio_mean": 0.999999148769632,
  "rel_l2_ratio_ci95": 1.0758665462242847e-05,
  "rel_l2_ratio_median": 1.000001315401882,
  "rel_l2_ratio_q25": 0.9999866504240783,
  "rel_l2_ratio_q75": 1.0000164423979083,
  "clean_psnr_mean": 27.11650159966115,
  "clean_psnr_ci95": 0.62559645573846,
  "clean_psnr_median": 27.185794698910463,
  "clean_psnr_q25": 26.167428607357007,
  "clean_psnr_q75": 28.41095740100944,
  "adv_psnr_mean": 27.11650893778337,
  "adv_psnr_ci95": 0.6255483463468522,
  "adv_psnr_median": 27.185721232231018,
  "adv_psnr_q25": 26.167382176772914,
  "adv_psnr_q75": 28.411042558008425,
  "clean_ssim_mean": 0.5808751430833394,
  "clean_ssim_ci95": 0.035447806276140366,
  "clean_ssim_median": 0.5748355816036563,
  "clean_ssim_q25": 0.5349292381303041,
  "clean_ssim_q75": 0.6400110125218205,
  "adv_ssim_mean": 0.5808498945970731,
  "adv_ssim_ci95": 0.03545888856451751,
  "adv_ssim_median": 0.5748138039806068,
  "adv_ssim_q25": 0.5349250649056319,
  "adv_ssim_q75": 0.6400382753989808,
  "pred_shift_rel_l2_mean": 0.00046891497277101735,
  "pred_shift_rel_l2_ci95": 3.3928275433099374e-05,
  "pred_shift_rel_l2_median": 0.0004703168960986659,
  "pred_shift_rel_l2_q25": 0.00041005119419423863,
  "pred_shift_rel_l2_q75": 0.0005461765395011753,
  "init_shift_rel_l2_mean": 0.000541582036021282,
  "init_shift_rel_l2_ci95": 6.933578533518629e-05,
  "init_shift_rel_l2_median": 0.0005229358794167638,
  "init_shift_rel_l2_q25": 0.00041480636718915775,
  "init_shift_rel_l2_q75": 0.0006094772543292493,
  "delta_l2_mean": 0.0001757795321282174,
  "delta_l2_ci95": 8.022060556516152e-07,
  "delta_l2_median": 0.00017530289915157482,
  "delta_l2_q25": 0.00017418774223187938,
  "delta_l2_q75": 0.00017726658552419394,
  "delta_linf_mean": 6.2791077652946115e-06,
  "delta_linf_ci95": 2.221570609904295e-07,
  "delta_linf_median": 6.037764251232147e-06,
  "delta_linf_q25": 5.7220458984375e-06,
  "delta_linf_q75": 6.413087248802185e-06,
  "delta_mean_abs_mean": 5.557941671341382e-07,
  "delta_mean_abs_ci95": 7.19366951801969e-09,
  "delta_mean_abs_median": 5.610596645055921e-07,
  "delta_mean_abs_q25": 5.568500256458719e-07,
  "delta_mean_abs_q75": 5.671807628004899e-07,
  "delta_rel_l2_mean": 2.1044042758086935e-07,
  "delta_rel_l2_ci95": 4.4274844663372713e-08,
  "delta_rel_l2_median": 1.6717715221973574e-07,
  "delta_rel_l2_q25": 1.3712875152895038e-07,
  "delta_rel_l2_q75": 2.2918619892341992e-07,
  "success_rel_l2_mean": 0.0,
  "success_rel_l2_ci95": 0.0,
  "success_rel_l2_median": 0.0,
  "success_rel_l2_q25": 0.0,
  "success_rel_l2_q75": 0.0,
  "success_mse_mean": 0.0,
  "success_mse_ci95": 0.0,
  "success_mse_median": 0.0,
  "success_mse_q25": 0.0,
  "success_mse_q75": 0.0,
  "clean_e_ran_l2_mean": 3.581054288893938,
  "clean_e_ran_l2_ci95": 0.5597162650436259,
  "clean_e_ran_l2_median": 3.7805742025375366,
  "clean_e_ran_l2_q25": 2.448037326335907,
  "clean_e_ran_l2_q75": 4.389663934707642,
  "clean_e_nul_l2_mean": 1.2661130167543888,
  "clean_e_nul_l2_ci95": 0.15944514679865482,
  "clean_e_nul_l2_median": 1.3051055073738098,
  "clean_e_nul_l2_q25": 0.8412877023220062,
  "clean_e_nul_l2_q75": 1.5810065269470215,
  "clean_e_ran_frac_mean": 0.9334280076694154,
  "clean_e_ran_frac_ci95": 0.011186896218214375,
  "clean_e_ran_frac_median": 0.9430181291629689,
  "clean_e_ran_frac_q25": 0.9303964967360996,
  "clean_e_ran_frac_q75": 0.9519808260731213,
  "clean_e_nul_frac_mean": 0.3506647956885295,
  "clean_e_nul_frac_ci95": 0.024227145567034886,
  "clean_e_nul_frac_median": 0.3327406824531412,
  "clean_e_nul_frac_q25": 0.30615528481501153,
  "clean_e_nul_frac_q75": 0.366551534370289,
  "adv_e_ran_l2_mean": 3.581012010574341,
  "adv_e_ran_l2_ci95": 0.559684692950303,
  "adv_e_ran_l2_median": 3.7806155681610107,
  "adv_e_ran_l2_q25": 2.4480966925621033,
  "adv_e_ran_l2_q75": 4.389602184295654,
  "adv_e_nul_l2_mean": 1.2661257507279515,
  "adv_e_nul_l2_ci95": 0.159438490843365,
  "adv_e_nul_l2_median": 1.3050950765609741,
  "adv_e_nul_l2_q25": 0.8413457274436951,
  "adv_e_nul_l2_q75": 1.5809531211853027,
  "adv_e_ran_frac_mean": 0.9334238947683805,
  "adv_e_ran_frac_ci95": 0.011189708218968822,
  "adv_e_ran_frac_median": 0.9430150478109484,
  "adv_e_ran_frac_q25": 0.9304048688946025,
  "adv_e_ran_frac_q75": 0.9519795026224058,
  "adv_e_nul_frac_mean": 0.3506727432542529,
  "adv_e_nul_frac_ci95": 0.02423131053531311,
  "adv_e_nul_frac_median": 0.3327493346852668,
  "adv_e_nul_frac_q25": 0.3061594380955841,
  "adv_e_nul_frac_q75": 0.3665300647687712,
  "attack_runtime_total_sec": 4069.5131191313267,
  "attack_runtime_per_example_sec": 127.17228497285396,
  "model_name": "nsn",
  "attack_name": "adam",
  "norm": "l2",
  "eps": 0.005,
  "eps_actual": 6.3846251600341795,
  "eps_budget_mode": "per_sample_l2",
  "attack_init_mode": "exact",
  "eval_init_mode": "exact"
}