{
  "num_examples": 32,
  "gt_norm_mean": 19.554032936692238,
  "gt_norm_ci95": 3.175656556464896,
  "gt_norm_median": 19.43148136138916,
  "gt_norm_q25": 13.664082050323486,
  "gt_norm_q75": 22.861806869506836,
  "clean_mse_mean": 0.004425591992458067,
  "clean_mse_ci95": 0.0017414532584351804,
  "clean_mse_median": 0.003380082780495286,
  "clean_mse_q25": 0.0013714352389797568,
  "clean_mse_q75": 0.005243642604909837,
  "adv_mse_mean": 0.8239524224773049,
  "adv_mse_ci95": 0.18625285694172847,
  "adv_mse_median": 0.7603493332862854,
  "adv_mse_q25": 0.4725252091884613,
  "adv_mse_q75": 1.1393676400184631,
  "mse_ratio_mean": 337.92402572928575,
  "mse_ratio_ci95": 107.79471752949554,
  "mse_ratio_median": 229.38105346286616,
  "mse_ratio_q25": 162.5929178709645,
  "mse_ratio_q75": 358.44564641919237,
  "clean_rel_l2_mean": 0.37961317179724574,
  "clean_rel_l2_ci95": 0.03657718364024567,
  "clean_rel_l2_median": 0.4016140550374985,
  "clean_rel_l2_q25": 0.3002694621682167,
  "clean_rel_l2_q75": 0.45102618634700775,
  "adv_rel_l2_mean": 5.828435517847538,
  "adv_rel_l2_ci95": 0.411160345776255,
  "adv_rel_l2_median": 5.784430742263794,
  "adv_rel_l2_q25": 4.982331037521362,
  "adv_rel_l2_q75": 6.654581665992737,
  "rel_l2_ratio_mean": 16.959466468696917,
  "rel_l2_ratio_ci95": 2.496671610712134,
  "rel_l2_ratio_median": 15.145023987907187,
  "rel_l2_ratio_q25": 12.750598204715475,
  "rel_l2_ratio_q75": 18.932619555590907,
  "clean_psnr_mean": 21.688448652112008,
  "clean_psnr_ci95": 1.2053979653016604,
  "clean_psnr_median": 21.578648783706555,
  "clean_psnr_q25": 19.59434238106761,
  "clean_psnr_q75": 23.928276335184133,
  "adv_psnr_mean": -2.2329696454946095,
  "adv_psnr_ci95": 0.9935514577822696,
  "adv_psnr_median": -2.1727353061621404,
  "adv_psnr_q25": -4.149067581878918,
  "adv_psnr_q75": -0.5420865099325353,
  "clean_ssim_mean": 0.3520402489172675,
  "clean_ssim_ci95": 0.039280215711078856,
  "clean_ssim_median": 0.3361743261744746,
  "clean_ssim_q25": 0.2781724790252206,
  "clean_ssim_q75": 0.40145310447783134,
  "adv_ssim_mean": 0.010559138617749656,
  "adv_ssim_ci95": 0.00340724297909209,
  "adv_ssim_median": 0.008557413045282979,
  "adv_ssim_q25": 0.004381152350389387,
  "adv_ssim_q75": 0.012631571715579392,
  "pred_shift_rel_l2_mean": 7.58599816262722,
  "pred_shift_rel_l2_ci95": 0.5729871252508884,
  "pred_shift_rel_l2_median": 7.449992895126343,
  "pred_shift_rel_l2_q25": 6.563038468360901,
  "pred_shift_rel_l2_q75": 8.575347423553467,
  "init_shift_rel_l2_mean": 0.5820656595751643,
  "init_shift_rel_l2_ci95": 0.045732107682118946,
  "init_shift_rel_l2_median": 0.5658011734485626,
  "init_shift_rel_l2_q25": 0.49239321053028107,
  "init_shift_rel_l2_q75": 0.6308612674474716,
  "delta_l2_mean": 193.2988522052765,
  "delta_l2_ci95": 24.180516741569,
  "delta_l2_median": 210.76234436035156,
  "delta_l2_q25": 151.70235061645508,
  "delta_l2_q75": 249.62852478027344,
  "delta_linf_mean": 3.522493753582239,
  "delta_linf_ci95": 0.4776490843641932,
  "delta_linf_median": 4.021996259689331,
  "delta_linf_q25": 2.5102922916412354,
  "delta_linf_q75": 4.816532015800476,
  "delta_mean_abs_mean": 0.7127340463921428,
  "delta_mean_abs_ci95": 0.08745761908506333,
  "delta_mean_abs_median": 0.7732259929180145,
  "delta_mean_abs_q25": 0.5725868195295334,
  "delta_mean_abs_q75": 0.918732151389122,
  "delta_rel_l2_mean": 0.18546996178563563,
  "delta_rel_l2_ci95": 0.011368612246704215,
  "delta_rel_l2_median": 0.2000001044845361,
  "delta_rel_l2_q25": 0.20000008464709146,
  "delta_rel_l2_q75": 0.20000012123508054,
  "success_rel_l2_mean": 1.0,
  "success_rel_l2_ci95": 0.0,
  "success_rel_l2_median": 1.0,
  "success_rel_l2_q25": 1.0,
  "success_rel_l2_q75": 1.0,
  "success_mse_mean": 1.0,
  "success_mse_ci95": 0.0,
  "success_mse_median": 1.0,
  "success_mse_q25": 1.0,
  "success_mse_q75": 1.0,
  "clean_e_ran_l2_mean": 7.515092272311449,
  "clean_e_ran_l2_ci95": 1.4072167057795213,
  "clean_e_ran_l2_median": 7.439270257949829,
  "clean_e_ran_l2_q25": 4.736125588417053,
  "clean_e_ran_l2_q75": 9.266783714294434,
  "clean_e_nul_l2_mean": 0.2027483331039548,
  "clean_e_nul_l2_ci95": 0.037540781351380045,
  "clean_e_nul_l2_median": 0.18099884688854218,
  "clean_e_nul_l2_q25": 0.1229282096028328,
  "clean_e_nul_l2_q75": 0.2611691877245903,
  "clean_e_ran_frac_mean": 0.9992727209051805,
  "clean_e_ran_frac_ci95": 0.0005262327862103289,
  "clean_e_ran_frac_median": 0.9996562713212742,
  "clean_e_ran_frac_q25": 0.9994236757751616,
  "clean_e_ran_frac_q75": 0.9997892758626767,
  "clean_e_nul_frac_mean": 0.031627473744633164,
  "clean_e_nul_frac_ci95": 0.007479947395248228,
  "clean_e_nul_frac_median": 0.026203907717068917,
  "clean_e_nul_frac_q25": 0.02052193806385316,
  "clean_e_nul_frac_q75": 0.03394053279602599,
  "adv_e_ran_l2_mean": 10.589527539908886,
  "adv_e_ran_l2_ci95": 1.5921600916389618,
  "adv_e_ran_l2_median": 10.622033596038818,
  "adv_e_ran_l2_q25": 7.346661806106567,
  "adv_e_ran_l2_q75": 13.06535816192627,
  "adv_e_nul_l2_mean": 108.70613729953766,
  "adv_e_nul_l2_ci95": 13.859370361557161,
  "adv_e_nul_l2_median": 111.07535552978516,
  "adv_e_nul_l2_q25": 87.58280944824219,
  "adv_e_nul_l2_q75": 136.03875732421875,
  "adv_e_ran_frac_mean": 0.09636791359393487,
  "adv_e_ran_frac_ci95": 0.006686669896371327,
  "adv_e_ran_frac_median": 0.09143632249746965,
  "adv_e_ran_frac_q25": 0.08297702699575246,
  "adv_e_ran_frac_q75": 0.10714557263802382,
  "adv_e_nul_frac_mean": 0.9951625743846884,
  "adv_e_nul_frac_ci95": 0.000691425980463651,
  "adv_e_nul_frac_median": 0.9958109556684784,
  "adv_e_nul_frac_q25": 0.9942432771049569,
  "adv_e_nul_frac_q75": 0.9965510229312593,
  "attack_runtime_total_sec": 1222.1581858955324,
  "attack_runtime_per_example_sec": 38.19244330923539,
  "model_name": "nsn",
  "attack_name": "adam",
  "norm": "l2",
  "eps": 0.2,
  "eps_actual": 255.38500640136718,
  "eps_budget_mode": "per_sample_l2",
  "attack_init_mode": "exact",
  "eval_init_mode": "exact"
}