{
  "num_examples": 32,
  "gt_norm_mean": 19.554032936692238,
  "gt_norm_ci95": 3.175656556464896,
  "gt_norm_median": 19.43148136138916,
  "gt_norm_q25": 13.664082050323486,
  "gt_norm_q75": 22.861806869506836,
  "clean_mse_mean": 0.0010473749416632927,
  "clean_mse_ci95": 0.000298399623242184,
  "clean_mse_median": 0.0009859981655608863,
  "clean_mse_q25": 0.00040942976193036884,
  "clean_mse_q75": 0.0013247384340502322,
  "adv_mse_mean": 0.5459253750741482,
  "adv_mse_ci95": 0.11031648205248412,
  "adv_mse_median": 0.4859480708837509,
  "adv_mse_q25": 0.3245183676481247,
  "adv_mse_q75": 0.76541768014431,
  "mse_ratio_mean": 738.3753394649515,
  "mse_ratio_ci95": 175.12575405722933,
  "mse_ratio_median": 535.662377011746,
  "mse_ratio_q25": 376.22355771603986,
  "mse_ratio_q75": 887.8468676150085,
  "clean_rel_l2_mean": 0.19651426142081618,
  "clean_rel_l2_ci95": 0.009461751545814934,
  "clean_rel_l2_median": 0.2037706971168518,
  "clean_rel_l2_q25": 0.18412325903773308,
  "clean_rel_l2_q75": 0.21153900027275085,
  "adv_rel_l2_mean": 4.952008992433548,
  "adv_rel_l2_ci95": 0.43977245645851853,
  "adv_rel_l2_median": 4.704817533493042,
  "adv_rel_l2_q25": 4.0283708572387695,
  "adv_rel_l2_q75": 5.991783976554871,
  "rel_l2_ratio_mean": 25.85125222099068,
  "rel_l2_ratio_ci95": 2.947116397946163,
  "rel_l2_ratio_median": 23.143370114609958,
  "rel_l2_ratio_q25": 19.395415235627304,
  "rel_l2_ratio_q75": 29.795228886618723,
  "clean_psnr_mean": 27.11650159966115,
  "clean_psnr_ci95": 0.62559645573846,
  "clean_psnr_median": 27.185794698910463,
  "clean_psnr_q25": 26.167428607357007,
  "clean_psnr_q75": 28.41095740100944,
  "adv_psnr_mean": -0.7128476428410233,
  "adv_psnr_ci95": 1.0549879794099914,
  "adv_psnr_median": 0.265398315412009,
  "adv_psnr_q25": -2.575616957703447,
  "adv_psnr_q75": 1.7040179919581404,
  "clean_ssim_mean": 0.5808751430833394,
  "clean_ssim_ci95": 0.035447806276140366,
  "clean_ssim_median": 0.5748355816036563,
  "clean_ssim_q25": 0.5349292381303041,
  "clean_ssim_q75": 0.6400110125218205,
  "adv_ssim_mean": 0.0289409280123213,
  "adv_ssim_ci95": 0.00773766495111727,
  "adv_ssim_median": 0.02516426109384941,
  "adv_ssim_q25": 0.016230983780956717,
  "adv_ssim_q75": 0.03955513756884116,
  "pred_shift_rel_l2_mean": 5.466205023229122,
  "pred_shift_rel_l2_ci95": 0.4810838394552299,
  "pred_shift_rel_l2_median": 5.283811807632446,
  "pred_shift_rel_l2_q25": 4.457191467285156,
  "pred_shift_rel_l2_q75": 6.473180890083313,
  "init_shift_rel_l2_mean": 0.5673676328733563,
  "init_shift_rel_l2_ci95": 0.04383432568298306,
  "init_shift_rel_l2_median": 0.554721862077713,
  "init_shift_rel_l2_q25": 0.49645093083381653,
  "init_shift_rel_l2_q75": 0.6227717995643616,
  "delta_l2_mean": 193.64411664009094,
  "delta_l2_ci95": 24.28496089930521,
  "delta_l2_median": 210.76235961914062,
  "delta_l2_q25": 151.70235061645508,
  "delta_l2_q75": 253.9360580444336,
  "delta_linf_mean": 4.937748588621616,
  "delta_linf_ci95": 0.6435396758462496,
  "delta_linf_median": 5.224638938903809,
  "delta_linf_q25": 4.0666592717170715,
  "delta_linf_q75": 5.973312735557556,
  "delta_mean_abs_mean": 0.7048747749067843,
  "delta_mean_abs_ci95": 0.0868938633814217,
  "delta_mean_abs_median": 0.7659969329833984,
  "delta_mean_abs_q25": 0.5542487949132919,
  "delta_mean_abs_q75": 0.9085043966770172,
  "delta_rel_l2_mean": 0.18559454731539465,
  "delta_rel_l2_ci95": 0.011174772442953979,
  "delta_rel_l2_median": 0.20000010427307752,
  "delta_rel_l2_q25": 0.19982014711556365,
  "delta_rel_l2_q75": 0.2000001159305238,
  "success_rel_l2_mean": 1.0,
  "success_rel_l2_ci95": 0.0,
  "success_rel_l2_median": 1.0,
  "success_rel_l2_q25": 1.0,
  "success_rel_l2_q75": 1.0,
  "success_mse_mean": 1.0,
  "success_mse_ci95": 0.0,
  "success_mse_median": 1.0,
  "success_mse_q25": 1.0,
  "success_mse_q75": 1.0,
  "clean_e_ran_l2_mean": 3.581054288893938,
  "clean_e_ran_l2_ci95": 0.5597162650436259,
  "clean_e_ran_l2_median": 3.7805742025375366,
  "clean_e_ran_l2_q25": 2.448037326335907,
  "clean_e_ran_l2_q75": 4.389663934707642,
  "clean_e_nul_l2_mean": 1.2661130167543888,
  "clean_e_nul_l2_ci95": 0.15944514679865482,
  "clean_e_nul_l2_median": 1.3051055073738098,
  "clean_e_nul_l2_q25": 0.8412877023220062,
  "clean_e_nul_l2_q75": 1.5810065269470215,
  "clean_e_ran_frac_mean": 0.9334280076694154,
  "clean_e_ran_frac_ci95": 0.011186896218214375,
  "clean_e_ran_frac_median": 0.9430181291629689,
  "clean_e_ran_frac_q25": 0.9303964967360996,
  "clean_e_ran_frac_q75": 0.9519808260731213,
  "clean_e_nul_frac_mean": 0.3506647956885295,
  "clean_e_nul_frac_ci95": 0.024227145567034886,
  "clean_e_nul_frac_median": 0.3327406824531412,
  "clean_e_nul_frac_q25": 0.30615528481501153,
  "clean_e_nul_frac_q75": 0.366551534370289,
  "adv_e_ran_l2_mean": 52.33850634098053,
  "adv_e_ran_l2_ci95": 5.699088054353326,
  "adv_e_ran_l2_median": 53.14497756958008,
  "adv_e_ran_l2_q25": 40.695016860961914,
  "adv_e_ran_l2_q75": 66.15244102478027,
  "adv_e_nul_l2_mean": 72.85839956998825,
  "adv_e_nul_l2_ci95": 8.868549072035282,
  "adv_e_nul_l2_median": 72.64299774169922,
  "adv_e_nul_l2_q25": 61.140835762023926,
  "adv_e_nul_l2_q75": 89.09401893615723,
  "adv_e_ran_frac_mean": 0.5888340314289676,
  "adv_e_ran_frac_ci95": 0.023977655210618214,
  "adv_e_ran_frac_median": 0.5983498637529978,
  "adv_e_ran_frac_q25": 0.5461831743072098,
  "adv_e_ran_frac_q75": 0.6443216824995036,
  "adv_e_nul_frac_mean": 0.8039049253722317,
  "adv_e_nul_frac_ci95": 0.01714467230910475,
  "adv_e_nul_frac_median": 0.8012347104045985,
  "adv_e_nul_frac_q25": 0.7647520293391776,
  "adv_e_nul_frac_q75": 0.8376635895733213,
  "attack_runtime_total_sec": 4082.4843843877316,
  "attack_runtime_per_example_sec": 127.57763701211661,
  "model_name": "nsn",
  "attack_name": "adam",
  "norm": "l2",
  "eps": 0.2,
  "eps_actual": 255.38500640136718,
  "eps_budget_mode": "per_sample_l2",
  "attack_init_mode": "exact",
  "eval_init_mode": "exact"
}