{
  "num_examples": 32,
  "gt_norm_mean": 21.63075542449951,
  "gt_norm_ci95": 3.5934368595672814,
  "gt_norm_median": 20.56804656982422,
  "gt_norm_q25": 14.757932186126709,
  "gt_norm_q75": 26.39100456237793,
  "clean_mse_mean": 1.575886127724857e-05,
  "clean_mse_ci95": 8.771922114634954e-06,
  "clean_mse_median": 8.617527328169672e-06,
  "clean_mse_q25": 3.432107575918053e-06,
  "clean_mse_q75": 1.3899246596338344e-05,
  "adv_mse_mean": 0.023571432880544307,
  "adv_mse_ci95": 0.016827302272569178,
  "adv_mse_median": 0.00911030638962984,
  "adv_mse_q25": 0.0009555475699016824,
  "adv_mse_q75": 0.020322462543845177,
  "mse_ratio_mean": 1143.9279991838127,
  "mse_ratio_ci95": 352.9847226710075,
  "mse_ratio_median": 1074.0194897196857,
  "mse_ratio_q25": 227.80717227483078,
  "mse_ratio_q75": 1695.6951667791873,
  "clean_rel_l2_mean": 0.018739332270342857,
  "clean_rel_l2_ci95": 0.002123594821956934,
  "clean_rel_l2_median": 0.016753794625401497,
  "clean_rel_l2_q25": 0.015596493147313595,
  "clean_rel_l2_q75": 0.019334688782691956,
  "adv_rel_l2_mean": 0.5637076143175364,
  "adv_rel_l2_ci95": 0.1088489434877875,
  "adv_rel_l2_median": 0.5511934161186218,
  "adv_rel_l2_q25": 0.290378674864769,
  "adv_rel_l2_q75": 0.7385518252849579,
  "rel_l2_ratio_mean": 30.285115914820132,
  "rel_l2_ratio_ci95": 5.300769127288705,
  "rel_l2_ratio_median": 32.76964861624511,
  "rel_l2_ratio_q25": 15.092661544572056,
  "rel_l2_ratio_q75": 41.177150243959964,
  "clean_psnr_mean": 46.925765501128325,
  "clean_psnr_ci95": 1.309397414371585,
  "clean_psnr_median": 47.28012893729443,
  "clean_psnr_q25": 43.600543003305766,
  "clean_psnr_q75": 49.70997265672366,
  "adv_psnr_mean": 18.51373580103285,
  "adv_psnr_ci95": 2.694983676093423,
  "adv_psnr_median": 17.054476807805464,
  "adv_psnr_q25": 12.616159528770856,
  "adv_psnr_q75": 25.530426027036032,
  "clean_ssim_mean": 0.9862770489871016,
  "clean_ssim_ci95": 0.0036667823169900184,
  "clean_ssim_median": 0.989037226897571,
  "clean_ssim_q25": 0.980597359130549,
  "clean_ssim_q75": 0.9941002466935875,
  "adv_ssim_mean": 0.841931371136364,
  "adv_ssim_ci95": 0.04270580364381572,
  "adv_ssim_median": 0.8748393780643466,
  "adv_ssim_q25": 0.7946518646169697,
  "adv_ssim_q75": 0.9382620727409279,
  "clean_mae_mean": 0.0017193900457641575,
  "clean_mae_ci95": 0.00036664243590861777,
  "clean_mae_median": 0.001560058502946049,
  "clean_mae_q25": 0.0009438151610083878,
  "clean_mae_q75": 0.0021737453644163907,
  "adv_mae_mean": 0.03587800927198259,
  "adv_mae_ci95": 0.016583033832206818,
  "adv_mae_median": 0.023821049369871616,
  "adv_mae_q25": 0.005330055835656822,
  "adv_mae_q75": 0.04571841936558485,
  "clean_nrmse_mean": 0.004967685823297984,
  "clean_nrmse_ci95": 0.0008453643819705697,
  "clean_nrmse_median": 0.004325127115459803,
  "clean_nrmse_q25": 0.0032697292730954415,
  "clean_nrmse_q75": 0.006606725209096999,
  "adv_nrmse_mean": 0.1706100339792045,
  "adv_nrmse_ci95": 0.050490857131839095,
  "adv_nrmse_median": 0.14041600303721719,
  "adv_nrmse_q25": 0.05290291591256391,
  "adv_nrmse_q75": 0.23478709359585326,
  "clean_max_err_mean": 0.10055767808808014,
  "clean_max_err_ci95": 0.037014319499473036,
  "clean_max_err_median": 0.06602750718593597,
  "clean_max_err_q25": 0.04507553577423096,
  "clean_max_err_q75": 0.10292224586009979,
  "adv_max_err_mean": 0.8864413695409894,
  "adv_max_err_ci95": 0.1662987498942394,
  "adv_max_err_median": 0.8108629882335663,
  "adv_max_err_q25": 0.5271304994821548,
  "adv_max_err_q75": 0.9871048927307129,
  "clean_init_rel_l2_mean": 0.3461919790133834,
  "clean_init_rel_l2_ci95": 0.02341202497695326,
  "clean_init_rel_l2_median": 0.3390214443206787,
  "clean_init_rel_l2_q25": 0.313194140791893,
  "clean_init_rel_l2_q75": 0.35807710886001587,
  "adv_init_rel_l2_mean": 0.8417359609156847,
  "adv_init_rel_l2_ci95": 0.039138621550210126,
  "adv_init_rel_l2_median": 0.8312007486820221,
  "adv_init_rel_l2_q25": 0.7473742663860321,
  "adv_init_rel_l2_q75": 0.8746677339076996,
  "init_rel_l2_ratio_mean": 2.4982726494870966,
  "init_rel_l2_ratio_ci95": 0.16200090251942934,
  "init_rel_l2_ratio_median": 2.467896006370987,
  "init_rel_l2_ratio_q25": 2.311255732176487,
  "init_rel_l2_ratio_q75": 2.8104367481598884,
  "clean_init_psnr_mean": 21.43399855911651,
  "clean_init_psnr_ci95": 1.1550492844389773,
  "clean_init_psnr_median": 21.060640408024845,
  "clean_init_psnr_q25": 18.68434899750229,
  "clean_init_psnr_q75": 24.097865594856373,
  "adv_init_psnr_mean": 13.652218180975542,
  "adv_init_psnr_ci95": 1.299724658429583,
  "adv_init_psnr_median": 13.786146835790191,
  "adv_init_psnr_q25": 10.834452417290171,
  "adv_init_psnr_q75": 16.94090816390872,
  "clean_init_ssim_mean": 0.17041521665418277,
  "clean_init_ssim_ci95": 0.023132969100703397,
  "clean_init_ssim_median": 0.15192179505003767,
  "clean_init_ssim_q25": 0.11622318808375642,
  "clean_init_ssim_q75": 0.21714558204086865,
  "adv_init_ssim_mean": 0.05765783347798901,
  "adv_init_ssim_ci95": 0.005003798976192908,
  "adv_init_ssim_median": 0.053681990289172365,
  "adv_init_ssim_q25": 0.04712334160209707,
  "adv_init_ssim_q75": 0.06328064682268997,
  "clean_init_mae_mean": 0.04354475438594818,
  "clean_init_mae_ci95": 0.00832585293072615,
  "clean_init_mae_median": 0.041086651384830475,
  "clean_init_mae_q25": 0.024790361523628235,
  "clean_init_mae_q75": 0.052993882447481155,
  "adv_init_mae_mean": 0.11200165329501033,
  "adv_init_mae_ci95": 0.023577991478262346,
  "adv_init_mae_median": 0.10253170132637024,
  "adv_init_mae_q25": 0.059542516246438026,
  "adv_init_mae_q75": 0.14257535338401794,
  "pred_shift_rel_l2_mean": 0.5612316578626633,
  "pred_shift_rel_l2_ci95": 0.10857279099836546,
  "pred_shift_rel_l2_median": 0.5507110059261322,
  "pred_shift_rel_l2_q25": 0.2874073013663292,
  "pred_shift_rel_l2_q75": 0.7351763546466827,
  "init_shift_rel_l2_mean": 0.7554944828152657,
  "init_shift_rel_l2_ci95": 0.03726147360531143,
  "init_shift_rel_l2_median": 0.7403961718082428,
  "init_shift_rel_l2_q25": 0.684520348906517,
  "init_shift_rel_l2_q75": 0.8010377287864685,
  "delta_l2_mean": 13.917234681546688,
  "delta_l2_ci95": 3.1008949534871943,
  "delta_l2_median": 12.246774673461914,
  "delta_l2_q25": 7.461303114891052,
  "delta_l2_q75": 17.512524604797363,
  "delta_linf_mean": 0.418531714938581,
  "delta_linf_ci95": 0.09601494763889479,
  "delta_linf_median": 0.35973548889160156,
  "delta_linf_q25": 0.25896574556827545,
  "delta_linf_q75": 0.5418695211410522,
  "delta_mean_abs_mean": 0.05081683266325854,
  "delta_mean_abs_ci95": 0.011525899772679479,
  "delta_mean_abs_median": 0.044219885021448135,
  "delta_mean_abs_q25": 0.027023945469409227,
  "delta_mean_abs_q75": 0.06411427911370993,
  "delta_rel_l2_mean": 0.010000005247483658,
  "delta_rel_l2_ci95": 4.2617052695236674e-10,
  "delta_rel_l2_median": 0.010000005331434006,
  "delta_rel_l2_q25": 0.010000004786571244,
  "delta_rel_l2_q75": 0.010000005874361327,
  "success_rel_l2_mean": 1.0,
  "success_rel_l2_ci95": 0.0,
  "success_rel_l2_median": 1.0,
  "success_rel_l2_q25": 1.0,
  "success_rel_l2_q75": 1.0,
  "success_mse_mean": 1.0,
  "success_mse_ci95": 0.0,
  "success_mse_median": 1.0,
  "success_mse_q25": 1.0,
  "success_mse_q75": 1.0,
  "clean_e_ran_l2_mean": 0.32322119222953916,
  "clean_e_ran_l2_ci95": 0.07259705243656887,
  "clean_e_ran_l2_median": 0.28097787499427795,
  "clean_e_ran_l2_q25": 0.1917261928319931,
  "clean_e_ran_l2_q75": 0.38936032354831696,
  "clean_e_nul_l2_mean": 0.2655098296236247,
  "clean_e_nul_l2_ci95": 0.07101564531267554,
  "clean_e_nul_l2_median": 0.2192329838871956,
  "clean_e_nul_l2_q25": 0.13934551924467087,
  "clean_e_nul_l2_q75": 0.27738432586193085,
  "clean_e_ran_frac_mean": 0.7787683948191197,
  "clean_e_ran_frac_ci95": 0.016566979950494026,
  "clean_e_ran_frac_median": 0.7901199027291381,
  "clean_e_ran_frac_q25": 0.7646426541478668,
  "clean_e_ran_frac_q75": 0.8108571873402206,
  "clean_e_nul_frac_mean": 0.623247331505537,