{
  "num_examples": 32,
  "gt_norm_mean": 19.554032936692238,
  "gt_norm_ci95": 3.175656556464896,
  "gt_norm_median": 19.43148136138916,
  "gt_norm_q25": 13.664082050323486,
  "gt_norm_q75": 22.861806869506836,
  "clean_mse_mean": 0.00026445050684742455,
  "clean_mse_ci95": 6.356442169143319e-05,
  "clean_mse_median": 0.00025715997617226094,
  "clean_mse_q25": 0.00010551254672463983,
  "clean_mse_q75": 0.00033409633761039004,
  "adv_mse_mean": 2.1003465997055173,
  "adv_mse_ci95": 0.5386981483528909,
  "adv_mse_median": 1.6682366132736206,
  "adv_mse_q25": 0.9722474217414856,
  "adv_mse_q75": 3.2855324745178223,
  "mse_ratio_mean": 8227.85887540038,
  "mse_ratio_ci95": 1484.5771225884325,
  "mse_ratio_median": 7249.769147257006,
  "mse_ratio_q25": 5574.978683170785,
  "mse_ratio_q75": 10773.289981412654,
  "clean_rel_l2_mean": 0.10566540830768645,
  "clean_rel_l2_ci95": 0.00612752949188252,
  "clean_rel_l2_median": 0.10447508096694946,
  "clean_rel_l2_q25": 0.09630278125405312,
  "clean_rel_l2_q75": 0.1120400670915842,
  "adv_rel_l2_mean": 9.060961276292801,
  "adv_rel_l2_ci95": 0.5855549428189849,
  "adv_rel_l2_median": 9.244054317474365,
  "adv_rel_l2_q25": 7.95341420173645,
  "adv_rel_l2_q75": 10.133127212524414,
  "rel_l2_ratio_mean": 87.98283680104632,
  "rel_l2_ratio_ci95": 7.767579114072364,
  "rel_l2_ratio_median": 85.12677331376443,
  "rel_l2_ratio_q25": 74.65872193156108,
  "rel_l2_ratio_q75": 103.79427518768519,
  "clean_psnr_mean": 32.52383930250875,
  "clean_psnr_ci95": 0.518211344130933,
  "clean_psnr_median": 32.62140900813701,
  "clean_psnr_q25": 31.648503717073737,
  "clean_psnr_q75": 33.824843651096444,
  "adv_psnr_mean": -6.089683869972203,
  "adv_psnr_ci95": 1.0063179911054139,
  "adv_psnr_median": -5.996602123340674,
  "adv_psnr_q25": -8.15645099688332,
  "adv_psnr_q75": -3.6539574024042976,
  "clean_ssim_mean": 0.896095197126876,
  "clean_ssim_ci95": 0.01929196796449886,
  "clean_ssim_median": 0.9055180053315002,
  "clean_ssim_q25": 0.886603267546872,
  "clean_ssim_q75": 0.9361248314119407,
  "adv_ssim_mean": -0.0023102228986220915,
  "adv_ssim_ci95": 0.003272804736749223,
  "adv_ssim_median": -0.0005623055567325862,
  "adv_ssim_q25": -0.008748552337778381,
  "adv_ssim_q75": 0.0015447882768570263,
  "pred_shift_rel_l2_mean": 9.168238922953606,
  "pred_shift_rel_l2_ci95": 0.5922052576209472,
  "pred_shift_rel_l2_median": 9.349525451660156,
  "pred_shift_rel_l2_q25": 8.033512353897095,
  "pred_shift_rel_l2_q75": 10.267433166503906,
  "init_shift_rel_l2_mean": 0.7717640148475766,
  "init_shift_rel_l2_ci95": 0.04780064042898989,
  "init_shift_rel_l2_median": 0.7581679821014404,
  "init_shift_rel_l2_q25": 0.7091120928525925,
  "init_shift_rel_l2_q75": 0.8191833794116974,
  "delta_l2_mean": 200.8346916437149,
  "delta_l2_ci95": 27.580979523665732,
  "delta_l2_median": 210.7623519897461,
  "delta_l2_q25": 151.70235443115234,
  "delta_l2_q75": 258.4945373535156,
  "delta_linf_mean": 3.649642638862133,
  "delta_linf_ci95": 0.505251891561073,
  "delta_linf_median": 3.951432228088379,
  "delta_linf_q25": 2.7315616607666016,
  "delta_linf_q75": 4.583421945571899,
  "delta_mean_abs_mean": 0.7647233009338379,
  "delta_mean_abs_ci95": 0.10387708974256257,
  "delta_mean_abs_median": 0.7965741157531738,
  "delta_mean_abs_q25": 0.584259957075119,
  "delta_mean_abs_q75": 0.9777244925498962,
  "delta_rel_l2_mean": 0.18912876386938388,
  "delta_rel_l2_ci95": 0.009659894399464736,
  "delta_rel_l2_median": 0.20000010481739708,
  "delta_rel_l2_q25": 0.2000000845504739,
  "delta_rel_l2_q75": 0.20000012181168597,
  "success_rel_l2_mean": 1.0,
  "success_rel_l2_ci95": 0.0,
  "success_rel_l2_median": 1.0,
  "success_rel_l2_q25": 1.0,
  "success_rel_l2_q75": 1.0,
  "success_mse_mean": 1.0,
  "success_mse_ci95": 0.0,
  "success_mse_median": 1.0,
  "success_mse_q25": 1.0,
  "success_mse_q75": 1.0,
  "clean_e_ran_l2_mean": 1.4460620451718569,
  "clean_e_ran_l2_ci95": 0.19823760088211823,
  "clean_e_ran_l2_median": 1.503426432609558,
  "clean_e_ran_l2_q25": 0.948512464761734,
  "clean_e_ran_l2_q75": 1.6380369067192078,
  "clean_e_nul_l2_mean": 1.3163206223398447,
  "clean_e_nul_l2_ci95": 0.15418718969184525,
  "clean_e_nul_l2_median": 1.3473610281944275,
  "clean_e_nul_l2_q25": 0.9407127499580383,
  "clean_e_nul_l2_q75": 1.594138503074646,
  "clean_e_ran_frac_mean": 0.7313071603672179,
  "clean_e_ran_frac_ci95": 0.018661179919279715,
  "clean_e_ran_frac_median": 0.7299274171969863,
  "clean_e_ran_frac_q25": 0.7030144301159762,
  "clean_e_ran_frac_q75": 0.7613703229057314,
  "clean_e_nul_frac_mean": 0.6776525043292396,
  "clean_e_nul_frac_ci95": 0.01980999050623247,
  "clean_e_nul_frac_median": 0.6835176667898522,
  "clean_e_nul_frac_q25": 0.6483171812554095,
  "clean_e_nul_frac_q75": 0.7111753636163098,
  "adv_e_ran_l2_mean": 106.16541105508804,
  "adv_e_ran_l2_ci95": 15.015720831884444,
  "adv_e_ran_l2_median": 105.24416732788086,
  "adv_e_ran_l2_q25": 80.76850128173828,
  "adv_e_ran_l2_q75": 133.24131393432617,
  "adv_e_nul_l2_mean": 134.9340182542801,
  "adv_e_nul_l2_ci95": 19.64526962944559,
  "adv_e_nul_l2_median": 128.5569725036621,
  "adv_e_nul_l2_q25": 93.53882217407227,
  "adv_e_nul_l2_q75": 189.5817642211914,
  "adv_e_ran_frac_mean": 0.6156498509849485,
  "adv_e_ran_frac_ci95": 0.022921708385847412,
  "adv_e_ran_frac_median": 0.5935096186036316,
  "adv_e_ran_frac_q25": 0.5746920817519794,
  "adv_e_ran_frac_q75": 0.6637906176216455,
  "adv_e_nul_frac_mean": 0.7835928870615416,
  "adv_e_nul_frac_ci95": 0.018351602232257912,
  "adv_e_nul_frac_median": 0.804824088154553,
  "adv_e_nul_frac_q25": 0.7478599934844065,
  "adv_e_nul_frac_q75": 0.818368776687078,
  "attack_runtime_total_sec": 3987.6842333599925,
  "attack_runtime_per_example_sec": 124.61513229249977,
  "model_name": "nsn",
  "attack_name": "adam",
  "norm": "l2",
  "eps": 0.2,
  "eps_actual": 255.38500640136718,
  "eps_budget_mode": "per_sample_l2",
  "attack_init_mode": "exact",
  "eval_init_mode": "exact"
}