{
  "num_examples": 32,
  "gt_norm_mean": 19.554032936692238,
  "gt_norm_ci95": 3.175656556464896,
  "gt_norm_median": 19.43148136138916,
  "gt_norm_q25": 13.664082050323486,
  "gt_norm_q75": 22.861806869506836,
  "clean_mse_mean": 0.00614151487025083,
  "clean_mse_ci95": 0.002302202533300484,
  "clean_mse_median": 0.00471172365359962,
  "clean_mse_q25": 0.0024037493858486414,
  "clean_mse_q75": 0.007504416280426085,
  "adv_mse_mean": 1.4331175195984542,
  "adv_mse_ci95": 0.30639272551443686,
  "adv_mse_median": 1.4694942831993103,
  "adv_mse_q25": 0.8429808765649796,
  "adv_mse_q75": 1.8329183757305145,
  "mse_ratio_mean": 364.5600116681883,
  "mse_ratio_ci95": 83.82260325755502,
  "mse_ratio_median": 306.85500800414445,
  "mse_ratio_q25": 205.35217508301156,
  "mse_ratio_q75": 395.2418059564225,
  "clean_rel_l2_mean": 0.4487072783522308,
  "clean_rel_l2_ci95": 0.0333620242090129,
  "clean_rel_l2_median": 0.47253550589084625,
  "clean_rel_l2_q25": 0.393066868185997,
  "clean_rel_l2_q75": 0.501271203160286,
  "adv_rel_l2_mean": 7.740522645413876,
  "adv_rel_l2_ci95": 0.4075855726625075,
  "adv_rel_l2_median": 7.885243892669678,
  "adv_rel_l2_q25": 7.456264853477478,
  "adv_rel_l2_q75": 8.437131404876709,
  "rel_l2_ratio_mean": 18.24979932905554,
  "rel_l2_ratio_ci95": 1.9758950923010585,
  "rel_l2_ratio_median": 17.51697706733448,
  "rel_l2_ratio_q25": 14.329956660626756,
  "rel_l2_ratio_q75": 19.87993501854187,
  "clean_psnr_mean": 20.08274867731494,
  "clean_psnr_ci95": 1.0883253521376384,
  "clean_psnr_median": 20.28936131704193,
  "clean_psnr_q25": 18.338172457488653,
  "clean_psnr_q75": 22.00765373543176,
  "adv_psnr_mean": -4.759035572440165,
  "adv_psnr_ci95": 0.7691640176121288,
  "adv_psnr_median": -4.736921628857377,
  "adv_psnr_q25": -6.404544167900993,
  "adv_psnr_q75": -3.3340699308908146,
  "clean_ssim_mean": 0.18738438523835738,
  "clean_ssim_ci95": 0.018575628031040712,
  "clean_ssim_median": 0.1796151387174037,
  "clean_ssim_q25": 0.16287905462104268,
  "clean_ssim_q75": 0.21127825510098017,
  "adv_ssim_mean": 0.005392375492930951,
  "adv_ssim_ci95": 0.002910259201087723,
  "adv_ssim_median": 0.005414040272641033,
  "adv_ssim_q25": -0.00024236393616022516,
  "adv_ssim_q75": 0.010463857529886931,
  "pred_shift_rel_l2_mean": 9.385568901896477,
  "pred_shift_rel_l2_ci95": 0.5136972764156963,
  "pred_shift_rel_l2_median": 9.620048999786377,
  "pred_shift_rel_l2_q25": 8.77184796333313,
  "pred_shift_rel_l2_q75": 10.423104047775269,
  "init_shift_rel_l2_mean": 0.7712261974811554,
  "init_shift_rel_l2_ci95": 0.04898570086712173,
  "init_shift_rel_l2_median": 0.7605365812778473,
  "init_shift_rel_l2_q25": 0.6933680027723312,
  "init_shift_rel_l2_q75": 0.8147770464420319,
  "delta_l2_mean": 201.364417552948,
  "delta_l2_ci95": 27.86442912098619,
  "delta_l2_median": 210.7623519897461,
  "delta_l2_q25": 151.70235061645508,
  "delta_l2_q75": 258.4945602416992,
  "delta_linf_mean": 3.40578506141901,
  "delta_linf_ci95": 0.4735392633367251,
  "delta_linf_median": 3.5914011001586914,
  "delta_linf_q25": 2.571715295314789,
  "delta_linf_q75": 4.4761070013046265,
  "delta_mean_abs_mean": 0.767630219925195,
  "delta_mean_abs_ci95": 0.10469391067040903,
  "delta_mean_abs_median": 0.808749794960022,
  "delta_mean_abs_q25": 0.5816399902105331,
  "delta_mean_abs_q75": 0.9743724465370178,
  "delta_rel_l2_mean": 0.1895099660581298,
  "delta_rel_l2_ci95": 0.009588604287352967,
  "delta_rel_l2_median": 0.20000010922885653,
  "delta_rel_l2_q25": 0.2000000826597639,
  "delta_rel_l2_q75": 0.2000001227038879,
  "success_rel_l2_mean": 1.0,
  "success_rel_l2_ci95": 0.0,
  "success_rel_l2_median": 1.0,
  "success_rel_l2_q25": 1.0,
  "success_rel_l2_q75": 1.0,
  "success_mse_mean": 1.0,
  "success_mse_ci95": 0.0,
  "success_mse_median": 1.0,
  "success_mse_q25": 1.0,
  "success_mse_q75": 1.0,
  "clean_e_ran_l2_mean": 8.92330402508378,
  "clean_e_ran_l2_ci95": 1.612269287309876,
  "clean_e_ran_l2_median": 8.782703876495361,
  "clean_e_ran_l2_q25": 6.272414684295654,
  "clean_e_ran_l2_q75": 11.083015203475952,
  "clean_e_nul_l2_mean": 0.13234482961706817,
  "clean_e_nul_l2_ci95": 0.02115468058208829,
  "clean_e_nul_l2_median": 0.12297752499580383,
  "clean_e_nul_l2_q25": 0.0893249437212944,
  "clean_e_nul_l2_q75": 0.17174392938613892,
  "clean_e_ran_frac_mean": 0.9998502677998627,
  "clean_e_ran_frac_ci95": 4.875362585469841e-05,
  "clean_e_ran_frac_median": 0.9998984770169486,
  "clean_e_ran_frac_q25": 0.9998508700597566,
  "clean_e_ran_frac_q75": 0.9999231813362067,
  "clean_e_nul_frac_mean": 0.016198124799551357,
  "clean_e_nul_frac_ci95": 0.002143372094560393,
  "clean_e_nul_frac_median": 0.014252564859380205,
  "clean_e_nul_frac_q25": 0.012405127993525545,
  "clean_e_nul_frac_q75": 0.01726100847272909,
  "adv_e_ran_l2_mean": 14.393601782619953,
  "adv_e_ran_l2_ci95": 2.1437118693427624,
  "adv_e_ran_l2_median": 14.334772109985352,
  "adv_e_ran_l2_q25": 10.275992393493652,
  "adv_e_ran_l2_q75": 17.73041296005249,
  "adv_e_nul_l2_mean": 144.05816304683685,
  "adv_e_nul_l2_ci95": 17.54202141562746,
  "adv_e_nul_l2_median": 154.39071655273438,
  "adv_e_nul_l2_q25": 116.96371459960938,
  "adv_e_nul_l2_q75": 172.51955032348633,
  "adv_e_ran_frac_mean": 0.0972277442968339,
  "adv_e_ran_frac_ci95": 0.005116228606765683,
  "adv_e_ran_frac_median": 0.09348360271982553,
  "adv_e_ran_frac_q25": 0.08837334311057837,
  "adv_e_ran_frac_q75": 0.10244900899844278,
  "adv_e_nul_frac_mean": 0.9951548219656909,
  "adv_e_nul_frac_ci95": 0.0005470317322276851,
  "adv_e_nul_frac_median": 0.9956208094967298,
  "adv_e_nul_frac_q25": 0.99473819751377,
  "adv_e_nul_frac_q75": 0.9960871394136661,
  "attack_runtime_total_sec": 1136.2372650280595,
  "attack_runtime_per_example_sec": 35.50741453212686,
  "model_name": "nsn",
  "attack_name": "adam",
  "norm": "l2",
  "eps": 0.2,
  "eps_actual": 255.38500640136718,
  "eps_budget_mode": "per_sample_l2",
  "attack_init_mode": "exact",
  "eval_init_mode": "exact"
}