{
  "num_examples": 32,
  "clean_mse_mean": 1.3850676410243068e-05,
  "clean_mse_ci95": 8.747812733192301e-06,
  "clean_mse_median": 6.1599575928994454e-06,
  "adv_mse_mean": 1.3849163639889639e-05,
  "adv_mse_ci95": 8.745521850148389e-06,
  "adv_mse_median": 6.15959061178728e-06,
  "mse_ratio_mean": 0.9999461799490996,
  "mse_ratio_ci95": 6.057237965984916e-05,
  "mse_ratio_median": 0.999966458151121,
  "clean_rel_l2_mean": 0.0652324174137367,
  "clean_rel_l2_ci95": 0.03329097892691685,
  "clean_rel_l2_median": 0.02994171771019248,
  "adv_rel_l2_mean": 0.06523021216936892,
  "adv_rel_l2_ci95": 0.03329007821165282,
  "adv_rel_l2_median": 0.02994011373181656,
  "rel_l2_ratio_mean": 0.9999730690859439,
  "rel_l2_ratio_ci95": 3.0285781142260537e-05,
  "rel_l2_ratio_median": 0.9999831213765932,
  "clean_psnr_mean": 47.647566129543335,
  "clean_psnr_ci95": 1.5691853265824132,
  "clean_psnr_median": 47.951406329034675,
  "adv_psnr_mean": 47.647800050782934,
  "adv_psnr_ci95": 1.5692559714629515,
  "adv_psnr_median": 47.95145141042981,
  "clean_ssim_mean": 0.9922405108373031,
  "clean_ssim_ci95": 0.0020498365432527984,
  "clean_ssim_median": 0.9940738286027118,
  "adv_ssim_mean": 0.992240942194302,
  "adv_ssim_ci95": 0.002049624098148572,
  "adv_ssim_median": 0.9940733338248919,
  "pred_shift_rel_l2_mean": 6.84668782493462e-05,
  "pred_shift_rel_l2_ci95": 1.3613746722948384e-05,
  "pred_shift_rel_l2_median": 5.355603267780646e-05,
  "init_shift_rel_l2_mean": 2.903346495612893e-06,
  "init_shift_rel_l2_ci95": 3.7516821087468387e-07,
  "init_shift_rel_l2_median": 3.097988279070544e-06,
  "delta_l2_mean": 0.0003223265070531056,
  "delta_l2_ci95": 0.00010560443159152172,
  "delta_l2_median": 0.00020642190793296322,
  "delta_linf_mean": 3.006968108820729e-05,
  "delta_linf_ci95": 9.325653491999319e-06,
  "delta_linf_median": 2.09808349609375e-05,
  "delta_mean_abs_mean": 7.322325530634277e-07,
  "delta_mean_abs_ci95": 2.489752679323097e-07,
  "delta_mean_abs_median": 4.4943752186554775e-07,
  "success_rel_l2_mean": 0.0,
  "success_rel_l2_ci95": 0.0,
  "success_rel_l2_median": 0.0,
  "success_mse_mean": 0.0,
  "success_mse_ci95": 0.0,
  "success_mse_median": 0.0,
  "clean_e_ran_l2_mean": 0.2979842296335846,
  "clean_e_ran_l2_ci95": 0.07996913575307117,
  "clean_e_ran_l2_median": 0.26619623601436615,
  "clean_e_nul_l2_mean": 0.2356464209733531,
  "clean_e_nul_l2_ci95": 0.06198098834380646,
  "clean_e_nul_l2_median": 0.18599378317594528,
  "clean_e_ran_frac_mean": 0.7823722300719343,
  "clean_e_ran_frac_ci95": 0.02817574907791959,
  "clean_e_ran_frac_median": 0.7920345295818285,
  "clean_e_nul_frac_mean": 0.6107484119345715,
  "clean_e_nul_frac_ci95": 0.03240539590019601,
  "clean_e_nul_frac_median": 0.610463492777366,
  "adv_e_ran_l2_mean": 0.29797375889029354,
  "adv_e_ran_l2_ci95": 0.07996006649862258,
  "adv_e_ran_l2_median": 0.26617133617401123,
  "adv_e_nul_l2_mean": 0.2356415973044932,
  "adv_e_nul_l2_ci95": 0.061976419887629815,
  "adv_e_nul_l2_median": 0.18600592017173767,
  "adv_e_ran_frac_mean": 0.782370228593622,
  "adv_e_ran_frac_ci95": 0.028175626828866165,
  "adv_e_ran_frac_median": 0.792067496701549,
  "adv_e_nul_frac_mean": 0.6107510307303662,
  "adv_e_nul_frac_ci95": 0.03240547838690492,
  "adv_e_nul_frac_median": 0.6104211154934183,
  "attack_runtime_total_sec": 8.16356573998928,
  "attack_runtime_per_example_sec": 0.255111429374665,
  "model_name": "resnet",
  "attack_name": "adam",
  "norm": "l2",
  "eps": 1.0,
  "attack_init_mode": "surrogate",
  "eval_init_mode": "exact"
}